transaction_id,timestamp,store,channel,payment,loyalty_member,items,total,tip,wait_min,rating
T00001,2026-03-02 06:13,Downtown,In store,Card,Yes,2,7.5,0.82,7.0,
T00002,2026-03-02 06:19,Downtown,In store,Card,No,2,7.75,0.81,7.0,
T00003,2026-03-02 06:23,University,Mobile app,App,Yes,1,2.95,0.0,1.4,4
T00004,2026-03-02 06:53,Downtown,Mobile app,App,Yes,2,7.5,1.51,2.5,5
T00005,2026-03-02 07:03,Riverside,In store,Card,No,1,4.25,0.57,2.2,
T00006,2026-03-02 07:04,Riverside,Mobile app,App,Yes,2,8.0,0.0,2.5,
T00007,2026-03-02 07:10,Downtown,In store,Cash,Yes,1,4.25,0.0,4.6,5
T00008,2026-03-02 07:14,Downtown,In store,Card,No,1,3.25,0.33,1.9,
T00009,2026-03-02 07:22,University,Mobile app,App,Yes,4,13.5,0.0,2.3,4
T00010,2026-03-02 07:24,Downtown,Mobile app,App,Yes,1,2.95,0.62,1.6,3
T00011,2026-03-02 07:45,Downtown,In store,Card,Yes,4,13.95,0.0,4.9,
T00012,2026-03-02 07:45,Downtown,Mobile app,App,Yes,2,8.75,1.37,1.2,
T00013,2026-03-02 07:55,Riverside,In store,Card,No,2,6.25,1.24,1.9,
T00014,2026-03-02 07:55,Downtown,In store,Card,Yes,2,9.0,0.0,5.9,3
T00015,2026-03-02 07:55,Downtown,In store,Card,No,3,10.45,0.0,9.4,
T00016,2026-03-02 07:59,Downtown,Mobile app,App,Yes,4,14.95,0.0,0.6,
T00017,2026-03-02 07:59,Downtown,In store,Card,No,1,3.25,0.4,17.2,
T00018,2026-03-02 08:04,University,Mobile app,App,Yes,1,4.75,0.75,0.4,
T00019,2026-03-02 08:04,Riverside,In store,Card,Yes,1,4.25,0.65,7.0,5
T00020,2026-03-02 08:14,Downtown,In store,Card,No,1,3.0,0.54,5.7,3
T00021,2026-03-02 08:14,University,Mobile app,App,Yes,1,4.75,0.83,1.7,3
T00022,2026-03-02 08:15,Downtown,In store,Cash,No,1,4.25,0.0,7.1,
T00023,2026-03-02 08:16,Downtown,In store,Card,Yes,3,11.75,1.31,21.1,
T00024,2026-03-02 08:21,University,Mobile app,App,Yes,3,13.25,1.65,0.8,
T00025,2026-03-02 08:24,Riverside,In store,Card,No,3,10.5,2.03,1.3,2
T00026,2026-03-02 08:32,Downtown,In store,Card,Yes,1,3.0,0.37,11.0,5
T00027,2026-03-02 08:33,Downtown,In store,Card,No,1,4.5,0.68,27.0,
T00028,2026-03-02 08:39,Riverside,In store,Card,No,1,3.0,0.0,2.7,
T00029,2026-03-02 08:41,Downtown,Mobile app,App,Yes,2,7.5,0.0,2.7,4
T00030,2026-03-02 08:44,University,In store,Card,No,1,3.25,0.0,2.1,5
T00031,2026-03-02 08:44,Downtown,In store,Cash,No,2,7.5,0.0,5.1,
T00032,2026-03-02 08:50,Downtown,In store,Card,No,1,4.75,0.0,7.3,3
T00033,2026-03-02 08:59,Downtown,In store,Card,No,1,4.5,0.85,7.0,
T00034,2026-03-02 09:00,University,In store,Card,Yes,1,4.5,0.0,1.8,
T00035,2026-03-02 09:04,University,In store,Card,Yes,2,7.2,0.0,9.2,
T00036,2026-03-02 09:09,University,In store,Card,Yes,1,4.25,0.0,6.4,
T00037,2026-03-02 09:10,University,In store,Cash,No,1,2.95,0.0,4.3,
T00038,2026-03-02 09:10,University,In store,Card,Yes,2,7.5,0.0,2.9,
T00039,2026-03-02 09:15,University,In store,Card,No,1,4.5,0.0,8.7,
T00040,2026-03-02 09:17,Downtown,In store,Card,No,1,4.75,0.9,5.5,3
T00041,2026-03-02 09:22,University,In store,Cash,No,1,4.25,0.0,9.5,
T00042,2026-03-02 09:28,Downtown,In store,Card,No,1,4.25,0.64,30.2,
T00043,2026-03-02 09:29,University,In store,Cash,No,1,4.5,0.0,4.7,
T00044,2026-03-02 09:33,University,Mobile app,App,No,2,8.5,0.0,2.7,
T00045,2026-03-02 09:35,Riverside,In store,Cash,No,1,3.25,0.0,6.2,
T00046,2026-03-02 09:35,University,In store,Card,Yes,2,5.95,1.18,3.6,5
T00047,2026-03-02 09:37,University,Mobile app,App,Yes,1,4.5,0.93,2.4,
T00048,2026-03-02 09:41,Downtown,In store,Card,Yes,1,4.5,0.79,13.7,2
T00049,2026-03-02 09:51,Riverside,In store,Card,No,1,3.25,0.0,2.9,
T00050,2026-03-02 09:53,University,In store,Card,Yes,2,7.5,0.99,0.3,
T00051,2026-03-02 09:55,Downtown,In store,Card,No,2,8.75,0.0,16.5,
T00052,2026-03-02 10:03,University,In store,Card,No,1,4.5,0.54,4.2,
T00053,2026-03-02 10:11,Downtown,Mobile app,App,Yes,1,3.25,0.0,0.3,5
T00054,2026-03-02 10:11,University,In store,Card,No,1,4.25,0.0,2.0,
T00055,2026-03-02 10:14,Riverside,In store,Cash,Yes,3,11.95,0.0,6.7,3
T00056,2026-03-02 10:14,Downtown,In store,Card,No,3,12.0,1.56,3.2,
T00057,2026-03-02 10:15,Riverside,In store,Card,Yes,1,4.5,0.79,1.1,4
T00058,2026-03-02 10:21,Downtown,In store,Cash,Yes,2,9.0,0.0,2.1,5
T00059,2026-03-02 10:29,Downtown,In store,Cash,No,2,7.7,0.0,2.1,
T00060,2026-03-02 10:30,Riverside,In store,Card,No,1,4.75,0.58,2.7,
T00061,2026-03-02 10:40,Riverside,In store,Card,Yes,3,12.5,0.0,4.5,4
T00062,2026-03-02 10:46,Downtown,In store,Card,Yes,3,13.25,2.44,2.6,
T00063,2026-03-02 10:49,Riverside,In store,Cash,No,2,9.0,0.0,8.4,
T00064,2026-03-02 10:51,Downtown,In store,Card,Yes,1,4.25,0.52,3.5,4
T00065,2026-03-02 10:54,Riverside,In store,Card,Yes,2,7.5,0.93,3.3,5
T00066,2026-03-02 11:00,Riverside,In store,Cash,No,2,7.75,0.0,1.8,
T00067,2026-03-02 11:05,Downtown,In store,Card,No,1,2.95,0.0,1.1,5
T00068,2026-03-02 11:07,Downtown,In store,Card,No,1,4.25,0.68,1.3,
T00069,2026-03-02 11:12,Riverside,In store,Card,No,1,3.0,0.38,3.2,
T00070,2026-03-02 11:13,Downtown,In store,Card,No,1,3.25,0.51,5.0,
T00071,2026-03-02 11:19,Downtown,In store,Card,No,1,3.25,0.53,3.3,
T00072,2026-03-02 11:21,Downtown,In store,Cash,No,2,6.2,0.0,3.6,
T00073,2026-03-02 11:22,University,In store,Card,Yes,2,6.25,0.81,5.2,3
T00074,2026-03-02 11:23,Riverside,In store,Card,No,1,4.25,0.0,4.7,
T00075,2026-03-02 11:24,Riverside,In store,Card,Yes,1,4.25,0.0,5.4,3
T00076,2026-03-02 11:27,Riverside,In store,Cash,Yes,3,12.0,0.0,6.1,
T00077,2026-03-02 11:29,University,Mobile app,App,Yes,1,4.75,0.78,0.9,5
T00078,2026-03-02 11:35,Riverside,Mobile app,App,No,3,13.75,0.0,0.8,5
T00079,2026-03-02 11:48,Riverside,In store,Card,Yes,3,12.25,0.0,2.6,3
T00080,2026-03-02 11:56,University,In store,Card,Yes,2,8.0,0.0,1.2,5
T00081,2026-03-02 11:57,Downtown,In store,Cash,No,1,4.75,0.0,9.9,
T00082,2026-03-02 12:07,Riverside,In store,Card,No,4,14.95,0.0,1.7,
T00083,2026-03-02 12:12,Riverside,In store,Card,No,1,2.95,0.51,2.4,5
T00084,2026-03-02 12:18,University,In store,Card,Yes,1,4.75,0.95,8.0,
T00085,2026-03-02 12:20,University,In store,Card,Yes,3,10.45,1.2,9.7,3
T00086,2026-03-02 12:24,Downtown,In store,Card,No,1,3.25,0.42,3.2,5
T00087,2026-03-02 12:29,Downtown,In store,Card,No,1,4.25,0.0,4.4,4
T00088,2026-03-02 12:38,University,In store,Cash,Yes,1,4.25,0.0,11.9,2
T00089,2026-03-02 12:39,Downtown,In store,Card,No,2,8.0,0.0,2.6,5
T00090,2026-03-02 12:43,Downtown,In store,Card,No,1,4.75,0.0,6.3,
T00091,2026-03-02 12:49,Riverside,In store,Card,Yes,2,9.25,0.0,2.8,
T00092,2026-03-02 12:49,Downtown,Mobile app,App,Yes,1,4.25,0.7,2.3,
T00093,2026-03-02 12:54,University,Mobile app,App,Yes,3,11.45,1.9,0.5,5
T00094,2026-03-02 12:55,Downtown,In store,Card,No,2,8.75,0.0,3.0,4
T00095,2026-03-02 12:59,University,Mobile app,App,Yes,1,3.0,0.63,2.3,4
T00096,2026-03-02 13:02,Riverside,In store,Cash,Yes,4,17.25,0.0,3.5,5
T00097,2026-03-02 13:03,University,Mobile app,App,Yes,2,8.75,0.0,1.3,4
T00098,2026-03-02 13:06,Downtown,In store,Card,No,1,4.5,0.77,1.7,4
T00099,2026-03-02 13:08,Downtown,In store,Card,Yes,3,13.5,1.99,1.8,
T00100,2026-03-02 13:08,Downtown,In store,Card,No,2,6.2,1.2,9.1,
T00101,2026-03-02 13:09,Downtown,Mobile app,App,Yes,3,11.95,1.97,0.5,5
T00102,2026-03-02 13:11,Riverside,In store,Card,Yes,2,8.75,0.0,1.0,5
T00103,2026-03-02 13:16,Downtown,In store,Card,No,1,4.75,0.0,5.7,
T00104,2026-03-02 13:18,Riverside,Mobile app,App,No,2,7.5,1.01,0.7,
T00105,2026-03-02 13:22,Riverside,In store,Card,No,3,12.2,0.0,2.3,
T00106,2026-03-02 13:29,Downtown,Mobile app,App,Yes,3,9.5,1.96,2.0,
T00107,2026-03-02 13:36,University,Mobile app,App,Yes,1,3.25,0.46,2.5,5
T00108,2026-03-02 13:37,University,Mobile app,App,Yes,2,6.0,1.14,0.3,
T00109,2026-03-02 13:38,University,In store,Card,Yes,1,4.75,0.89,1.6,3
T00110,2026-03-02 13:40,Downtown,In store,Card,Yes,2,7.25,0.0,4.5,2
T00111,2026-03-02 13:54,Riverside,In store,Card,No,2,7.45,1.4,2.3,
T00112,2026-03-02 14:09,Riverside,Mobile app,App,No,1,3.25,0.0,2.4,
T00113,2026-03-02 14:14,University,Mobile app,App,No,1,4.75,0.77,3.1,5
T00114,2026-03-02 14:34,Downtown,In store,Cash,No,1,4.5,0.0,3.3,5
T00115,2026-03-02 14:39,University,In store,Card,Yes,1,4.5,0.56,6.3,
T00116,2026-03-02 14:41,University,Mobile app,App,Yes,2,7.45,1.61,0.5,5
T00117,2026-03-02 14:43,Downtown,Mobile app,App,No,2,9.25,0.0,4.1,
T00118,2026-03-02 14:54,Riverside,In store,Card,Yes,2,7.75,0.0,1.3,4
T00119,2026-03-02 14:56,Downtown,In store,Cash,No,2,7.25,0.0,3.0,
T00120,2026-03-02 15:06,Riverside,Mobile app,App,Yes,2,6.25,0.0,1.8,
T00121,2026-03-02 15:47,Downtown,In store,Card,Yes,1,4.5,0.58,1.4,4
T00122,2026-03-02 16:09,University,Mobile app,App,Yes,1,2.95,0.0,1.6,4
T00123,2026-03-02 16:16,Riverside,In store,Cash,Yes,1,4.75,0.0,2.4,5
T00124,2026-03-02 16:21,University,Mobile app,App,Yes,2,7.75,0.0,0.8,
T00125,2026-03-02 16:24,University,Mobile app,App,Yes,2,7.5,1.08,1.0,
T00126,2026-03-02 16:27,University,Mobile app,App,Yes,3,10.75,1.58,1.7,5
T00127,2026-03-02 16:42,Riverside,In store,Cash,No,1,4.75,0.0,3.1,5
T00128,2026-03-02 16:52,University,Mobile app,App,Yes,3,9.5,1.47,1.9,4
T00129,2026-03-03 06:08,University,In store,Cash,Yes,4,14.7,0.0,1.1,5
T00130,2026-03-03 06:14,Riverside,In store,Card,No,1,3.25,0.0,2.2,
T00131,2026-03-03 06:20,Downtown,Mobile app,App,Yes,1,4.5,0.0,3.0,
T00132,2026-03-03 06:52,Riverside,In store,Cash,No,2,7.2,0.0,3.6,
T00133,2026-03-03 06:57,Downtown,In store,Card,No,3,13.25,1.7,3.3,
T00134,2026-03-03 07:01,University,In store,Cash,No,2,9.0,0.0,7.0,
T00135,2026-03-03 07:09,Downtown,In store,Card,No,2,9.0,1.34,4.3,3
T00136,2026-03-03 07:18,Downtown,Mobile app,App,Yes,2,9.25,0.0,1.9,5
T00137,2026-03-03 07:19,Downtown,Mobile app,App,Yes,3,13.0,1.65,1.2,5
T00138,2026-03-03 07:21,Riverside,In store,Card,No,2,9.0,1.31,1.7,5
T00139,2026-03-03 07:24,Downtown,In store,Card,Yes,2,7.45,0.84,12.2,
T00140,2026-03-03 07:33,Downtown,In store,Card,No,1,3.25,0.0,5.1,
T00141,2026-03-03 07:36,Downtown,In store,Card,No,2,9.25,0.0,17.2,
T00142,2026-03-03 07:41,Downtown,In store,Card,No,1,3.25,0.58,8.5,
T00143,2026-03-03 07:48,Downtown,In store,Card,No,2,7.7,0.0,7.8,
T00144,2026-03-03 07:49,Downtown,In store,Card,No,1,4.75,0.0,7.2,
T00145,2026-03-03 08:03,University,In store,Card,Yes,2,9.5,1.1,6.1,
T00146,2026-03-03 08:06,University,Mobile app,App,Yes,1,3.25,0.0,0.3,
T00147,2026-03-03 08:08,Riverside,Mobile app,App,Yes,2,7.25,1.34,4.0,4
T00148,2026-03-03 08:13,Riverside,In store,Cash,Yes,1,3.25,0.0,1.1,5
T00149,2026-03-03 08:14,Downtown,In store,Cash,No,1,3.0,0.0,6.8,
T00150,2026-03-03 08:23,Downtown,Mobile app,App,Yes,2,9.25,0.0,1.6,
T00151,2026-03-03 08:28,Riverside,In store,Card,Yes,2,7.5,0.0,2.3,
T00152,2026-03-03 08:32,Downtown,Mobile app,App,No,1,3.0,0.49,1.7,
T00153,2026-03-03 08:33,University,Mobile app,App,Yes,2,8.75,1.11,2.1,
T00154,2026-03-03 08:37,Downtown,In store,Card,No,1,4.25,0.75,7.0,
T00155,2026-03-03 08:40,Downtown,In store,Cash,No,1,4.5,0.0,8.4,4
T00156,2026-03-03 08:53,Downtown,In store,Card,No,4,16.45,0.0,11.2,
T00157,2026-03-03 08:57,Downtown,In store,Card,No,1,3.0,0.43,33.9,
T00158,2026-03-03 09:00,Riverside,In store,Card,Yes,2,7.75,0.85,1.7,
T00159,2026-03-03 09:06,Downtown,In store,Card,No,1,2.95,0.32,13.7,
T00160,2026-03-03 09:06,University,In store,Card,Yes,2,7.45,0.0,6.8,
T00161,2026-03-03 09:08,Riverside,In store,Cash,Yes,2,7.7,0.0,4.8,4
T00162,2026-03-03 09:08,Downtown,In store,Card,Yes,2,6.5,1.29,3.0,
T00163,2026-03-03 09:19,Downtown,In store,Card,No,2,6.25,0.0,4.7,
T00164,2026-03-03 09:19,Downtown,In store,Card,No,1,4.5,0.45,9.6,
T00165,2026-03-03 09:26,University,In store,Card,Yes,2,6.2,1.0,3.2,
T00166,2026-03-03 09:29,Downtown,In store,Card,No,2,9.25,0.0,14.1,
T00167,2026-03-03 09:32,University,Mobile app,App,Yes,1,3.25,0.0,1.0,5
T00168,2026-03-03 09:38,University,In store,Card,No,3,9.75,1.42,3.8,4
T00169,2026-03-03 09:40,Downtown,In store,Card,No,1,4.5,0.8,7.9,
T00170,2026-03-03 09:40,University,In store,Card,No,2,9.0,1.3,5.0,
T00171,2026-03-03 09:41,University,In store,Cash,Yes,3,10.45,0.0,1.6,
T00172,2026-03-03 09:42,Riverside,In store,Card,Yes,1,4.75,0.0,3.0,3
T00173,2026-03-03 09:45,University,Mobile app,App,Yes,2,7.5,1.5,1.6,4
T00174,2026-03-03 09:47,Riverside,In store,Card,No,1,4.5,0.47,4.5,
T00175,2026-03-03 09:49,Downtown,In store,Card,Yes,1,3.25,0.63,8.8,
T00176,2026-03-03 09:51,Downtown,In store,Card,Yes,1,3.25,0.0,5.6,3
T00177,2026-03-03 09:51,Downtown,In store,Card,Yes,16,64.0,0.0,32.5,1
T00178,2026-03-03 09:52,University,In store,Card,No,3,12.25,1.89,4.7,
T00179,2026-03-03 09:52,Riverside,Mobile app,App,Yes,1,4.25,0.71,2.6,5
T00180,2026-03-03 09:53,Downtown,In store,Card,No,1,3.0,0.51,0.9,
T00181,2026-03-03 09:53,Riverside,Mobile app,App,Yes,4,14.95,0.0,1.5,5
T00182,2026-03-03 09:56,University,Mobile app,App,Yes,1,4.25,0.56,1.9,5
T00183,2026-03-03 09:58,Downtown,In store,Card,No,1,4.75,0.0,6.8,
T00184,2026-03-03 09:58,Downtown,In store,Card,Yes,1,2.95,0.0,7.1,
T00185,2026-03-03 09:59,University,Mobile app,App,No,1,4.5,0.92,2.3,
T00186,2026-03-03 10:09,University,Mobile app,App,Yes,2,7.5,1.19,1.9,3
T00187,2026-03-03 10:13,Riverside,In store,Cash,Yes,4,15.5,0.0,3.2,4
T00188,2026-03-03 10:18,University,Mobile app,App,No,1,4.25,0.84,2.1,4
T00189,2026-03-03 10:25,Riverside,In store,Card,No,1,4.5,0.73,9.3,4
T00190,2026-03-03 10:26,University,Mobile app,App,Yes,1,4.75,0.0,0.3,
T00191,2026-03-03 10:41,University,Mobile app,App,Yes,1,3.25,0.66,2.1,
T00192,2026-03-03 10:53,Riverside,In store,Card,No,1,4.25,0.74,5.7,4
T00193,2026-03-03 10:55,Downtown,In store,Card,Yes,1,3.0,0.33,6.8,
T00194,2026-03-03 10:57,Riverside,In store,Card,No,1,4.25,0.0,5.7,
T00195,2026-03-03 11:02,Riverside,In store,Card,No,1,3.0,0.31,6.1,3
T00196,2026-03-03 11:03,Downtown,In store,Card,No,1,4.25,0.0,7.0,
T00197,2026-03-03 11:12,Downtown,In store,Card,No,1,4.75,0.0,2.5,
T00198,2026-03-03 11:21,University,In store,Card,Yes,5,19.5,2.49,7.6,2
T00199,2026-03-03 11:27,Downtown,In store,Card,No,2,6.0,0.0,5.9,
T00200,2026-03-03 11:28,University,In store,Card,No,3,12.25,0.0,2.5,
T00201,2026-03-03 11:33,University,In store,Card,No,1,4.5,0.0,4.1,
T00202,2026-03-03 11:33,Riverside,In store,Card,Yes,1,4.75,0.0,0.8,
T00203,2026-03-03 11:37,Riverside,In store,Cash,No,1,2.95,0.0,5.0,
T00204,2026-03-03 11:38,Downtown,In store,Cash,Yes,3,13.0,0.0,2.2,5
T00205,2026-03-03 11:38,Riverside,Mobile app,App,Yes,2,9.25,1.14,1.9,4
T00206,2026-03-03 11:38,Riverside,In store,Card,No,1,4.75,0.0,1.6,
T00207,2026-03-03 11:41,Downtown,In store,Card,No,1,4.25,0.65,2.0,
T00208,2026-03-03 11:42,University,In store,Card,No,1,3.0,0.0,2.1,4
T00209,2026-03-03 11:46,Downtown,In store,Card,No,1,4.75,0.91,3.4,
T00210,2026-03-03 11:47,University,Mobile app,App,Yes,2,9.0,1.23,4.3,
T00211,2026-03-03 11:51,Riverside,In store,Card,No,2,9.25,0.0,2.3,
T00212,2026-03-03 12:04,Riverside,In store,Card,No,1,3.25,0.0,3.2,3
T00213,2026-03-03 12:07,Riverside,In store,Card,No,1,3.25,0.0,7.9,
T00214,2026-03-03 12:17,Downtown,In store,Card,No,1,4.25,0.52,7.9,
T00215,2026-03-03 12:18,University,In store,Card,No,1,4.75,0.61,24.8,1
T00216,2026-03-03 12:22,Riverside,In store,Card,No,2,5.95,1.18,4.0,
T00217,2026-03-03 12:28,Riverside,In store,Card,No,1,3.0,0.48,0.9,
T00218,2026-03-03 12:29,Riverside,In store,Card,Yes,2,9.25,0.0,1.2,
T00219,2026-03-03 12:34,Downtown,In store,Card,No,3,13.5,2.09,5.4,
T00220,2026-03-03 12:40,University,In store,Card,No,1,4.25,0.0,1.9,4
T00221,2026-03-03 12:44,Downtown,In store,Card,No,1,4.5,0.56,6.9,
T00222,2026-03-03 12:45,Downtown,In store,Card,No,1,3.0,0.0,15.4,
T00223,2026-03-03 12:47,Downtown,In store,Card,No,2,8.75,1.04,7.6,
T00224,2026-03-03 12:47,Downtown,In store,Card,No,2,6.2,0.8,7.3,
T00225,2026-03-03 12:52,Downtown,In store,Cash,No,1,3.0,0.0,8.0,
T00226,2026-03-03 12:54,Riverside,In store,Card,No,1,2.95,0.57,3.3,
T00227,2026-03-03 12:55,Downtown,In store,Card,No,2,6.2,0.97,3.0,
T00228,2026-03-03 12:55,University,In store,Cash,No,1,4.5,0.0,1.8,
T00229,2026-03-03 12:57,Downtown,In store,Card,No,2,7.45,1.46,12.1,
T00230,2026-03-03 12:57,Riverside,In store,Card,No,4,18.0,0.0,1.7,5
T00231,2026-03-03 12:57,Riverside,Mobile app,App,Yes,2,6.25,0.79,0.5,
T00232,2026-03-03 12:59,University,In store,Card,No,1,3.0,0.41,7.7,2
T00233,2026-03-03 13:01,Riverside,In store,Card,No,1,4.5,0.0,2.1,5
T00234,2026-03-03 13:06,Downtown,In store,Card,Yes,1,4.25,0.0,2.0,
T00235,2026-03-03 13:11,Downtown,Mobile app,App,Yes,1,2.95,0.51,1.6,
T00236,2026-03-03 13:13,Downtown,In store,Card,No,5,20.7,0.0,9.4,
T00237,2026-03-03 13:19,Downtown,Mobile app,App,No,1,4.75,0.62,0.6,
T00238,2026-03-03 13:20,Downtown,Mobile app,App,No,1,4.5,0.77,2.1,
T00239,2026-03-03 13:25,University,In store,Card,No,1,4.75,0.0,2.8,
T00240,2026-03-03 13:49,Downtown,In store,Card,No,1,2.95,0.33,7.0,
T00241,2026-03-03 13:51,Downtown,In store,Card,No,1,4.25,0.6,3.5,5
T00242,2026-03-03 13:56,University,Mobile app,App,Yes,4,16.5,2.64,2.2,4
T00243,2026-03-03 13:59,University,Mobile app,App,Yes,1,4.5,0.0,3.4,
T00244,2026-03-03 14:02,University,Mobile app,App,Yes,1,2.95,0.37,2.0,3
T00245,2026-03-03 14:02,Downtown,In store,Card,No,1,3.25,0.45,4.6,
T00246,2026-03-03 14:03,University,Mobile app,App,No,3,12.45,0.0,5.7,
T00247,2026-03-03 14:07,Downtown,In store,Card,Yes,2,7.75,0.0,7.2,5
T00248,2026-03-03 14:13,Downtown,In store,Card,Yes,1,3.0,0.0,9.5,
T00249,2026-03-03 14:18,University,Mobile app,App,Yes,2,6.0,0.0,1.0,
T00250,2026-03-03 14:23,Riverside,In store,Card,Yes,1,4.5,0.0,1.3,
T00251,2026-03-03 14:24,Downtown,In store,Card,No,2,9.0,1.52,7.9,2
T00252,2026-03-03 14:27,Downtown,Mobile app,App,Yes,3,11.0,1.83,1.2,
T00253,2026-03-03 14:33,Downtown,In store,Cash,No,1,4.25,0.0,2.7,
T00254,2026-03-03 14:38,Riverside,Mobile app,App,Yes,1,4.25,0.0,0.3,
T00255,2026-03-03 14:41,University,Mobile app,App,No,2,8.75,1.26,0.9,
T00256,2026-03-03 14:56,Downtown,In store,Card,No,2,8.5,0.96,6.3,
T00257,2026-03-03 15:08,University,In store,Card,No,1,4.5,0.7,1.1,
T00258,2026-03-03 15:20,Downtown,Mobile app,App,Yes,1,2.95,0.43,2.0,4
T00259,2026-03-03 15:38,University,Mobile app,App,Yes,2,7.75,1.26,3.7,
T00260,2026-03-03 15:45,University,In store,Card,No,1,3.0,0.0,2.7,
T00261,2026-03-03 15:55,Riverside,In store,Cash,No,1,4.5,0.0,2.9,4
T00262,2026-03-03 15:56,University,In store,Card,No,2,6.25,1.18,5.2,4
T00263,2026-03-03 16:05,University,Mobile app,App,Yes,3,11.75,0.0,1.6,4
T00264,2026-03-03 16:06,Riverside,In store,Card,No,2,9.0,1.56,0.7,4
T00265,2026-03-03 16:09,University,Mobile app,App,Yes,2,7.75,1.5,0.5,
T00266,2026-03-03 16:10,University,Mobile app,Voucher,Yes,1,0.0,0.0,1.4,5
T00267,2026-03-03 16:12,University,In store,Card,No,2,7.45,0.0,1.6,
T00268,2026-03-03 16:24,Downtown,In store,Card,Yes,2,7.45,0.8,2.0,3
T00269,2026-03-03 16:40,University,In store,Cash,No,1,4.25,0.0,3.7,
T00270,2026-03-03 16:48,Riverside,In store,Cash,No,2,8.0,0.0,2.1,
T00271,2026-03-03 17:03,Downtown,Mobile app,App,No,2,5.9,0.0,0.5,
T00272,2026-03-03 17:13,Downtown,Mobile app,App,No,1,4.75,0.94,4.2,
T00273,2026-03-03 17:20,Riverside,In store,Card,Yes,1,4.5,0.72,2.2,4
T00274,2026-03-03 17:43,Riverside,In store,Cash,Yes,2,6.0,0.0,1.7,
T00275,2026-03-03 17:46,University,In store,Card,No,1,3.25,0.44,1.5,
T00276,2026-03-03 17:50,University,Mobile app,App,No,2,9.25,0.0,1.6,
T00277,2026-03-04 06:25,Riverside,In store,Card,No,1,4.75,0.78,2.6,
T00278,2026-03-04 06:29,Downtown,Mobile app,App,Yes,3,12.75,2.46,5.7,
T00279,2026-03-04 07:03,Downtown,In store,Card,No,2,7.75,1.46,3.6,4
T00280,2026-03-04 07:04,Riverside,In store,Card,Yes,4,13.95,2.14,2.0,4
T00281,2026-03-04 07:08,Riverside,In store,Cash,Yes,1,4.5,0.0,4.0,
T00282,2026-03-04 07:17,Downtown,In store,Cash,No,3,12.25,0.0,3.8,
T00283,2026-03-04 07:21,Downtown,In store,Card,No,1,4.25,0.0,9.2,
T00284,2026-03-04 07:29,Downtown,Mobile app,App,Yes,2,8.75,1.74,0.4,
T00285,2026-03-04 07:30,Riverside,In store,Card,No,1,3.25,0.0,0.8,4
T00286,2026-03-04 07:35,Riverside,In store,Card,No,1,4.5,0.0,3.8,4
T00287,2026-03-04 07:37,University,Mobile app,App,Yes,1,4.75,0.0,1.7,
T00288,2026-03-04 07:41,Downtown,In store,Card,No,1,4.5,0.46,11.3,
T00289,2026-03-04 07:46,University,In store,Card,No,1,4.75,0.0,1.5,4
T00290,2026-03-04 07:48,Downtown,In store,Card,Yes,2,9.25,0.0,18.0,2
T00291,2026-03-04 07:50,University,In store,Card,Yes,3,12.0,1.82,2.2,
T00292,2026-03-04 08:00,University,In store,Card,Yes,4,15.7,0.0,2.7,
T00293,2026-03-04 08:13,Downtown,In store,Card,No,1,4.5,0.0,27.3,
T00294,2026-03-04 08:14,University,In store,Card,No,1,4.75,0.58,3.7,
T00295,2026-03-04 08:16,Downtown,In store,Card,No,3,10.4,0.0,10.4,
T00296,2026-03-04 08:16,University,Mobile app,App,Yes,1,3.0,0.61,1.1,5
T00297,2026-03-04 08:16,Downtown,In store,Card,No,3,12.75,0.0,18.1,
T00298,2026-03-04 08:17,Downtown,In store,Voucher,Yes,1,0.0,0.0,2.7,4
T00299,2026-03-04 08:22,Downtown,In store,Card,Yes,1,4.25,0.0,7.8,5
T00300,2026-03-04 08:23,Downtown,In store,Card,No,3,12.5,2.11,3.4,
T00301,2026-03-04 08:24,Downtown,In store,Card,Yes,3,10.5,0.0,14.9,3
T00302,2026-03-04 08:28,Riverside,In store,Card,No,2,5.95,0.0,3.3,3
T00303,2026-03-04 08:30,Downtown,Mobile app,App,No,1,3.25,0.58,3.4,
T00304,2026-03-04 08:33,Riverside,In store,Card,No,1,3.25,0.0,4.6,
T00305,2026-03-04 08:35,Riverside,Mobile app,App,Yes,1,3.0,0.51,0.5,
T00306,2026-03-04 08:37,Downtown,In store,Cash,Yes,1,4.25,0.0,20.8,
T00307,2026-03-04 08:38,Riverside,In store,Card,No,1,4.25,0.0,3.5,5
T00308,2026-03-04 08:38,Downtown,In store,Card,Yes,2,7.5,0.0,5.8,
T00309,2026-03-04 08:39,Riverside,In store,Cash,Yes,1,3.0,0.0,2.1,
T00310,2026-03-04 08:45,Downtown,In store,Cash,No,1,4.25,0.0,5.4,
T00311,2026-03-04 08:46,University,In store,Card,No,1,3.0,0.0,4.6,
T00312,2026-03-04 08:55,University,Mobile app,Voucher,Yes,1,0.0,0.0,1.2,4
T00313,2026-03-04 08:57,Riverside,In store,Card,No,2,6.2,0.0,2.6,5
T00314,2026-03-04 08:58,Downtown,Mobile app,App,Yes,4,15.7,3.26,0.8,
T00315,2026-03-04 09:05,Downtown,In store,Card,No,3,13.75,0.0,2.4,
T00316,2026-03-04 09:06,Downtown,In store,Card,Yes,1,4.5,0.0,9.2,5
T00317,2026-03-04 09:06,Downtown,In store,Card,No,1,3.0,0.4,8.9,
T00318,2026-03-04 09:07,University,Mobile app,App,Yes,4,16.25,0.0,0.7,
T00319,2026-03-04 09:09,Downtown,In store,Cash,No,2,7.75,0.0,2.0,
T00320,2026-03-04 09:09,University,In store,Card,No,1,3.0,0.34,7.8,
T00321,2026-03-04 09:11,Downtown,In store,Card,No,1,3.0,0.37,6.3,
T00322,2026-03-04 09:11,University,In store,Card,No,1,3.0,0.53,3.9,
T00323,2026-03-04 09:16,Riverside,In store,Cash,No,2,7.2,0.0,1.0,
T00324,2026-03-04 09:17,University,Mobile app,App,Yes,3,11.75,2.22,1.8,4
T00325,2026-03-04 09:23,Downtown,In store,Card,No,1,4.75,0.6,2.9,
T00326,2026-03-04 09:28,University,Mobile app,App,No,1,3.0,0.0,4.0,
T00327,2026-03-04 09:31,University,Mobile app,App,Yes,4,13.75,0.0,0.9,
T00328,2026-03-04 09:32,Downtown,In store,Card,No,1,4.5,0.9,4.9,
T00329,2026-03-04 09:34,University,Mobile app,App,Yes,3,9.45,0.0,2.2,
T00330,2026-03-04 09:40,University,In store,Cash,No,2,9.25,0.0,2.2,
T00331,2026-03-04 09:48,Downtown,In store,Card,No,1,4.25,0.0,2.4,
T00332,2026-03-04 09:50,Downtown,In store,Cash,Yes,1,3.25,0.0,27.5,
T00333,2026-03-04 09:55,University,In store,Cash,Yes,1,3.0,0.0,1.1,
T00334,2026-03-04 09:55,Downtown,In store,Card,No,1,4.5,0.67,5.9,
T00335,2026-03-04 09:58,Riverside,In store,Cash,No,1,4.75,0.0,3.6,
T00336,2026-03-04 10:00,Riverside,In store,Card,Yes,2,6.5,0.0,2.4,
T00337,2026-03-04 10:05,Downtown,In store,Card,Yes,1,3.0,0.0,6.7,
T00338,2026-03-04 10:10,Downtown,In store,Card,No,2,8.75,1.21,2.8,
T00339,2026-03-04 10:12,University,In store,Card,No,2,7.45,1.48,2.7,5
T00340,2026-03-04 10:12,University,In store,Card,No,1,3.25,0.0,8.8,
T00341,2026-03-04 10:18,Downtown,In store,Card,Yes,1,3.25,0.65,1.5,5
T00342,2026-03-04 10:20,Riverside,In store,Card,Yes,2,7.25,1.11,5.5,
T00343,2026-03-04 10:21,Riverside,In store,Card,No,1,4.5,0.63,1.4,
T00344,2026-03-04 10:24,University,Mobile app,App,Yes,3,13.5,2.67,1.1,5
T00345,2026-03-04 10:27,Riverside,In store,Card,No,2,7.75,0.0,7.3,
T00346,2026-03-04 10:38,Downtown,In store,Card,Yes,3,13.75,0.0,2.5,
T00347,2026-03-04 10:47,Downtown,In store,Cash,No,1,4.75,0.0,2.4,
T00348,2026-03-04 10:49,Riverside,In store,Cash,No,1,3.25,0.0,6.4,4
T00349,2026-03-04 10:54,Downtown,In store,Card,Yes,2,6.25,1.01,6.5,
T00350,2026-03-04 10:54,Downtown,In store,Card,No,1,4.25,0.0,2.1,
T00351,2026-03-04 10:57,Riverside,In store,Card,No,2,7.75,1.04,3.4,
T00352,2026-03-04 11:03,University,Mobile app,App,Yes,2,7.75,0.0,1.5,
T00353,2026-03-04 11:13,Riverside,In store,Card,No,2,7.45,0.83,1.4,
T00354,2026-03-04 11:13,Riverside,In store,Card,Yes,2,8.0,1.19,3.8,5
T00355,2026-03-04 11:17,University,In store,Card,No,3,10.45,1.98,6.1,
T00356,2026-03-04 11:20,Downtown,Mobile app,App,No,2,7.2,1.57,4.3,3
T00357,2026-03-04 11:22,Riverside,In store,Card,Yes,1,4.25,0.74,7.2,
T00358,2026-03-04 11:26,Riverside,In store,Card,No,2,8.0,1.08,2.7,
T00359,2026-03-04 11:26,Riverside,In store,Cash,No,1,4.25,0.0,7.1,
T00360,2026-03-04 11:33,University,In store,Card,Yes,1,4.5,0.0,5.3,5
T00361,2026-03-04 11:38,Riverside,In store,Cash,No,2,7.5,0.0,5.0,
T00362,2026-03-04 11:38,Downtown,Mobile app,App,Yes,1,4.75,0.0,1.3,
T00363,2026-03-04 11:41,Riverside,Mobile app,App,Yes,2,7.75,1.52,2.8,4
T00364,2026-03-04 11:41,Riverside,In store,Card,Yes,2,9.25,1.13,4.4,5
T00365,2026-03-04 11:44,Downtown,In store,Card,No,2,8.0,0.0,1.3,
T00366,2026-03-04 11:45,Downtown,Mobile app,App,Yes,2,9.0,1.25,1.1,
T00367,2026-03-04 11:45,University,In store,Card,No,1,4.75,0.74,7.7,3
T00368,2026-03-04 12:01,Downtown,In store,Card,Yes,2,6.25,0.77,4.9,4
T00369,2026-03-04 12:01,University,In store,Card,No,1,3.0,0.46,11.8,
T00370,2026-03-04 12:04,Downtown,In store,Card,No,2,8.0,0.0,13.1,
T00371,2026-03-04 12:11,University,Mobile app,App,No,1,4.75,1.02,3.0,
T00372,2026-03-04 12:13,Riverside,In store,Cash,No,2,7.75,0.0,5.6,
T00373,2026-03-04 12:24,University,In store,Card,No,1,4.75,0.65,6.5,
T00374,2026-03-04 12:39,Downtown,In store,Card,No,1,3.25,0.0,7.7,
T00375,2026-03-04 12:42,University,Mobile app,App,Yes,1,4.5,0.0,3.1,3
T00376,2026-03-04 12:43,University,Mobile app,App,Yes,1,3.0,0.45,1.2,
T00377,2026-03-04 12:46,Downtown,In store,Card,Yes,1,4.5,0.73,14.2,1
T00378,2026-03-04 12:50,Riverside,In store,Card,No,1,3.0,0.36,5.4,
T00379,2026-03-04 12:52,Riverside,In store,Card,No,1,3.0,0.4,4.0,
T00380,2026-03-04 12:53,Downtown,In store,Card,No,1,4.25,0.51,10.2,2
T00381,2026-03-04 12:54,University,In store,Cash,No,1,3.25,0.0,6.5,
T00382,2026-03-04 12:55,University,In store,Card,No,1,2.95,0.57,3.4,4
T00383,2026-03-04 12:57,Downtown,Mobile app,App,No,2,6.25,1.31,3.6,5
T00384,2026-03-04 12:59,Downtown,In store,Card,No,1,4.5,0.69,4.7,
T00385,2026-03-04 13:05,Downtown,In store,Card,No,2,7.2,1.03,1.5,5
T00386,2026-03-04 13:10,Riverside,Mobile app,App,Yes,5,20.0,0.0,1.8,5
T00387,2026-03-04 13:15,Downtown,In store,Card,Yes,2,5.95,0.0,5.5,
T00388,2026-03-04 13:19,Riverside,In store,Cash,No,1,4.5,0.0,2.5,
T00389,2026-03-04 13:20,Downtown,In store,Card,Yes,1,4.5,0.0,11.8,3
T00390,2026-03-04 13:22,University,Mobile app,App,No,1,3.0,0.0,0.6,
T00391,2026-03-04 13:23,Downtown,In store,Card,No,2,7.45,0.0,1.1,
T00392,2026-03-04 13:31,University,In store,Card,No,1,3.25,0.42,4.1,3
T00393,2026-03-04 13:35,Downtown,In store,Card,No,2,7.5,1.43,10.9,
T00394,2026-03-04 13:41,University,In store,Cash,Yes,1,3.25,0.0,4.5,5
T00395,2026-03-04 13:45,Downtown,In store,Card,Yes,2,9.0,1.48,1.9,
T00396,2026-03-04 13:46,Riverside,In store,Card,No,1,3.0,0.0,0.8,
T00397,2026-03-04 13:53,University,In store,Cash,No,2,9.25,0.0,7.0,3
T00398,2026-03-04 13:54,Riverside,Mobile app,App,Yes,2,7.5,1.5,1.8,
T00399,2026-03-04 14:01,Downtown,In store,Card,No,1,4.25,0.0,2.2,
T00400,2026-03-04 14:04,University,In store,Card,No,3,13.0,1.46,6.6,
T00401,2026-03-04 14:13,University,In store,Card,No,1,3.25,0.37,1.7,
T00402,2026-03-04 14:35,Downtown,In store,Cash,No,2,9.25,0.0,0.8,3
T00403,2026-03-04 14:45,University,In store,Cash,Yes,2,7.7,0.0,5.9,
T00404,2026-03-04 14:45,University,Mobile app,App,Yes,1,2.95,0.6,0.6,5
T00405,2026-03-04 14:47,Downtown,Mobile app,App,No,3,9.5,1.92,2.3,
T00406,2026-03-04 14:55,Riverside,In store,Card,No,2,9.0,0.0,2.5,
T00407,2026-03-04 14:57,University,Mobile app,App,No,1,4.75,0.87,0.5,
T00408,2026-03-04 15:20,Downtown,In store,Card,Yes,2,7.2,0.0,4.6,
T00409,2026-03-04 15:26,Downtown,Mobile app,App,Yes,1,2.95,0.37,0.8,4
T00410,2026-03-04 15:28,Downtown,Mobile app,App,No,2,9.25,0.0,0.8,
T00411,2026-03-04 15:28,Riverside,In store,Cash,No,2,8.0,0.0,0.9,5
T00412,2026-03-04 15:34,University,In store,Card,Yes,4,15.5,2.34,2.7,3
T00413,2026-03-04 15:38,University,Mobile app,App,Yes,2,7.75,1.06,0.3,
T00414,2026-03-04 15:41,University,In store,Card,No,1,4.25,0.0,1.1,
T00415,2026-03-04 15:43,Downtown,Mobile app,Voucher,Yes,1,0.0,0.0,0.4,
T00416,2026-03-04 15:46,Downtown,Mobile app,App,Yes,1,4.25,0.57,4.0,
T00417,2026-03-04 15:51,Riverside,In store,Card,No,1,3.25,0.0,2.1,
T00418,2026-03-04 15:53,Riverside,In store,Card,No,2,9.25,0.97,1.1,
T00419,2026-03-04 16:05,University,In store,Card,No,1,3.0,0.0,7.0,
T00420,2026-03-04 16:27,University,In store,Card,No,1,3.25,0.0,3.6,5
T00421,2026-03-04 16:28,Downtown,In store,Card,No,2,7.75,0.0,3.2,3
T00422,2026-03-04 16:55,University,In store,Card,No,1,4.25,0.0,5.5,
T00423,2026-03-04 17:25,University,In store,Card,Yes,2,6.25,1.01,1.7,4
T00424,2026-03-04 17:31,University,In store,Card,No,2,9.25,0.0,1.3,
T00425,2026-03-04 17:34,University,In store,Card,No,3,10.7,0.0,2.1,
T00426,2026-03-04 17:39,Downtown,In store,Card,Yes,4,16.5,2.36,4.0,
T00427,2026-03-04 17:55,University,In store,Cash,No,2,8.0,0.0,3.2,
T00428,2026-03-05 06:00,Riverside,In store,Card,No,1,4.5,0.54,3.3,
T00429,2026-03-05 06:15,Downtown,In store,Card,No,1,2.95,0.42,5.9,4
T00430,2026-03-05 06:37,Downtown,In store,Card,Yes,3,9.5,0.0,1.6,
T00431,2026-03-05 06:45,Downtown,In store,Card,No,1,4.75,0.0,7.9,2
T00432,2026-03-05 07:00,Downtown,In store,Card,No,1,4.5,0.73,12.5,
T00433,2026-03-05 07:01,Downtown,In store,Card,No,1,3.25,0.37,8.8,
T00434,2026-03-05 07:29,Downtown,In store,Card,Yes,2,5.95,0.78,3.8,
T00435,2026-03-05 07:32,Downtown,In store,Card,No,2,9.0,0.0,8.4,
T00436,2026-03-05 07:34,Downtown,In store,Card,No,2,6.2,0.99,7.2,3
T00437,2026-03-05 07:39,Riverside,Mobile app,App,No,1,4.5,0.75,0.4,
T00438,2026-03-05 07:42,Downtown,In store,Card,Yes,2,7.25,0.0,5.4,
T00439,2026-03-05 07:45,Riverside,In store,Card,No,4,16.5,2.18,1.7,
T00440,2026-03-05 07:46,Downtown,In store,Card,Yes,1,3.25,0.46,2.0,4
T00441,2026-03-05 08:04,Riverside,In store,Card,No,1,4.5,0.0,1.6,4
T00442,2026-03-05 08:05,University,In store,Card,No,3,10.7,1.77,1.7,
T00443,2026-03-05 08:05,Downtown,In store,Card,No,2,9.0,0.0,9.5,
T00444,2026-03-05 08:05,University,Mobile app,App,Yes,1,2.95,0.0,2.6,
T00445,2026-03-05 08:07,University,Mobile app,App,No,2,8.5,0.0,2.7,
T00446,2026-03-05 08:08,Downtown,In store,Card,No,1,4.75,0.55,12.2,
T00447,2026-03-05 08:13,Downtown,In store,Card,Yes,3,10.7,1.31,4.3,2
T00448,2026-03-05 08:18,University,Mobile app,App,No,2,8.75,1.32,2.5,3
T00449,2026-03-05 08:22,University,Mobile app,App,Yes,2,9.0,1.62,0.3,4
T00450,2026-03-05 08:24,Downtown,In store,Card,Yes,1,4.25,0.0,25.8,
T00451,2026-03-05 08:24,Downtown,In store,Card,No,1,3.0,0.0,25.1,
T00452,2026-03-05 08:27,Downtown,Mobile app,App,Yes,3,11.75,1.73,1.2,5
T00453,2026-03-05 08:35,University,Mobile app,App,No,1,2.95,0.0,0.3,
T00454,2026-03-05 08:36,Downtown,In store,Cash,No,3,12.0,0.0,24.1,
T00455,2026-03-05 08:43,Downtown,In store,Card,No,1,4.5,0.48,7.1,
T00456,2026-03-05 08:44,Downtown,In store,Card,No,1,2.95,0.37,11.7,
T00457,2026-03-05 08:46,Downtown,In store,Card,No,2,7.25,0.0,12.4,
T00458,2026-03-05 08:49,Downtown,In store,Card,No,2,7.7,0.0,18.5,2
T00459,2026-03-05 08:50,Downtown,In store,Card,No,1,4.5,0.57,12.5,
T00460,2026-03-05 08:50,Downtown,In store,Card,Yes,1,4.25,0.0,16.3,
T00461,2026-03-05 08:57,Riverside,In store,Cash,No,2,8.75,0.0,5.1,
T00462,2026-03-05 08:58,Riverside,In store,Card,No,2,7.25,0.76,3.8,
T00463,2026-03-05 08:58,Downtown,Mobile app,App,Yes,2,7.45,1.13,1.3,5
T00464,2026-03-05 08:59,Riverside,Mobile app,App,Yes,1,3.25,0.0,2.9,5
T00465,2026-03-05 08:59,Riverside,In store,Card,No,1,2.95,0.0,2.4,5
T00466,2026-03-05 09:00,University,Mobile app,App,No,2,7.75,1.5,0.8,
T00467,2026-03-05 09:06,Riverside,In store,Card,No,1,4.5,0.0,3.3,4
T00468,2026-03-05 09:11,Downtown,Mobile app,App,No,1,4.5,0.69,2.2,
T00469,2026-03-05 09:12,Downtown,In store,Card,No,1,3.25,0.0,6.7,
T00470,2026-03-05 09:17,Riverside,In store,Card,No,1,4.75,0.49,6.2,
T00471,2026-03-05 09:20,Riverside,In store,Card,Yes,3,10.7,1.28,3.6,
T00472,2026-03-05 09:26,Downtown,In store,Card,No,2,7.75,1.36,6.2,
T00473,2026-03-05 09:28,University,In store,Card,Yes,1,3.25,0.0,5.7,
T00474,2026-03-05 09:28,Riverside,In store,Card,Yes,3,13.75,1.86,4.9,
T00475,2026-03-05 09:29,Downtown,In store,Card,No,1,4.25,0.0,6.8,
T00476,2026-03-05 09:33,University,Mobile app,App,Yes,5,20.5,0.0,0.4,4
T00477,2026-03-05 09:35,Downtown,In store,Card,No,1,4.25,0.77,18.4,
T00478,2026-03-05 09:36,Riverside,In store,Cash,No,1,4.5,0.0,3.9,5
T00479,2026-03-05 09:37,University,Mobile app,App,Yes,1,3.25,0.0,1.8,5
T00480,2026-03-05 09:44,Downtown,In store,Card,No,2,8.0,0.91,17.3,1
T00481,2026-03-05 09:46,Downtown,In store,Card,No,2,9.0,1.19,21.9,
T00482,2026-03-05 09:49,Downtown,In store,Card,Yes,2,6.2,0.0,4.7,4
T00483,2026-03-05 09:50,Downtown,In store,Card,No,1,4.5,0.0,4.1,
T00484,2026-03-05 09:51,Downtown,In store,Card,Yes,1,4.75,0.91,11.8,2
T00485,2026-03-05 09:52,Downtown,In store,Card,Yes,2,7.75,0.98,2.4,
T00486,2026-03-05 09:54,Riverside,In store,Card,No,1,3.0,0.0,4.5,
T00487,2026-03-05 09:54,University,Mobile app,App,Yes,1,4.75,0.0,0.3,
T00488,2026-03-05 09:55,University,In store,Card,Yes,1,2.95,0.4,7.6,4
T00489,2026-03-05 10:02,Riverside,In store,Card,Yes,2,8.0,0.0,1.4,5
T00490,2026-03-05 10:08,University,Mobile app,App,No,1,4.25,0.81,0.4,
T00491,2026-03-05 10:18,University,In store,Card,No,1,3.0,0.55,4.7,
T00492,2026-03-05 10:19,Downtown,Mobile app,App,No,2,7.25,1.19,1.0,
T00493,2026-03-05 10:21,Downtown,Mobile app,App,Yes,2,7.25,0.93,0.7,5
T00494,2026-03-05 10:21,Riverside,In store,Cash,Yes,3,12.2,0.0,1.2,
T00495,2026-03-05 10:28,Riverside,In store,Cash,Yes,1,2.95,0.0,3.2,
T00496,2026-03-05 10:33,University,Mobile app,App,Yes,1,2.95,0.0,0.4,
T00497,2026-03-05 10:34,Downtown,In store,Cash,Yes,1,4.5,0.0,5.0,
T00498,2026-03-05 10:36,University,Mobile app,App,Yes,1,4.75,0.0,2.4,
T00499,2026-03-05 10:36,Downtown,Mobile app,App,Yes,1,3.0,0.54,0.9,5
T00500,2026-03-05 10:39,Downtown,Mobile app,App,Yes,2,7.45,1.06,0.4,
T00501,2026-03-05 10:40,University,In store,Card,No,1,4.5,0.78,11.3,
T00502,2026-03-05 10:46,University,Mobile app,App,Yes,3,13.5,1.86,2.2,4
T00503,2026-03-05 10:47,University,Mobile app,App,Yes,2,6.5,1.19,0.7,4
T00504,2026-03-05 10:56,Downtown,In store,Card,Yes,1,4.5,0.0,4.2,4
T00505,2026-03-05 10:57,University,Mobile app,App,Yes,4,15.25,0.0,1.7,5
T00506,2026-03-05 10:57,Riverside,Mobile app,App,Yes,1,4.5,0.94,0.6,
T00507,2026-03-05 11:07,Riverside,In store,Cash,No,2,7.5,0.0,12.3,
T00508,2026-03-05 11:07,University,Mobile app,App,No,3,10.95,0.0,1.7,4
T00509,2026-03-05 11:23,Riverside,In store,Cash,No,2,9.25,0.0,3.1,
T00510,2026-03-05 11:25,Downtown,Mobile app,App,Yes,1,3.25,0.42,0.4,4
T00511,2026-03-05 11:29,University,In store,Cash,No,2,7.45,0.0,6.6,
T00512,2026-03-05 11:33,Riverside,In store,Cash,No,2,7.5,0.0,2.4,
T00513,2026-03-05 11:33,Downtown,In store,Card,No,1,4.25,0.81,6.6,2
T00514,2026-03-05 11:39,Riverside,In store,Cash,No,1,4.75,0.0,5.0,
T00515,2026-03-05 11:41,Downtown,In store,Card,No,1,4.25,0.8,7.0,
T00516,2026-03-05 11:47,Downtown,In store,Card,No,1,4.5,0.0,3.5,
T00517,2026-03-05 11:49,University,In store,Card,No,1,4.5,0.0,3.3,3
T00518,2026-03-05 11:59,Downtown,In store,Card,No,1,4.25,0.0,4.1,3
T00519,2026-03-05 12:00,University,In store,Card,No,2,8.0,0.0,6.2,4
T00520,2026-03-05 12:01,Downtown,In store,Card,No,1,3.25,0.37,13.6,
T00521,2026-03-05 12:01,Downtown,Mobile app,App,Yes,1,2.95,0.46,1.3,5
T00522,2026-03-05 12:02,Riverside,In store,Cash,No,1,4.25,0.0,2.4,4
T00523,2026-03-05 12:04,Riverside,In store,Card,No,2,7.5,0.0,2.3,
T00524,2026-03-05 12:08,University,In store,Card,No,1,2.95,0.42,4.5,
T00525,2026-03-05 12:11,Downtown,In store,Card,No,1,4.5,0.0,5.9,2
T00526,2026-03-05 12:13,Downtown,In store,Card,Yes,2,9.5,0.0,4.0,
T00527,2026-03-05 12:29,Downtown,Mobile app,App,No,1,4.5,0.77,2.2,5
T00528,2026-03-05 12:31,Riverside,In store,Card,No,1,4.5,0.5,0.8,
T00529,2026-03-05 12:34,Downtown,In store,Cash,Yes,2,7.5,0.0,9.3,4
T00530,2026-03-05 12:36,Riverside,In store,Card,Yes,3,9.5,0.0,3.7,4
T00531,2026-03-05 12:37,Downtown,In store,Card,No,1,3.0,0.54,6.7,
T00532,2026-03-05 12:40,University,Mobile app,App,Yes,1,3.25,0.68,3.2,
T00533,2026-03-05 12:41,Downtown,In store,Card,Yes,1,3.25,0.51,1.5,
T00534,2026-03-05 12:42,Riverside,In store,Card,No,3,10.7,2.12,4.4,
T00535,2026-03-05 12:43,Downtown,In store,Card,No,1,4.75,0.0,4.3,
T00536,2026-03-05 12:49,Riverside,In store,Card,Yes,3,11.7,1.34,5.6,
T00537,2026-03-05 12:54,University,Mobile app,App,Yes,1,4.75,1.04,0.3,
T00538,2026-03-05 12:55,Downtown,Mobile app,App,Yes,1,4.5,0.63,1.0,
T00539,2026-03-05 12:58,University,Mobile app,App,Yes,1,4.5,0.58,0.8,4
T00540,2026-03-05 12:59,Downtown,In store,Card,No,1,4.5,0.63,3.5,
T00541,2026-03-05 13:08,University,Mobile app,App,No,2,7.25,1.45,1.9,
T00542,2026-03-05 13:19,Downtown,In store,Card,No,1,4.25,0.71,3.4,
T00543,2026-03-05 13:19,University,Mobile app,App,No,1,2.95,0.41,4.6,
T00544,2026-03-05 13:40,Downtown,In store,Card,Yes,2,6.25,0.0,7.7,
T00545,2026-03-05 13:53,University,In store,Card,No,1,4.25,0.75,1.1,
T00546,2026-03-05 14:14,University,In store,Card,No,1,4.75,0.0,4.6,
T00547,2026-03-05 14:18,Downtown,Mobile app,App,Yes,1,2.95,0.0,1.9,4
T00548,2026-03-05 14:32,University,In store,Card,No,2,9.25,0.0,2.9,5
T00549,2026-03-05 14:37,University,In store,Card,Yes,1,4.75,0.84,4.4,4
T00550,2026-03-05 14:41,Downtown,In store,Card,No,1,2.95,0.0,3.4,
T00551,2026-03-05 14:43,University,Mobile app,App,Yes,1,4.75,0.67,0.6,5
T00552,2026-03-05 14:44,Riverside,In store,Cash,Yes,1,2.95,0.0,3.0,3
T00553,2026-03-05 14:47,Riverside,In store,Card,No,1,4.5,0.0,4.7,4
T00554,2026-03-05 14:52,Riverside,In store,Cash,Yes,2,6.25,0.0,1.9,
T00555,2026-03-05 14:55,Downtown,In store,Card,No,1,2.95,0.37,1.0,5
T00556,2026-03-05 15:13,Riverside,In store,Card,No,1,3.25,0.0,0.8,
T00557,2026-03-05 15:19,University,Mobile app,App,Yes,1,4.5,0.56,0.3,
T00558,2026-03-05 15:25,University,In store,Card,Yes,1,4.5,0.86,6.7,3
T00559,2026-03-05 15:45,Riverside,In store,Card,No,3,12.2,0.0,3.8,
T00560,2026-03-05 15:46,Riverside,In store,Card,No,1,4.5,0.0,3.9,
T00561,2026-03-05 15:47,University,In store,Card,No,1,3.0,0.0,7.9,
T00562,2026-03-05 15:54,University,In store,Card,No,2,7.5,0.85,6.3,5
T00563,2026-03-05 15:57,University,Mobile app,App,Yes,1,2.95,0.43,0.5,
T00564,2026-03-05 15:58,University,Mobile app,App,Yes,1,4.75,0.88,3.0,4
T00565,2026-03-05 16:01,Downtown,In store,Card,No,1,4.25,0.69,2.4,
T00566,2026-03-05 16:07,Downtown,In store,Card,No,1,4.25,0.82,2.6,
T00567,2026-03-05 16:18,Riverside,In store,Card,No,1,3.25,0.0,3.0,
T00568,2026-03-05 16:25,University,Mobile app,App,Yes,2,9.0,0.0,1.3,5
T00569,2026-03-05 16:33,University,Mobile app,App,Yes,2,6.2,0.0,1.1,
T00570,2026-03-05 16:35,Downtown,In store,Card,No,2,7.75,0.82,3.3,
T00571,2026-03-05 16:52,Riverside,In store,Card,No,1,4.75,0.0,0.4,
T00572,2026-03-05 17:13,University,In store,Card,Yes,1,4.5,0.0,3.0,
T00573,2026-03-05 17:20,University,Mobile app,App,Yes,1,3.0,0.38,1.8,
T00574,2026-03-05 17:35,University,In store,Card,No,2,8.0,1.38,1.7,5
T00575,2026-03-05 17:53,Downtown,Mobile app,App,Yes,2,8.75,0.0,0.9,5
T00576,2026-03-06 06:09,Riverside,In store,Cash,No,2,7.5,0.0,2.5,5
T00577,2026-03-06 06:10,Downtown,Mobile app,App,Yes,1,4.5,0.8,2.3,
T00578,2026-03-06 06:32,University,Mobile app,App,Yes,1,4.25,0.0,1.3,
T00579,2026-03-06 06:44,University,In store,Card,Yes,2,7.75,0.0,1.7,
T00580,2026-03-06 06:59,Downtown,In store,Card,No,2,7.45,1.15,3.4,
T00581,2026-03-06 07:00,Downtown,In store,Cash,Yes,3,12.0,0.0,6.4,
T00582,2026-03-06 07:00,Downtown,In store,Card,No,1,4.25,0.73,1.9,
T00583,2026-03-06 07:22,Downtown,Mobile app,App,Yes,3,12.0,2.21,1.2,
T00584,2026-03-06 07:22,Downtown,In store,Card,No,1,3.25,0.57,1.6,
T00585,2026-03-06 07:39,Riverside,In store,Card,No,1,4.5,0.0,6.2,
T00586,2026-03-06 07:45,Riverside,In store,Cash,No,2,7.5,0.0,2.9,
T00587,2026-03-06 07:51,Downtown,In store,Card,No,2,8.75,0.0,7.8,
T00588,2026-03-06 08:00,Downtown,In store,Card,Yes,2,6.2,0.0,3.7,
T00589,2026-03-06 08:07,Downtown,In store,Cash,No,1,4.5,0.0,12.0,
T00590,2026-03-06 08:07,Downtown,In store,Voucher,Yes,1,0.0,0.0,15.5,
T00591,2026-03-06 08:11,Downtown,In store,Card,Yes,1,4.5,0.0,12.4,4
T00592,2026-03-06 08:17,Downtown,In store,Card,No,2,7.25,0.0,21.2,
T00593,2026-03-06 08:17,Downtown,In store,Cash,No,1,4.25,0.0,15.6,
T00594,2026-03-06 08:18,Riverside,In store,Cash,No,1,4.5,0.0,2.5,5
T00595,2026-03-06 08:18,Downtown,In store,Card,No,1,4.5,0.0,26.2,
T00596,2026-03-06 08:18,Downtown,Mobile app,App,No,2,9.0,1.16,0.8,
T00597,2026-03-06 08:19,Downtown,In store,Card,No,14,53.7,5.7,34.3,
T00598,2026-03-06 08:24,Downtown,In store,Cash,Yes,3,11.0,0.0,3.0,5
T00599,2026-03-06 08:26,Downtown,Mobile app,App,Yes,1,4.5,0.0,0.5,
T00600,2026-03-06 08:26,Downtown,In store,Card,No,1,4.25,0.66,13.2,
T00601,2026-03-06 08:32,Riverside,Mobile app,App,No,2,6.2,1.25,1.1,
T00602,2026-03-06 08:41,Downtown,In store,Card,Yes,1,2.95,0.57,6.9,
T00603,2026-03-06 08:41,University,Mobile app,App,Yes,2,7.7,1.69,1.5,5
T00604,2026-03-06 08:42,Downtown,In store,Cash,No,1,4.75,0.0,6.5,
T00605,2026-03-06 08:46,University,In store,Cash,No,1,4.75,0.0,2.3,4
T00606,2026-03-06 08:47,Downtown,In store,Card,No,2,7.45,1.48,5.7,
T00607,2026-03-06 08:52,University,In store,Card,No,2,7.7,1.53,6.0,
T00608,2026-03-06 08:52,Downtown,In store,Card,No,1,2.95,0.56,6.5,4
T00609,2026-03-06 08:54,Downtown,In store,Card,No,2,7.5,0.0,25.8,1
T00610,2026-03-06 08:57,Downtown,Mobile app,App,Yes,2,9.5,1.95,1.3,
T00611,2026-03-06 08:57,Downtown,In store,Card,No,3,9.15,0.0,25.1,
T00612,2026-03-06 09:00,Downtown,In store,Cash,Yes,1,4.75,0.0,10.4,4
T00613,2026-03-06 09:07,Riverside,In store,Cash,Yes,4,15.2,0.0,2.0,
T00614,2026-03-06 09:08,University,In store,Card,No,3,9.5,1.41,7.3,
T00615,2026-03-06 09:09,University,In store,Card,No,1,2.95,0.0,12.4,
T00616,2026-03-06 09:09,University,In store,Card,No,2,6.25,0.0,5.2,
T00617,2026-03-06 09:18,University,In store,Card,No,2,8.5,0.0,1.2,5
T00618,2026-03-06 09:23,Downtown,In store,Card,No,1,3.0,0.0,8.5,
T00619,2026-03-06 09:23,Downtown,In store,Card,No,1,4.25,0.0,11.5,
T00620,2026-03-06 09:27,Downtown,In store,Card,No,2,7.45,0.0,2.2,
T00621,2026-03-06 09:29,Riverside,In store,Card,No,1,4.5,0.0,4.3,
T00622,2026-03-06 09:30,Downtown,In store,Card,Yes,1,4.25,0.0,4.6,
T00623,2026-03-06 09:31,Downtown,In store,Card,Yes,2,9.0,0.0,7.6,2
T00624,2026-03-06 09:31,Downtown,In store,Cash,No,1,4.75,0.0,8.8,
T00625,2026-03-06 09:32,University,In store,Card,Yes,2,8.75,1.61,3.7,
T00626,2026-03-06 09:33,Riverside,In store,Card,No,1,3.25,0.0,3.3,
T00627,2026-03-06 09:34,Riverside,In store,Card,No,2,7.7,1.46,4.9,
T00628,2026-03-06 09:47,Downtown,In store,Card,No,30,111.35,0.0,19.5,1
T00629,2026-03-06 09:50,Downtown,In store,Card,No,2,7.7,0.84,14.6,3
T00630,2026-03-06 09:54,University,Mobile app,App,Yes,1,3.25,0.0,2.6,4
T00631,2026-03-06 09:54,University,In store,Card,No,2,8.0,1.22,4.2,4
T00632,2026-03-06 09:59,Downtown,In store,Card,No,1,4.5,0.0,4.1,
T00633,2026-03-06 10:13,Riverside,In store,Card,No,4,13.7,2.48,5.8,
T00634,2026-03-06 10:16,University,In store,Card,No,1,4.5,0.66,2.9,
T00635,2026-03-06 10:18,Downtown,In store,Card,No,2,9.5,1.65,4.4,
T00636,2026-03-06 10:27,Downtown,Mobile app,App,No,2,7.7,1.62,1.1,
T00637,2026-03-06 10:34,Riverside,In store,Cash,No,2,6.25,0.0,11.4,3
T00638,2026-03-06 10:35,Downtown,In store,Card,No,2,6.0,0.0,4.8,
T00639,2026-03-06 10:35,University,In store,Card,No,3,12.25,0.0,6.8,
T00640,2026-03-06 10:36,Riverside,In store,Cash,Yes,4,16.5,0.0,1.0,
T00641,2026-03-06 10:40,University,In store,Card,Yes,3,11.75,1.9,2.1,
T00642,2026-03-06 10:48,Riverside,In store,Cash,Yes,1,3.25,0.0,3.7,
T00643,2026-03-06 10:49,Riverside,In store,Card,No,2,9.0,0.0,4.6,3
T00644,2026-03-06 10:51,Downtown,In store,Card,No,1,4.5,0.0,6.1,
T00645,2026-03-06 10:53,Riverside,In store,Cash,No,1,3.25,0.0,11.2,
T00646,2026-03-06 10:55,Riverside,In store,Card,No,1,3.25,0.36,4.3,
T00647,2026-03-06 11:05,Riverside,In store,Cash,No,2,6.2,0.0,3.6,
T00648,2026-03-06 11:08,University,In store,Card,No,2,7.75,1.12,5.9,5
T00649,2026-03-06 11:22,University,In store,Card,No,1,4.75,0.53,7.4,
T00650,2026-03-06 11:23,Riverside,In store,Card,Yes,2,5.9,1.03,1.9,
T00651,2026-03-06 11:25,University,In store,Card,No,2,7.7,0.0,6.7,
T00652,2026-03-06 11:25,Downtown,In store,Card,Yes,1,4.25,0.58,3.6,
T00653,2026-03-06 11:30,Riverside,In store,Cash,No,1,3.25,0.0,8.0,3
T00654,2026-03-06 11:32,Downtown,In store,Card,No,1,3.0,0.0,12.7,
T00655,2026-03-06 11:39,Riverside,In store,Card,No,1,4.25,0.0,3.7,5
T00656,2026-03-06 11:47,Downtown,Mobile app,App,Yes,2,8.0,1.19,1.8,
T00657,2026-03-06 11:51,Riverside,Mobile app,App,Yes,2,7.2,0.0,2.2,
T00658,2026-03-06 11:52,Riverside,In store,Cash,No,2,7.5,0.0,4.4,4
T00659,2026-03-06 11:52,University,Mobile app,App,Yes,3,10.15,0.0,0.6,4
T00660,2026-03-06 11:56,University,In store,Card,No,2,8.0,0.0,2.5,
T00661,2026-03-06 12:05,Riverside,In store,Card,Yes,4,14.95,0.0,1.8,5
T00662,2026-03-06 12:07,Downtown,In store,Card,Yes,3,11.0,1.85,3.9,5
T00663,2026-03-06 12:12,University,In store,Cash,Yes,2,7.5,0.0,8.8,
T00664,2026-03-06 12:13,Downtown,In store,Card,No,1,4.5,0.66,4.4,3
T00665,2026-03-06 12:14,University,In store,Card,No,1,4.25,0.0,9.5,3
T00666,2026-03-06 12:19,Riverside,In store,Card,No,2,7.45,1.07,3.4,3
T00667,2026-03-06 12:27,University,Mobile app,App,No,1,4.25,0.8,0.3,
T00668,2026-03-06 12:32,Downtown,In store,Card,No,2,9.0,1.27,3.3,
T00669,2026-03-06 12:32,Riverside,In store,Card,Yes,1,2.95,0.0,1.7,5
T00670,2026-03-06 12:34,University,In store,Card,No,1,4.25,0.68,4.2,
T00671,2026-03-06 12:40,Downtown,In store,Card,Yes,2,7.75,0.85,3.2,
T00672,2026-03-06 12:53,Downtown,In store,Card,No,2,7.45,1.17,6.4,
T00673,2026-03-06 12:53,Riverside,In store,Cash,No,2,7.7,0.0,5.9,
T00674,2026-03-06 12:57,Riverside,In store,Card,No,2,9.25,1.52,1.6,
T00675,2026-03-06 12:57,Downtown,Mobile app,App,Yes,1,3.0,0.51,0.3,
T00676,2026-03-06 13:00,Riverside,In store,Card,No,1,4.5,0.87,2.2,
T00677,2026-03-06 13:10,University,In store,Card,No,1,4.5,0.0,0.8,
T00678,2026-03-06 13:18,Downtown,In store,Card,No,1,4.5,0.7,2.9,
T00679,2026-03-06 13:19,Riverside,In store,Card,Yes,2,9.0,0.0,2.8,4
T00680,2026-03-06 13:20,University,In store,Card,Yes,1,4.25,0.54,9.5,
T00681,2026-03-06 13:22,Downtown,Mobile app,App,Yes,4,13.45,1.8,1.0,
T00682,2026-03-06 13:29,University,Mobile app,App,Yes,2,7.5,1.27,1.2,3
T00683,2026-03-06 13:31,University,In store,Cash,No,1,4.75,0.0,4.1,3
T00684,2026-03-06 13:31,Riverside,In store,Card,No,3,12.0,2.25,6.9,
T00685,2026-03-06 13:32,University,Mobile app,App,No,2,5.95,0.81,0.9,5
T00686,2026-03-06 13:44,University,In store,Card,Yes,1,3.0,0.59,4.0,
T00687,2026-03-06 13:45,Downtown,In store,Card,No,1,4.75,0.94,5.5,5
T00688,2026-03-06 13:48,Downtown,Mobile app,App,Yes,2,7.5,0.9,0.4,4
T00689,2026-03-06 13:50,Riverside,In store,Card,No,2,6.25,0.67,3.4,
T00690,2026-03-06 13:54,Riverside,Mobile app,App,Yes,1,4.5,0.72,3.8,
T00691,2026-03-06 14:05,University,In store,Card,No,1,3.25,0.0,7.5,
T00692,2026-03-06 14:15,Riverside,In store,Cash,No,3,12.25,0.0,1.1,
T00693,2026-03-06 14:22,Downtown,In store,Card,No,2,7.75,0.99,2.1,5
T00694,2026-03-06 14:45,Riverside,In store,Card,No,1,3.25,0.43,5.6,
T00695,2026-03-06 14:50,Riverside,In store,Card,No,1,4.5,0.0,1.8,
T00696,2026-03-06 14:51,Downtown,In store,Card,No,1,4.5,0.0,12.2,
T00697,2026-03-06 14:57,University,In store,Card,No,2,9.0,0.0,4.0,
T00698,2026-03-06 14:57,University,Mobile app,App,Yes,1,2.95,0.0,1.1,
T00699,2026-03-06 15:01,Riverside,In store,Card,Yes,3,12.0,2.12,3.2,5
T00700,2026-03-06 15:28,Riverside,In store,Cash,Yes,1,4.5,0.0,4.9,4
T00701,2026-03-06 15:31,Riverside,In store,Cash,No,2,7.75,0.0,5.1,
T00702,2026-03-06 15:36,Riverside,In store,Card,Yes,2,7.45,0.0,2.4,
T00703,2026-03-06 15:41,Riverside,In store,Cash,No,2,7.75,0.0,4.4,
T00704,2026-03-06 15:48,Riverside,In store,Card,Yes,2,7.2,1.07,2.0,5
T00705,2026-03-06 15:51,University,Mobile app,App,Yes,1,2.95,0.0,1.6,
T00706,2026-03-06 15:53,University,In store,Card,Yes,1,4.75,0.0,4.3,4
T00707,2026-03-06 15:56,Downtown,In store,Card,No,4,11.85,1.85,3.2,
T00708,2026-03-06 15:57,Downtown,In store,Card,No,2,7.75,0.87,0.6,
T00709,2026-03-06 16:05,Downtown,In store,Card,Yes,2,7.7,0.93,0.3,5
T00710,2026-03-06 16:32,University,Mobile app,App,Yes,1,4.25,0.64,2.7,
T00711,2026-03-06 16:51,Riverside,In store,Card,No,2,7.2,0.76,2.3,4
T00712,2026-03-06 17:18,University,In store,Cash,Yes,1,4.5,0.0,5.9,
T00713,2026-03-06 17:28,Riverside,In store,Card,No,3,11.0,1.93,3.1,
T00714,2026-03-06 17:32,University,In store,Card,Yes,2,8.5,0.0,0.8,
T00715,2026-03-06 17:55,Downtown,In store,Card,Yes,2,8.75,1.72,7.9,
T00716,2026-03-07 06:18,Downtown,In store,Card,Yes,4,13.45,0.0,2.4,
T00717,2026-03-07 07:02,Riverside,In store,Cash,Yes,1,4.5,0.0,2.3,
T00718,2026-03-07 07:22,Downtown,In store,Card,Yes,1,4.5,0.67,0.6,4
T00719,2026-03-07 07:27,Downtown,Mobile app,App,Yes,1,4.25,0.8,3.2,
T00720,2026-03-07 07:43,Riverside,Mobile app,App,Yes,1,2.95,0.64,0.7,
T00721,2026-03-07 08:05,Downtown,In store,Voucher,Yes,1,0.0,0.0,0.4,
T00722,2026-03-07 08:06,Riverside,In store,Card,No,2,7.45,0.0,2.7,
T00723,2026-03-07 08:09,Riverside,In store,Card,No,2,9.25,0.0,2.3,
T00724,2026-03-07 08:10,Downtown,In store,Card,No,2,8.5,0.0,6.9,4
T00725,2026-03-07 08:25,Downtown,In store,Card,Yes,2,9.0,0.0,2.2,
T00726,2026-03-07 08:36,Downtown,Mobile app,App,Yes,2,9.25,1.42,0.3,5
T00727,2026-03-07 08:38,Riverside,In store,Cash,No,1,3.0,0.0,1.5,
T00728,2026-03-07 08:49,Downtown,In store,Card,No,1,3.25,0.0,3.0,
T00729,2026-03-07 09:01,Downtown,Mobile app,App,No,4,17.25,0.0,0.5,3
T00730,2026-03-07 09:02,Riverside,Mobile app,App,Yes,1,4.5,0.86,2.3,5
T00731,2026-03-07 09:09,Riverside,In store,Card,No,1,3.0,0.56,3.3,
T00732,2026-03-07 09:10,Riverside,In store,Cash,No,2,7.2,0.0,2.3,
T00733,2026-03-07 09:14,Riverside,In store,Card,No,1,4.25,0.0,5.6,
T00734,2026-03-07 09:15,Riverside,In store,Cash,No,1,4.25,0.0,1.3,4
T00735,2026-03-07 09:17,Riverside,In store,Card,No,1,4.5,0.0,6.3,5
T00736,2026-03-07 09:19,Downtown,Mobile app,App,Yes,2,9.0,0.0,0.5,
T00737,2026-03-07 09:23,Downtown,In store,Card,No,1,4.25,0.46,1.2,
T00738,2026-03-07 09:24,University,In store,Card,Yes,1,4.75,0.0,5.3,2
T00739,2026-03-07 09:28,Riverside,In store,Card,No,1,3.0,0.43,10.0,
T00740,2026-03-07 09:32,Riverside,Mobile app,App,No,2,8.5,1.52,4.0,
T00741,2026-03-07 09:33,Riverside,In store,Card,Yes,3,13.25,1.74,7.9,2
T00742,2026-03-07 09:34,Downtown,In store,Card,No,2,9.0,0.97,1.8,
T00743,2026-03-07 09:36,Riverside,In store,Cash,Yes,3,12.0,0.0,1.4,5
T00744,2026-03-07 09:37,Downtown,In store,Card,No,3,11.95,0.0,3.1,4
T00745,2026-03-07 09:41,Downtown,In store,Cash,No,1,4.5,0.0,3.5,
T00746,2026-03-07 10:02,Downtown,In store,Card,No,1,2.95,0.0,2.5,
T00747,2026-03-07 10:05,University,Mobile app,App,Yes,1,3.25,0.59,0.8,
T00748,2026-03-07 10:29,Downtown,In store,Card,Yes,2,7.5,0.0,3.1,4
T00749,2026-03-07 10:39,Riverside,In store,Card,Yes,2,6.2,0.75,1.7,
T00750,2026-03-07 10:41,Riverside,In store,Card,Yes,1,4.5,0.65,3.8,
T00751,2026-03-07 10:45,Downtown,In store,Card,Yes,2,8.75,0.0,7.9,
T00752,2026-03-07 10:48,Downtown,Mobile app,App,No,2,7.75,1.53,1.2,5
T00753,2026-03-07 10:49,Downtown,In store,Cash,Yes,3,13.5,0.0,4.5,
T00754,2026-03-07 10:54,Downtown,Mobile app,App,No,2,6.0,0.0,2.4,5
T00755,2026-03-07 10:55,Riverside,In store,Card,No,3,11.7,1.42,4.7,
T00756,2026-03-07 10:56,Downtown,Mobile app,App,Yes,3,13.25,2.77,1.5,4
T00757,2026-03-07 10:59,Riverside,In store,Card,No,1,4.25,0.0,3.9,
T00758,2026-03-07 11:02,Riverside,In store,Cash,No,4,16.2,0.0,6.4,
T00759,2026-03-07 11:02,University,In store,Card,No,2,9.0,1.78,1.6,4
T00760,2026-03-07 11:04,Riverside,In store,Cash,Yes,3,10.75,0.0,6.5,2
T00761,2026-03-07 11:06,Downtown,In store,Card,No,1,4.5,0.6,3.8,4
T00762,2026-03-07 11:07,Downtown,Mobile app,App,Yes,1,4.75,0.87,3.1,5
T00763,2026-03-07 11:07,Riverside,In store,Card,No,3,10.7,0.0,3.0,
T00764,2026-03-07 11:09,Riverside,In store,Card,No,1,2.95,0.0,6.1,
T00765,2026-03-07 11:21,Downtown,In store,Card,No,1,4.5,0.0,3.3,2
T00766,2026-03-07 11:26,University,In store,Cash,No,1,2.95,0.0,0.8,
T00767,2026-03-07 11:27,Downtown,In store,Card,Yes,2,7.75,1.04,2.4,5
T00768,2026-03-07 11:32,Downtown,In store,Card,Yes,3,12.5,1.86,5.3,
T00769,2026-03-07 11:34,University,In store,Cash,Yes,3,12.25,0.0,2.0,2
T00770,2026-03-07 11:35,Riverside,In store,Card,No,1,3.25,0.53,5.9,
T00771,2026-03-07 11:37,Riverside,In store,Cash,No,1,4.75,0.0,4.2,5
T00772,2026-03-07 11:41,Downtown,In store,Card,Yes,1,4.75,0.0,1.3,4
T00773,2026-03-07 11:41,Downtown,In store,Card,Yes,1,4.75,0.0,1.0,3
T00774,2026-03-07 11:45,Downtown,In store,Card,No,2,7.45,0.92,3.0,
T00775,2026-03-07 11:46,Downtown,Mobile app,App,Yes,1,3.0,0.0,4.5,5
T00776,2026-03-07 11:57,Downtown,Mobile app,App,No,1,4.5,0.9,0.9,
T00777,2026-03-07 11:57,Riverside,In store,Cash,No,1,2.95,0.0,6.2,
T00778,2026-03-07 11:58,Downtown,Mobile app,App,No,1,2.95,0.55,1.5,
T00779,2026-03-07 11:59,Downtown,In store,Card,Yes,3,12.25,1.95,5.8,3
T00780,2026-03-07 12:03,Downtown,Mobile app,App,Yes,1,4.5,0.83,0.4,5
T00781,2026-03-07 12:15,Riverside,In store,Card,Yes,2,7.75,1.19,2.6,
T00782,2026-03-07 12:18,Riverside,In store,Card,No,2,7.5,1.34,4.1,
T00783,2026-03-07 12:19,Riverside,Mobile app,App,Yes,3,12.25,2.02,1.0,5
T00784,2026-03-07 12:22,University,Mobile app,App,No,1,3.25,0.0,1.8,
T00785,2026-03-07 12:24,Downtown,In store,Card,Yes,2,6.2,0.0,7.8,3
T00786,2026-03-07 12:25,Riverside,In store,Cash,No,2,7.75,0.0,5.8,
T00787,2026-03-07 12:28,Downtown,In store,Card,No,2,5.9,0.81,8.3,
T00788,2026-03-07 12:36,Riverside,In store,Card,No,1,4.5,0.62,1.8,
T00789,2026-03-07 12:37,Downtown,In store,Cash,No,1,4.75,0.0,3.5,
T00790,2026-03-07 12:40,University,Mobile app,App,Yes,3,12.5,0.0,1.4,4
T00791,2026-03-07 12:46,Downtown,In store,Card,No,1,3.25,0.0,4.6,4
T00792,2026-03-07 12:46,University,Mobile app,App,Yes,2,7.5,1.18,2.6,
T00793,2026-03-07 12:47,Downtown,Mobile app,App,Yes,1,3.0,0.52,1.6,4
T00794,2026-03-07 12:49,Riverside,In store,Card,No,2,7.5,1.22,1.1,
T00795,2026-03-07 13:00,University,Mobile app,App,Yes,1,3.0,0.41,0.6,
T00796,2026-03-07 13:05,University,Mobile app,App,Yes,2,7.25,1.58,5.7,4
T00797,2026-03-07 13:18,Downtown,Mobile app,App,Yes,2,7.25,1.41,1.8,
T00798,2026-03-07 13:22,University,In store,Card,No,1,4.75,0.51,0.8,5
T00799,2026-03-07 13:22,Riverside,In store,Cash,No,1,3.25,0.0,3.4,
T00800,2026-03-07 13:42,Riverside,In store,Card,Yes,3,12.75,0.0,2.7,
T00801,2026-03-07 13:44,University,In store,Card,No,2,9.25,0.0,2.8,
T00802,2026-03-07 13:56,Downtown,In store,Card,No,1,4.5,0.58,4.4,
T00803,2026-03-07 13:56,Riverside,In store,Card,Yes,1,4.5,0.0,1.8,
T00804,2026-03-07 14:14,Downtown,In store,Card,No,1,4.5,0.49,5.6,
T00805,2026-03-07 14:14,Downtown,In store,Card,Yes,2,7.5,1.06,4.2,
T00806,2026-03-07 14:20,Downtown,In store,Cash,No,1,3.0,0.0,1.8,
T00807,2026-03-07 14:28,Downtown,In store,Cash,Yes,3,12.5,0.0,6.2,
T00808,2026-03-07 14:34,Downtown,In store,Card,Yes,1,4.25,0.0,4.5,
T00809,2026-03-07 14:38,Downtown,In store,Card,No,1,4.75,0.75,4.2,3
T00810,2026-03-07 14:39,Downtown,Mobile app,App,Yes,2,8.75,1.08,5.6,3
T00811,2026-03-07 14:39,Downtown,Mobile app,App,Yes,2,8.75,0.0,1.0,
T00812,2026-03-07 14:55,Riverside,Mobile app,App,Yes,1,4.25,0.76,3.3,
T00813,2026-03-07 14:55,Riverside,In store,Card,No,2,7.7,1.4,0.9,
T00814,2026-03-07 15:14,Riverside,Mobile app,App,Yes,1,3.0,0.0,2.0,
T00815,2026-03-07 15:14,Riverside,In store,Card,No,1,4.25,0.0,4.5,
T00816,2026-03-07 15:18,Downtown,In store,Cash,No,1,4.25,0.0,3.3,
T00817,2026-03-07 15:23,Riverside,Mobile app,App,No,1,3.0,0.0,0.6,
T00818,2026-03-07 15:27,Downtown,In store,Card,No,1,4.5,0.58,2.3,
T00819,2026-03-07 15:29,Downtown,In store,Card,No,3,11.0,2.0,1.0,
T00820,2026-03-07 15:30,Downtown,Mobile app,App,Yes,3,12.5,0.0,3.4,5
T00821,2026-03-07 15:38,Downtown,In store,Card,No,1,3.25,0.0,2.3,5
T00822,2026-03-07 15:42,University,Mobile app,App,Yes,1,2.95,0.45,2.1,5
T00823,2026-03-07 16:04,Downtown,In store,Card,No,2,5.95,0.0,2.5,
T00824,2026-03-07 16:33,Downtown,In store,Card,No,1,4.5,0.86,1.5,5
T00825,2026-03-07 16:41,Downtown,In store,Card,No,2,8.5,0.0,1.7,
T00826,2026-03-07 16:42,Downtown,Mobile app,App,No,1,3.0,0.0,2.1,
T00827,2026-03-07 17:16,Riverside,Mobile app,App,Yes,1,2.95,0.36,2.5,5
T00828,2026-03-07 17:28,Downtown,Mobile app,App,Yes,2,7.5,1.42,1.2,4
T00829,2026-03-07 17:37,Riverside,In store,Card,Yes,1,4.5,0.83,1.1,
T00830,2026-03-07 17:37,Downtown,In store,Card,Yes,2,8.75,1.05,1.7,
T00831,2026-03-07 17:54,Downtown,In store,Card,Yes,2,7.75,0.98,1.1,4
T00832,2026-03-08 06:20,Downtown,In store,Card,No,1,4.25,0.0,2.3,
T00833,2026-03-08 06:27,Downtown,In store,Card,No,1,2.95,0.0,5.3,4
T00834,2026-03-08 07:19,Riverside,In store,Card,No,1,3.0,0.55,3.7,
T00835,2026-03-08 07:33,Riverside,In store,Card,No,5,19.15,0.0,3.3,
T00836,2026-03-08 07:45,Riverside,In store,Cash,No,1,3.0,0.0,0.5,
T00837,2026-03-08 07:49,Downtown,In store,Voucher,Yes,1,0.0,0.0,0.7,4
T00838,2026-03-08 07:55,Downtown,In store,Cash,No,1,4.75,0.0,1.2,
T00839,2026-03-08 07:58,Riverside,Mobile app,App,No,2,7.45,0.0,1.0,
T00840,2026-03-08 07:59,Riverside,In store,Card,Yes,1,4.25,0.43,2.7,3
T00841,2026-03-08 08:07,University,Mobile app,App,Yes,3,11.0,1.36,2.8,5
T00842,2026-03-08 08:11,Downtown,In store,Card,Yes,2,9.0,0.0,2.4,5
T00843,2026-03-08 08:13,Riverside,In store,Card,No,3,10.25,1.42,1.7,
T00844,2026-03-08 08:23,University,Mobile app,App,Yes,3,10.95,0.0,0.7,5
T00845,2026-03-08 08:31,Downtown,In store,Card,No,1,3.25,0.4,3.6,
T00846,2026-03-08 08:35,Riverside,In store,Card,No,1,4.5,0.0,6.1,
T00847,2026-03-08 08:37,Downtown,In store,Cash,No,3,13.0,0.0,5.4,
T00848,2026-03-08 08:40,University,In store,Card,No,1,4.5,0.0,1.4,
T00849,2026-03-08 08:48,Downtown,In store,Cash,No,1,4.5,0.0,4.5,
T00850,2026-03-08 08:55,Downtown,In store,Card,Yes,2,6.5,1.1,2.8,4
T00851,2026-03-08 09:05,Riverside,In store,Card,No,1,4.75,0.62,7.0,4
T00852,2026-03-08 09:10,University,Mobile app,App,No,1,3.25,0.0,4.1,
T00853,2026-03-08 09:17,Downtown,In store,Voucher,Yes,1,0.0,0.0,1.5,
T00854,2026-03-08 09:19,Riverside,In store,Card,No,2,8.5,0.88,5.3,
T00855,2026-03-08 09:21,Downtown,In store,Card,No,1,4.75,0.7,2.1,
T00856,2026-03-08 09:24,Downtown,In store,Card,No,2,8.0,1.14,8.0,2
T00857,2026-03-08 09:26,Riverside,In store,Card,Yes,2,9.0,0.0,3.1,
T00858,2026-03-08 09:26,Downtown,In store,Card,Yes,1,3.0,0.0,3.0,
T00859,2026-03-08 09:26,Riverside,In store,Cash,No,3,12.5,0.0,3.7,
T00860,2026-03-08 09:26,Downtown,In store,Card,Yes,3,11.45,1.69,6.5,
T00861,2026-03-08 09:29,Riverside,In store,Card,No,1,3.0,0.56,10.4,
T00862,2026-03-08 09:31,Riverside,In store,Cash,No,2,7.75,0.0,1.8,
T00863,2026-03-08 09:32,Riverside,In store,Card,Yes,3,10.45,0.0,9.2,
T00864,2026-03-08 09:34,Riverside,In store,Card,No,1,2.95,0.0,10.5,4
T00865,2026-03-08 09:34,Riverside,In store,Cash,No,1,4.25,0.0,6.7,
T00866,2026-03-08 09:39,Downtown,In store,Card,No,1,3.25,0.42,5.2,
T00867,2026-03-08 09:48,University,Mobile app,App,Yes,3,9.45,1.6,1.9,
T00868,2026-03-08 09:54,Downtown,In store,Card,Yes,2,9.25,1.1,1.5,5
T00869,2026-03-08 09:56,Downtown,In store,Card,No,1,4.75,0.9,2.1,
T00870,2026-03-08 09:58,Riverside,In store,Card,Yes,2,7.75,0.0,1.8,4
T00871,2026-03-08 09:58,Riverside,In store,Cash,No,2,7.25,0.0,1.6,5
T00872,2026-03-08 10:01,Riverside,Mobile app,App,No,1,3.25,0.66,1.5,
T00873,2026-03-08 10:02,Riverside,In store,Card,No,1,4.25,0.75,2.8,
T00874,2026-03-08 10:03,Downtown,In store,Card,Yes,3,10.75,1.2,4.7,5
T00875,2026-03-08 10:09,Downtown,In store,Card,Yes,2,9.0,0.0,4.9,
T00876,2026-03-08 10:10,University,In store,Card,No,1,4.75,0.91,2.5,
T00877,2026-03-08 10:10,University,In store,Card,No,1,3.0,0.0,3.6,
T00878,2026-03-08 10:11,University,In store,Card,No,2,9.0,1.26,2.4,
T00879,2026-03-08 10:13,Riverside,In store,Cash,No,1,3.25,0.0,2.8,
T00880,2026-03-08 10:17,Riverside,In store,Cash,No,2,9.25,0.0,7.5,
T00881,2026-03-08 10:20,University,Mobile app,App,Yes,1,3.0,0.49,0.7,4
T00882,2026-03-08 10:21,Riverside,In store,Cash,No,1,3.25,0.0,3.7,5
T00883,2026-03-08 10:22,Riverside,In store,Card,No,1,4.5,0.75,2.8,
T00884,2026-03-08 10:25,Riverside,In store,Card,No,1,4.5,0.67,6.6,
T00885,2026-03-08 10:25,Riverside,Mobile app,App,Yes,2,7.75,0.0,1.1,
T00886,2026-03-08 10:27,Downtown,In store,Card,No,1,4.75,0.81,4.3,4
T00887,2026-03-08 10:32,Downtown,In store,Card,No,2,6.2,0.82,3.4,
T00888,2026-03-08 10:32,Downtown,Mobile app,App,Yes,2,6.2,1.07,3.6,4
T00889,2026-03-08 10:33,Riverside,In store,Cash,Yes,2,9.5,0.0,4.1,
T00890,2026-03-08 10:35,University,Mobile app,App,Yes,1,4.75,0.0,2.8,
T00891,2026-03-08 10:36,University,Mobile app,App,Yes,1,3.25,0.44,1.1,
T00892,2026-03-08 10:36,University,In store,Card,No,1,4.5,0.0,1.5,4
T00893,2026-03-08 10:37,Riverside,In store,Card,No,2,7.45,0.0,7.5,
T00894,2026-03-08 10:39,Downtown,Mobile app,App,Yes,2,7.5,0.0,1.5,
T00895,2026-03-08 10:39,Downtown,Mobile app,App,No,1,4.25,0.89,0.3,
T00896,2026-03-08 10:53,Downtown,Mobile app,App,Yes,3,10.5,1.42,2.9,4
T00897,2026-03-08 11:00,University,In store,Card,Yes,2,7.25,0.99,3.4,
T00898,2026-03-08 11:04,Riverside,In store,Card,No,1,3.25,0.35,1.0,
T00899,2026-03-08 11:07,Riverside,In store,Card,No,1,4.5,0.0,8.1,
T00900,2026-03-08 11:11,Downtown,In store,Card,No,2,6.25,1.13,1.2,
T00901,2026-03-08 11:18,Riverside,In store,Card,Yes,3,12.5,2.13,1.8,5
T00902,2026-03-08 11:21,University,Mobile app,App,Yes,2,8.75,1.25,2.7,
T00903,2026-03-08 11:24,Downtown,In store,Card,No,2,8.75,0.0,3.9,
T00904,2026-03-08 11:25,University,In store,Card,No,1,4.75,0.0,2.9,
T00905,2026-03-08 11:27,Downtown,In store,Card,No,2,6.25,0.81,4.0,
T00906,2026-03-08 11:27,Downtown,In store,Card,No,1,3.25,0.38,3.7,
T00907,2026-03-08 11:36,Riverside,In store,Card,No,1,4.25,0.56,4.6,
T00908,2026-03-08 11:36,University,Mobile app,App,Yes,1,4.5,0.59,0.6,3
T00909,2026-03-08 11:36,Downtown,Mobile app,App,Yes,1,2.95,0.58,0.7,3
T00910,2026-03-08 11:37,Riverside,In store,Card,No,2,7.5,1.19,4.4,
T00911,2026-03-08 11:38,Downtown,In store,Card,Yes,3,10.5,1.82,5.0,
T00912,2026-03-08 11:41,Riverside,In store,Cash,No,2,7.25,0.0,9.2,
T00913,2026-03-08 11:41,University,Mobile app,App,Yes,2,9.5,2.09,4.2,
T00914,2026-03-08 11:41,Riverside,In store,Card,No,1,4.25,0.76,5.9,
T00915,2026-03-08 11:44,Downtown,In store,Cash,No,3,12.0,0.0,1.9,3
T00916,2026-03-08 11:47,University,In store,Card,No,1,4.5,0.83,3.0,4
T00917,2026-03-08 11:47,Downtown,In store,Card,No,2,7.7,0.0,13.6,
T00918,2026-03-08 11:49,Downtown,In store,Card,No,1,3.25,0.0,3.3,
T00919,2026-03-08 11:50,Downtown,Mobile app,App,Yes,1,4.5,0.0,1.8,5
T00920,2026-03-08 11:52,Downtown,In store,Card,No,2,6.25,1.08,8.9,
T00921,2026-03-08 11:53,University,In store,Cash,Yes,2,8.0,0.0,5.6,2
T00922,2026-03-08 11:56,Riverside,In store,Cash,Yes,1,4.25,0.0,4.0,
T00923,2026-03-08 11:57,Downtown,Mobile app,App,Yes,1,3.0,0.53,1.3,4
T00924,2026-03-08 12:01,Downtown,In store,Card,No,1,3.25,0.46,3.4,5
T00925,2026-03-08 12:09,University,Mobile app,App,Yes,2,7.75,0.98,7.5,
T00926,2026-03-08 12:19,Downtown,In store,Card,Yes,2,9.25,0.0,3.9,
T00927,2026-03-08 12:21,University,In store,Card,No,1,4.5,0.6,4.3,4
T00928,2026-03-08 12:31,University,In store,Card,No,1,2.95,0.0,5.6,
T00929,2026-03-08 12:36,Riverside,In store,Cash,No,1,2.95,0.0,3.6,
T00930,2026-03-08 12:42,Riverside,In store,Cash,Yes,2,7.45,0.0,2.8,3
T00931,2026-03-08 12:43,Downtown,In store,Card,Yes,2,7.45,1.49,0.8,5
T00932,2026-03-08 12:44,Riverside,In store,Card,Yes,3,12.0,1.26,5.3,
T00933,2026-03-08 12:46,Downtown,Mobile app,App,Yes,3,10.45,1.84,1.8,
T00934,2026-03-08 12:48,Downtown,In store,Card,Yes,3,14.0,0.0,8.5,
T00935,2026-03-08 12:49,Downtown,In store,Card,No,1,4.25,0.82,2.7,5
T00936,2026-03-08 12:50,Downtown,In store,Card,No,1,4.5,0.62,9.3,
T00937,2026-03-08 12:51,Riverside,In store,Card,No,1,4.5,0.0,4.1,
T00938,2026-03-08 12:51,Downtown,In store,Card,No,1,4.5,0.0,4.2,
T00939,2026-03-08 12:53,Downtown,Mobile app,App,Yes,2,7.45,0.98,2.0,
T00940,2026-03-08 13:12,Riverside,Mobile app,App,Yes,1,4.25,0.67,0.4,
T00941,2026-03-08 13:20,Riverside,In store,Card,No,1,4.75,0.0,2.5,
T00942,2026-03-08 13:23,Riverside,In store,Cash,Yes,1,4.25,0.0,8.6,
T00943,2026-03-08 13:27,Downtown,Mobile app,App,Yes,3,10.2,0.0,2.0,4
T00944,2026-03-08 13:31,Riverside,In store,Card,No,2,6.25,0.89,4.4,
T00945,2026-03-08 13:38,Riverside,Mobile app,App,No,1,2.95,0.57,1.2,
T00946,2026-03-08 13:39,Riverside,In store,Cash,No,2,7.2,0.0,6.4,
T00947,2026-03-08 13:43,Downtown,In store,Card,No,1,4.75,0.6,3.1,
T00948,2026-03-08 13:47,Riverside,In store,Card,Yes,3,11.75,0.0,2.4,
T00949,2026-03-08 13:47,University,In store,Cash,No,1,3.0,0.0,1.3,
T00950,2026-03-08 13:47,Downtown,In store,Cash,No,1,4.25,0.0,1.6,3
T00951,2026-03-08 13:53,Downtown,In store,Cash,Yes,3,8.95,0.0,9.6,
T00952,2026-03-08 13:55,Downtown,In store,Card,No,1,4.5,0.76,0.9,
T00953,2026-03-08 13:58,Riverside,Mobile app,App,No,2,8.0,0.0,3.7,
T00954,2026-03-08 14:04,Downtown,In store,Card,No,1,4.25,0.0,3.4,
T00955,2026-03-08 14:06,Downtown,In store,Cash,Yes,3,12.2,0.0,4.0,
T00956,2026-03-08 14:14,Riverside,In store,Cash,No,1,4.5,0.0,1.1,4
T00957,2026-03-08 14:36,Riverside,Mobile app,App,Yes,1,4.5,0.89,3.7,5
T00958,2026-03-08 14:37,University,Mobile app,App,Yes,2,7.5,1.27,1.1,5
T00959,2026-03-08 14:40,Downtown,In store,Card,No,2,7.2,0.0,2.9,
T00960,2026-03-08 14:42,Downtown,In store,Card,No,2,7.25,0.0,4.1,
T00961,2026-03-08 14:48,Downtown,Mobile app,App,Yes,1,3.25,0.44,0.5,5
T00962,2026-03-08 14:53,Riverside,In store,Card,No,1,4.75,0.0,2.4,
T00963,2026-03-08 14:56,Riverside,In store,Card,No,1,3.25,0.0,4.0,5
T00964,2026-03-08 15:09,Downtown,In store,Cash,Yes,2,6.2,0.0,3.6,
T00965,2026-03-08 15:12,Riverside,In store,Card,No,1,3.25,0.48,2.5,
T00966,2026-03-08 15:20,Downtown,In store,Card,No,1,3.25,0.43,0.6,
T00967,2026-03-08 15:24,Downtown,Mobile app,App,Yes,1,3.0,0.54,1.3,
T00968,2026-03-08 15:28,Downtown,Mobile app,App,Yes,1,4.25,0.79,1.4,5
T00969,2026-03-08 15:31,Riverside,In store,Card,No,1,3.25,0.0,1.5,
T00970,2026-03-08 15:31,University,Mobile app,App,Yes,1,4.5,0.82,1.2,
T00971,2026-03-08 15:34,Riverside,In store,Card,Yes,4,14.0,0.0,1.1,
T00972,2026-03-08 15:38,Riverside,In store,Cash,No,1,3.25,0.0,3.3,
T00973,2026-03-08 15:43,Downtown,In store,Card,No,2,7.75,0.0,1.5,
T00974,2026-03-08 15:44,Riverside,In store,Cash,Yes,1,3.0,0.0,3.8,
T00975,2026-03-08 15:46,University,Mobile app,App,Yes,3,12.75,2.71,1.9,
T00976,2026-03-08 15:50,Downtown,In store,Card,No,2,7.45,0.97,3.4,
T00977,2026-03-08 16:09,University,In store,Card,Yes,6,23.2,4.03,2.2,4
T00978,2026-03-08 16:17,Downtown,In store,Cash,No,1,4.25,0.0,1.3,
T00979,2026-03-08 16:22,Downtown,Mobile app,App,Yes,1,4.5,0.67,2.2,
T00980,2026-03-08 16:47,Riverside,In store,Card,Yes,4,14.9,2.14,2.3,
T00981,2026-03-08 16:52,Downtown,In store,Card,Yes,3,12.5,0.0,2.7,
T00982,2026-03-08 16:57,Downtown,In store,Card,No,2,7.7,1.18,4.2,5
T00983,2026-03-08 16:57,Downtown,In store,Card,No,1,4.5,0.0,1.3,
T00984,2026-03-08 17:05,Downtown,In store,Card,No,1,4.5,0.0,3.5,
T00985,2026-03-08 17:41,Downtown,In store,Card,No,2,7.45,0.92,1.4,
T00986,2026-03-08 17:44,Riverside,In store,Card,Yes,4,14.75,2.07,0.9,5
T00987,2026-03-08 17:45,University,Mobile app,App,Yes,3,12.0,2.02,3.9,
T00988,2026-03-08 17:59,Downtown,Mobile app,App,Yes,2,9.25,1.24,1.3,
T00989,2026-03-09 06:20,Downtown,In store,Cash,No,1,4.75,0.0,3.3,
T00990,2026-03-09 06:40,University,Mobile app,App,Yes,5,17.95,0.0,2.2,3
T00991,2026-03-09 07:09,Downtown,In store,Card,Yes,1,3.25,0.35,6.8,
T00992,2026-03-09 07:10,Downtown,Mobile app,App,Yes,1,4.25,0.63,4.9,2
T00993,2026-03-09 07:16,Downtown,In store,Card,No,1,4.75,0.0,6.9,
T00994,2026-03-09 07:19,Downtown,In store,Card,No,1,4.5,0.0,2.0,3
T00995,2026-03-09 07:19,Downtown,In store,Cash,Yes,1,2.95,0.0,1.3,
T00996,2026-03-09 07:28,Downtown,In store,Cash,Yes,2,7.7,0.0,2.7,
T00997,2026-03-09 07:28,Downtown,In store,Card,Yes,1,4.75,0.83,12.9,
T00998,2026-03-09 07:30,Downtown,In store,Card,No,3,12.5,1.78,2.7,
T00999,2026-03-09 07:32,Downtown,Mobile app,App,No,1,4.25,0.84,1.0,
T01000,2026-03-09 07:49,Riverside,Mobile app,App,No,2,5.95,0.98,1.9,
T01001,2026-03-09 07:52,University,Mobile app,App,Yes,2,5.9,0.83,2.4,4
T01002,2026-03-09 07:56,Downtown,In store,Card,Yes,2,7.2,0.91,7.3,
T01003,2026-03-09 07:58,Riverside,In store,Cash,Yes,1,4.5,0.0,3.3,3
T01004,2026-03-09 08:05,Downtown,In store,Cash,No,2,7.25,0.0,10.4,2
T01005,2026-03-09 08:13,University,In store,Card,No,1,2.95,0.54,10.3,3
T01006,2026-03-09 08:14,Riverside,In store,Cash,No,1,2.95,0.0,2.3,
T01007,2026-03-09 08:17,University,Mobile app,App,Yes,1,4.25,0.66,2.0,
T01008,2026-03-09 08:17,University,In store,Card,No,1,4.25,0.58,6.4,
T01009,2026-03-09 08:18,University,In store,Card,No,1,4.25,0.69,12.0,
T01010,2026-03-09 08:22,Downtown,In store,Card,Yes,3,10.5,0.0,19.3,
T01011,2026-03-09 08:25,Riverside,Mobile app,App,Yes,2,6.2,0.0,0.4,
T01012,2026-03-09 08:26,Riverside,In store,Cash,No,1,2.95,0.0,4.1,
T01013,2026-03-09 08:26,Downtown,In store,Card,Yes,5,20.25,0.0,13.0,
T01014,2026-03-09 08:29,University,Mobile app,App,Yes,2,5.9,0.79,2.5,
T01015,2026-03-09 08:29,Downtown,In store,Card,No,3,12.0,0.0,24.3,1
T01016,2026-03-09 08:35,Downtown,In store,Card,Yes,3,12.0,0.0,3.8,4
T01017,2026-03-09 08:36,Downtown,In store,Card,No,1,4.25,0.0,4.4,
T01018,2026-03-09 08:37,University,In store,Cash,Yes,2,7.75,0.0,9.9,3
T01019,2026-03-09 08:41,University,Mobile app,App,Yes,2,6.25,0.0,2.0,
T01020,2026-03-09 08:42,Riverside,In store,Card,No,1,4.75,0.59,2.3,
T01021,2026-03-09 08:48,Downtown,In store,Card,No,1,3.0,0.0,9.9,
T01022,2026-03-09 08:51,Downtown,In store,Card,Yes,3,10.15,1.61,15.7,1
T01023,2026-03-09 08:52,University,In store,Card,No,1,4.75,0.72,3.9,
T01024,2026-03-09 08:56,Riverside,In store,Card,No,1,4.75,0.0,1.7,4
T01025,2026-03-09 08:56,Downtown,In store,Card,Yes,2,7.75,1.29,15.4,
T01026,2026-03-09 08:57,Downtown,In store,Card,No,1,3.25,0.0,14.1,
T01027,2026-03-09 09:01,University,In store,Card,No,1,4.25,0.0,5.0,
T01028,2026-03-09 09:02,Downtown,In store,Card,Yes,1,4.5,0.0,8.9,
T01029,2026-03-09 09:02,Downtown,Mobile app,App,Yes,2,5.9,0.8,1.8,5
T01030,2026-03-09 09:05,Downtown,In store,Card,Yes,1,4.75,0.52,12.6,
T01031,2026-03-09 09:06,Downtown,In store,Card,Yes,2,8.75,1.62,7.8,4
T01032,2026-03-09 09:06,University,In store,Card,No,3,12.0,1.64,2.6,
T01033,2026-03-09 09:07,Downtown,In store,Cash,Yes,2,6.25,0.0,11.1,4
T01034,2026-03-09 09:16,Downtown,Mobile app,App,Yes,1,4.5,0.0,1.5,
T01035,2026-03-09 09:19,Downtown,Mobile app,App,Yes,1,2.95,0.0,0.8,
T01036,2026-03-09 09:22,Downtown,In store,Cash,No,1,4.5,0.0,2.7,5
T01037,2026-03-09 09:26,Downtown,In store,Card,No,1,4.25,0.0,2.6,5
T01038,2026-03-09 09:26,University,In store,Card,Yes,1,4.75,0.84,3.3,
T01039,2026-03-09 09:29,Downtown,Mobile app,App,Yes,2,6.2,0.77,2.5,
T01040,2026-03-09 09:30,Downtown,In store,Card,Yes,2,6.5,0.0,7.1,
T01041,2026-03-09 09:32,Riverside,In store,Card,Yes,3,10.65,1.9,3.7,3
T01042,2026-03-09 09:32,University,In store,Card,No,2,7.25,0.0,4.0,
T01043,2026-03-09 09:36,Riverside,In store,Cash,No,2,7.75,0.0,9.3,
T01044,2026-03-09 09:37,University,Mobile app,Voucher,Yes,1,0.0,0.0,1.0,5
T01045,2026-03-09 09:39,University,Mobile app,App,Yes,1,4.75,0.0,2.5,
T01046,2026-03-09 09:41,Downtown,In store,Card,No,1,4.75,0.0,15.0,
T01047,2026-03-09 09:41,Downtown,In store,Card,Yes,4,15.25,0.0,15.8,2
T01048,2026-03-09 09:44,Downtown,In store,Cash,Yes,2,6.25,0.0,6.7,2
T01049,2026-03-09 09:44,Downtown,In store,Cash,No,1,4.25,0.0,4.8,3
T01050,2026-03-09 09:44,Downtown,Mobile app,Voucher,Yes,1,0.0,0.0,1.7,5
T01051,2026-03-09 09:46,Downtown,In store,Card,No,1,4.5,0.0,9.7,
T01052,2026-03-09 09:47,Downtown,In store,Card,No,1,4.5,0.0,10.3,2
T01053,2026-03-09 09:48,University,In store,Card,No,1,4.25,0.0,7.3,3
T01054,2026-03-09 09:53,Riverside,In store,Cash,Yes,1,4.75,0.0,3.4,
T01055,2026-03-09 09:55,Downtown,In store,Card,Yes,1,3.0,0.0,9.0,
T01056,2026-03-09 09:58,Downtown,In store,Cash,No,5,20.7,0.0,20.4,1
T01057,2026-03-09 10:05,Downtown,In store,Card,No,2,8.75,1.68,15.3,
T01058,2026-03-09 10:06,Riverside,In store,Card,No,1,3.0,0.0,9.9,
T01059,2026-03-09 10:08,University,In store,Card,No,3,11.75,1.54,2.6,
T01060,2026-03-09 10:13,Downtown,Mobile app,App,Yes,2,7.5,1.63,2.6,5
T01061,2026-03-09 10:16,Riverside,In store,Cash,Yes,2,7.5,0.0,5.1,5
T01062,2026-03-09 10:17,University,In store,Card,No,1,4.25,0.82,4.0,
T01063,2026-03-09 10:17,Downtown,In store,Cash,No,1,3.25,0.0,2.9,
T01064,2026-03-09 10:28,Riverside,In store,Card,Yes,2,7.5,0.9,4.8,5
T01065,2026-03-09 10:32,Downtown,In store,Card,No,2,6.5,0.84,2.3,3
T01066,2026-03-09 10:37,Downtown,In store,Card,Yes,3,12.5,0.0,6.9,
T01067,2026-03-09 10:41,Riverside,In store,Card,Yes,1,3.0,0.38,1.1,
T01068,2026-03-09 10:43,University,In store,Card,No,1,4.5,0.56,5.8,
T01069,2026-03-09 10:47,University,Mobile app,App,Yes,1,4.5,0.69,0.8,
T01070,2026-03-09 10:48,Riverside,In store,Cash,No,1,4.5,0.0,2.8,
T01071,2026-03-09 10:54,Downtown,In store,Cash,No,2,8.5,0.0,7.5,
T01072,2026-03-09 10:56,Riverside,In store,Cash,No,1,3.25,0.0,3.9,
T01073,2026-03-09 10:59,Riverside,In store,Card,Yes,1,4.5,0.0,3.8,4
T01074,2026-03-09 11:00,University,In store,Card,No,1,4.75,0.59,3.1,5
T01075,2026-03-09 11:12,University,In store,Card,No,1,4.5,0.86,5.6,
T01076,2026-03-09 11:18,University,In store,Card,No,1,4.25,0.62,7.6,
T01077,2026-03-09 11:22,Riverside,In store,Card,Yes,4,18.5,2.49,3.0,
T01078,2026-03-09 11:23,University,In store,Card,No,2,7.45,1.37,3.0,5
T01079,2026-03-09 11:28,Downtown,Mobile app,App,No,1,4.75,0.0,1.4,
T01080,2026-03-09 11:30,Downtown,In store,Card,No,3,11.0,2.09,0.6,
T01081,2026-03-09 11:39,Downtown,In store,Card,No,1,4.5,0.0,9.2,
T01082,2026-03-09 11:47,Riverside,In store,Card,Yes,1,3.0,0.4,3.6,4
T01083,2026-03-09 11:47,Downtown,In store,Card,No,2,5.9,0.0,3.1,4
T01084,2026-03-09 11:52,University,In store,Card,No,3,12.25,0.0,4.9,
T01085,2026-03-09 11:56,University,Mobile app,App,Yes,1,2.95,0.0,4.0,4
T01086,2026-03-09 12:00,Downtown,In store,Card,Yes,1,2.95,0.56,8.1,2
T01087,2026-03-09 12:05,Riverside,In store,Card,Yes,2,8.75,1.68,4.6,5
T01088,2026-03-09 12:07,University,Mobile app,App,Yes,3,13.75,1.77,1.7,3
T01089,2026-03-09 12:11,University,Mobile app,App,No,1,4.5,0.6,1.1,5
T01090,2026-03-09 12:13,Riverside,In store,Card,No,2,7.75,0.0,2.2,
T01091,2026-03-09 12:27,University,In store,Cash,No,1,3.0,0.0,4.7,3
T01092,2026-03-09 12:29,Riverside,In store,Cash,Yes,2,6.25,0.0,4.8,
T01093,2026-03-09 12:32,University,Mobile app,App,Yes,3,10.65,2.23,2.0,
T01094,2026-03-09 12:35,Downtown,In store,Card,No,1,4.25,0.73,4.4,
T01095,2026-03-09 12:37,University,In store,Card,Yes,1,4.75,0.87,4.0,
T01096,2026-03-09 12:37,Downtown,Mobile app,App,Yes,1,3.0,0.56,0.3,
T01097,2026-03-09 12:39,Riverside,In store,Card,Yes,1,3.0,0.47,2.6,
T01098,2026-03-09 12:42,Riverside,In store,Card,No,1,2.95,0.4,2.6,4
T01099,2026-03-09 12:42,Riverside,In store,Cash,Yes,3,9.45,0.0,2.5,5
T01100,2026-03-09 12:45,Riverside,In store,Card,Yes,1,4.25,0.8,2.1,5
T01101,2026-03-09 12:47,Downtown,In store,Card,Yes,2,9.0,0.0,7.3,3
T01102,2026-03-09 12:55,Riverside,Mobile app,App,Yes,1,3.25,0.0,1.0,
T01103,2026-03-09 13:11,Downtown,In store,Card,Yes,1,4.5,0.73,6.1,
T01104,2026-03-09 13:15,Riverside,In store,Card,No,3,12.25,2.27,2.7,
T01105,2026-03-09 13:16,University,Mobile app,App,Yes,1,4.25,0.79,1.6,3
T01106,2026-03-09 13:33,Downtown,Mobile app,App,Yes,3,13.25,2.61,2.0,
T01107,2026-03-09 13:39,Riverside,In store,Cash,No,2,6.2,0.0,2.2,
T01108,2026-03-09 13:39,Downtown,In store,Card,Yes,2,6.5,1.27,7.3,4
T01109,2026-03-09 13:40,Downtown,In store,Card,Yes,1,4.5,0.51,4.1,
T01110,2026-03-09 13:45,Downtown,In store,Card,Yes,5,21.2,2.72,4.4,
T01111,2026-03-09 13:58,University,In store,Card,Yes,1,4.25,0.63,3.7,
T01112,2026-03-09 14:02,University,In store,Card,No,2,5.95,0.0,2.6,
T01113,2026-03-09 14:02,University,Mobile app,App,Yes,3,10.5,2.16,0.9,
T01114,2026-03-09 14:23,Riverside,In store,Card,Yes,3,12.0,0.0,3.0,3
T01115,2026-03-09 14:24,University,In store,Card,No,3,13.5,0.0,1.4,
T01116,2026-03-09 14:30,University,Mobile app,App,Yes,1,3.25,0.64,4.4,
T01117,2026-03-09 14:46,Riverside,In store,Cash,Yes,1,3.25,0.0,2.8,
T01118,2026-03-09 14:59,Downtown,Mobile app,App,Yes,2,7.2,0.0,1.9,4
T01119,2026-03-09 14:59,University,In store,Card,No,1,4.5,0.0,4.9,
T01120,2026-03-09 15:15,Downtown,In store,Card,No,1,2.95,0.0,7.9,
T01121,2026-03-09 15:26,Downtown,Mobile app,App,Yes,2,7.75,1.36,1.3,
T01122,2026-03-09 15:29,University,Mobile app,App,Yes,2,9.25,0.0,0.6,5
T01123,2026-03-09 15:35,University,Mobile app,App,Yes,2,7.7,0.0,1.5,5
T01124,2026-03-09 15:45,Downtown,In store,Card,No,2,8.0,0.0,0.8,
T01125,2026-03-09 15:49,Riverside,In store,Card,No,2,7.75,0.83,1.8,
T01126,2026-03-09 15:57,Riverside,In store,Card,No,2,9.0,0.0,2.7,
T01127,2026-03-09 15:58,University,Mobile app,App,Yes,3,9.2,1.68,2.6,
T01128,2026-03-09 16:25,University,Mobile app,App,No,2,7.5,0.99,0.3,
T01129,2026-03-09 16:27,Downtown,In store,Card,No,2,7.75,1.2,2.2,
T01130,2026-03-09 16:51,University,Mobile app,App,No,1,4.5,0.74,1.0,
T01131,2026-03-09 17:37,Riverside,In store,Card,No,2,8.75,0.0,1.4,
T01132,2026-03-09 17:39,Riverside,In store,Card,Yes,2,7.25,0.89,1.8,5
T01133,2026-03-09 17:42,Downtown,Mobile app,App,Yes,1,4.5,0.94,1.2,5
T01134,2026-03-09 17:47,Riverside,In store,Cash,No,3,13.75,0.0,0.9,
T01135,2026-03-09 17:48,Downtown,In store,Card,Yes,2,8.0,1.27,2.9,4
T01136,2026-03-09 17:48,Riverside,In store,Cash,No,2,8.0,0.0,1.9,4
T01137,2026-03-10 06:04,Downtown,In store,Card,Yes,2,7.25,0.0,8.1,1
T01138,2026-03-10 06:18,Downtown,Mobile app,App,No,1,3.25,0.0,0.8,
T01139,2026-03-10 06:21,Riverside,In store,Cash,No,1,4.25,0.0,1.8,
T01140,2026-03-10 07:05,Downtown,In store,Card,No,1,3.0,0.0,3.6,
T01141,2026-03-10 07:09,Downtown,In store,Card,No,2,9.0,0.0,5.1,
T01142,2026-03-10 07:29,Downtown,In store,Card,Yes,3,13.75,0.0,4.6,
T01143,2026-03-10 07:32,University,In store,Card,No,3,11.7,0.0,2.7,
T01144,2026-03-10 07:33,Downtown,In store,Cash,No,1,3.25,0.0,3.1,3
T01145,2026-03-10 07:40,Downtown,In store,Card,No,1,3.25,0.0,2.0,
T01146,2026-03-10 07:44,Riverside,In store,Voucher,Yes,1,0.0,0.0,6.1,
T01147,2026-03-10 07:48,University,In store,Card,No,2,7.5,0.0,1.1,
T01148,2026-03-10 08:01,Riverside,In store,Card,No,2,7.25,0.92,5.6,4
T01149,2026-03-10 08:12,Downtown,In store,Card,No,1,4.25,0.0,9.6,5
T01150,2026-03-10 08:16,Downtown,In store,Cash,No,2,8.75,0.0,13.6,
T01151,2026-03-10 08:18,Downtown,Mobile app,App,No,2,8.5,1.61,1.9,
T01152,2026-03-10 08:22,Downtown,In store,Card,No,3,11.7,0.0,19.6,
T01153,2026-03-10 08:24,Riverside,In store,Card,No,1,4.75,0.89,5.6,
T01154,2026-03-10 08:24,University,Mobile app,App,Yes,1,3.25,0.54,0.9,
T01155,2026-03-10 08:25,Downtown,Mobile app,App,Yes,4,13.45,0.0,2.5,
T01156,2026-03-10 08:28,Downtown,In store,Card,No,1,4.5,0.0,12.5,3
T01157,2026-03-10 08:38,Riverside,In store,Card,No,1,3.25,0.48,1.6,
T01158,2026-03-10 08:38,University,In store,Card,No,2,5.95,1.1,1.7,3
T01159,2026-03-10 08:38,University,In store,Card,No,1,3.0,0.31,2.6,
T01160,2026-03-10 08:42,University,In store,Cash,No,2,8.5,0.0,14.7,
T01161,2026-03-10 08:46,University,In store,Card,Yes,2,7.5,0.86,4.8,
T01162,2026-03-10 08:47,Downtown,In store,Card,No,2,9.25,1.06,7.5,
T01163,2026-03-10 08:47,Downtown,In store,Cash,No,2,7.7,0.0,5.0,
T01164,2026-03-10 08:48,Downtown,In store,Card,No,2,7.45,0.96,1.6,
T01165,2026-03-10 08:51,University,In store,Card,No,2,7.45,1.3,10.1,
T01166,2026-03-10 08:52,Downtown,In store,Cash,Yes,3,12.75,0.0,13.4,1
T01167,2026-03-10 08:54,University,In store,Card,No,1,4.75,0.71,3.7,
T01168,2026-03-10 08:54,Downtown,Mobile app,App,Yes,1,4.75,0.61,4.1,
T01169,2026-03-10 08:55,Riverside,Mobile app,App,Yes,2,7.5,1.42,0.3,5
T01170,2026-03-10 08:56,Downtown,In store,Card,No,1,3.25,0.0,21.1,1
T01171,2026-03-10 08:59,Downtown,In store,Card,Yes,1,4.5,0.48,19.0,2
T01172,2026-03-10 09:03,Downtown,In store,Card,No,1,3.25,0.43,10.7,
T01173,2026-03-10 09:11,Riverside,In store,Card,No,2,6.25,0.0,1.9,4
T01174,2026-03-10 09:11,University,Mobile app,App,Yes,1,4.5,0.63,1.6,5
T01175,2026-03-10 09:13,Downtown,Mobile app,App,Yes,3,10.5,0.0,0.4,5
T01176,2026-03-10 09:15,University,Mobile app,App,Yes,2,6.25,0.79,0.9,
T01177,2026-03-10 09:24,Riverside,Mobile app,App,No,2,7.5,1.0,1.2,
T01178,2026-03-10 09:25,Downtown,In store,Card,No,1,4.25,0.0,13.4,
T01179,2026-03-10 09:25,Riverside,In store,Card,Yes,2,8.75,1.02,4.5,4
T01180,2026-03-10 09:26,Downtown,Mobile app,App,Yes,3,10.45,0.0,1.9,
T01181,2026-03-10 09:30,University,In store,Card,No,1,2.95,0.41,2.8,
T01182,2026-03-10 09:40,Riverside,In store,Cash,No,1,2.95,0.0,5.7,
T01183,2026-03-10 09:40,University,In store,Card,No,1,4.5,0.69,3.9,
T01184,2026-03-10 09:41,University,In store,Cash,No,2,7.5,0.0,8.3,
T01185,2026-03-10 09:42,Downtown,In store,Card,No,1,3.25,0.49,12.0,
T01186,2026-03-10 09:42,Downtown,In store,Card,No,1,4.25,0.64,6.6,3
T01187,2026-03-10 09:44,Downtown,In store,Card,Yes,2,8.5,0.93,24.1,1
T01188,2026-03-10 09:50,Downtown,In store,Card,Yes,2,8.75,0.94,3.6,5
T01189,2026-03-10 09:56,Downtown,In store,Card,No,3,9.75,1.39,5.0,
T01190,2026-03-10 09:58,Riverside,In store,Card,No,2,6.25,1.02,1.0,
T01191,2026-03-10 10:07,University,Mobile app,App,No,2,8.75,1.74,2.3,
T01192,2026-03-10 10:13,Riverside,In store,Card,No,2,9.0,1.13,2.3,3
T01193,2026-03-10 10:16,Riverside,In store,Cash,Yes,2,5.95,0.0,2.7,
T01194,2026-03-10 10:25,University,Mobile app,App,Yes,3,11.95,0.0,2.6,5
T01195,2026-03-10 10:32,Riverside,In store,Cash,Yes,2,7.5,0.0,1.5,4
T01196,2026-03-10 10:37,Downtown,Mobile app,App,Yes,1,3.0,0.37,1.5,
T01197,2026-03-10 10:41,University,In store,Card,No,1,4.25,0.0,2.7,
T01198,2026-03-10 10:47,Downtown,In store,Card,No,1,4.5,0.53,2.5,
T01199,2026-03-10 10:52,Downtown,In store,Card,No,1,4.75,0.68,3.5,
T01200,2026-03-10 11:08,Riverside,In store,Cash,Yes,2,7.25,0.0,5.6,4
T01201,2026-03-10 11:09,University,Mobile app,App,Yes,4,16.25,3.31,2.9,5
T01202,2026-03-10 11:18,Downtown,In store,Card,No,1,4.75,0.0,5.8,
T01203,2026-03-10 11:21,University,Mobile app,App,Yes,2,7.75,1.49,2.7,
T01204,2026-03-10 11:21,Riverside,In store,Card,Yes,3,10.45,1.28,2.5,
T01205,2026-03-10 11:25,Riverside,In store,Card,No,2,7.5,0.87,3.5,
T01206,2026-03-10 11:28,Riverside,In store,Card,No,1,4.25,0.0,6.5,
T01207,2026-03-10 11:33,University,Mobile app,App,Yes,1,4.75,0.94,3.4,4
T01208,2026-03-10 11:34,University,In store,Card,No,2,7.25,1.29,3.1,
T01209,2026-03-10 11:40,Downtown,In store,Card,Yes,2,7.75,1.43,4.7,5
T01210,2026-03-10 11:42,University,In store,Card,No,2,6.2,0.86,2.6,
T01211,2026-03-10 11:52,University,In store,Card,Yes,1,4.25,0.71,3.1,
T01212,2026-03-10 12:01,Riverside,In store,Card,Yes,2,7.45,0.0,4.5,
T01213,2026-03-10 12:02,Downtown,In store,Card,No,1,3.0,0.0,6.1,
T01214,2026-03-10 12:05,Downtown,In store,Card,No,1,4.75,0.89,10.0,
T01215,2026-03-10 12:12,Riverside,In store,Card,No,2,7.75,0.0,0.6,4
T01216,2026-03-10 12:14,Riverside,In store,Card,No,1,2.95,0.42,3.7,
T01217,2026-03-10 12:16,University,In store,Card,Yes,1,3.25,0.53,8.6,
T01218,2026-03-10 12:21,University,In store,Card,No,1,4.5,0.53,2.5,
T01219,2026-03-10 12:29,Riverside,In store,Cash,Yes,3,12.5,0.0,1.0,
T01220,2026-03-10 12:33,Downtown,In store,Card,Yes,1,4.5,0.0,4.4,
T01221,2026-03-10 12:41,Riverside,In store,Cash,No,2,7.7,0.0,1.8,
T01222,2026-03-10 12:41,Downtown,In store,Card,Yes,1,2.95,0.0,6.1,4
T01223,2026-03-10 12:48,University,Mobile app,App,Yes,2,9.0,1.29,3.1,
T01224,2026-03-10 12:52,University,In store,Cash,No,3,13.5,0.0,3.1,
T01225,2026-03-10 12:59,University,In store,Card,No,2,7.2,0.0,5.3,
T01226,2026-03-10 12:59,Downtown,In store,Card,Yes,3,11.95,2.36,6.2,
T01227,2026-03-10 13:02,Downtown,In store,Cash,No,1,4.75,0.0,4.0,4
T01228,2026-03-10 13:20,University,Mobile app,App,No,2,9.0,1.5,1.8,
T01229,2026-03-10 13:26,Downtown,Mobile app,App,Yes,1,4.5,0.98,0.7,
T01230,2026-03-10 13:27,Riverside,In store,Cash,No,1,4.75,0.0,1.4,
T01231,2026-03-10 13:28,University,In store,Card,Yes,1,4.25,0.47,1.6,
T01232,2026-03-10 13:38,University,In store,Card,No,1,3.25,0.0,4.5,
T01233,2026-03-10 13:38,Downtown,In store,Card,Yes,1,2.95,0.51,1.9,4
T01234,2026-03-10 13:42,University,In store,Card,No,1,4.5,0.0,3.4,
T01235,2026-03-10 13:48,Downtown,Mobile app,App,Yes,2,9.25,1.28,1.9,5
T01236,2026-03-10 13:51,Downtown,In store,Card,No,1,2.95,0.34,3.4,
T01237,2026-03-10 14:03,Riverside,In store,Card,No,2,7.75,0.0,2.7,
T01238,2026-03-10 14:16,Downtown,Mobile app,App,Yes,2,7.7,1.5,2.1,
T01239,2026-03-10 14:29,University,In store,Card,Yes,2,9.0,0.0,5.0,
T01240,2026-03-10 14:30,University,In store,Card,Yes,1,4.25,0.0,6.2,
T01241,2026-03-10 14:44,University,In store,Card,No,2,7.5,0.0,3.3,
T01242,2026-03-10 14:58,Downtown,In store,Card,No,1,4.5,0.49,2.0,
T01243,2026-03-10 15:16,Downtown,In store,Card,No,1,3.25,0.5,1.6,
T01244,2026-03-10 15:19,Riverside,In store,Card,No,1,4.5,0.57,2.7,
T01245,2026-03-10 15:35,Riverside,In store,Card,Yes,1,4.5,0.47,0.5,5
T01246,2026-03-10 15:37,University,Mobile app,App,Yes,1,4.5,0.58,0.7,4
T01247,2026-03-10 15:43,University,Mobile app,App,No,2,7.5,1.18,0.4,
T01248,2026-03-10 15:44,Downtown,In store,Card,No,4,15.95,1.71,4.6,4
T01249,2026-03-10 15:57,Riverside,In store,Card,No,1,3.0,0.55,2.6,
T01250,2026-03-10 16:12,Riverside,Mobile app,App,No,2,7.7,0.0,2.0,
T01251,2026-03-10 16:51,Downtown,In store,Card,Yes,1,4.75,0.0,2.7,
T01252,2026-03-10 17:16,Riverside,In store,Cash,No,1,3.25,0.0,0.8,
T01253,2026-03-10 17:29,Downtown,Mobile app,App,Yes,2,7.75,1.33,0.4,4
T01254,2026-03-10 17:32,University,In store,Card,No,2,7.45,0.0,1.3,
T01255,2026-03-11 06:02,Riverside,In store,Cash,Yes,1,4.25,0.0,1.2,
T01256,2026-03-11 06:03,Downtown,In store,Card,Yes,2,7.75,0.0,5.3,
T01257,2026-03-11 06:24,University,In store,Card,No,1,4.75,0.0,2.2,
T01258,2026-03-11 06:45,Riverside,In store,Card,No,2,6.25,0.65,2.5,
T01259,2026-03-11 06:46,Downtown,Mobile app,App,Yes,2,7.45,1.11,0.3,
T01260,2026-03-11 07:02,University,In store,Card,No,2,8.0,0.0,4.1,
T01261,2026-03-11 07:04,Downtown,In store,Card,No,1,3.25,0.63,14.9,1
T01262,2026-03-11 07:04,Downtown,Mobile app,App,Yes,3,13.25,1.92,0.6,
T01263,2026-03-11 07:11,Downtown,In store,Card,Yes,2,9.25,1.48,6.4,3
T01264,2026-03-11 07:20,Riverside,In store,Card,Yes,2,7.45,0.0,1.9,
T01265,2026-03-11 07:22,Downtown,In store,Card,Yes,2,6.2,0.97,11.1,
T01266,2026-03-11 07:28,Riverside,In store,Card,No,1,3.25,0.45,8.4,
T01267,2026-03-11 07:28,University,Mobile app,App,No,1,3.25,0.65,1.7,
T01268,2026-03-11 07:36,Downtown,In store,Card,No,1,4.5,0.0,10.2,
T01269,2026-03-11 07:40,Downtown,In store,Card,No,1,4.75,0.91,8.3,
T01270,2026-03-11 07:53,Downtown,Mobile app,App,Yes,1,3.0,0.62,0.3,
T01271,2026-03-11 07:55,Downtown,Mobile app,App,No,3,11.45,2.02,0.8,
T01272,2026-03-11 08:00,University,Mobile app,App,No,2,6.25,1.12,1.0,5
T01273,2026-03-11 08:01,Downtown,In store,Card,No,1,4.25,0.58,3.3,
T01274,2026-03-11 08:03,University,In store,Card,No,1,3.0,0.52,3.3,
T01275,2026-03-11 08:10,Downtown,In store,Cash,No,2,6.25,0.0,15.4,
T01276,2026-03-11 08:13,Downtown,In store,Card,Yes,1,4.5,0.51,24.1,
T01277,2026-03-11 08:16,University,Mobile app,App,Yes,2,8.5,1.76,1.9,
T01278,2026-03-11 08:20,University,In store,Card,No,1,4.5,0.0,6.5,
T01279,2026-03-11 08:21,Downtown,In store,Card,Yes,1,4.5,0.0,17.7,
T01280,2026-03-11 08:24,Riverside,In store,Card,No,1,4.25,0.47,0.3,5
T01281,2026-03-11 08:25,Riverside,In store,Card,No,1,2.95,0.0,5.5,4
T01282,2026-03-11 08:25,Downtown,In store,Card,No,1,3.0,0.53,14.5,
T01283,2026-03-11 08:32,University,In store,Card,No,2,7.45,0.0,5.0,
T01284,2026-03-11 08:34,Downtown,In store,Cash,No,1,4.5,0.0,15.8,2
T01285,2026-03-11 08:34,Downtown,Mobile app,App,Yes,2,7.25,1.59,1.5,
T01286,2026-03-11 08:35,Downtown,Mobile app,App,Yes,3,8.95,1.67,2.1,4
T01287,2026-03-11 08:36,University,Mobile app,App,Yes,1,3.25,0.46,0.9,
T01288,2026-03-11 08:36,Downtown,In store,Card,No,1,2.95,0.0,18.8,
T01289,2026-03-11 08:38,Downtown,In store,Card,No,2,7.5,0.0,16.0,
T01290,2026-03-11 08:39,University,In store,Cash,No,1,4.25,0.0,3.8,
T01291,2026-03-11 08:39,Downtown,In store,Card,No,1,4.75,0.0,4.8,4
T01292,2026-03-11 08:47,Downtown,In store,Card,No,1,4.5,0.0,3.9,
T01293,2026-03-11 08:47,Downtown,In store,Card,No,1,2.95,0.43,9.3,
T01294,2026-03-11 08:54,Downtown,In store,Card,No,2,6.5,0.0,9.9,
T01295,2026-03-11 08:58,Riverside,In store,Card,No,1,3.0,0.0,2.1,4
T01296,2026-03-11 08:59,Downtown,Mobile app,App,Yes,2,6.25,0.81,0.9,5
T01297,2026-03-11 09:02,University,In store,Card,Yes,1,4.25,0.0,6.7,3
T01298,2026-03-11 09:02,University,In store,Card,No,1,4.5,0.0,2.8,
T01299,2026-03-11 09:04,Downtown,Mobile app,App,Yes,1,3.25,0.4,0.3,
T01300,2026-03-11 09:08,University,In store,Card,No,1,2.95,0.42,7.6,
T01301,2026-03-11 09:11,Downtown,In store,Card,No,1,3.25,0.0,9.4,
T01302,2026-03-11 09:24,Riverside,In store,Card,Yes,2,7.75,0.0,3.3,5
T01303,2026-03-11 09:24,Downtown,In store,Cash,No,2,7.25,0.0,13.1,3
T01304,2026-03-11 09:25,University,Mobile app,App,No,1,3.25,0.52,0.6,
T01305,2026-03-11 09:26,Riverside,In store,Card,No,1,4.5,0.0,2.7,4
T01306,2026-03-11 09:36,Downtown,In store,Cash,No,1,4.25,0.0,12.6,
T01307,2026-03-11 09:42,University,In store,Card,No,1,4.25,0.44,7.0,
T01308,2026-03-11 09:43,University,In store,Card,Yes,2,5.95,0.0,5.6,
T01309,2026-03-11 09:44,Downtown,In store,Card,No,3,11.95,0.0,4.1,
T01310,2026-03-11 09:44,University,Mobile app,App,Yes,2,9.0,0.0,3.1,
T01311,2026-03-11 09:44,University,Mobile app,App,Yes,2,8.75,1.67,4.4,4
T01312,2026-03-11 09:47,Downtown,Mobile app,App,Yes,2,6.5,0.0,0.5,5
T01313,2026-03-11 09:47,Downtown,In store,Card,No,2,7.5,1.18,17.0,1
T01314,2026-03-11 09:48,Downtown,In store,Card,No,2,7.5,0.0,2.0,
T01315,2026-03-11 09:57,Downtown,In store,Card,No,1,4.5,0.0,7.1,1
T01316,2026-03-11 10:13,University,In store,Card,No,1,3.0,0.43,2.6,
T01317,2026-03-11 10:14,University,In store,Card,No,1,3.0,0.34,9.0,
T01318,2026-03-11 10:14,University,In store,Voucher,Yes,1,0.0,0.0,8.0,4
T01319,2026-03-11 10:20,University,In store,Cash,Yes,4,15.0,0.0,2.0,
T01320,2026-03-11 10:23,Riverside,In store,Card,No,1,3.0,0.48,2.8,
T01321,2026-03-11 10:25,Riverside,In store,Card,Yes,2,7.2,1.04,5.8,3
T01322,2026-03-11 10:38,University,In store,Card,No,1,4.25,0.56,5.8,
T01323,2026-03-11 10:41,University,Mobile app,App,Yes,3,12.0,0.0,0.5,
T01324,2026-03-11 10:45,Downtown,In store,Card,No,1,3.0,0.0,5.6,
T01325,2026-03-11 10:48,Downtown,Mobile app,App,Yes,3,11.75,0.0,0.7,5
T01326,2026-03-11 10:50,Riverside,In store,Cash,Yes,1,3.0,0.0,1.9,5
T01327,2026-03-11 10:51,Riverside,In store,Card,Yes,1,2.95,0.0,5.1,
T01328,2026-03-11 10:52,Riverside,In store,Card,No,1,4.75,0.61,9.7,
T01329,2026-03-11 10:54,Downtown,In store,Card,No,1,3.25,0.34,10.1,
T01330,2026-03-11 10:54,University,In store,Card,No,1,3.0,0.0,10.8,
T01331,2026-03-11 10:55,University,Mobile app,App,Yes,1,2.95,0.6,0.3,
T01332,2026-03-11 10:57,Downtown,In store,Card,No,2,9.0,1.41,5.1,5
T01333,2026-03-11 10:59,Downtown,In store,Cash,No,3,10.7,0.0,1.5,
T01334,2026-03-11 11:01,Riverside,In store,Cash,Yes,2,9.0,0.0,1.4,5
T01335,2026-03-11 11:03,Riverside,In store,Cash,Yes,1,3.0,0.0,2.1,5
T01336,2026-03-11 11:04,Riverside,In store,Card,Yes,2,8.75,0.93,1.9,
T01337,2026-03-11 11:07,University,In store,Card,Yes,1,4.5,0.0,4.9,
T01338,2026-03-11 11:08,University,Mobile app,App,Yes,1,4.75,1.04,0.7,
T01339,2026-03-11 11:23,Downtown,In store,Card,No,2,9.0,1.57,4.0,
T01340,2026-03-11 11:34,University,In store,Card,No,1,3.25,0.54,2.6,
T01341,2026-03-11 11:44,University,In store,Card,No,1,3.25,0.63,5.9,
T01342,2026-03-11 11:46,University,Mobile app,App,Yes,1,3.0,0.46,3.6,3
T01343,2026-03-11 11:54,Riverside,In store,Card,No,1,2.95,0.39,3.0,5
T01344,2026-03-11 11:55,Downtown,In store,Card,No,2,7.45,1.24,9.2,3
T01345,2026-03-11 12:00,Downtown,In store,Card,No,1,3.25,0.65,6.4,4
T01346,2026-03-11 12:01,University,Mobile app,App,Yes,1,3.0,0.45,2.6,5
T01347,2026-03-11 12:04,Riverside,In store,Card,Yes,3,11.0,0.0,0.8,
T01348,2026-03-11 12:08,Downtown,In store,Card,No,1,3.0,0.0,16.0,
T01349,2026-03-11 12:09,Downtown,In store,Card,No,2,8.5,1.34,11.3,1
T01350,2026-03-11 12:15,Downtown,In store,Card,Yes,4,15.0,1.58,7.7,
T01351,2026-03-11 12:15,University,In store,Cash,Yes,4,15.45,0.0,9.1,1
T01352,2026-03-11 12:15,Downtown,In store,Card,No,3,10.45,0.0,4.5,
T01353,2026-03-11 12:17,Downtown,In store,Card,Yes,2,8.75,0.0,3.4,
T01354,2026-03-11 12:21,University,Mobile app,Voucher,Yes,1,0.0,0.0,1.7,5
T01355,2026-03-11 12:21,Riverside,In store,Card,Yes,2,9.0,1.53,3.1,4
T01356,2026-03-11 12:22,Riverside,In store,Card,Yes,3,10.5,0.0,3.8,
T01357,2026-03-11 12:32,University,Mobile app,App,No,2,8.5,1.18,0.9,
T01358,2026-03-11 12:34,Riverside,In store,Card,No,1,3.0,0.55,2.1,
T01359,2026-03-11 12:44,Downtown,In store,Card,No,1,4.5,0.0,1.5,
T01360,2026-03-11 12:46,Riverside,In store,Card,No,1,4.25,0.63,5.1,
T01361,2026-03-11 12:47,University,In store,Card,No,1,3.0,0.0,7.2,
T01362,2026-03-11 12:55,Riverside,In store,Card,No,4,16.5,3.29,11.8,4
T01363,2026-03-11 13:09,Downtown,Mobile app,App,Yes,3,8.9,0.0,1.2,
T01364,2026-03-11 13:13,Downtown,In store,Card,No,1,4.5,0.0,6.9,3
T01365,2026-03-11 13:14,Downtown,In store,Card,No,1,2.95,0.41,6.2,
T01366,2026-03-11 13:15,Downtown,In store,Card,No,2,9.0,1.63,4.1,
T01367,2026-03-11 13:17,University,In store,Cash,No,1,4.5,0.0,4.5,
T01368,2026-03-11 13:25,Downtown,In store,Card,No,1,4.75,0.78,3.0,
T01369,2026-03-11 13:38,Downtown,Mobile app,App,Yes,2,7.45,0.98,1.2,4
T01370,2026-03-11 13:39,Riverside,In store,Card,No,2,9.0,0.94,5.4,4
T01371,2026-03-11 13:40,Riverside,In store,Card,No,4,16.5,2.54,2.7,4
T01372,2026-03-11 13:40,Riverside,Mobile app,App,Yes,1,4.5,0.0,2.8,
T01373,2026-03-11 13:43,University,In store,Card,No,1,4.5,0.0,7.7,
T01374,2026-03-11 13:45,Riverside,In store,Voucher,Yes,1,0.0,0.0,6.4,3
T01375,2026-03-11 13:47,Downtown,Mobile app,App,Yes,4,15.0,0.0,1.4,
T01376,2026-03-11 13:55,Downtown,In store,Card,Yes,2,7.5,0.0,3.9,
T01377,2026-03-11 13:57,Riverside,In store,Card,No,1,3.0,0.0,3.6,2
T01378,2026-03-11 13:57,Downtown,In store,Card,No,1,3.25,0.58,6.9,
T01379,2026-03-11 13:57,Downtown,In store,Card,No,1,4.5,0.74,10.4,
T01380,2026-03-11 13:57,Downtown,Mobile app,App,Yes,2,7.25,1.25,3.0,
T01381,2026-03-11 14:03,University,Mobile app,App,Yes,1,4.5,0.72,0.9,
T01382,2026-03-11 14:05,Downtown,In store,Card,No,1,3.0,0.0,5.0,
T01383,2026-03-11 14:06,University,Mobile app,App,Yes,2,7.2,0.0,1.2,
T01384,2026-03-11 14:06,Riverside,In store,Cash,Yes,3,12.45,0.0,1.9,5
T01385,2026-03-11 14:08,University,Mobile app,App,No,2,7.2,1.42,1.3,
T01386,2026-03-11 14:08,University,Mobile app,App,Yes,2,6.25,1.31,0.4,
T01387,2026-03-11 14:19,Downtown,Mobile app,App,Yes,3,10.75,1.8,1.6,
T01388,2026-03-11 14:23,Riverside,In store,Cash,No,1,4.5,0.0,2.2,
T01389,2026-03-11 14:27,Downtown,In store,Card,No,2,7.5,1.13,4.0,
T01390,2026-03-11 14:28,University,In store,Card,Yes,1,4.5,0.59,6.5,
T01391,2026-03-11 14:31,University,In store,Cash,Yes,4,15.25,0.0,0.3,4
T01392,2026-03-11 14:37,University,In store,Card,Yes,2,6.25,0.94,4.6,
T01393,2026-03-11 14:42,University,In store,Card,No,1,2.95,0.43,6.9,
T01394,2026-03-11 14:43,Downtown,In store,Card,No,1,2.95,0.57,2.7,
T01395,2026-03-11 14:45,Riverside,Mobile app,App,No,1,4.75,0.0,1.5,
T01396,2026-03-11 14:53,Downtown,Mobile app,App,No,1,4.5,0.91,0.3,
T01397,2026-03-11 14:59,University,In store,Card,No,2,8.75,1.1,6.3,
T01398,2026-03-11 15:11,University,Mobile app,App,Yes,4,17.0,3.01,0.9,4
T01399,2026-03-11 15:15,University,In store,Card,Yes,3,10.45,0.0,2.1,5
T01400,2026-03-11 15:25,University,In store,Card,No,1,4.75,0.48,3.6,3
T01401,2026-03-11 15:27,University,In store,Cash,No,1,4.5,0.0,8.1,
T01402,2026-03-11 15:36,University,In store,Card,Yes,1,4.5,0.0,0.9,
T01403,2026-03-11 15:40,Riverside,In store,Card,No,3,10.45,1.44,2.8,
T01404,2026-03-11 15:44,Downtown,In store,Card,No,1,4.5,0.55,2.2,
T01405,2026-03-11 15:46,University,In store,Card,No,1,3.0,0.0,12.5,4
T01406,2026-03-11 15:56,University,In store,Card,No,1,2.95,0.43,4.8,5
T01407,2026-03-11 16:26,University,Mobile app,App,Yes,2,5.95,0.99,1.3,
T01408,2026-03-11 16:27,Downtown,In store,Card,Yes,2,8.5,1.08,1.0,
T01409,2026-03-11 16:31,Riverside,In store,Card,No,1,4.5,0.0,1.4,
T01410,2026-03-11 16:44,Downtown,In store,Card,No,1,3.25,0.47,4.9,
T01411,2026-03-11 16:57,University,In store,Card,Yes,1,3.25,0.0,4.2,4
T01412,2026-03-11 17:24,Riverside,In store,Cash,No,1,3.0,0.0,2.5,4
T01413,2026-03-11 17:24,University,Mobile app,App,No,2,6.2,0.9,4.9,4
T01414,2026-03-11 17:38,University,In store,Card,Yes,1,4.5,0.72,1.6,
T01415,2026-03-11 17:40,University,In store,Card,No,2,8.0,0.0,2.6,
T01416,2026-03-11 17:54,Downtown,In store,Card,No,1,3.25,0.46,6.6,
T01417,2026-03-12 06:33,Downtown,In store,Card,No,2,8.75,1.15,2.4,
T01418,2026-03-12 06:38,Downtown,Mobile app,App,No,2,7.5,1.08,2.3,
T01419,2026-03-12 06:43,Downtown,In store,Cash,No,1,3.0,0.0,0.7,
T01420,2026-03-12 07:00,Riverside,In store,Card,No,1,3.25,0.0,4.5,
T01421,2026-03-12 07:03,Downtown,In store,Card,Yes,2,7.75,0.84,1.8,
T01422,2026-03-12 07:05,Downtown,In store,Cash,Yes,2,5.95,0.0,9.1,3
T01423,2026-03-12 07:06,Riverside,In store,Card,No,2,7.5,1.2,9.0,
T01424,2026-03-12 07:10,Downtown,In store,Card,No,2,9.0,0.93,11.0,
T01425,2026-03-12 07:12,University,Mobile app,App,Yes,1,4.75,0.84,3.2,
T01426,2026-03-12 07:13,Riverside,In store,Cash,Yes,2,7.75,0.0,2.3,
T01427,2026-03-12 07:15,Downtown,Mobile app,App,No,1,4.75,1.01,4.4,
T01428,2026-03-12 07:21,Downtown,In store,Card,No,1,4.75,0.82,6.1,
T01429,2026-03-12 07:28,Downtown,In store,Card,No,1,2.95,0.0,1.9,
T01430,2026-03-12 07:33,Downtown,In store,Cash,No,2,8.75,0.0,9.2,
T01431,2026-03-12 07:36,Downtown,In store,Card,No,1,4.25,0.0,5.7,
T01432,2026-03-12 07:37,Downtown,In store,Card,No,1,4.25,0.53,7.7,
T01433,2026-03-12 07:40,Downtown,In store,Card,No,1,4.5,0.74,12.8,
T01434,2026-03-12 07:57,University,Mobile app,App,Yes,1,3.25,0.5,1.3,
T01435,2026-03-12 08:03,Downtown,Mobile app,App,No,1,3.25,0.68,0.3,
T01436,2026-03-12 08:05,Downtown,In store,Card,Yes,3,13.25,2.15,16.5,2
T01437,2026-03-12 08:05,University,Mobile app,App,No,3,10.45,0.0,3.9,
T01438,2026-03-12 08:06,Riverside,In store,Card,No,2,7.7,0.92,3.8,
T01439,2026-03-12 08:07,Downtown,In store,Cash,No,1,3.25,0.0,14.8,
T01440,2026-03-12 08:08,Riverside,Mobile app,App,Yes,3,11.95,2.27,1.8,
T01441,2026-03-12 08:08,Downtown,In store,Card,No,1,4.5,0.0,14.0,
T01442,2026-03-12 08:13,Downtown,In store,Card,Yes,1,4.5,0.0,15.5,2
T01443,2026-03-12 08:13,Downtown,In store,Card,No,2,8.5,1.25,7.0,
T01444,2026-03-12 08:15,Riverside,In store,Cash,No,3,12.0,0.0,5.5,
T01445,2026-03-12 08:17,Riverside,In store,Card,Yes,1,4.75,0.0,3.6,
T01446,2026-03-12 08:18,University,In store,Card,Yes,1,2.95,0.0,6.5,4
T01447,2026-03-12 08:27,Riverside,In store,Card,No,1,4.75,0.89,9.6,
T01448,2026-03-12 08:31,Downtown,In store,Cash,No,1,4.5,0.0,2.1,
T01449,2026-03-12 08:31,Downtown,In store,Card,Yes,1,4.5,0.54,5.9,2
T01450,2026-03-12 08:32,Downtown,In store,Card,Yes,3,13.0,0.0,16.3,1
T01451,2026-03-12 08:34,University,Mobile app,App,Yes,2,6.25,0.0,1.4,
T01452,2026-03-12 08:35,Downtown,In store,Card,No,1,4.25,0.0,6.1,
T01453,2026-03-12 08:40,Downtown,In store,Card,Yes,3,10.2,0.0,23.3,
T01454,2026-03-12 08:44,University,In store,Card,No,2,7.25,0.0,2.2,3
T01455,2026-03-12 08:49,Downtown,In store,Cash,No,4,16.75,0.0,8.9,
T01456,2026-03-12 08:49,University,Mobile app,App,Yes,2,7.2,0.0,0.3,
T01457,2026-03-12 08:51,University,In store,Card,Yes,3,10.7,1.89,5.2,
T01458,2026-03-12 08:55,Riverside,In store,Card,No,2,9.25,0.0,1.3,
T01459,2026-03-12 08:56,Downtown,In store,Card,No,1,4.75,0.84,23.2,1
T01460,2026-03-12 09:06,Downtown,In store,Card,Yes,2,7.7,0.0,17.0,2
T01461,2026-03-12 09:12,University,Mobile app,App,Yes,1,4.25,0.0,5.1,
T01462,2026-03-12 09:14,University,In store,Card,No,1,4.25,0.0,8.0,
T01463,2026-03-12 09:14,Downtown,In store,Card,No,2,7.45,0.0,3.4,
T01464,2026-03-12 09:17,University,In store,Card,No,2,9.0,0.0,5.3,
T01465,2026-03-12 09:17,Downtown,Mobile app,App,Yes,1,4.25,0.68,3.4,4
T01466,2026-03-12 09:19,Riverside,In store,Cash,No,2,8.75,0.0,1.5,
T01467,2026-03-12 09:26,Downtown,In store,Card,Yes,1,4.5,0.65,12.1,
T01468,2026-03-12 09:39,Downtown,Mobile app,App,Yes,4,15.25,2.24,0.6,
T01469,2026-03-12 09:42,University,In store,Cash,No,1,4.25,0.0,9.7,3
T01470,2026-03-12 09:42,University,In store,Card,No,1,4.25,0.66,9.5,3
T01471,2026-03-12 09:43,University,In store,Card,No,2,5.95,0.84,5.2,
T01472,2026-03-12 09:43,Riverside,In store,Card,Yes,3,12.0,0.0,5.5,
T01473,2026-03-12 09:45,Riverside,In store,Cash,No,1,3.0,0.0,1.9,4
T01474,2026-03-12 09:48,Downtown,In store,Card,Yes,2,9.25,1.34,20.2,1
T01475,2026-03-12 09:50,Riverside,In store,Cash,Yes,3,13.25,0.0,4.6,
T01476,2026-03-12 09:51,Riverside,Mobile app,App,Yes,3,10.45,1.87,1.9,
T01477,2026-03-12 09:53,University,Mobile app,App,Yes,3,9.2,1.46,0.9,
T01478,2026-03-12 09:53,Downtown,In store,Card,No,2,7.75,1.21,11.9,
T01479,2026-03-12 09:54,Downtown,Mobile app,App,Yes,1,3.0,0.54,1.8,5
T01480,2026-03-12 09:55,Downtown,In store,Card,Yes,30,110.75,0.0,18.4,
T01481,2026-03-12 09:56,Downtown,In store,Card,No,1,4.5,0.54,8.2,
T01482,2026-03-12 09:58,Downtown,In store,Card,No,17,66.85,0.0,37.6,
T01483,2026-03-12 09:59,Downtown,In store,Cash,Yes,1,4.75,0.0,9.6,
T01484,2026-03-12 10:01,University,Mobile app,App,No,3,11.0,0.0,1.2,
T01485,2026-03-12 10:03,Downtown,In store,Card,Yes,1,4.75,0.81,4.4,
T01486,2026-03-12 10:04,Downtown,In store,Card,Yes,2,9.0,0.0,5.7,4
T01487,2026-03-12 10:06,University,In store,Card,No,1,3.0,0.0,1.5,4
T01488,2026-03-12 10:06,University,In store,Card,No,2,7.7,1.41,1.2,
T01489,2026-03-12 10:09,Riverside,In store,Card,No,2,7.5,1.25,6.8,
T01490,2026-03-12 10:12,University,Mobile app,App,Yes,2,9.0,1.65,2.0,
T01491,2026-03-12 10:14,Riverside,Mobile app,App,No,1,2.95,0.45,4.2,
T01492,2026-03-12 10:24,University,Mobile app,App,No,2,7.5,0.0,3.1,
T01493,2026-03-12 10:25,Downtown,In store,Card,No,2,8.5,0.0,1.6,5
T01494,2026-03-12 10:40,University,In store,Card,No,1,4.5,0.54,1.9,5
T01495,2026-03-12 10:41,Downtown,In store,Card,No,1,4.5,0.49,2.2,
T01496,2026-03-12 10:42,Riverside,In store,Card,No,1,3.25,0.48,5.1,2
T01497,2026-03-12 10:43,Downtown,In store,Card,Yes,28,106.9,12.39,15.3,2
T01498,2026-03-12 10:46,Downtown,In store,Cash,Yes,2,7.5,0.0,9.2,
T01499,2026-03-12 10:46,University,In store,Card,No,1,4.5,0.0,1.7,3
T01500,2026-03-12 10:47,Downtown,In store,Card,No,2,7.5,0.0,3.5,
T01501,2026-03-12 11:09,Riverside,In store,Cash,No,1,3.0,0.0,1.3,
T01502,2026-03-12 11:10,Riverside,In store,Card,No,2,7.25,1.06,8.3,
T01503,2026-03-12 11:11,Downtown,In store,Card,Yes,4,16.75,2.17,4.9,
T01504,2026-03-12 11:14,University,In store,Card,No,3,11.45,0.0,4.3,4
T01505,2026-03-12 11:18,Riverside,In store,Card,No,2,9.25,0.0,2.0,
T01506,2026-03-12 11:19,University,In store,Card,No,1,4.75,0.0,1.7,
T01507,2026-03-12 11:21,University,In store,Card,No,1,4.75,0.0,13.4,
T01508,2026-03-12 11:41,Riverside,In store,Cash,Yes,1,3.0,0.0,8.6,2
T01509,2026-03-12 11:42,Riverside,In store,Card,No,1,3.0,0.44,2.4,
T01510,2026-03-12 11:57,Downtown,Mobile app,App,Yes,2,6.2,0.98,2.1,
T01511,2026-03-12 11:57,Downtown,In store,Card,No,3,12.25,0.0,6.0,
T01512,2026-03-12 11:58,Riverside,In store,Cash,No,2,7.75,0.0,3.3,
T01513,2026-03-12 11:58,Downtown,In store,Card,Yes,2,9.25,1.36,5.2,
T01514,2026-03-12 12:01,University,Mobile app,App,Yes,3,11.75,2.41,2.0,4
T01515,2026-03-12 12:09,Downtown,In store,Card,Yes,1,3.25,0.34,3.6,5
T01516,2026-03-12 12:11,Downtown,In store,Card,No,3,12.75,0.0,13.2,
T01517,2026-03-12 12:14,University,In store,Cash,Yes,2,6.5,0.0,7.8,
T01518,2026-03-12 12:14,Downtown,In store,Card,No,2,5.9,1.1,17.5,1
T01519,2026-03-12 12:14,Downtown,In store,Card,No,2,7.45,0.0,10.8,
T01520,2026-03-12 12:16,University,Mobile app,App,Yes,1,2.95,0.38,3.1,
T01521,2026-03-12 12:20,Riverside,In store,Card,Yes,1,4.5,0.0,0.4,
T01522,2026-03-12 12:32,Downtown,In store,Card,No,1,3.0,0.52,11.4,
T01523,2026-03-12 12:37,University,In store,Cash,No,1,3.0,0.0,5.3,2
T01524,2026-03-12 12:37,Riverside,In store,Card,No,2,7.75,1.43,3.0,
T01525,2026-03-12 12:44,Downtown,Mobile app,App,No,1,3.25,0.52,0.7,
T01526,2026-03-12 12:47,Riverside,In store,Card,No,1,3.25,0.0,7.3,
T01527,2026-03-12 12:49,Downtown,In store,Card,No,2,9.0,0.0,8.8,
T01528,2026-03-12 12:59,University,Mobile app,App,Yes,1,4.5,0.9,2.1,
T01529,2026-03-12 13:01,University,In store,Card,No,3,10.45,1.92,7.3,
T01530,2026-03-12 13:09,University,In store,Cash,No,1,4.5,0.0,10.5,
T01531,2026-03-12 13:13,Downtown,In store,Cash,No,1,4.5,0.0,8.5,
T01532,2026-03-12 13:13,Riverside,In store,Card,No,2,7.5,1.38,7.6,
T01533,2026-03-12 13:20,Downtown,In store,Card,Yes,2,9.0,1.5,4.6,4
T01534,2026-03-12 13:23,University,Mobile app,App,Yes,4,16.5,2.05,1.5,
T01535,2026-03-12 13:23,Riverside,In store,Card,No,1,3.25,0.58,1.7,
T01536,2026-03-12 13:25,University,Mobile app,App,Yes,1,2.95,0.0,0.8,5
T01537,2026-03-12 13:30,Downtown,Mobile app,App,Yes,2,9.25,0.0,0.8,5
T01538,2026-03-12 13:34,Downtown,Mobile app,App,No,1,4.25,0.66,0.8,
T01539,2026-03-12 13:39,Downtown,Mobile app,App,Yes,2,7.2,1.57,0.5,5
T01540,2026-03-12 13:40,Riverside,In store,Voucher,Yes,1,0.0,0.0,5.6,3
T01541,2026-03-12 13:41,University,Mobile app,App,Yes,2,6.25,0.91,0.5,3
T01542,2026-03-12 13:52,Downtown,In store,Card,No,1,3.25,0.0,1.7,4
T01543,2026-03-12 13:53,Riverside,In store,Cash,Yes,5,19.25,0.0,0.8,
T01544,2026-03-12 14:03,Riverside,In store,Card,No,2,7.45,0.0,3.7,
T01545,2026-03-12 14:05,Downtown,In store,Card,No,1,4.5,0.46,3.0,
T01546,2026-03-12 14:07,Downtown,Mobile app,App,Yes,1,3.25,0.4,0.5,
T01547,2026-03-12 14:10,University,Mobile app,App,Yes,2,7.5,1.58,2.4,5
T01548,2026-03-12 14:12,University,In store,Card,No,1,4.25,0.56,2.6,
T01549,2026-03-12 14:12,University,In store,Card,Yes,2,8.75,0.0,4.1,3
T01550,2026-03-12 14:14,Downtown,In store,Card,Yes,3,10.7,0.0,3.4,5
T01551,2026-03-12 14:18,Riverside,Mobile app,App,Yes,2,9.0,1.21,1.5,
T01552,2026-03-12 14:20,Downtown,In store,Card,No,1,4.75,0.8,3.9,3
T01553,2026-03-12 14:41,Riverside,In store,Card,No,1,3.25,0.59,2.0,
T01554,2026-03-12 14:48,Riverside,In store,Card,No,1,3.25,0.5,1.8,5
T01555,2026-03-12 15:03,University,In store,Card,No,1,3.25,0.61,1.2,
T01556,2026-03-12 15:16,University,In store,Card,No,1,4.5,0.0,2.9,5
T01557,2026-03-12 15:26,Riverside,In store,Voucher,Yes,1,0.0,0.0,3.9,
T01558,2026-03-12 15:28,University,Mobile app,App,No,1,4.5,0.58,1.4,
T01559,2026-03-12 16:04,Downtown,In store,Card,No,4,14.75,1.52,2.3,5
T01560,2026-03-12 16:16,Downtown,In store,Card,Yes,2,6.0,0.66,3.3,5
T01561,2026-03-12 16:34,University,Mobile app,App,Yes,6,21.7,3.38,3.6,4
T01562,2026-03-12 16:49,Downtown,In store,Cash,No,1,2.95,0.0,2.2,
T01563,2026-03-12 16:49,University,Mobile app,App,Yes,2,7.5,1.39,1.5,4
T01564,2026-03-12 16:50,Riverside,In store,Card,No,1,4.5,0.71,2.8,
T01565,2026-03-12 17:02,Riverside,Mobile app,Voucher,Yes,1,0.0,0.0,1.4,5
T01566,2026-03-12 17:11,Riverside,In store,Card,No,1,4.5,0.0,2.2,
T01567,2026-03-12 17:17,Downtown,In store,Cash,No,2,5.95,0.0,5.7,
T01568,2026-03-12 17:26,University,In store,Card,Yes,2,8.5,0.0,1.2,5
T01569,2026-03-12 17:30,Downtown,In store,Card,No,1,4.25,0.0,6.3,
T01570,2026-03-12 17:53,Downtown,Mobile app,App,Yes,1,4.25,0.93,1.7,
T01571,2026-03-12 17:58,Riverside,In store,Card,No,2,8.75,1.12,4.8,2
T01572,2026-03-13 06:53,Downtown,Mobile app,App,No,1,2.95,0.0,1.4,
T01573,2026-03-13 07:00,Riverside,In store,Card,No,1,4.75,0.0,2.4,
T01574,2026-03-13 07:06,University,In store,Card,No,2,7.45,0.82,2.1,
T01575,2026-03-13 07:15,Downtown,Mobile app,App,Yes,3,11.25,0.0,1.0,5
T01576,2026-03-13 07:23,Downtown,In store,Card,No,1,4.25,0.8,2.3,
T01577,2026-03-13 07:32,Riverside,In store,Card,No,1,3.25,0.35,2.5,
T01578,2026-03-13 07:48,Downtown,In store,Card,Yes,2,7.75,1.07,7.7,
T01579,2026-03-13 07:57,Downtown,In store,Card,Yes,2,7.7,0.0,4.7,4
T01580,2026-03-13 08:00,Downtown,In store,Card,No,1,4.5,0.0,8.9,
T01581,2026-03-13 08:01,Downtown,In store,Card,Yes,1,3.0,0.45,12.7,
T01582,2026-03-13 08:05,Downtown,In store,Card,No,1,4.25,0.0,8.0,
T01583,2026-03-13 08:07,University,In store,Card,Yes,3,12.0,1.7,1.9,
T01584,2026-03-13 08:07,University,In store,Card,Yes,2,6.25,0.0,7.1,
T01585,2026-03-13 08:08,Downtown,In store,Card,No,2,5.95,0.76,10.3,4
T01586,2026-03-13 08:10,University,In store,Card,No,1,3.0,0.47,2.2,
T01587,2026-03-13 08:14,Downtown,In store,Card,Yes,3,10.5,0.0,8.6,4
T01588,2026-03-13 08:15,Downtown,In store,Cash,No,1,3.0,0.0,24.0,1
T01589,2026-03-13 08:17,Downtown,In store,Card,Yes,2,8.75,1.41,10.2,
T01590,2026-03-13 08:20,Downtown,In store,Card,No,1,3.0,0.37,11.1,
T01591,2026-03-13 08:26,University,Mobile app,App,Yes,2,9.25,1.69,2.4,
T01592,2026-03-13 08:35,Downtown,In store,Card,No,1,2.95,0.51,11.1,
T01593,2026-03-13 08:39,Downtown,Mobile app,App,Yes,2,7.25,1.08,2.8,5
T01594,2026-03-13 08:41,University,Mobile app,App,Yes,1,4.75,0.0,2.1,5
T01595,2026-03-13 08:47,Downtown,In store,Card,No,1,3.25,0.0,16.4,
T01596,2026-03-13 08:50,Downtown,In store,Card,Yes,1,4.75,0.92,11.8,3
T01597,2026-03-13 08:59,Downtown,Mobile app,App,Yes,3,10.75,1.4,4.2,
T01598,2026-03-13 09:00,University,In store,Card,No,4,17.5,0.0,6.1,
T01599,2026-03-13 09:02,Riverside,In store,Card,No,1,4.5,0.0,7.7,
T01600,2026-03-13 09:03,Downtown,Mobile app,App,Yes,2,7.2,1.21,1.8,5
T01601,2026-03-13 09:10,University,In store,Card,Yes,2,9.0,0.0,5.2,3
T01602,2026-03-13 09:14,Riverside,In store,Cash,No,1,4.25,0.0,5.5,
T01603,2026-03-13 09:32,Downtown,In store,Card,No,1,3.25,0.0,2.3,
T01604,2026-03-13 09:32,Downtown,In store,Card,No,2,7.75,1.42,8.1,
T01605,2026-03-13 09:33,Riverside,In store,Cash,Yes,4,15.25,0.0,0.9,3
T01606,2026-03-13 09:36,Riverside,Mobile app,App,Yes,4,15.45,2.5,0.6,
T01607,2026-03-13 09:38,Riverside,In store,Card,Yes,3,12.0,1.87,4.4,4
T01608,2026-03-13 09:41,Downtown,In store,Card,No,3,11.0,0.0,7.9,
T01609,2026-03-13 09:47,Downtown,Mobile app,App,Yes,2,6.25,1.01,2.7,
T01610,2026-03-13 09:59,Downtown,In store,Card,Yes,1,3.25,0.5,4.0,5
T01611,2026-03-13 09:59,University,Mobile app,App,Yes,2,9.25,1.97,1.4,5
T01612,2026-03-13 10:05,University,In store,Card,No,1,4.5,0.49,11.8,
T01613,2026-03-13 10:07,University,Mobile app,App,Yes,2,6.2,1.1,0.6,
T01614,2026-03-13 10:11,Riverside,In store,Card,Yes,1,3.25,0.51,3.5,
T01615,2026-03-13 10:12,Downtown,In store,Card,No,1,4.5,0.0,1.9,
T01616,2026-03-13 10:15,University,In store,Card,Yes,3,10.45,1.21,1.9,5
T01617,2026-03-13 10:15,Downtown,Mobile app,App,No,1,3.0,0.0,0.8,
T01618,2026-03-13 10:20,University,Mobile app,App,Yes,3,12.5,2.07,1.3,5
T01619,2026-03-13 10:20,University,In store,Card,No,1,4.5,0.87,4.0,
T01620,2026-03-13 10:25,University,In store,Card,No,2,7.75,1.48,3.0,
T01621,2026-03-13 10:29,Riverside,In store,Card,Yes,2,8.75,0.0,2.4,
T01622,2026-03-13 10:36,Riverside,In store,Card,Yes,1,3.25,0.0,3.2,
T01623,2026-03-13 10:44,Downtown,Mobile app,App,Yes,2,8.75,0.0,0.3,5
T01624,2026-03-13 10:45,Downtown,Mobile app,App,Yes,1,4.25,0.53,0.3,
T01625,2026-03-13 10:45,Downtown,In store,Card,Yes,1,3.25,0.0,5.0,4
T01626,2026-03-13 10:49,University,Mobile app,App,Yes,2,8.75,1.81,1.1,5
T01627,2026-03-13 10:55,Downtown,In store,Card,No,3,11.0,1.68,2.6,
T01628,2026-03-13 10:56,University,Mobile app,App,Yes,1,4.75,0.0,1.2,5
T01629,2026-03-13 10:56,Downtown,In store,Card,Yes,2,6.2,0.0,7.9,
T01630,2026-03-13 11:02,University,Mobile app,App,Yes,1,4.5,0.61,0.4,
T01631,2026-03-13 11:24,Riverside,In store,Cash,Yes,2,9.0,0.0,2.6,5
T01632,2026-03-13 11:25,Riverside,In store,Card,No,1,4.75,0.0,3.7,
T01633,2026-03-13 11:37,Downtown,Mobile app,App,No,1,4.25,0.87,2.8,
T01634,2026-03-13 11:38,Riverside,In store,Card,No,3,12.0,2.07,7.2,
T01635,2026-03-13 11:49,Riverside,In store,Cash,Yes,3,11.7,0.0,5.7,
T01636,2026-03-13 11:53,Downtown,In store,Card,No,2,9.0,1.28,3.7,
T01637,2026-03-13 11:55,University,Mobile app,App,Yes,2,8.5,1.03,2.8,
T01638,2026-03-13 11:55,University,In store,Card,Yes,2,7.5,0.97,2.1,
T01639,2026-03-13 12:01,Riverside,In store,Cash,No,2,7.75,0.0,6.2,
T01640,2026-03-13 12:05,Riverside,In store,Card,No,2,8.75,0.0,1.9,
T01641,2026-03-13 12:15,Riverside,In store,Card,No,1,2.95,0.37,3.4,
T01642,2026-03-13 12:18,Riverside,In store,Card,No,2,9.0,1.32,3.7,
T01643,2026-03-13 12:25,Riverside,In store,Cash,No,2,9.0,0.0,1.8,
T01644,2026-03-13 12:36,Downtown,Mobile app,App,Yes,3,10.75,1.9,3.1,
T01645,2026-03-13 12:38,Downtown,In store,Card,No,2,9.25,0.0,7.2,
T01646,2026-03-13 12:41,Downtown,In store,Card,No,2,9.0,1.56,5.2,4
T01647,2026-03-13 12:52,Downtown,In store,Card,No,1,4.5,0.0,1.6,5
T01648,2026-03-13 13:00,Downtown,In store,Card,Yes,1,4.25,0.63,4.5,
T01649,2026-03-13 13:08,Downtown,In store,Card,No,2,8.75,0.0,7.9,
T01650,2026-03-13 13:10,Downtown,Mobile app,App,Yes,4,17.5,2.49,0.6,
T01651,2026-03-13 13:17,Downtown,Mobile app,App,Yes,2,9.0,0.0,2.1,4
T01652,2026-03-13 13:28,Downtown,In store,Card,Yes,3,11.5,0.0,6.0,4
T01653,2026-03-13 13:29,University,In store,Card,Yes,1,4.75,0.92,5.5,
T01654,2026-03-13 13:29,University,Mobile app,App,Yes,1,3.0,0.49,0.5,
T01655,2026-03-13 13:30,University,In store,Cash,No,2,6.2,0.0,4.0,
T01656,2026-03-13 13:35,Riverside,In store,Card,No,1,3.0,0.51,1.3,4
T01657,2026-03-13 13:38,Downtown,In store,Card,No,1,2.95,0.37,6.7,
T01658,2026-03-13 13:40,Downtown,In store,Card,No,1,4.25,0.0,11.0,
T01659,2026-03-13 14:01,Downtown,In store,Card,No,3,11.5,1.15,5.7,5
T01660,2026-03-13 14:07,Riverside,In store,Cash,Yes,2,8.5,0.0,3.6,
T01661,2026-03-13 14:13,University,Mobile app,App,Yes,3,12.5,1.76,0.5,
T01662,2026-03-13 14:17,Riverside,In store,Card,No,2,8.75,0.0,1.8,4
T01663,2026-03-13 14:17,Riverside,In store,Card,Yes,3,13.25,2.57,3.0,3
T01664,2026-03-13 14:23,University,In store,Card,No,2,7.5,1.13,2.0,3
T01665,2026-03-13 14:30,University,In store,Card,No,1,4.25,0.0,6.1,
T01666,2026-03-13 14:44,Riverside,In store,Card,No,2,9.25,0.0,2.2,3
T01667,2026-03-13 14:45,Downtown,Mobile app,App,Yes,1,2.95,0.0,2.3,5
T01668,2026-03-13 14:53,Riverside,In store,Card,No,1,3.0,0.0,2.4,
T01669,2026-03-13 15:01,Riverside,In store,Card,No,2,5.95,0.0,1.4,
T01670,2026-03-13 15:12,University,In store,Card,No,1,2.95,0.0,3.6,
T01671,2026-03-13 15:24,University,Mobile app,App,Yes,3,9.15,1.31,2.2,4
T01672,2026-03-13 15:27,Riverside,In store,Card,No,2,9.25,1.75,1.2,
T01673,2026-03-13 15:32,University,In store,Card,No,1,3.25,0.0,2.6,4
T01674,2026-03-13 15:58,University,In store,Card,No,1,4.5,0.0,4.0,
T01675,2026-03-13 16:07,University,Mobile app,App,Yes,1,4.75,0.0,2.7,5
T01676,2026-03-13 16:25,Downtown,In store,Card,Yes,2,7.75,1.51,1.7,3
T01677,2026-03-13 17:20,Downtown,In store,Card,No,1,4.25,0.6,4.0,
T01678,2026-03-13 17:26,Riverside,Mobile app,App,Yes,1,2.95,0.59,1.1,
T01679,2026-03-13 17:50,University,In store,Card,No,1,2.95,0.41,5.3,
T01680,2026-03-13 17:55,Downtown,Mobile app,App,Yes,1,2.95,0.0,2.3,5
T01681,2026-03-14 06:31,Downtown,In store,Card,No,1,3.25,0.0,1.1,5
T01682,2026-03-14 06:32,Riverside,In store,Card,No,2,7.5,0.98,0.4,
T01683,2026-03-14 07:56,Downtown,Mobile app,App,Yes,3,10.7,1.78,4.4,
T01684,2026-03-14 08:00,Downtown,In store,Card,Yes,2,9.0,1.23,3.2,4
T01685,2026-03-14 08:03,Riverside,In store,Card,No,1,4.75,0.0,3.7,
T01686,2026-03-14 08:10,University,In store,Card,No,1,4.25,0.81,0.8,
T01687,2026-03-14 08:13,Riverside,In store,Card,No,1,3.0,0.52,1.5,
T01688,2026-03-14 08:14,University,In store,Card,Yes,2,7.25,1.18,4.3,
T01689,2026-03-14 08:30,Riverside,In store,Card,Yes,2,6.2,0.9,8.4,3
T01690,2026-03-14 08:39,University,In store,Card,No,2,7.75,0.0,3.9,
T01691,2026-03-14 08:59,University,In store,Card,Yes,2,7.5,1.05,0.9,
T01692,2026-03-14 09:01,University,In store,Card,No,1,2.95,0.56,1.1,
T01693,2026-03-14 09:02,Downtown,In store,Card,Yes,5,18.15,2.98,4.5,5
T01694,2026-03-14 09:02,Downtown,In store,Card,No,2,7.75,0.0,2.8,4
T01695,2026-03-14 09:06,Riverside,In store,Card,No,2,9.0,1.13,4.5,
T01696,2026-03-14 09:11,Downtown,Mobile app,App,No,2,7.2,1.21,2.4,
T01697,2026-03-14 09:12,Downtown,Mobile app,App,No,2,7.5,0.96,1.7,
T01698,2026-03-14 09:12,Riverside,In store,Card,Yes,3,9.25,1.81,5.8,4
T01699,2026-03-14 09:15,Riverside,In store,Card,No,1,4.5,0.53,9.4,3
T01700,2026-03-14 09:19,Downtown,In store,Card,Yes,2,9.0,1.17,6.3,
T01701,2026-03-14 09:23,Riverside,Mobile app,App,Yes,2,7.2,1.26,1.2,5
T01702,2026-03-14 09:25,University,Mobile app,App,Yes,1,4.75,0.73,2.5,4
T01703,2026-03-14 09:26,Riverside,In store,Card,Yes,1,3.0,0.34,4.6,
T01704,2026-03-14 09:27,Riverside,In store,Card,Yes,1,4.5,0.0,2.4,
T01705,2026-03-14 09:31,Riverside,In store,Cash,Yes,2,8.75,0.0,2.2,4
T01706,2026-03-14 09:35,Riverside,In store,Card,Yes,2,7.45,0.0,4.4,
T01707,2026-03-14 09:36,University,In store,Cash,No,1,3.0,0.0,2.9,3
T01708,2026-03-14 09:38,Riverside,In store,Card,No,3,10.4,0.0,5.4,4
T01709,2026-03-14 09:40,Riverside,Mobile app,App,Yes,2,6.5,0.8,3.0,
T01710,2026-03-14 09:40,Downtown,In store,Card,Yes,3,13.25,1.79,5.0,
T01711,2026-03-14 09:43,Downtown,In store,Card,No,1,4.25,0.62,0.7,
T01712,2026-03-14 09:43,Downtown,In store,Card,Yes,2,7.5,1.05,2.6,5
T01713,2026-03-14 09:44,University,Mobile app,App,No,1,4.5,0.77,3.1,
T01714,2026-03-14 09:44,University,In store,Card,No,1,4.5,0.65,1.8,
T01715,2026-03-14 09:46,Riverside,In store,Cash,No,1,3.0,0.0,6.3,5
T01716,2026-03-14 09:50,Downtown,Mobile app,App,No,1,3.0,0.57,2.0,
T01717,2026-03-14 09:53,University,In store,Card,No,1,4.5,0.0,7.6,
T01718,2026-03-14 09:57,Riverside,In store,Card,No,3,12.0,2.29,4.8,
T01719,2026-03-14 09:58,Riverside,In store,Card,No,1,3.0,0.54,2.5,
T01720,2026-03-14 09:59,Downtown,In store,Card,Yes,3,10.45,1.31,6.8,4
T01721,2026-03-14 10:04,Riverside,In store,Card,Yes,1,4.5,0.47,8.7,3
T01722,2026-03-14 10:09,Riverside,In store,Card,Yes,1,3.25,0.38,3.9,
T01723,2026-03-14 10:13,Riverside,In store,Card,Yes,4,16.75,2.94,1.9,
T01724,2026-03-14 10:14,Downtown,In store,Card,No,1,3.0,0.47,1.5,
T01725,2026-03-14 10:17,Riverside,In store,Cash,No,2,7.25,0.0,4.5,
T01726,2026-03-14 10:17,Downtown,In store,Card,Yes,2,7.5,1.11,1.5,
T01727,2026-03-14 10:23,Riverside,In store,Card,No,4,15.2,3.03,2.5,
T01728,2026-03-14 10:24,Downtown,In store,Card,Yes,1,4.25,0.75,4.4,
T01729,2026-03-14 10:27,Downtown,In store,Card,No,1,4.5,0.0,4.3,
T01730,2026-03-14 10:29,University,Mobile app,App,Yes,2,6.25,1.13,0.5,
T01731,2026-03-14 10:42,Riverside,In store,Cash,Yes,1,4.5,0.0,2.0,
T01732,2026-03-14 10:43,Riverside,In store,Card,Yes,3,13.0,2.51,11.7,
T01733,2026-03-14 10:45,Downtown,In store,Cash,No,2,7.5,0.0,2.5,
T01734,2026-03-14 10:50,University,Mobile app,App,Yes,2,9.0,1.25,0.6,
T01735,2026-03-14 10:55,Downtown,In store,Card,No,2,7.7,1.51,3.7,5
T01736,2026-03-14 10:56,Riverside,Mobile app,App,Yes,2,9.5,1.46,2.7,
T01737,2026-03-14 10:56,Downtown,In store,Card,No,2,6.25,0.85,5.0,
T01738,2026-03-14 10:57,University,In store,Card,No,1,2.95,0.0,2.4,4
T01739,2026-03-14 10:59,Riverside,In store,Card,Yes,1,3.0,0.0,4.1,5
T01740,2026-03-14 11:00,Downtown,In store,Card,No,2,5.9,0.66,4.6,
T01741,2026-03-14 11:02,University,In store,Card,No,1,4.75,0.81,2.9,5
T01742,2026-03-14 11:12,Downtown,In store,Card,No,1,4.25,0.77,6.6,3
T01743,2026-03-14 11:17,Downtown,Mobile app,App,No,2,7.5,1.6,0.8,
T01744,2026-03-14 11:21,Riverside,In store,Card,No,2,9.5,1.71,9.2,
T01745,2026-03-14 11:28,Downtown,In store,Card,No,1,3.25,0.44,3.6,
T01746,2026-03-14 11:29,University,In store,Card,No,1,4.25,0.79,2.8,
T01747,2026-03-14 11:30,Downtown,In store,Card,Yes,4,16.75,0.0,6.9,3
T01748,2026-03-14 11:33,Downtown,Mobile app,App,No,2,7.5,1.54,0.8,
T01749,2026-03-14 11:35,University,Mobile app,App,Yes,2,7.25,0.0,1.9,5
T01750,2026-03-14 11:37,Downtown,In store,Card,No,1,4.75,0.93,2.0,
T01751,2026-03-14 11:38,Downtown,In store,Cash,No,1,3.25,0.0,6.8,
T01752,2026-03-14 11:39,Riverside,In store,Cash,No,1,2.95,0.0,6.4,
T01753,2026-03-14 11:56,Riverside,In store,Card,No,2,7.45,0.0,1.1,
T01754,2026-03-14 11:56,Downtown,In store,Card,Yes,1,4.75,0.0,6.3,
T01755,2026-03-14 11:58,Riverside,Mobile app,App,Yes,2,5.95,0.96,1.1,
T01756,2026-03-14 11:59,Downtown,In store,Cash,Yes,3,11.95,0.0,2.6,4
T01757,2026-03-14 12:00,Downtown,In store,Card,No,1,4.5,0.71,4.2,5
T01758,2026-03-14 12:02,Downtown,In store,Card,No,3,12.0,0.0,5.8,
T01759,2026-03-14 12:09,Downtown,Mobile app,App,Yes,1,3.25,0.68,1.8,4
T01760,2026-03-14 12:09,Downtown,In store,Cash,No,2,7.45,0.0,3.2,
T01761,2026-03-14 12:19,Downtown,Mobile app,App,Yes,1,4.5,0.93,0.8,3
T01762,2026-03-14 12:20,University,Mobile app,App,No,1,4.75,0.75,1.8,4
T01763,2026-03-14 12:30,Downtown,In store,Card,Yes,2,9.5,0.0,8.3,5
T01764,2026-03-14 12:36,Downtown,In store,Card,Yes,1,4.5,0.74,3.4,4
T01765,2026-03-14 12:39,Downtown,In store,Card,Yes,3,11.95,1.59,4.9,
T01766,2026-03-14 12:44,Downtown,In store,Card,Yes,2,9.25,0.0,7.8,3
T01767,2026-03-14 12:53,University,In store,Card,No,2,5.95,0.0,2.7,
T01768,2026-03-14 12:55,Riverside,In store,Card,No,1,3.25,0.62,5.2,2
T01769,2026-03-14 12:55,Downtown,In store,Card,No,1,4.75,0.0,10.3,
T01770,2026-03-14 12:59,Downtown,In store,Cash,No,2,7.75,0.0,9.1,
T01771,2026-03-14 13:04,University,In store,Cash,Yes,1,4.75,0.0,0.3,
T01772,2026-03-14 13:20,University,In store,Card,No,1,2.95,0.41,2.5,
T01773,2026-03-14 13:37,Downtown,In store,Card,Yes,3,13.25,2.4,14.4,1
T01774,2026-03-14 13:39,Downtown,In store,Card,No,1,4.5,0.0,5.7,2
T01775,2026-03-14 13:44,University,Mobile app,App,No,3,12.25,2.46,2.5,3
T01776,2026-03-14 13:48,Downtown,In store,Card,No,1,3.25,0.44,1.4,
T01777,2026-03-14 13:49,Downtown,In store,Card,Yes,1,3.0,0.31,1.5,
T01778,2026-03-14 13:49,Downtown,In store,Cash,No,1,4.5,0.0,7.6,3
T01779,2026-03-14 14:03,Downtown,In store,Cash,No,1,4.25,0.0,4.4,
T01780,2026-03-14 14:11,Downtown,In store,Card,Yes,2,5.95,1.02,4.5,3
T01781,2026-03-14 14:15,Downtown,In store,Cash,No,1,4.5,0.0,2.2,
T01782,2026-03-14 14:22,Riverside,In store,Card,Yes,1,4.25,0.0,3.1,5
T01783,2026-03-14 14:22,University,In store,Card,No,1,4.5,0.8,2.2,
T01784,2026-03-14 14:23,Riverside,Mobile app,App,No,2,7.45,1.35,2.0,4
T01785,2026-03-14 14:25,University,In store,Cash,No,1,4.75,0.0,3.9,
T01786,2026-03-14 14:33,Riverside,In store,Card,No,3,12.5,1.55,6.0,
T01787,2026-03-14 14:34,Downtown,In store,Card,No,1,4.25,0.82,2.1,
T01788,2026-03-14 14:35,Downtown,In store,Card,No,3,11.75,1.86,3.7,
T01789,2026-03-14 14:36,University,In store,Card,Yes,2,8.0,1.42,3.7,4
T01790,2026-03-14 14:38,Riverside,In store,Card,No,2,9.0,0.0,2.7,
T01791,2026-03-14 14:39,Downtown,In store,Card,No,1,4.25,0.0,1.3,5
T01792,2026-03-14 14:40,Downtown,In store,Cash,No,1,2.95,0.0,3.6,
T01793,2026-03-14 14:51,Downtown,Mobile app,Voucher,Yes,1,0.0,0.0,1.6,
T01794,2026-03-14 14:51,Riverside,In store,Card,No,1,3.25,0.0,3.6,
T01795,2026-03-14 14:54,Downtown,In store,Card,No,1,4.5,0.67,3.4,
T01796,2026-03-14 14:59,Downtown,In store,Card,No,1,3.25,0.0,3.6,
T01797,2026-03-14 14:59,Riverside,In store,Card,No,2,6.2,0.85,1.1,
T01798,2026-03-14 15:06,Riverside,In store,Card,Yes,2,9.0,0.0,2.3,4
T01799,2026-03-14 15:07,Downtown,In store,Cash,No,1,4.5,0.0,2.6,
T01800,2026-03-14 15:10,Downtown,In store,Card,No,2,7.5,0.0,4.9,4
T01801,2026-03-14 15:12,Downtown,In store,Card,No,1,4.75,0.67,4.8,5
T01802,2026-03-14 15:15,Downtown,In store,Card,No,2,8.0,0.0,2.0,
T01803,2026-03-14 15:25,University,In store,Card,No,1,4.75,0.56,3.2,
T01804,2026-03-14 15:27,Downtown,In store,Card,No,2,8.0,1.33,4.0,5
T01805,2026-03-14 15:31,University,In store,Cash,Yes,2,6.5,0.0,2.2,
T01806,2026-03-14 15:33,Downtown,Mobile app,App,No,1,3.0,0.0,0.3,
T01807,2026-03-14 15:35,Downtown,In store,Card,Yes,2,7.75,0.0,4.3,
T01808,2026-03-14 15:42,Downtown,In store,Cash,No,1,2.95,0.0,3.1,
T01809,2026-03-14 15:42,University,In store,Card,No,2,7.7,0.0,2.1,
T01810,2026-03-14 15:46,Riverside,In store,Card,No,1,4.25,0.47,0.8,
T01811,2026-03-14 15:49,Riverside,Mobile app,App,Yes,2,7.5,1.52,0.3,5
T01812,2026-03-14 16:07,Downtown,In store,Card,No,1,4.25,0.67,3.3,
T01813,2026-03-14 16:10,Downtown,Mobile app,App,Yes,1,3.0,0.42,1.2,5
T01814,2026-03-14 16:30,Riverside,In store,Cash,Yes,1,4.5,0.0,2.5,5
T01815,2026-03-14 16:38,Downtown,In store,Card,Yes,1,3.0,0.58,4.6,4
T01816,2026-03-14 16:41,Riverside,In store,Card,Yes,2,8.75,1.63,1.2,4
T01817,2026-03-14 16:41,Downtown,Mobile app,App,Yes,1,4.25,0.78,2.2,5
T01818,2026-03-14 16:43,Downtown,In store,Card,Yes,1,3.25,0.0,0.9,5
T01819,2026-03-14 16:43,Downtown,In store,Card,Yes,2,9.0,1.47,3.4,
T01820,2026-03-14 16:47,Downtown,In store,Card,Yes,2,7.25,0.0,1.4,5
T01821,2026-03-14 16:47,Downtown,In store,Card,Yes,1,3.0,0.35,1.5,4
T01822,2026-03-14 16:52,Riverside,In store,Cash,No,2,6.5,0.0,6.2,
T01823,2026-03-14 16:59,Riverside,In store,Card,Yes,3,12.5,0.0,1.9,5
T01824,2026-03-14 17:16,Downtown,Mobile app,App,No,1,4.5,0.71,3.3,3
T01825,2026-03-14 17:17,Downtown,Mobile app,App,Yes,1,4.5,0.55,1.5,
T01826,2026-03-14 17:20,Downtown,In store,Card,No,1,3.25,0.59,3.3,4
T01827,2026-03-14 17:21,University,Mobile app,App,Yes,3,12.5,2.34,1.5,4
T01828,2026-03-14 17:25,Downtown,Mobile app,App,Yes,4,15.0,2.65,3.1,4
T01829,2026-03-14 17:29,Riverside,In store,Cash,No,1,4.5,0.0,1.0,
T01830,2026-03-15 06:25,Downtown,In store,Cash,Yes,3,10.45,0.0,3.7,
T01831,2026-03-15 06:29,Downtown,Mobile app,App,Yes,2,7.75,1.3,4.5,
T01832,2026-03-15 06:44,University,In store,Card,No,1,4.5,0.0,2.3,4
T01833,2026-03-15 06:45,Riverside,In store,Card,Yes,1,3.0,0.0,1.6,
T01834,2026-03-15 07:11,Riverside,Mobile app,App,Yes,3,8.95,1.96,1.6,
T01835,2026-03-15 07:36,Downtown,In store,Card,Yes,2,9.25,1.22,2.0,4
T01836,2026-03-15 07:46,Riverside,In store,Card,No,1,4.75,0.52,3.4,
T01837,2026-03-15 07:47,Riverside,In store,Cash,No,1,4.5,0.0,2.0,
T01838,2026-03-15 08:01,Riverside,In store,Card,No,1,4.5,0.84,2.2,
T01839,2026-03-15 08:07,University,In store,Card,No,1,4.75,0.67,3.4,5
T01840,2026-03-15 08:28,Downtown,In store,Card,No,1,3.25,0.62,6.6,
T01841,2026-03-15 08:32,Riverside,In store,Card,No,2,7.25,0.89,2.6,5
T01842,2026-03-15 08:51,Riverside,In store,Card,No,1,3.25,0.0,2.3,5
T01843,2026-03-15 08:52,Riverside,In store,Card,No,1,3.0,0.42,3.1,
T01844,2026-03-15 08:52,Downtown,In store,Card,No,1,4.5,0.48,5.3,
T01845,2026-03-15 08:54,Downtown,Mobile app,App,Yes,3,12.0,1.74,1.5,5
T01846,2026-03-15 08:54,University,Mobile app,App,Yes,2,9.0,0.0,1.7,
T01847,2026-03-15 08:57,Downtown,Mobile app,App,Yes,3,10.7,0.0,1.0,4
T01848,2026-03-15 09:02,Riverside,In store,Card,Yes,3,11.75,0.0,8.4,
T01849,2026-03-15 09:04,Riverside,In store,Card,No,1,3.25,0.0,1.3,
T01850,2026-03-15 09:04,Riverside,In store,Card,No,1,4.25,0.0,6.3,
T01851,2026-03-15 09:09,Riverside,In store,Card,No,3,10.45,0.0,7.4,
T01852,2026-03-15 09:14,Riverside,In store,Card,Yes,2,7.25,0.0,5.9,
T01853,2026-03-15 09:15,Downtown,In store,Card,Yes,2,7.5,0.0,1.6,
T01854,2026-03-15 09:20,Downtown,In store,Cash,No,1,3.0,0.0,4.4,4
T01855,2026-03-15 09:26,Downtown,In store,Card,Yes,1,3.25,0.0,4.5,3
T01856,2026-03-15 09:27,Riverside,In store,Card,No,2,6.2,1.1,6.8,
T01857,2026-03-15 09:34,Riverside,Mobile app,App,Yes,4,15.2,0.0,5.6,5
T01858,2026-03-15 09:36,Downtown,Mobile app,App,Yes,2,7.5,1.15,1.3,5
T01859,2026-03-15 09:37,Downtown,In store,Cash,No,3,12.25,0.0,1.1,
T01860,2026-03-15 09:47,University,In store,Card,No,1,3.0,0.0,4.3,
T01861,2026-03-15 09:47,University,Mobile app,App,No,1,4.75,0.65,0.8,
T01862,2026-03-15 09:47,Riverside,In store,Cash,Yes,2,7.45,0.0,4.5,5
T01863,2026-03-15 09:48,Downtown,In store,Cash,No,1,4.75,0.0,3.6,
T01864,2026-03-15 09:50,Riverside,In store,Card,No,2,7.5,1.25,8.7,4
T01865,2026-03-15 09:51,University,In store,Card,Yes,1,4.75,0.64,4.5,
T01866,2026-03-15 09:54,Downtown,In store,Cash,No,1,4.75,0.0,4.7,
T01867,2026-03-15 10:02,Downtown,Mobile app,App,Yes,2,7.75,1.5,0.3,
T01868,2026-03-15 10:03,Riverside,In store,Cash,No,1,4.75,0.0,6.3,
T01869,2026-03-15 10:11,Riverside,In store,Cash,Yes,1,3.25,0.0,3.1,
T01870,2026-03-15 10:12,Riverside,In store,Card,Yes,1,4.5,0.0,2.9,5
T01871,2026-03-15 10:17,Downtown,In store,Card,No,2,7.5,1.11,3.6,
T01872,2026-03-15 10:19,Downtown,In store,Card,No,3,12.75,0.0,4.5,5
T01873,2026-03-15 10:28,Riverside,In store,Card,Yes,4,18.0,3.25,1.6,4
T01874,2026-03-15 10:32,University,In store,Card,Yes,2,9.0,1.0,3.7,5
T01875,2026-03-15 10:33,Riverside,In store,Card,No,2,7.5,0.88,7.6,3
T01876,2026-03-15 10:34,Riverside,In store,Card,No,1,4.5,0.0,3.0,
T01877,2026-03-15 10:47,Riverside,Mobile app,App,Yes,1,4.25,0.63,0.3,5
T01878,2026-03-15 10:48,Riverside,Mobile app,Voucher,Yes,1,0.0,0.0,0.4,5
T01879,2026-03-15 10:49,Downtown,In store,Card,Yes,4,15.5,2.41,5.3,4
T01880,2026-03-15 10:56,Riverside,In store,Card,No,2,7.7,0.0,11.0,
T01881,2026-03-15 10:58,Downtown,In store,Card,No,2,8.0,0.84,10.2,
T01882,2026-03-15 10:59,Riverside,In store,Cash,No,2,8.5,0.0,3.5,4
T01883,2026-03-15 11:01,Downtown,In store,Card,Yes,1,2.95,0.57,6.9,
T01884,2026-03-15 11:01,Riverside,In store,Card,Yes,1,4.75,0.48,3.0,
T01885,2026-03-15 11:04,Riverside,In store,Card,No,1,2.95,0.0,0.4,
T01886,2026-03-15 11:05,Riverside,In store,Cash,No,1,3.25,0.0,4.7,
T01887,2026-03-15 11:07,Riverside,In store,Card,No,2,8.75,1.09,2.2,
T01888,2026-03-15 11:18,University,Mobile app,App,No,2,8.5,1.61,0.6,
T01889,2026-03-15 11:20,Downtown,Mobile app,App,Yes,2,8.5,0.0,1.6,4
T01890,2026-03-15 11:21,Riverside,In store,Cash,No,1,3.25,0.0,1.6,
T01891,2026-03-15 11:24,Downtown,In store,Card,No,1,2.95,0.39,7.4,
T01892,2026-03-15 11:25,University,In store,Card,No,2,7.5,0.89,6.0,
T01893,2026-03-15 11:27,University,Mobile app,App,Yes,2,9.0,1.89,0.3,5
T01894,2026-03-15 11:29,Downtown,In store,Card,No,1,4.5,0.0,10.4,
T01895,2026-03-15 11:31,Downtown,In store,Card,Yes,3,9.2,1.57,2.1,4
T01896,2026-03-15 11:33,Downtown,Mobile app,App,Yes,4,17.25,2.61,0.7,
T01897,2026-03-15 11:33,Downtown,In store,Card,No,1,4.25,0.0,1.8,
T01898,2026-03-15 11:35,Downtown,In store,Card,Yes,1,3.25,0.45,4.6,4
T01899,2026-03-15 11:37,University,In store,Card,No,1,4.25,0.74,5.0,
T01900,2026-03-15 11:40,Downtown,In store,Card,No,1,3.0,0.3,4.7,
T01901,2026-03-15 11:40,Riverside,In store,Card,No,3,12.0,1.7,2.6,4
T01902,2026-03-15 11:41,University,In store,Card,No,2,6.0,0.0,2.8,5
T01903,2026-03-15 11:41,Downtown,In store,Cash,Yes,2,7.75,0.0,4.5,5
T01904,2026-03-15 11:42,Riverside,In store,Card,No,2,7.25,0.0,3.5,
T01905,2026-03-15 11:50,Downtown,In store,Card,Yes,1,4.25,0.5,5.2,
T01906,2026-03-15 11:52,Riverside,In store,Card,No,2,7.75,0.0,3.5,4
T01907,2026-03-15 11:58,Downtown,In store,Card,Yes,2,6.5,0.91,6.9,3
T01908,2026-03-15 12:04,Riverside,Mobile app,App,Yes,2,9.5,0.0,0.8,
T01909,2026-03-15 12:04,Downtown,In store,Card,No,4,15.2,0.0,2.4,
T01910,2026-03-15 12:05,University,Mobile app,App,Yes,1,4.25,0.75,1.0,
T01911,2026-03-15 12:10,Riverside,In store,Card,No,1,4.5,0.61,3.9,
T01912,2026-03-15 12:10,Downtown,In store,Card,No,2,9.5,1.88,1.9,5
T01913,2026-03-15 12:27,Riverside,In store,Card,Yes,2,6.5,1.14,4.8,5
T01914,2026-03-15 12:33,Downtown,In store,Card,No,2,5.95,0.0,3.5,
T01915,2026-03-15 12:33,Riverside,In store,Card,No,1,4.5,0.0,4.9,
T01916,2026-03-15 12:36,Downtown,In store,Card,No,1,3.25,0.0,0.5,
T01917,2026-03-15 12:36,University,Mobile app,App,Yes,6,22.75,3.68,0.7,
T01918,2026-03-15 12:38,University,In store,Card,Yes,1,4.75,0.57,1.5,
T01919,2026-03-15 12:38,Riverside,Mobile app,App,Yes,2,9.0,1.16,1.0,
T01920,2026-03-15 12:42,Riverside,In store,Card,Yes,1,4.75,0.59,4.9,
T01921,2026-03-15 12:43,Riverside,In store,Card,No,2,8.0,1.51,2.4,5
T01922,2026-03-15 12:46,Riverside,In store,Cash,Yes,1,4.5,0.0,2.6,
T01923,2026-03-15 12:48,Riverside,In store,Card,No,1,4.5,0.0,7.2,
T01924,2026-03-15 12:48,Riverside,In store,Cash,No,1,2.95,0.0,1.5,
T01925,2026-03-15 12:55,Riverside,In store,Card,Yes,3,11.75,0.0,4.3,
T01926,2026-03-15 12:55,Riverside,In store,Cash,No,2,6.0,0.0,5.3,
T01927,2026-03-15 12:57,University,Mobile app,App,Yes,1,3.25,0.0,0.4,
T01928,2026-03-15 13:02,University,In store,Card,No,1,2.95,0.0,1.8,
T01929,2026-03-15 13:05,Riverside,In store,Cash,No,1,2.95,0.0,1.0,5
T01930,2026-03-15 13:08,Riverside,In store,Cash,Yes,1,3.0,0.0,3.3,
T01931,2026-03-15 13:15,Downtown,In store,Card,Yes,3,10.75,1.63,4.1,
T01932,2026-03-15 13:15,Riverside,Mobile app,App,No,1,3.0,0.41,1.5,5
T01933,2026-03-15 13:18,University,In store,Card,Yes,4,17.75,0.0,1.5,5
T01934,2026-03-15 13:33,Downtown,In store,Cash,No,1,4.5,0.0,3.2,
T01935,2026-03-15 13:36,Riverside,In store,Card,No,1,4.75,0.0,3.7,
T01936,2026-03-15 13:37,Riverside,In store,Card,No,2,9.25,0.0,3.8,
T01937,2026-03-15 13:38,University,In store,Card,No,2,9.5,1.85,4.8,
T01938,2026-03-15 13:44,University,Mobile app,App,Yes,2,9.25,1.26,0.4,5
T01939,2026-03-15 13:47,Downtown,In store,Card,Yes,2,9.25,1.83,6.3,
T01940,2026-03-15 13:52,Downtown,Mobile app,App,No,1,3.0,0.49,0.9,
T01941,2026-03-15 14:07,University,In store,Card,Yes,3,12.0,1.25,1.2,
T01942,2026-03-15 14:11,Riverside,In store,Card,Yes,3,11.0,1.88,3.8,3
T01943,2026-03-15 14:33,University,Mobile app,App,No,1,4.75,0.0,2.2,
T01944,2026-03-15 14:45,Riverside,In store,Card,No,2,7.75,1.07,3.5,
T01945,2026-03-15 14:53,Downtown,In store,Card,No,2,7.75,0.0,4.8,
T01946,2026-03-15 14:56,Riverside,Mobile app,App,Yes,2,7.5,1.44,0.8,5
T01947,2026-03-15 15:09,Downtown,In store,Card,No,1,4.5,0.0,1.0,
T01948,2026-03-15 15:15,Riverside,In store,Card,Yes,1,4.75,0.94,3.0,
T01949,2026-03-15 15:25,Riverside,Mobile app,App,Yes,1,2.95,0.0,0.8,5
T01950,2026-03-15 15:32,Downtown,Mobile app,App,Yes,3,13.25,2.15,1.3,
T01951,2026-03-15 15:37,Downtown,In store,Card,Yes,2,7.25,0.0,9.1,
T01952,2026-03-15 15:49,Downtown,In store,Card,Yes,1,2.95,0.0,3.1,5
T01953,2026-03-15 15:50,Downtown,Mobile app,App,Yes,1,4.5,0.9,1.9,
T01954,2026-03-15 15:52,Downtown,In store,Card,No,2,7.2,0.0,3.6,
T01955,2026-03-15 15:56,University,Mobile app,App,Yes,1,2.95,0.51,0.7,4
T01956,2026-03-15 16:05,University,In store,Card,No,4,15.25,0.0,1.1,5
T01957,2026-03-15 16:21,Downtown,In store,Card,No,2,7.75,0.0,2.8,
T01958,2026-03-15 16:26,Downtown,In store,Card,No,1,4.5,0.0,2.4,
T01959,2026-03-15 16:50,Downtown,Mobile app,App,Yes,2,7.2,1.38,2.0,
T01960,2026-03-15 16:51,Downtown,In store,Cash,No,2,8.75,0.0,1.7,
T01961,2026-03-15 16:52,University,Mobile app,App,Yes,2,5.95,0.92,2.7,3
T01962,2026-03-15 16:53,Downtown,Mobile app,App,Yes,2,7.75,1.61,0.5,4
T01963,2026-03-15 17:05,Downtown,Mobile app,App,Yes,1,4.75,0.69,1.8,5
T01964,2026-03-15 17:36,Downtown,In store,Card,No,2,6.0,0.77,5.7,
T01965,2026-03-15 17:46,Downtown,In store,Card,Yes,3,11.25,1.72,3.7,
T01966,2026-03-15 17:48,University,In store,Card,No,1,3.0,0.0,1.6,
T01967,2026-03-15 17:52,Downtown,In store,Cash,Yes,1,4.25,0.0,2.1,4
T01968,2026-03-16 06:28,Riverside,Mobile app,App,Yes,1,3.0,0.48,1.1,
T01969,2026-03-16 06:32,Downtown,In store,Card,No,3,10.95,2.03,4.3,
T01970,2026-03-16 06:43,University,Mobile app,App,Yes,2,8.0,1.11,4.3,4
T01971,2026-03-16 06:46,Riverside,In store,Card,Yes,3,13.5,2.67,4.9,
T01972,2026-03-16 06:46,Riverside,In store,Card,No,1,4.5,0.74,2.3,
T01973,2026-03-16 06:56,Downtown,Mobile app,App,Yes,1,3.25,0.0,4.5,2
T01974,2026-03-16 06:56,Riverside,In store,Cash,No,3,10.45,0.0,2.3,
T01975,2026-03-16 07:00,Downtown,In store,Card,No,1,4.25,0.43,12.5,
T01976,2026-03-16 07:01,Riverside,In store,Card,No,1,3.0,0.53,2.7,
T01977,2026-03-16 07:05,Downtown,In store,Cash,No,3,12.25,0.0,6.3,4
T01978,2026-03-16 07:09,Riverside,In store,Cash,No,3,10.75,0.0,1.4,4
T01979,2026-03-16 07:10,Downtown,In store,Card,Yes,1,4.5,0.0,3.7,3
T01980,2026-03-16 07:17,Downtown,In store,Cash,Yes,1,4.75,0.0,19.5,
T01981,2026-03-16 07:18,Downtown,In store,Card,No,1,4.25,0.0,12.6,2
T01982,2026-03-16 07:29,Downtown,In store,Cash,Yes,2,6.5,0.0,23.2,1
T01983,2026-03-16 07:33,Riverside,In store,Card,No,1,3.25,0.33,3.3,
T01984,2026-03-16 07:44,Downtown,Mobile app,App,Yes,2,9.0,0.0,2.9,
T01985,2026-03-16 08:03,Downtown,In store,Card,No,1,4.25,0.0,7.5,2
T01986,2026-03-16 08:04,Riverside,In store,Card,No,2,8.0,1.35,2.2,5
T01987,2026-03-16 08:04,Downtown,In store,Card,Yes,1,4.5,0.5,12.4,
T01988,2026-03-16 08:06,Downtown,In store,Card,Yes,3,13.5,0.0,18.8,2
T01989,2026-03-16 08:08,Downtown,In store,Card,No,3,12.2,0.0,6.9,4
T01990,2026-03-16 08:10,Downtown,In store,Cash,No,2,7.45,0.0,8.4,
T01991,2026-03-16 08:12,Downtown,In store,Card,Yes,2,7.25,1.39,16.7,
T01992,2026-03-16 08:12,Downtown,In store,Card,No,1,4.5,0.0,14.4,2
T01993,2026-03-16 08:17,University,In store,Card,No,1,3.0,0.31,1.9,
T01994,2026-03-16 08:24,Downtown,In store,Cash,Yes,1,3.0,0.0,13.8,1
T01995,2026-03-16 08:29,Downtown,In store,Card,No,1,4.75,0.0,7.6,
T01996,2026-03-16 08:41,Downtown,In store,Card,Yes,4,16.75,0.0,18.2,
T01997,2026-03-16 08:45,Downtown,In store,Card,No,1,4.75,0.59,8.1,3
T01998,2026-03-16 08:49,Riverside,In store,Card,Yes,1,4.5,0.0,6.7,
T01999,2026-03-16 08:51,Riverside,In store,Card,Yes,2,7.25,1.13,1.6,4
T02000,2026-03-16 08:53,Downtown,Mobile app,App,Yes,2,7.5,0.0,1.0,
T02001,2026-03-16 09:03,Downtown,Mobile app,App,Yes,2,9.5,0.0,3.9,
T02002,2026-03-16 09:10,Downtown,Mobile app,App,Yes,2,6.2,0.95,1.4,
T02003,2026-03-16 09:11,University,Mobile app,App,Yes,3,10.75,1.41,0.3,5
T02004,2026-03-16 09:15,Downtown,In store,Card,No,2,7.7,1.46,12.1,
T02005,2026-03-16 09:15,Downtown,In store,Card,No,1,3.25,0.55,13.9,
T02006,2026-03-16 09:16,University,Mobile app,App,No,1,4.75,1.0,3.4,
T02007,2026-03-16 09:18,Riverside,In store,Card,No,1,4.5,0.0,2.9,
T02008,2026-03-16 09:32,Riverside,In store,Card,No,1,4.5,0.0,1.4,5
T02009,2026-03-16 09:33,Riverside,In store,Card,Yes,2,9.25,0.0,3.7,3
T02010,2026-03-16 09:33,Riverside,In store,Cash,No,1,4.5,0.0,0.7,
T02011,2026-03-16 09:35,University,In store,Cash,No,1,2.95,0.0,3.0,
T02012,2026-03-16 09:36,University,Mobile app,App,Yes,2,7.7,0.0,5.0,
T02013,2026-03-16 09:43,Downtown,In store,Card,No,1,3.0,0.0,12.6,
T02014,2026-03-16 09:43,Riverside,Mobile app,App,Yes,4,16.5,0.0,0.3,
T02015,2026-03-16 09:48,University,In store,Card,No,1,2.95,0.59,4.4,4
T02016,2026-03-16 09:50,Downtown,In store,Card,No,1,3.25,0.0,18.4,
T02017,2026-03-16 09:51,University,Mobile app,App,Yes,2,7.5,0.0,0.8,
T02018,2026-03-16 09:52,University,In store,Cash,No,2,7.5,0.0,5.6,
T02019,2026-03-16 09:53,University,Mobile app,App,Yes,2,7.45,1.62,1.7,3
T02020,2026-03-16 09:58,Downtown,Mobile app,App,Yes,3,10.25,0.0,0.5,
T02021,2026-03-16 10:03,Riverside,In store,Card,No,1,4.5,0.74,2.0,5
T02022,2026-03-16 10:08,Riverside,Mobile app,App,Yes,1,3.25,0.0,1.1,
T02023,2026-03-16 10:14,Riverside,In store,Cash,Yes,2,7.25,0.0,3.5,
T02024,2026-03-16 10:15,Riverside,In store,Card,No,1,4.5,0.71,7.0,
T02025,2026-03-16 10:16,University,In store,Card,Yes,3,10.45,1.58,5.3,
T02026,2026-03-16 10:20,Riverside,In store,Card,No,1,3.0,0.0,4.4,
T02027,2026-03-16 10:24,Riverside,In store,Cash,No,1,3.25,0.0,4.5,4
T02028,2026-03-16 10:25,University,In store,Cash,Yes,2,6.0,0.0,0.9,
T02029,2026-03-16 10:28,University,In store,Cash,No,2,7.75,0.0,3.3,
T02030,2026-03-16 10:33,Riverside,In store,Card,Yes,2,9.0,1.43,2.0,5
T02031,2026-03-16 10:37,Riverside,In store,Cash,Yes,3,10.75,0.0,2.0,
T02032,2026-03-16 10:40,University,In store,Cash,No,1,3.25,0.0,4.4,
T02033,2026-03-16 10:54,Riverside,In store,Cash,Yes,1,4.5,0.0,2.2,
T02034,2026-03-16 11:06,Riverside,In store,Card,Yes,1,4.5,0.0,4.3,
T02035,2026-03-16 11:12,University,In store,Card,No,1,4.5,0.0,2.1,
T02036,2026-03-16 11:15,Downtown,In store,Card,No,1,2.95,0.3,6.0,
T02037,2026-03-16 11:15,Downtown,In store,Card,Yes,2,6.5,1.05,5.3,
T02038,2026-03-16 11:17,Riverside,In store,Card,No,1,4.25,0.0,1.9,
T02039,2026-03-16 11:21,Riverside,In store,Card,Yes,3,11.7,1.83,4.2,5
T02040,2026-03-16 11:26,University,Mobile app,App,No,2,9.5,1.17,2.7,
T02041,2026-03-16 11:32,Riverside,Mobile app,App,Yes,2,8.0,1.59,1.4,4
T02042,2026-03-16 11:34,University,In store,Card,Yes,4,15.75,0.0,4.3,
T02043,2026-03-16 11:36,Downtown,In store,Cash,No,1,3.25,0.0,2.5,
T02044,2026-03-16 11:43,Downtown,In store,Card,Yes,1,4.5,0.0,3.5,
T02045,2026-03-16 11:55,Riverside,In store,Card,No,1,4.5,0.0,4.0,
T02046,2026-03-16 12:01,Riverside,In store,Cash,Yes,2,5.95,0.0,1.2,
T02047,2026-03-16 12:06,University,In store,Card,Yes,2,7.45,1.1,5.3,4
T02048,2026-03-16 12:07,University,In store,Card,Yes,1,4.5,0.88,2.0,5
T02049,2026-03-16 12:20,Downtown,In store,Card,No,2,9.0,0.0,10.6,
T02050,2026-03-16 12:32,Downtown,In store,Card,No,1,4.75,0.64,4.7,
T02051,2026-03-16 12:32,Downtown,In store,Card,No,1,4.25,0.0,1.0,
T02052,2026-03-16 12:33,University,In store,Cash,No,1,4.75,0.0,4.0,
T02053,2026-03-16 12:34,Riverside,In store,Cash,No,1,4.75,0.0,3.5,5
T02054,2026-03-16 12:37,Downtown,In store,Cash,No,2,6.25,0.0,4.5,
T02055,2026-03-16 12:37,University,Mobile app,App,Yes,2,7.75,0.0,1.6,4
T02056,2026-03-16 12:38,Downtown,Mobile app,App,Yes,2,9.25,0.0,1.0,
T02057,2026-03-16 12:39,Downtown,In store,Card,Yes,1,4.5,0.0,6.4,4
T02058,2026-03-16 12:40,Riverside,In store,Card,Yes,1,2.95,0.0,2.6,5
T02059,2026-03-16 12:44,Downtown,In store,Card,Yes,3,11.0,1.9,8.8,
T02060,2026-03-16 12:47,Downtown,Mobile app,App,Yes,2,7.75,0.0,1.9,
T02061,2026-03-16 12:52,Riverside,In store,Card,Yes,2,8.75,0.0,3.2,5
T02062,2026-03-16 12:58,Downtown,Mobile app,App,Yes,2,7.5,0.95,1.4,
T02063,2026-03-16 13:00,Downtown,Mobile app,App,Yes,2,8.75,1.63,7.5,3
T02064,2026-03-16 13:01,Downtown,In store,Card,No,2,5.95,0.0,12.5,2
T02065,2026-03-16 13:03,Riverside,In store,Card,No,2,9.0,0.0,3.8,
T02066,2026-03-16 13:05,University,In store,Card,No,2,7.5,0.0,12.1,
T02067,2026-03-16 13:08,University,Mobile app,App,No,1,2.95,0.63,3.7,
T02068,2026-03-16 13:12,Downtown,Mobile app,App,Yes,2,7.2,0.0,0.9,4
T02069,2026-03-16 13:13,Riverside,In store,Cash,No,2,9.0,0.0,1.9,4
T02070,2026-03-16 13:20,University,Mobile app,Voucher,Yes,1,0.0,0.0,2.1,
T02071,2026-03-16 13:24,Riverside,In store,Cash,Yes,1,4.5,0.0,1.4,
T02072,2026-03-16 13:25,University,In store,Card,No,1,4.5,0.0,5.5,
T02073,2026-03-16 13:25,University,Mobile app,App,Yes,2,6.2,0.0,1.0,
T02074,2026-03-16 13:27,Riverside,In store,Card,No,4,16.5,2.53,3.3,
T02075,2026-03-16 13:33,Riverside,In store,Card,No,2,7.5,1.19,4.1,
T02076,2026-03-16 13:36,Downtown,In store,Card,Yes,2,7.45,0.0,5.7,5
T02077,2026-03-16 13:45,University,In store,Card,Yes,5,20.0,0.0,4.8,
T02078,2026-03-16 14:01,University,In store,Card,No,1,4.5,0.64,11.8,1
T02079,2026-03-16 14:05,Downtown,In store,Card,No,1,4.75,0.0,5.8,4
T02080,2026-03-16 14:07,Downtown,In store,Cash,No,3,11.0,0.0,2.0,
T02081,2026-03-16 14:08,Downtown,In store,Card,No,1,4.75,0.0,4.2,3
T02082,2026-03-16 14:13,University,Mobile app,App,Yes,1,2.95,0.63,0.3,4
T02083,2026-03-16 14:19,University,In store,Card,No,2,7.25,1.07,7.4,
T02084,2026-03-16 14:19,Downtown,In store,Card,No,1,4.75,0.73,2.8,
T02085,2026-03-16 14:21,Riverside,In store,Card,Yes,2,7.25,0.93,1.1,
T02086,2026-03-16 14:27,University,In store,Card,No,1,3.0,0.6,2.1,
T02087,2026-03-16 14:29,Downtown,In store,Card,Yes,1,4.5,0.0,7.9,3
T02088,2026-03-16 14:31,University,In store,Card,Yes,1,4.5,0.0,4.9,4
T02089,2026-03-16 14:37,Riverside,Mobile app,App,No,3,12.0,2.47,0.3,
T02090,2026-03-16 14:43,University,Mobile app,App,No,1,4.75,0.0,0.8,
T02091,2026-03-16 14:47,University,In store,Card,No,1,4.25,0.51,1.8,
T02092,2026-03-16 14:49,University,In store,Card,No,3,11.7,0.0,4.7,4
T02093,2026-03-16 14:49,University,Mobile app,App,Yes,1,3.25,0.0,3.1,
T02094,2026-03-16 14:49,Riverside,In store,Card,Yes,2,6.2,0.0,4.5,
T02095,2026-03-16 14:52,Downtown,In store,Card,No,1,4.5,0.78,4.1,
T02096,2026-03-16 14:53,Downtown,In store,Card,No,3,10.5,2.0,4.8,
T02097,2026-03-16 14:56,Downtown,In store,Card,No,1,4.5,0.71,3.8,
T02098,2026-03-16 15:03,Downtown,In store,Card,No,2,9.25,1.09,5.4,4
T02099,2026-03-16 15:20,Downtown,In store,Card,No,1,4.5,0.0,3.9,
T02100,2026-03-16 15:29,Riverside,In store,Card,No,1,4.75,0.55,1.6,
T02101,2026-03-16 15:29,University,In store,Card,No,1,4.5,0.0,2.8,5
T02102,2026-03-16 15:36,Riverside,In store,Card,No,1,3.0,0.0,2.6,
T02103,2026-03-16 15:41,Downtown,In store,Card,No,1,2.95,0.41,0.3,
T02104,2026-03-16 16:13,University,In store,Cash,Yes,2,7.5,0.0,1.6,
T02105,2026-03-16 16:15,Downtown,In store,Card,No,2,7.75,0.0,1.9,
T02106,2026-03-16 16:15,Downtown,Mobile app,App,Yes,4,14.2,2.05,2.8,3
T02107,2026-03-16 16:30,Riverside,In store,Cash,Yes,1,4.25,0.0,1.7,5
T02108,2026-03-16 16:51,University,In store,Card,No,1,4.5,0.0,8.0,
T02109,2026-03-16 17:04,Downtown,In store,Card,No,2,7.45,0.0,1.7,
T02110,2026-03-16 17:12,Downtown,In store,Card,No,1,4.25,0.65,1.1,
T02111,2026-03-16 17:15,Downtown,In store,Cash,No,1,4.25,0.0,4.1,
T02112,2026-03-16 17:18,University,Mobile app,App,No,1,3.25,0.41,1.6,
T02113,2026-03-16 17:21,University,Mobile app,App,Yes,2,9.0,1.28,2.8,5
T02114,2026-03-16 17:32,University,In store,Cash,No,2,9.0,0.0,1.5,
T02115,2026-03-16 17:49,University,Mobile app,App,Yes,2,7.75,0.0,2.1,4
T02116,2026-03-16 17:50,University,Mobile app,App,Yes,1,4.5,0.97,0.5,3
T02117,2026-03-17 06:29,Downtown,In store,Card,Yes,3,12.0,0.0,5.8,4
T02118,2026-03-17 06:31,Riverside,In store,Card,No,1,4.5,0.61,1.3,
T02119,2026-03-17 06:55,Downtown,In store,Card,Yes,1,4.25,0.77,2.4,
T02120,2026-03-17 06:59,Downtown,Mobile app,App,Yes,1,3.25,0.65,1.5,5
T02121,2026-03-17 07:00,Riverside,In store,Card,Yes,2,9.0,0.0,1.0,3
T02122,2026-03-17 07:04,Riverside,In store,Card,No,2,7.5,0.84,4.3,
T02123,2026-03-17 07:11,Downtown,In store,Card,Yes,3,13.5,2.64,11.8,1
T02124,2026-03-17 07:13,Downtown,In store,Card,No,1,3.0,0.0,7.8,
T02125,2026-03-17 07:17,Downtown,In store,Card,No,2,8.75,1.06,4.0,
T02126,2026-03-17 07:30,Downtown,In store,Card,No,2,9.25,0.0,4.8,
T02127,2026-03-17 07:43,Downtown,Mobile app,App,Yes,1,3.0,0.66,0.6,5
T02128,2026-03-17 07:49,Downtown,In store,Card,Yes,1,4.25,0.52,9.7,5
T02129,2026-03-17 08:03,University,In store,Card,Yes,1,4.25,0.0,2.6,
T02130,2026-03-17 08:07,University,Mobile app,App,Yes,1,4.25,0.0,1.6,
T02131,2026-03-17 08:10,Downtown,In store,Cash,No,1,2.95,0.0,3.2,
T02132,2026-03-17 08:13,Riverside,In store,Card,No,2,9.25,0.98,2.5,4
T02133,2026-03-17 08:18,Downtown,Mobile app,App,Yes,1,3.25,0.53,0.8,4
T02134,2026-03-17 08:19,Downtown,Mobile app,App,Yes,1,2.95,0.63,1.5,4
T02135,2026-03-17 08:19,University,Mobile app,App,No,2,7.25,1.02,1.2,
T02136,2026-03-17 08:21,Downtown,In store,Card,No,3,11.95,0.0,13.7,
T02137,2026-03-17 08:27,University,In store,Card,No,1,3.0,0.55,3.0,
T02138,2026-03-17 08:29,Riverside,In store,Card,No,2,7.45,0.0,6.5,
T02139,2026-03-17 08:30,Downtown,In store,Card,Yes,1,4.5,0.69,10.9,
T02140,2026-03-17 08:32,University,Mobile app,App,Yes,1,3.25,0.44,0.5,4
T02141,2026-03-17 08:34,Riverside,In store,Cash,No,2,7.75,0.0,2.0,
T02142,2026-03-17 08:35,Riverside,In store,Cash,Yes,2,7.75,0.0,3.8,5
T02143,2026-03-17 08:39,Downtown,In store,Card,No,2,8.75,0.93,12.9,
T02144,2026-03-17 08:39,University,Mobile app,App,Yes,2,7.2,0.0,3.8,3
T02145,2026-03-17 08:40,Downtown,In store,Card,No,2,8.75,0.0,24.1,
T02146,2026-03-17 08:47,University,In store,Card,No,1,4.25,0.74,3.9,
T02147,2026-03-17 08:49,University,In store,Cash,No,1,3.0,0.0,3.9,
T02148,2026-03-17 08:50,Downtown,In store,Card,No,2,9.0,0.0,17.5,
T02149,2026-03-17 08:56,Riverside,Mobile app,App,Yes,3,12.75,2.04,0.8,4
T02150,2026-03-17 09:00,Downtown,In store,Cash,No,4,13.15,0.0,16.7,1
T02151,2026-03-17 09:00,Downtown,In store,Card,No,1,4.25,0.0,15.6,
T02152,2026-03-17 09:02,Downtown,In store,Cash,No,3,12.2,0.0,11.9,
T02153,2026-03-17 09:04,Riverside,In store,Card,No,1,3.25,0.45,8.6,
T02154,2026-03-17 09:08,Downtown,In store,Card,Yes,2,8.75,1.45,3.8,
T02155,2026-03-17 09:11,Downtown,Mobile app,App,Yes,1,2.95,0.59,0.5,5
T02156,2026-03-17 09:12,Downtown,In store,Card,No,1,4.5,0.75,1.4,3
T02157,2026-03-17 09:14,University,In store,Cash,Yes,3,13.25,0.0,6.7,
T02158,2026-03-17 09:19,Downtown,In store,Card,No,1,4.25,0.7,3.9,
T02159,2026-03-17 09:19,Downtown,In store,Card,No,1,3.25,0.4,6.3,5
T02160,2026-03-17 09:28,Downtown,In store,Card,No,1,3.0,0.56,4.4,
T02161,2026-03-17 09:30,Riverside,Mobile app,App,Yes,1,2.95,0.61,0.8,
T02162,2026-03-17 09:30,Downtown,In store,Cash,Yes,2,7.45,0.0,3.7,4
T02163,2026-03-17 09:35,Downtown,In store,Card,No,2,8.0,0.0,26.2,
T02164,2026-03-17 09:38,Downtown,In store,Card,Yes,2,7.75,0.0,5.1,
T02165,2026-03-17 09:43,Downtown,Mobile app,App,Yes,1,3.0,0.61,0.8,
T02166,2026-03-17 09:53,Downtown,In store,Card,No,1,2.95,0.0,7.1,
T02167,2026-03-17 09:54,University,In store,Card,No,2,5.95,0.64,5.5,
T02168,2026-03-17 09:55,Downtown,In store,Card,No,1,2.95,0.0,16.2,
T02169,2026-03-17 09:57,Downtown,Mobile app,App,Yes,2,9.25,1.24,1.6,4
T02170,2026-03-17 09:59,Riverside,In store,Card,No,1,3.0,0.49,2.9,
T02171,2026-03-17 10:02,Riverside,In store,Card,No,2,6.0,0.0,5.2,
T02172,2026-03-17 10:05,University,In store,Card,No,1,3.25,0.35,3.9,
T02173,2026-03-17 10:12,Riverside,In store,Card,Yes,1,3.0,0.0,3.0,5
T02174,2026-03-17 10:19,Riverside,In store,Card,Yes,2,8.0,1.39,2.2,
T02175,2026-03-17 10:23,Downtown,In store,Card,No,1,2.95,0.0,1.7,
T02176,2026-03-17 10:25,Downtown,In store,Card,No,2,7.75,0.0,1.8,
T02177,2026-03-17 10:25,Riverside,In store,Card,Yes,3,12.25,0.0,1.7,
T02178,2026-03-17 10:32,Riverside,In store,Card,No,1,2.95,0.38,3.5,5
T02179,2026-03-17 10:33,University,Mobile app,App,Yes,1,3.0,0.47,1.1,
T02180,2026-03-17 10:43,Downtown,In store,Card,Yes,1,4.25,0.71,7.3,4
T02181,2026-03-17 10:55,Riverside,In store,Card,No,1,3.25,0.5,3.2,
T02182,2026-03-17 10:58,Riverside,In store,Card,No,3,10.15,0.0,0.8,
T02183,2026-03-17 11:04,Riverside,In store,Card,No,1,4.75,0.74,9.1,
T02184,2026-03-17 11:04,Riverside,In store,Card,Yes,2,9.25,0.0,6.0,5
T02185,2026-03-17 11:05,Riverside,In store,Card,Yes,1,4.5,0.62,2.4,3
T02186,2026-03-17 11:07,Riverside,In store,Card,No,1,4.5,0.86,0.8,
T02187,2026-03-17 11:08,University,In store,Card,No,2,9.0,1.49,5.9,5
T02188,2026-03-17 11:10,University,Mobile app,App,Yes,1,3.25,0.0,0.3,5
T02189,2026-03-17 11:11,Downtown,Mobile app,App,No,3,11.7,1.7,2.7,
T02190,2026-03-17 11:11,Downtown,In store,Card,Yes,4,13.4,0.0,3.6,
T02191,2026-03-17 11:12,University,In store,Card,Yes,1,4.5,0.72,4.0,
T02192,2026-03-17 11:12,Downtown,Mobile app,App,No,1,3.0,0.0,2.5,5
T02193,2026-03-17 11:17,Riverside,In store,Card,Yes,3,12.25,0.0,4.8,
T02194,2026-03-17 11:18,Downtown,In store,Card,Yes,1,4.75,0.0,2.8,
T02195,2026-03-17 11:20,University,In store,Card,Yes,1,3.25,0.48,3.7,
T02196,2026-03-17 11:27,Downtown,In store,Cash,Yes,2,9.25,0.0,6.0,5
T02197,2026-03-17 11:31,Downtown,In store,Card,No,1,3.0,0.0,6.0,
T02198,2026-03-17 11:55,University,Mobile app,App,Yes,2,8.75,0.0,3.3,
T02199,2026-03-17 11:55,University,In store,Cash,No,3,14.0,0.0,3.7,4
T02200,2026-03-17 11:55,Downtown,Mobile app,App,Yes,1,4.75,0.69,0.4,5
T02201,2026-03-17 11:57,Riverside,In store,Cash,No,2,7.5,0.0,6.3,5
T02202,2026-03-17 11:59,Downtown,In store,Card,Yes,2,9.25,1.81,1.2,5
T02203,2026-03-17 12:01,Riverside,In store,Card,No,2,7.5,1.49,2.4,
T02204,2026-03-17 12:02,Downtown,Mobile app,App,Yes,3,11.95,0.0,6.0,3
T02205,2026-03-17 12:03,Downtown,In store,Card,Yes,1,4.75,0.0,7.5,
T02206,2026-03-17 12:35,Downtown,Mobile app,App,Yes,1,4.25,0.78,1.5,
T02207,2026-03-17 12:37,Downtown,In store,Cash,No,2,6.5,0.0,4.3,
T02208,2026-03-17 12:41,Downtown,In store,Card,No,1,2.95,0.0,3.7,
T02209,2026-03-17 12:43,Downtown,In store,Card,No,2,8.0,1.24,1.7,5
T02210,2026-03-17 12:45,Downtown,In store,Card,No,1,3.25,0.0,5.9,5
T02211,2026-03-17 12:46,Riverside,In store,Cash,Yes,1,2.95,0.0,8.0,3
T02212,2026-03-17 12:49,Downtown,Mobile app,App,Yes,2,7.75,0.98,1.4,5
T02213,2026-03-17 12:51,University,Mobile app,App,Yes,2,7.75,1.47,0.9,5
T02214,2026-03-17 12:52,University,In store,Cash,Yes,3,12.25,0.0,10.2,4
T02215,2026-03-17 13:01,Downtown,In store,Cash,Yes,2,7.2,0.0,5.9,
T02216,2026-03-17 13:07,Downtown,In store,Card,No,1,4.75,0.0,9.0,
T02217,2026-03-17 13:16,University,Mobile app,App,Yes,1,4.5,0.68,1.5,4
T02218,2026-03-17 13:18,Downtown,In store,Card,No,1,4.5,0.0,18.3,
T02219,2026-03-17 13:18,University,Mobile app,App,Yes,2,6.0,0.0,4.4,5
T02220,2026-03-17 13:24,University,Mobile app,Voucher,Yes,1,0.0,0.0,2.7,
T02221,2026-03-17 13:32,Downtown,In store,Card,No,2,9.0,1.59,14.1,
T02222,2026-03-17 13:36,Downtown,Mobile app,Voucher,Yes,1,0.0,0.0,1.4,5
T02223,2026-03-17 13:55,Downtown,In store,Card,No,1,3.25,0.0,0.7,
T02224,2026-03-17 14:01,University,Mobile app,App,Yes,2,8.0,1.21,4.3,
T02225,2026-03-17 14:01,University,Mobile app,App,Yes,1,3.25,0.7,1.0,5
T02226,2026-03-17 14:06,Riverside,Mobile app,App,Yes,2,9.25,0.0,2.8,
T02227,2026-03-17 14:08,Downtown,In store,Cash,No,1,4.5,0.0,2.9,5
T02228,2026-03-17 14:11,University,In store,Card,No,1,4.25,0.61,2.8,
T02229,2026-03-17 14:15,Downtown,In store,Card,No,1,3.25,0.53,4.5,5
T02230,2026-03-17 14:27,University,Mobile app,App,Yes,1,2.95,0.58,1.1,4
T02231,2026-03-17 14:34,Downtown,In store,Card,No,2,7.5,0.84,2.8,
T02232,2026-03-17 14:39,University,In store,Card,No,2,7.45,0.0,3.1,
T02233,2026-03-17 14:40,Downtown,In store,Card,No,2,9.0,1.2,4.8,
T02234,2026-03-17 14:48,University,In store,Card,No,1,4.75,0.65,2.9,5
T02235,2026-03-17 14:49,Riverside,In store,Cash,No,1,2.95,0.0,3.6,4
T02236,2026-03-17 14:53,Downtown,In store,Card,Yes,1,4.5,0.0,1.8,
T02237,2026-03-17 14:55,Downtown,Mobile app,App,Yes,2,7.5,1.07,4.4,5
T02238,2026-03-17 14:55,University,In store,Cash,No,1,2.95,0.0,3.9,
T02239,2026-03-17 15:01,University,Mobile app,App,Yes,4,18.25,3.9,1.6,
T02240,2026-03-17 15:09,Downtown,In store,Card,No,1,3.0,0.36,2.1,
T02241,2026-03-17 15:11,Riverside,In store,Card,No,1,4.25,0.46,2.7,
T02242,2026-03-17 15:15,Downtown,In store,Card,No,2,7.7,0.96,1.5,
T02243,2026-03-17 15:16,University,In store,Card,No,1,4.25,0.0,6.8,2
T02244,2026-03-17 15:23,University,Mobile app,App,Yes,1,4.25,0.62,0.3,5
T02245,2026-03-17 15:34,University,Mobile app,App,Yes,1,4.5,0.7,3.2,
T02246,2026-03-17 15:46,University,In store,Card,No,1,3.25,0.0,3.5,
T02247,2026-03-17 15:47,Riverside,Mobile app,App,Yes,1,2.95,0.0,4.4,3
T02248,2026-03-17 15:56,University,In store,Card,No,2,7.25,0.0,2.0,
T02249,2026-03-17 15:58,University,In store,Cash,No,1,2.95,0.0,1.4,3
T02250,2026-03-17 16:13,Riverside,In store,Card,No,1,4.75,0.94,2.7,5
T02251,2026-03-17 16:33,University,In store,Cash,No,1,4.5,0.0,1.7,
T02252,2026-03-17 16:37,University,In store,Card,Yes,2,9.0,1.3,2.0,
T02253,2026-03-17 16:41,Riverside,In store,Card,Yes,3,11.5,2.08,2.4,
T02254,2026-03-17 16:46,University,In store,Card,Yes,2,8.75,0.0,2.4,
T02255,2026-03-17 16:46,Downtown,In store,Card,No,1,3.0,0.39,4.4,
T02256,2026-03-17 16:53,Downtown,In store,Card,No,1,3.0,0.37,4.9,
T02257,2026-03-17 17:13,University,Mobile app,App,Yes,2,7.75,1.37,0.5,4
T02258,2026-03-17 17:14,Downtown,In store,Card,Yes,4,16.2,1.89,4.3,
T02259,2026-03-17 17:59,University,Mobile app,App,Yes,2,7.25,1.04,4.1,
T02260,2026-03-18 06:05,Riverside,In store,Card,No,1,4.75,0.74,0.7,
T02261,2026-03-18 06:35,Downtown,In store,Card,Yes,3,11.95,1.47,5.4,
T02262,2026-03-18 06:46,Downtown,In store,Cash,No,3,12.0,0.0,4.0,4
T02263,2026-03-18 06:51,Riverside,In store,Card,No,2,7.2,1.12,2.6,
T02264,2026-03-18 06:55,Downtown,In store,Card,Yes,1,4.5,0.0,2.5,4
T02265,2026-03-18 07:02,Downtown,In store,Card,No,1,4.5,0.68,3.5,
T02266,2026-03-18 07:07,Riverside,In store,Cash,No,2,9.0,0.0,2.3,
T02267,2026-03-18 07:10,Downtown,Mobile app,App,Yes,3,10.7,2.32,0.6,
T02268,2026-03-18 07:11,University,In store,Cash,No,2,7.7,0.0,2.8,5
T02269,2026-03-18 07:33,Downtown,In store,Card,No,3,12.45,1.62,4.6,
T02270,2026-03-18 07:33,University,Mobile app,App,Yes,2,7.25,1.04,0.9,5
T02271,2026-03-18 07:34,Downtown,In store,Card,No,2,8.0,0.0,17.3,2
T02272,2026-03-18 07:52,Downtown,In store,Card,No,2,6.25,1.24,2.2,
T02273,2026-03-18 07:57,Downtown,Mobile app,App,Yes,3,8.95,1.46,2.3,
T02274,2026-03-18 07:58,Riverside,In store,Cash,No,2,9.0,0.0,4.2,
T02275,2026-03-18 08:01,Downtown,Mobile app,App,Yes,2,7.45,1.24,0.3,
T02276,2026-03-18 08:01,Downtown,In store,Card,No,6,21.25,3.94,3.9,4
T02277,2026-03-18 08:05,Riverside,In store,Cash,No,1,4.75,0.0,1.0,
T02278,2026-03-18 08:06,Downtown,In store,Card,No,1,3.25,0.65,12.0,3
T02279,2026-03-18 08:07,Downtown,In store,Cash,No,1,3.25,0.0,15.1,
T02280,2026-03-18 08:08,Downtown,In store,Card,No,1,4.25,0.0,4.7,
T02281,2026-03-18 08:08,University,In store,Card,Yes,5,20.75,0.0,3.9,
T02282,2026-03-18 08:10,Downtown,In store,Card,Yes,12,43.9,0.0,27.9,
T02283,2026-03-18 08:12,University,In store,Card,Yes,4,15.2,0.0,7.0,3
T02284,2026-03-18 08:19,Riverside,In store,Card,No,1,4.75,0.0,3.8,
T02285,2026-03-18 08:20,Downtown,In store,Cash,No,1,2.95,0.0,16.5,
T02286,2026-03-18 08:20,Downtown,In store,Card,No,1,4.5,0.66,13.4,
T02287,2026-03-18 08:24,Downtown,In store,Card,Yes,35,148.9,20.51,19.8,
T02288,2026-03-18 08:27,Riverside,In store,Card,No,2,7.75,1.28,6.5,5
T02289,2026-03-18 08:28,Riverside,In store,Card,No,2,7.45,1.17,3.7,
T02290,2026-03-18 08:31,Riverside,In store,Cash,No,2,7.45,0.0,0.8,5
T02291,2026-03-18 08:33,Riverside,In store,Card,Yes,1,4.75,0.84,1.8,4
T02292,2026-03-18 08:34,Downtown,In store,Card,No,29,111.35,0.0,19.1,1
T02293,2026-03-18 08:41,Downtown,In store,Cash,No,2,9.25,0.0,6.7,
T02294,2026-03-18 08:42,University,In store,Card,No,1,3.0,0.0,3.6,
T02295,2026-03-18 08:47,University,In store,Cash,Yes,2,7.75,0.0,4.1,3
T02296,2026-03-18 08:50,Riverside,In store,Cash,No,1,4.5,0.0,7.4,4
T02297,2026-03-18 08:51,Downtown,In store,Card,No,2,7.7,0.0,8.6,3
T02298,2026-03-18 08:58,University,Mobile app,App,Yes,4,16.5,3.09,1.9,3
T02299,2026-03-18 09:00,Downtown,In store,Cash,No,1,4.5,0.0,19.0,1
T02300,2026-03-18 09:03,Downtown,In store,Card,Yes,2,8.75,1.74,11.4,
T02301,2026-03-18 09:04,Downtown,In store,Card,Yes,25,105.2,0.0,16.0,
T02302,2026-03-18 09:04,Downtown,In store,Card,No,2,7.5,0.0,7.0,
T02303,2026-03-18 09:05,University,In store,Card,No,1,3.25,0.61,11.2,
T02304,2026-03-18 09:05,Downtown,In store,Card,Yes,1,4.5,0.9,4.4,4
T02305,2026-03-18 09:23,Downtown,In store,Card,No,1,2.95,0.57,9.1,2
T02306,2026-03-18 09:23,University,In store,Card,No,1,4.25,0.81,6.5,
T02307,2026-03-18 09:27,University,Mobile app,App,Yes,2,7.5,1.34,0.7,
T02308,2026-03-18 09:28,Downtown,In store,Cash,No,2,6.0,0.0,10.6,1
T02309,2026-03-18 09:38,Downtown,In store,Card,No,1,4.75,0.82,11.8,
T02310,2026-03-18 09:38,Downtown,Mobile app,App,Yes,3,13.5,2.63,2.6,
T02311,2026-03-18 09:41,University,In store,Card,Yes,2,8.5,1.42,9.6,
T02312,2026-03-18 09:49,Downtown,In store,Card,Yes,3,10.75,0.0,4.1,3
T02313,2026-03-18 09:53,University,Mobile app,App,Yes,2,7.75,1.67,0.6,5
T02314,2026-03-18 09:55,University,Mobile app,App,Yes,3,12.25,0.0,4.1,
T02315,2026-03-18 10:03,Riverside,In store,Card,No,2,7.25,0.0,4.6,
T02316,2026-03-18 10:04,Riverside,In store,Card,Yes,1,4.5,0.0,1.0,5
T02317,2026-03-18 10:12,Riverside,In store,Cash,No,2,7.45,0.0,7.1,
T02318,2026-03-18 10:12,University,Mobile app,App,Yes,1,3.0,0.56,0.3,
T02319,2026-03-18 10:13,Riverside,In store,Card,Yes,2,9.0,1.22,6.0,
T02320,2026-03-18 10:14,University,In store,Card,No,1,2.95,0.0,1.8,
T02321,2026-03-18 10:22,University,In store,Card,No,1,2.95,0.0,4.8,4
T02322,2026-03-18 10:24,University,In store,Cash,No,1,4.5,0.0,2.4,
T02323,2026-03-18 10:26,Downtown,In store,Card,Yes,2,9.25,1.51,9.6,
T02324,2026-03-18 10:28,Riverside,In store,Card,Yes,3,10.5,1.47,7.1,
T02325,2026-03-18 10:31,University,Mobile app,App,No,2,7.2,0.95,1.0,
T02326,2026-03-18 10:39,Downtown,In store,Card,No,2,9.25,1.58,0.7,
T02327,2026-03-18 10:41,Downtown,In store,Card,No,2,7.75,0.0,1.6,
T02328,2026-03-18 10:46,Riverside,In store,Card,No,1,4.75,0.0,4.7,
T02329,2026-03-18 10:49,Riverside,In store,Cash,No,1,4.25,0.0,7.7,
T02330,2026-03-18 10:50,University,Mobile app,App,No,1,3.0,0.46,3.2,
T02331,2026-03-18 10:59,Riverside,In store,Card,Yes,1,4.75,0.57,4.7,
T02332,2026-03-18 11:03,Downtown,In store,Card,No,3,8.95,0.0,4.7,3
T02333,2026-03-18 11:10,Riverside,In store,Cash,No,1,3.0,0.0,2.0,
T02334,2026-03-18 11:11,Riverside,In store,Cash,No,2,7.25,0.0,3.9,4
T02335,2026-03-18 11:12,Riverside,In store,Card,No,1,4.25,0.44,2.3,
T02336,2026-03-18 11:12,University,Mobile app,App,Yes,3,13.5,2.34,0.3,
T02337,2026-03-18 11:21,Downtown,In store,Card,Yes,2,7.75,0.0,3.5,
T02338,2026-03-18 11:24,Downtown,In store,Cash,No,2,8.75,0.0,6.9,3
T02339,2026-03-18 11:31,Downtown,In store,Card,Yes,3,10.5,1.26,5.7,
T02340,2026-03-18 11:31,Riverside,In store,Card,No,2,7.75,0.86,6.9,
T02341,2026-03-18 11:38,Riverside,In store,Card,No,2,9.0,0.0,1.3,4
T02342,2026-03-18 11:39,University,In store,Card,Yes,2,7.75,1.41,7.0,
T02343,2026-03-18 11:42,University,Mobile app,App,Yes,2,6.5,0.0,1.0,
T02344,2026-03-18 11:50,University,In store,Cash,No,2,7.7,0.0,4.0,
T02345,2026-03-18 12:00,Downtown,In store,Card,No,1,2.95,0.36,3.6,
T02346,2026-03-18 12:07,Riverside,In store,Card,Yes,2,7.75,1.07,2.9,5
T02347,2026-03-18 12:08,University,In store,Card,No,1,3.25,0.0,3.3,
T02348,2026-03-18 12:09,Riverside,In store,Card,No,1,4.5,0.76,9.3,
T02349,2026-03-18 12:17,Downtown,In store,Card,No,1,4.75,0.53,3.1,
T02350,2026-03-18 12:18,Riverside,In store,Card,No,2,7.45,0.0,1.8,5
T02351,2026-03-18 12:23,Downtown,In store,Cash,No,2,6.2,0.0,24.2,
T02352,2026-03-18 12:27,Riverside,In store,Cash,No,1,4.75,0.0,2.3,
T02353,2026-03-18 12:30,University,In store,Card,No,3,12.25,0.0,10.7,
T02354,2026-03-18 12:42,Riverside,In store,Cash,No,1,3.25,0.0,7.6,
T02355,2026-03-18 13:02,Downtown,In store,Card,Yes,2,7.75,0.0,8.8,
T02356,2026-03-18 13:10,Downtown,In store,Card,No,2,8.5,0.0,3.5,
T02357,2026-03-18 13:17,University,In store,Card,Yes,2,6.0,0.61,5.3,2
T02358,2026-03-18 13:17,Downtown,Mobile app,App,Yes,1,4.5,0.73,1.2,4
T02359,2026-03-18 13:22,University,Mobile app,App,Yes,1,4.25,0.0,3.9,4
T02360,2026-03-18 13:36,Downtown,In store,Card,Yes,1,3.25,0.33,11.8,3
T02361,2026-03-18 13:52,University,In store,Card,No,1,4.75,0.0,7.8,
T02362,2026-03-18 13:56,Downtown,Mobile app,App,Yes,2,5.95,0.86,1.5,
T02363,2026-03-18 13:57,Riverside,In store,Cash,No,1,2.95,0.0,2.5,
T02364,2026-03-18 13:57,Riverside,In store,Card,Yes,1,3.0,0.56,0.7,
T02365,2026-03-18 14:10,University,In store,Card,No,1,4.25,0.0,5.2,
T02366,2026-03-18 14:10,University,In store,Cash,No,1,4.5,0.0,6.0,
T02367,2026-03-18 14:13,Riverside,In store,Card,No,1,3.25,0.0,2.4,
T02368,2026-03-18 14:16,Downtown,Mobile app,App,No,1,3.25,0.52,4.4,
T02369,2026-03-18 14:18,Downtown,In store,Cash,Yes,1,4.5,0.0,10.5,2
T02370,2026-03-18 14:18,Downtown,In store,Card,No,1,4.75,0.0,2.1,
T02371,2026-03-18 14:21,University,In store,Card,Yes,2,9.25,1.56,2.4,5
T02372,2026-03-18 14:23,University,In store,Card,No,2,9.0,0.91,2.9,
T02373,2026-03-18 14:34,Downtown,In store,Card,No,3,10.45,0.0,2.4,4
T02374,2026-03-18 14:39,Downtown,In store,Cash,Yes,2,7.75,0.0,2.8,
T02375,2026-03-18 14:42,Riverside,In store,Cash,No,3,10.5,0.0,3.4,
T02376,2026-03-18 14:44,Downtown,In store,Card,No,1,4.25,0.57,4.4,3
T02377,2026-03-18 14:44,Riverside,In store,Cash,No,1,4.5,0.0,0.7,
T02378,2026-03-18 14:50,Riverside,In store,Card,Yes,1,4.5,0.68,3.6,
T02379,2026-03-18 14:52,University,In store,Card,No,1,2.95,0.0,4.0,
T02380,2026-03-18 14:54,University,In store,Card,Yes,3,12.0,1.33,2.8,
T02381,2026-03-18 15:08,Riverside,In store,Cash,No,2,7.75,0.0,4.8,
T02382,2026-03-18 15:11,University,In store,Card,No,1,4.5,0.0,12.1,
T02383,2026-03-18 15:13,University,In store,Cash,No,1,4.5,0.0,1.1,
T02384,2026-03-18 15:15,University,Mobile app,App,Yes,3,11.95,2.23,1.3,4
T02385,2026-03-18 15:18,University,In store,Cash,Yes,1,4.25,0.0,1.0,
T02386,2026-03-18 15:24,University,Mobile app,App,Yes,2,7.25,0.0,1.7,
T02387,2026-03-18 15:26,University,Mobile app,App,Yes,3,11.7,0.0,1.2,
T02388,2026-03-18 15:36,Riverside,In store,Cash,No,2,9.0,0.0,1.3,5
T02389,2026-03-18 15:47,Riverside,In store,Cash,Yes,1,4.75,0.0,2.8,5
T02390,2026-03-18 15:58,Downtown,In store,Cash,Yes,3,14.0,0.0,4.0,
T02391,2026-03-18 16:00,University,Mobile app,App,No,1,4.25,0.83,2.6,4
T02392,2026-03-18 16:01,Riverside,In store,Card,Yes,1,3.0,0.54,3.5,
T02393,2026-03-18 16:13,Downtown,In store,Card,No,2,7.2,1.21,2.8,
T02394,2026-03-18 16:22,Downtown,In store,Card,No,1,4.75,0.0,3.4,
T02395,2026-03-18 16:23,Downtown,In store,Card,Yes,1,3.0,0.35,3.2,
T02396,2026-03-18 16:26,Riverside,In store,Card,Yes,4,16.25,0.0,4.0,
T02397,2026-03-18 16:44,University,Mobile app,App,No,1,3.25,0.62,0.9,5
T02398,2026-03-18 16:54,University,In store,Card,No,1,3.0,0.46,2.8,4
T02399,2026-03-18 17:07,Downtown,In store,Card,Yes,2,9.0,0.0,4.9,
T02400,2026-03-18 17:08,Downtown,In store,Card,No,2,8.75,1.69,1.4,
T02401,2026-03-18 17:12,University,In store,Card,No,2,9.25,1.36,2.0,
T02402,2026-03-18 17:14,Downtown,In store,Card,Yes,4,16.75,3.08,0.7,
T02403,2026-03-18 17:29,University,Mobile app,App,Yes,1,2.95,0.0,2.0,5
T02404,2026-03-18 17:40,University,In store,Card,No,1,4.5,0.55,3.6,2
T02405,2026-03-19 06:25,Downtown,In store,Card,Yes,1,4.5,0.68,4.0,3
T02406,2026-03-19 06:28,Downtown,In store,Card,Yes,4,17.5,2.76,4.1,4
T02407,2026-03-19 06:33,Riverside,In store,Cash,Yes,2,7.2,0.0,1.6,
T02408,2026-03-19 06:50,Downtown,In store,Card,Yes,3,12.0,0.0,7.6,
T02409,2026-03-19 07:08,Downtown,Mobile app,App,Yes,1,3.0,0.52,0.3,5
T02410,2026-03-19 07:19,University,In store,Card,No,2,7.5,0.0,3.4,
T02411,2026-03-19 07:20,Riverside,In store,Card,No,2,7.5,0.8,2.0,
T02412,2026-03-19 07:23,Downtown,Mobile app,App,Yes,1,4.25,0.84,0.6,
T02413,2026-03-19 07:23,Downtown,In store,Card,No,2,7.45,0.75,4.8,
T02414,2026-03-19 07:24,Downtown,In store,Card,No,2,8.0,0.86,7.2,
T02415,2026-03-19 07:26,Downtown,In store,Card,No,3,11.25,0.0,11.2,
T02416,2026-03-19 07:27,Downtown,In store,Cash,No,1,4.75,0.0,8.1,
T02417,2026-03-19 07:28,Downtown,In store,Card,No,1,4.75,0.76,4.6,4
T02418,2026-03-19 07:28,Downtown,In store,Card,Yes,1,4.75,0.74,2.8,
T02419,2026-03-19 07:29,University,In store,Card,Yes,2,8.75,0.0,3.7,
T02420,2026-03-19 07:46,Downtown,In store,Cash,No,1,4.75,0.0,7.9,
T02421,2026-03-19 07:47,Downtown,Mobile app,App,Yes,1,2.95,0.51,1.3,
T02422,2026-03-19 07:48,University,In store,Cash,No,2,7.7,0.0,8.7,2
T02423,2026-03-19 07:48,Riverside,In store,Card,Yes,5,18.25,2.32,1.3,
T02424,2026-03-19 08:04,Downtown,In store,Card,No,2,9.25,0.98,13.0,
T02425,2026-03-19 08:05,University,In store,Card,Yes,1,3.25,0.0,3.4,5
T02426,2026-03-19 08:07,Downtown,In store,Card,No,1,4.25,0.59,8.1,2
T02427,2026-03-19 08:09,Downtown,In store,Card,Yes,2,7.2,1.34,19.2,1
T02428,2026-03-19 08:11,Downtown,In store,Card,No,1,4.25,0.0,22.5,
T02429,2026-03-19 08:15,Downtown,In store,Cash,No,1,4.5,0.0,18.9,
T02430,2026-03-19 08:15,Downtown,In store,Card,No,2,9.0,0.0,17.5,
T02431,2026-03-19 08:17,University,In store,Card,No,2,7.5,1.13,4.8,
T02432,2026-03-19 08:19,University,In store,Card,No,1,4.25,0.44,4.5,4
T02433,2026-03-19 08:22,University,Mobile app,App,Yes,3,10.45,1.29,2.0,4
T02434,2026-03-19 08:23,Downtown,In store,Card,No,1,3.25,0.43,22.1,
T02435,2026-03-19 08:23,Downtown,In store,Card,No,2,7.5,1.44,4.8,
T02436,2026-03-19 08:32,Downtown,In store,Card,No,1,4.75,0.79,13.3,2
T02437,2026-03-19 08:33,Downtown,In store,Cash,No,1,3.0,0.0,20.3,1
T02438,2026-03-19 08:35,Downtown,In store,Card,No,1,3.25,0.36,29.0,
T02439,2026-03-19 08:37,Riverside,Mobile app,App,No,1,3.25,0.41,1.9,
T02440,2026-03-19 08:38,Downtown,Mobile app,App,Yes,1,3.25,0.58,1.4,
T02441,2026-03-19 08:46,Downtown,In store,Cash,Yes,4,16.5,0.0,14.5,
T02442,2026-03-19 08:52,Riverside,In store,Cash,No,2,8.0,0.0,6.1,4
T02443,2026-03-19 08:56,Downtown,In store,Card,No,1,4.75,0.0,4.0,4
T02444,2026-03-19 08:56,Downtown,In store,Card,Yes,2,7.75,0.92,15.0,
T02445,2026-03-19 08:58,University,In store,Card,Yes,1,3.25,0.0,5.0,5
T02446,2026-03-19 08:59,Downtown,In store,Card,No,2,9.0,1.18,38.0,
T02447,2026-03-19 09:11,University,In store,Card,No,1,4.25,0.0,5.7,
T02448,2026-03-19 09:16,Riverside,In store,Card,Yes,4,16.2,0.0,0.7,3
T02449,2026-03-19 09:25,Riverside,In store,Card,No,1,4.25,0.7,3.3,
T02450,2026-03-19 09:25,Riverside,In store,Card,No,2,7.75,0.0,4.5,
T02451,2026-03-19 09:26,Downtown,Mobile app,App,Yes,1,4.25,0.0,1.3,
T02452,2026-03-19 09:30,University,In store,Card,No,2,9.5,0.0,5.0,
T02453,2026-03-19 09:39,University,In store,Card,No,2,7.75,1.09,3.4,5
T02454,2026-03-19 09:43,Downtown,In store,Card,No,2,7.5,0.0,2.3,
T02455,2026-03-19 09:46,Riverside,In store,Card,No,2,7.25,0.74,4.0,
T02456,2026-03-19 09:49,Downtown,In store,Card,Yes,2,7.75,1.53,19.4,
T02457,2026-03-19 09:50,Downtown,In store,Card,No,1,3.25,0.57,4.8,4
T02458,2026-03-19 09:51,University,Mobile app,App,No,1,4.75,0.76,1.2,
T02459,2026-03-19 09:51,University,In store,Card,No,2,8.5,0.0,9.8,
T02460,2026-03-19 09:53,University,Mobile app,App,Yes,1,3.0,0.52,0.6,
T02461,2026-03-19 09:54,Downtown,In store,Card,No,1,4.5,0.0,11.4,2
T02462,2026-03-19 09:54,Downtown,In store,Card,No,1,3.25,0.56,7.7,4
T02463,2026-03-19 09:58,Riverside,In store,Card,No,2,8.75,1.15,3.2,3
T02464,2026-03-19 10:00,Downtown,In store,Cash,No,1,4.75,0.0,7.4,
T02465,2026-03-19 10:00,University,In store,Card,No,2,7.7,0.0,12.2,
T02466,2026-03-19 10:02,Downtown,In store,Card,No,2,9.0,1.41,9.1,
T02467,2026-03-19 10:03,Downtown,In store,Card,Yes,2,7.75,0.0,5.6,4
T02468,2026-03-19 10:09,University,In store,Card,No,1,3.0,0.5,3.7,
T02469,2026-03-19 10:10,University,Mobile app,App,Yes,2,6.25,0.0,1.9,5
T02470,2026-03-19 10:13,Riverside,Mobile app,App,Yes,3,12.0,1.67,0.8,
T02471,2026-03-19 10:14,Riverside,In store,Card,No,1,4.5,0.0,7.9,
T02472,2026-03-19 10:16,Downtown,In store,Card,No,1,4.5,0.0,9.2,
T02473,2026-03-19 10:18,Riverside,Mobile app,Voucher,Yes,1,0.0,0.0,2.1,
T02474,2026-03-19 10:19,University,In store,Card,No,1,3.25,0.61,10.8,3
T02475,2026-03-19 10:30,Downtown,Mobile app,App,No,2,9.25,0.0,1.3,5
T02476,2026-03-19 10:31,University,Mobile app,App,No,1,2.95,0.53,1.1,
T02477,2026-03-19 10:39,Downtown,Mobile app,App,Yes,3,12.0,2.48,0.3,5
T02478,2026-03-19 10:43,Riverside,In store,Cash,No,1,4.75,0.0,6.9,
T02479,2026-03-19 10:50,Riverside,In store,Cash,Yes,2,7.5,0.0,3.3,
T02480,2026-03-19 10:54,University,In store,Card,Yes,2,8.5,0.0,6.8,4
T02481,2026-03-19 10:54,Riverside,In store,Cash,No,2,9.0,0.0,1.8,
T02482,2026-03-19 10:56,Riverside,In store,Card,No,1,3.0,0.0,3.3,3
T02483,2026-03-19 10:58,Downtown,In store,Card,No,1,4.5,0.0,3.6,
T02484,2026-03-19 11:00,University,In store,Card,No,1,3.0,0.56,2.2,5
T02485,2026-03-19 11:04,University,In store,Card,No,2,5.95,0.72,1.4,
T02486,2026-03-19 11:18,University,In store,Cash,No,1,2.95,0.0,2.8,
T02487,2026-03-19 11:19,Riverside,In store,Cash,No,1,4.25,0.0,4.3,
T02488,2026-03-19 11:22,University,In store,Card,No,2,7.75,0.0,10.1,2
T02489,2026-03-19 11:23,Downtown,In store,Card,No,1,3.0,0.57,2.0,
T02490,2026-03-19 11:24,Riverside,In store,Card,No,1,4.5,0.71,4.7,
T02491,2026-03-19 11:32,Downtown,In store,Cash,Yes,2,8.75,0.0,4.0,4
T02492,2026-03-19 11:39,Downtown,In store,Card,Yes,1,4.25,0.54,4.7,5
T02493,2026-03-19 11:45,Downtown,In store,Card,Yes,34,132.8,13.44,20.1,
T02494,2026-03-19 11:46,University,Mobile app,App,Yes,3,10.45,2.18,3.5,4
T02495,2026-03-19 11:50,University,In store,Card,No,1,2.95,0.4,6.3,
T02496,2026-03-19 11:57,Riverside,Mobile app,App,Yes,2,7.7,1.64,1.4,
T02497,2026-03-19 12:00,University,Mobile app,App,Yes,1,4.5,0.72,3.0,2
T02498,2026-03-19 12:02,University,In store,Card,No,2,6.2,0.84,6.8,
T02499,2026-03-19 12:12,Riverside,In store,Card,Yes,1,3.25,0.0,3.5,5
T02500,2026-03-19 12:12,University,In store,Card,No,1,4.75,0.71,7.4,
T02501,2026-03-19 12:18,Riverside,In store,Cash,Yes,2,5.95,0.0,2.8,
T02502,2026-03-19 12:19,Riverside,In store,Card,Yes,1,3.0,0.0,0.9,4
T02503,2026-03-19 12:22,Riverside,In store,Card,No,3,12.0,1.44,4.4,
T02504,2026-03-19 12:28,University,In store,Cash,No,1,4.75,0.0,3.7,4
T02505,2026-03-19 12:28,University,Mobile app,App,Yes,1,3.25,0.0,1.0,
T02506,2026-03-19 12:32,University,In store,Card,Yes,1,4.75,0.0,3.6,2
T02507,2026-03-19 12:36,Riverside,In store,Cash,Yes,1,4.75,0.0,1.2,5
T02508,2026-03-19 12:36,University,Mobile app,App,Yes,1,2.95,0.41,1.7,
T02509,2026-03-19 12:38,Downtown,Mobile app,App,Yes,1,4.5,0.83,1.4,5
T02510,2026-03-19 12:42,University,In store,Card,Yes,1,4.5,0.59,7.8,
T02511,2026-03-19 12:45,Downtown,Mobile app,App,No,1,3.25,0.0,3.0,
T02512,2026-03-19 12:45,Downtown,In store,Cash,Yes,2,7.5,0.0,5.8,
T02513,2026-03-19 12:48,Riverside,In store,Cash,No,1,4.75,0.0,3.7,
T02514,2026-03-19 12:50,Downtown,In store,Cash,No,1,4.25,0.0,7.6,3
T02515,2026-03-19 13:07,University,In store,Card,No,1,4.5,0.0,4.1,5
T02516,2026-03-19 13:14,University,In store,Card,No,1,4.25,0.43,5.5,5
T02517,2026-03-19 13:38,Downtown,In store,Card,Yes,2,7.45,1.48,6.5,
T02518,2026-03-19 13:43,University,Mobile app,App,Yes,3,13.75,2.51,1.3,3
T02519,2026-03-19 13:48,Downtown,Mobile app,App,Yes,3,11.7,2.09,1.1,
T02520,2026-03-19 13:54,Riverside,In store,Cash,No,1,4.5,0.0,5.6,4
T02521,2026-03-19 13:54,Downtown,In store,Cash,Yes,2,8.0,0.0,7.2,
T02522,2026-03-19 13:58,Downtown,Mobile app,App,Yes,1,4.25,0.92,1.5,
T02523,2026-03-19 13:58,Downtown,In store,Card,No,1,3.25,0.57,2.7,
T02524,2026-03-19 14:16,University,In store,Cash,No,1,2.95,0.0,2.6,
T02525,2026-03-19 14:24,University,In store,Card,No,1,4.5,0.0,8.4,
T02526,2026-03-19 14:29,University,Mobile app,App,Yes,3,10.5,2.28,4.2,4
T02527,2026-03-19 14:31,Riverside,In store,Card,No,1,4.25,0.0,1.4,4
T02528,2026-03-19 14:34,University,Mobile app,Voucher,Yes,1,0.0,0.0,0.3,
T02529,2026-03-19 14:38,University,In store,Card,No,1,3.0,0.58,2.2,
T02530,2026-03-19 14:52,University,In store,Cash,No,1,2.95,0.0,2.7,4
T02531,2026-03-19 14:52,University,Mobile app,App,Yes,1,2.95,0.0,1.4,5
T02532,2026-03-19 14:56,University,In store,Card,Yes,1,4.5,0.0,2.1,3
T02533,2026-03-19 15:09,University,In store,Card,Yes,2,7.2,0.81,5.6,3
T02534,2026-03-19 15:12,Riverside,Mobile app,App,No,1,4.75,0.99,1.4,
T02535,2026-03-19 15:14,Riverside,In store,Card,No,1,4.5,0.74,1.5,
T02536,2026-03-19 15:15,University,Mobile app,App,Yes,1,4.25,0.85,2.5,5
T02537,2026-03-19 15:16,Riverside,In store,Card,No,1,4.5,0.47,2.2,
T02538,2026-03-19 15:16,University,In store,Card,No,1,4.25,0.77,4.7,
T02539,2026-03-19 15:37,University,In store,Card,No,1,4.25,0.83,7.7,
T02540,2026-03-19 15:55,University,In store,Card,No,2,7.25,0.0,4.3,4
T02541,2026-03-19 15:56,University,Mobile app,App,Yes,1,4.5,0.71,0.5,
T02542,2026-03-19 16:13,Riverside,In store,Cash,No,1,4.25,0.0,7.8,
T02543,2026-03-19 16:27,Riverside,In store,Card,No,1,3.0,0.0,2.3,
T02544,2026-03-19 16:30,Riverside,In store,Card,Yes,2,8.0,0.0,3.0,4
T02545,2026-03-19 16:41,Downtown,In store,Card,No,1,4.5,0.0,3.0,4
T02546,2026-03-19 16:43,University,In store,Card,No,1,4.75,0.66,4.9,
T02547,2026-03-19 16:46,Downtown,In store,Card,No,3,12.0,1.55,7.4,
T02548,2026-03-19 16:47,Riverside,In store,Card,No,2,7.75,0.99,2.7,
T02549,2026-03-19 17:02,Downtown,In store,Card,No,1,3.0,0.33,4.2,5
T02550,2026-03-19 17:05,Riverside,In store,Card,Yes,1,3.0,0.5,1.0,
T02551,2026-03-19 17:32,Riverside,In store,Cash,No,2,7.7,0.0,2.6,
T02552,2026-03-19 17:56,Downtown,Mobile app,App,Yes,1,4.25,0.0,1.9,5
T02553,2026-03-19 17:56,Riverside,In store,Card,Yes,1,4.5,0.0,1.8,5
T02554,2026-03-20 06:04,Downtown,In store,Card,No,1,4.5,0.65,4.7,3
T02555,2026-03-20 06:36,Downtown,In store,Card,No,2,9.0,1.53,9.4,
T02556,2026-03-20 06:47,Downtown,In store,Cash,No,1,4.75,0.0,3.2,
T02557,2026-03-20 06:57,Riverside,In store,Card,Yes,1,2.95,0.0,2.0,4
T02558,2026-03-20 07:08,Downtown,In store,Card,No,2,8.75,0.0,1.9,
T02559,2026-03-20 07:13,Riverside,In store,Cash,No,2,9.25,0.0,4.2,
T02560,2026-03-20 07:18,Downtown,In store,Card,Yes,2,7.7,0.0,8.7,3
T02561,2026-03-20 07:22,Riverside,In store,Card,Yes,4,13.15,1.48,3.2,
T02562,2026-03-20 07:44,Riverside,In store,Cash,No,1,3.25,0.0,2.9,
T02563,2026-03-20 07:52,Downtown,In store,Card,No,1,4.5,0.0,12.4,
T02564,2026-03-20 08:00,Riverside,In store,Cash,No,2,9.0,0.0,3.8,
T02565,2026-03-20 08:00,Downtown,In store,Card,Yes,2,7.45,0.0,18.0,2
T02566,2026-03-20 08:01,Downtown,In store,Card,No,1,3.0,0.5,7.6,4
T02567,2026-03-20 08:02,Downtown,In store,Card,Yes,1,2.95,0.56,11.9,
T02568,2026-03-20 08:08,Downtown,In store,Card,No,1,3.25,0.59,4.7,3
T02569,2026-03-20 08:08,Downtown,In store,Cash,Yes,1,2.95,0.0,4.4,
T02570,2026-03-20 08:09,Downtown,In store,Card,Yes,1,2.95,0.4,15.8,
T02571,2026-03-20 08:16,Downtown,In store,Card,Yes,1,3.25,0.64,22.0,
T02572,2026-03-20 08:26,University,In store,Card,No,1,4.25,0.57,8.3,
T02573,2026-03-20 08:27,Downtown,In store,Cash,No,1,2.95,0.0,18.7,
T02574,2026-03-20 08:27,Downtown,In store,Card,No,1,4.5,0.77,6.9,
T02575,2026-03-20 08:28,Riverside,In store,Card,No,1,4.75,0.0,2.5,
T02576,2026-03-20 08:30,Riverside,In store,Card,No,2,7.45,0.0,2.4,
T02577,2026-03-20 08:33,Riverside,In store,Cash,No,2,7.5,0.0,2.3,
T02578,2026-03-20 08:36,Downtown,In store,Card,No,2,8.75,0.0,15.1,1
T02579,2026-03-20 08:36,Downtown,Mobile app,App,Yes,3,13.5,1.71,1.5,5
T02580,2026-03-20 08:37,University,In store,Cash,No,1,4.25,0.0,1.0,
T02581,2026-03-20 08:46,Downtown,In store,Card,No,1,4.5,0.0,6.5,
T02582,2026-03-20 08:49,Downtown,In store,Card,Yes,3,12.0,0.0,3.9,4
T02583,2026-03-20 08:51,Downtown,In store,Card,Yes,1,3.0,0.49,12.2,2
T02584,2026-03-20 08:53,Downtown,Mobile app,App,No,1,4.5,0.82,0.4,
T02585,2026-03-20 08:55,Downtown,Mobile app,App,Yes,4,15.2,3.26,1.3,
T02586,2026-03-20 09:05,Downtown,Mobile app,App,Yes,1,3.25,0.0,1.2,3
T02587,2026-03-20 09:05,Riverside,In store,Card,No,3,11.0,2.06,3.5,
T02588,2026-03-20 09:08,Downtown,In store,Card,No,1,2.95,0.31,20.5,1
T02589,2026-03-20 09:14,Riverside,In store,Card,No,2,7.2,0.0,0.7,
T02590,2026-03-20 09:34,Riverside,In store,Card,No,1,3.25,0.44,1.7,
T02591,2026-03-20 09:36,Riverside,In store,Cash,No,2,7.75,0.0,3.7,4
T02592,2026-03-20 09:41,University,Mobile app,App,Yes,1,3.25,0.55,1.0,3
T02593,2026-03-20 09:46,Downtown,In store,Card,No,1,4.75,0.94,7.8,
T02594,2026-03-20 09:46,Riverside,In store,Cash,Yes,1,4.75,0.0,1.9,
T02595,2026-03-20 09:47,Downtown,In store,Card,Yes,2,7.5,1.45,9.1,3
T02596,2026-03-20 09:54,Downtown,In store,Cash,Yes,2,7.2,0.0,14.5,1
T02597,2026-03-20 09:56,Downtown,In store,Card,No,2,8.5,0.0,9.1,2
T02598,2026-03-20 10:06,Riverside,In store,Card,Yes,4,15.25,3.02,3.6,
T02599,2026-03-20 10:06,Downtown,In store,Card,No,1,4.75,0.0,7.1,
T02600,2026-03-20 10:09,Downtown,Mobile app,App,No,1,3.25,0.44,1.3,5
T02601,2026-03-20 10:17,University,Mobile app,App,Yes,2,6.5,0.87,1.5,4
T02602,2026-03-20 10:17,Riverside,In store,Voucher,Yes,1,0.0,0.0,1.4,5
T02603,2026-03-20 10:29,University,Mobile app,App,Yes,1,2.95,0.38,0.7,5
T02604,2026-03-20 10:36,Downtown,In store,Card,No,3,12.25,1.27,3.8,
T02605,2026-03-20 10:37,Downtown,Mobile app,App,Yes,3,12.0,2.47,3.9,
T02606,2026-03-20 10:37,University,In store,Card,No,1,3.25,0.37,3.5,
T02607,2026-03-20 10:39,Downtown,In store,Card,No,2,9.0,1.62,4.6,
T02608,2026-03-20 10:42,University,In store,Card,No,1,4.25,0.44,4.6,4
T02609,2026-03-20 10:50,University,In store,Card,No,1,3.25,0.35,9.1,
T02610,2026-03-20 10:51,University,In store,Card,No,1,4.25,0.68,7.1,3
T02611,2026-03-20 10:52,Riverside,In store,Card,No,2,7.5,0.0,8.2,3
T02612,2026-03-20 11:02,University,Mobile app,App,Yes,2,7.7,1.18,2.0,
T02613,2026-03-20 11:04,University,Mobile app,App,Yes,1,4.75,0.92,1.5,
T02614,2026-03-20 11:10,University,In store,Card,No,2,7.45,0.0,7.1,5
T02615,2026-03-20 11:10,Downtown,In store,Card,Yes,1,3.25,0.0,1.7,5
T02616,2026-03-20 11:11,University,Mobile app,App,No,3,11.95,0.0,2.0,
T02617,2026-03-20 11:11,Downtown,Mobile app,App,Yes,1,3.0,0.62,0.9,
T02618,2026-03-20 11:11,University,In store,Card,No,1,3.25,0.4,9.3,
T02619,2026-03-20 11:16,University,Mobile app,App,Yes,2,7.75,1.05,0.8,5
T02620,2026-03-20 11:33,Riverside,In store,Card,No,1,3.0,0.0,5.5,
T02621,2026-03-20 11:37,Downtown,In store,Card,No,1,4.25,0.67,1.1,
T02622,2026-03-20 11:44,Riverside,In store,Card,No,2,8.75,0.0,3.8,
T02623,2026-03-20 11:48,University,In store,Card,No,1,3.25,0.0,1.1,
T02624,2026-03-20 11:49,University,Mobile app,App,Yes,2,7.5,0.0,0.3,
T02625,2026-03-20 11:54,Riverside,In store,Card,No,2,9.25,0.0,8.2,4
T02626,2026-03-20 11:57,University,In store,Cash,No,1,3.25,0.0,2.6,
T02627,2026-03-20 12:01,Downtown,Mobile app,App,Yes,2,7.75,1.02,0.7,
T02628,2026-03-20 12:05,Downtown,In store,Card,Yes,2,6.2,0.88,7.0,
T02629,2026-03-20 12:05,Downtown,In store,Cash,No,1,4.75,0.0,4.7,
T02630,2026-03-20 12:07,Riverside,In store,Cash,Yes,2,8.75,0.0,3.2,
T02631,2026-03-20 12:22,University,In store,Card,Yes,2,8.5,0.0,1.2,
T02632,2026-03-20 12:22,Downtown,In store,Card,Yes,1,2.95,0.54,8.7,3
T02633,2026-03-20 12:23,Downtown,In store,Card,No,3,8.95,0.0,5.9,
T02634,2026-03-20 12:30,University,In store,Card,No,1,4.5,0.0,9.7,
T02635,2026-03-20 12:31,University,In store,Card,No,2,8.0,0.91,7.5,
T02636,2026-03-20 12:31,Downtown,In store,Card,No,1,4.5,0.0,3.9,
T02637,2026-03-20 12:38,Downtown,Mobile app,App,Yes,1,4.5,0.0,1.0,
T02638,2026-03-20 12:49,University,In store,Card,Yes,2,7.75,1.23,6.2,5
T02639,2026-03-20 12:50,University,Mobile app,App,Yes,2,7.75,0.0,0.8,5
T02640,2026-03-20 12:50,Riverside,In store,Card,Yes,5,18.15,2.54,1.7,
T02641,2026-03-20 12:58,Riverside,Mobile app,App,Yes,3,12.75,1.85,4.2,
T02642,2026-03-20 12:59,Riverside,In store,Card,Yes,2,7.45,1.17,1.0,
T02643,2026-03-20 13:00,Downtown,Mobile app,App,Yes,3,11.0,2.04,0.6,4
T02644,2026-03-20 13:02,Downtown,In store,Card,Yes,1,3.25,0.37,6.7,
T02645,2026-03-20 13:03,Riverside,In store,Card,No,1,4.5,0.69,1.6,
T02646,2026-03-20 13:04,Riverside,In store,Card,Yes,2,7.75,0.0,5.0,3
T02647,2026-03-20 13:04,University,Mobile app,App,Yes,2,8.0,0.0,1.2,
T02648,2026-03-20 13:08,Downtown,In store,Card,Yes,5,18.7,2.69,2.7,4
T02649,2026-03-20 13:08,Riverside,In store,Card,No,2,7.7,1.16,1.8,5
T02650,2026-03-20 13:11,Riverside,Mobile app,App,Yes,2,6.2,0.75,1.6,5
T02651,2026-03-20 13:14,Riverside,In store,Card,No,1,3.0,0.0,4.7,
T02652,2026-03-20 13:15,Riverside,In store,Card,Yes,1,3.0,0.44,1.6,
T02653,2026-03-20 13:15,Downtown,Mobile app,App,Yes,1,4.5,0.69,1.2,
T02654,2026-03-20 13:17,University,In store,Card,No,2,5.95,1.12,2.0,
T02655,2026-03-20 13:18,Downtown,In store,Card,No,2,5.9,1.14,9.8,4
T02656,2026-03-20 13:22,Downtown,In store,Card,No,1,4.5,0.83,1.4,4
T02657,2026-03-20 13:24,Downtown,In store,Card,No,1,4.25,0.0,4.3,
T02658,2026-03-20 13:27,Downtown,In store,Card,Yes,2,7.45,0.0,8.0,4
T02659,2026-03-20 13:29,University,In store,Card,No,2,8.75,0.0,8.9,
T02660,2026-03-20 13:48,University,Mobile app,App,No,1,4.5,0.7,1.7,
T02661,2026-03-20 13:49,Downtown,Mobile app,App,No,2,6.0,0.0,2.3,
T02662,2026-03-20 13:59,Riverside,In store,Cash,Yes,1,3.25,0.0,1.9,4
T02663,2026-03-20 14:00,Downtown,In store,Card,Yes,3,9.5,0.0,1.1,
T02664,2026-03-20 14:01,Riverside,In store,Card,Yes,2,6.25,0.0,0.9,5
T02665,2026-03-20 14:01,Downtown,In store,Card,No,1,4.25,0.64,6.0,
T02666,2026-03-20 14:03,University,Mobile app,App,Yes,2,7.5,0.0,0.5,
T02667,2026-03-20 14:07,University,In store,Card,No,1,4.5,0.0,4.5,4
T02668,2026-03-20 14:11,Riverside,In store,Card,No,4,15.75,1.94,1.0,5
T02669,2026-03-20 14:12,University,In store,Card,Yes,4,12.45,0.0,11.0,3
T02670,2026-03-20 14:13,Downtown,In store,Card,No,2,7.5,0.78,2.1,
T02671,2026-03-20 14:19,Downtown,Mobile app,App,Yes,1,3.25,0.65,0.8,5
T02672,2026-03-20 14:20,University,In store,Card,No,2,5.95,0.61,4.6,
T02673,2026-03-20 14:25,University,In store,Card,No,1,3.25,0.0,2.9,
T02674,2026-03-20 14:26,University,Mobile app,App,Yes,2,7.75,0.93,1.2,
T02675,2026-03-20 14:29,University,Mobile app,App,Yes,1,2.95,0.57,0.8,
T02676,2026-03-20 14:34,Downtown,In store,Card,Yes,2,7.7,1.28,1.6,5
T02677,2026-03-20 14:38,University,Mobile app,App,Yes,2,6.2,1.21,0.3,
T02678,2026-03-20 14:38,University,Mobile app,App,Yes,1,3.0,0.42,1.7,4
T02679,2026-03-20 14:46,Riverside,In store,Card,No,1,3.0,0.0,4.0,
T02680,2026-03-20 14:47,University,Mobile app,App,Yes,2,7.75,1.33,1.9,4
T02681,2026-03-20 14:50,University,In store,Card,No,1,2.95,0.0,7.5,3
T02682,2026-03-20 14:59,University,Mobile app,App,Yes,4,18.25,3.04,1.7,
T02683,2026-03-20 15:02,Riverside,In store,Cash,No,3,12.0,0.0,2.3,5
T02684,2026-03-20 15:06,University,In store,Card,Yes,2,9.25,0.0,1.8,
T02685,2026-03-20 15:12,Downtown,In store,Card,No,1,4.75,0.61,4.3,
T02686,2026-03-20 15:12,University,Mobile app,App,Yes,1,4.75,1.03,2.3,3
T02687,2026-03-20 15:12,Downtown,In store,Card,Yes,2,7.5,0.96,4.3,3
T02688,2026-03-20 15:16,Riverside,In store,Card,No,2,9.0,0.0,5.4,
T02689,2026-03-20 15:24,University,In store,Card,No,1,2.95,0.37,5.7,4
T02690,2026-03-20 15:31,University,Mobile app,App,Yes,1,4.5,0.91,0.3,5
T02691,2026-03-20 15:37,University,Mobile app,App,Yes,2,7.5,0.0,0.8,
T02692,2026-03-20 15:37,University,Mobile app,App,Yes,2,9.0,1.17,2.2,4
T02693,2026-03-20 15:38,University,Mobile app,App,No,1,3.25,0.0,1.0,
T02694,2026-03-20 15:57,University,In store,Card,No,1,4.75,0.0,4.3,
T02695,2026-03-20 16:13,University,In store,Card,No,1,4.5,0.0,4.0,4
T02696,2026-03-20 16:25,Downtown,In store,Card,No,1,4.75,0.0,2.2,
T02697,2026-03-20 16:29,Downtown,In store,Card,Yes,2,9.25,1.82,2.8,
T02698,2026-03-20 16:36,Riverside,In store,Card,No,1,4.25,0.57,2.5,
T02699,2026-03-20 16:40,Downtown,In store,Card,Yes,2,8.75,0.0,1.4,4
T02700,2026-03-20 16:55,Riverside,In store,Card,Yes,1,3.25,0.0,2.2,5
T02701,2026-03-20 16:56,Downtown,In store,Card,Yes,1,4.25,0.0,4.5,
T02702,2026-03-20 16:58,Riverside,In store,Card,No,1,4.75,0.82,3.5,
T02703,2026-03-20 16:58,Downtown,In store,Card,No,1,4.25,0.76,2.6,
T02704,2026-03-20 17:00,Downtown,In store,Cash,No,3,14.0,0.0,3.2,
T02705,2026-03-20 17:05,University,In store,Card,No,2,8.0,0.0,3.8,4
T02706,2026-03-20 17:35,University,In store,Card,Yes,2,7.5,0.0,2.5,4
T02707,2026-03-20 17:51,University,Mobile app,App,Yes,2,6.25,0.0,1.1,3
T02708,2026-03-21 06:15,University,In store,Card,No,1,2.95,0.45,1.2,
T02709,2026-03-21 06:25,Riverside,In store,Card,Yes,1,2.95,0.0,3.8,
T02710,2026-03-21 06:31,Riverside,In store,Cash,No,1,2.95,0.0,1.2,5
T02711,2026-03-21 07:09,Riverside,Mobile app,App,Yes,2,7.5,0.0,0.9,
T02712,2026-03-21 07:22,Riverside,In store,Card,No,1,3.25,0.6,1.4,
T02713,2026-03-21 07:37,University,In store,Card,No,2,7.25,0.0,3.8,
T02714,2026-03-21 07:58,Downtown,In store,Card,No,1,3.0,0.47,2.4,4
T02715,2026-03-21 07:58,Downtown,In store,Cash,No,2,9.0,0.0,0.9,
T02716,2026-03-21 08:03,Riverside,In store,Card,No,1,4.5,0.0,4.2,4
T02717,2026-03-21 08:16,Downtown,In store,Card,No,2,7.75,1.33,1.6,5
T02718,2026-03-21 08:33,Downtown,In store,Card,Yes,3,12.2,1.55,4.7,
T02719,2026-03-21 08:41,Downtown,In store,Card,Yes,2,5.95,0.0,3.2,4
T02720,2026-03-21 08:42,Riverside,In store,Card,No,2,6.2,0.0,1.4,
T02721,2026-03-21 08:51,University,In store,Card,No,2,8.0,1.16,2.3,5
T02722,2026-03-21 08:53,Downtown,In store,Card,Yes,5,19.15,3.02,5.2,
T02723,2026-03-21 08:59,Downtown,In store,Cash,No,1,3.0,0.0,2.4,
T02724,2026-03-21 09:02,Riverside,In store,Card,No,1,4.25,0.46,2.4,
T02725,2026-03-21 09:05,Downtown,In store,Card,No,2,7.75,0.9,3.6,
T02726,2026-03-21 09:06,Riverside,In store,Card,Yes,3,12.5,2.12,10.3,4
T02727,2026-03-21 09:07,Riverside,In store,Card,No,2,7.25,0.91,7.2,
T02728,2026-03-21 09:11,Downtown,In store,Card,No,1,4.5,0.66,1.8,4
T02729,2026-03-21 09:14,University,Mobile app,App,No,1,4.5,0.7,0.8,
T02730,2026-03-21 09:16,Downtown,Mobile app,App,Yes,1,4.5,0.0,1.0,
T02731,2026-03-21 09:18,Downtown,Mobile app,App,Yes,2,9.25,1.23,2.9,5
T02732,2026-03-21 09:22,Downtown,Mobile app,App,No,4,12.15,2.54,0.4,
T02733,2026-03-21 09:23,University,In store,Card,No,1,4.5,0.79,2.6,5
T02734,2026-03-21 09:27,Downtown,In store,Card,Yes,4,16.2,3.07,6.1,5
T02735,2026-03-21 09:30,Downtown,In store,Card,No,1,4.5,0.73,8.2,3
T02736,2026-03-21 09:31,Riverside,In store,Card,No,2,7.5,0.0,8.0,
T02737,2026-03-21 09:37,Downtown,In store,Card,No,1,3.25,0.58,2.0,4
T02738,2026-03-21 09:42,Riverside,In store,Card,Yes,5,20.75,0.0,5.1,
T02739,2026-03-21 09:45,Riverside,In store,Cash,No,1,4.25,0.0,3.8,
T02740,2026-03-21 09:47,University,In store,Card,No,1,4.75,0.94,1.8,
T02741,2026-03-21 09:47,University,In store,Card,No,1,3.25,0.0,2.1,5
T02742,2026-03-21 09:49,Downtown,Mobile app,App,Yes,4,16.75,2.92,1.6,2
T02743,2026-03-21 09:54,Riverside,In store,Card,Yes,2,6.0,0.0,4.4,4
T02744,2026-03-21 09:55,Riverside,In store,Card,No,2,8.75,0.0,3.6,4
T02745,2026-03-21 09:56,University,In store,Card,No,3,10.75,1.69,3.1,
T02746,2026-03-21 10:01,Downtown,In store,Cash,Yes,1,3.25,0.0,4.3,
T02747,2026-03-21 10:02,Downtown,In store,Cash,Yes,2,9.0,0.0,5.3,
T02748,2026-03-21 10:05,Downtown,In store,Card,No,1,4.5,0.0,7.4,
T02749,2026-03-21 10:14,Downtown,In store,Card,Yes,1,4.25,0.0,4.6,
T02750,2026-03-21 10:15,Downtown,Mobile app,App,Yes,2,7.25,1.44,1.9,4
T02751,2026-03-21 10:27,Downtown,In store,Cash,Yes,2,7.45,0.0,11.7,
T02752,2026-03-21 10:28,Riverside,In store,Card,No,1,4.25,0.43,5.3,5
T02753,2026-03-21 10:29,Riverside,In store,Cash,No,1,3.25,0.0,3.2,
T02754,2026-03-21 10:29,University,In store,Card,Yes,2,8.75,0.0,1.0,
T02755,2026-03-21 10:30,Riverside,In store,Card,No,1,4.5,0.0,12.1,
T02756,2026-03-21 10:32,Downtown,In store,Card,No,1,2.95,0.0,0.6,
T02757,2026-03-21 10:36,Riverside,In store,Card,Yes,2,9.0,0.0,5.8,
T02758,2026-03-21 10:43,Riverside,In store,Card,Yes,1,4.75,0.0,5.8,2
T02759,2026-03-21 10:43,Riverside,In store,Card,No,2,7.5,1.34,1.8,5
T02760,2026-03-21 10:51,Riverside,In store,Card,Yes,2,8.5,1.67,6.7,
T02761,2026-03-21 10:52,Riverside,In store,Card,No,1,2.95,0.32,4.7,3
T02762,2026-03-21 10:52,Riverside,In store,Card,Yes,3,9.75,1.38,8.5,3
T02763,2026-03-21 10:52,University,In store,Card,No,2,7.7,1.47,5.1,
T02764,2026-03-21 10:53,Downtown,In store,Card,No,1,4.75,0.0,7.7,
T02765,2026-03-21 10:54,Riverside,In store,Card,No,1,4.25,0.0,15.4,1
T02766,2026-03-21 10:59,Riverside,In store,Voucher,Yes,1,0.0,0.0,14.7,
T02767,2026-03-21 11:09,Downtown,In store,Card,Yes,1,3.0,0.0,3.0,5
T02768,2026-03-21 11:15,Downtown,In store,Card,No,1,3.25,0.48,4.0,
T02769,2026-03-21 11:22,University,Mobile app,App,Yes,1,4.5,0.62,2.7,5
T02770,2026-03-21 11:22,Downtown,In store,Card,No,1,4.5,0.0,2.6,4
T02771,2026-03-21 11:26,Downtown,In store,Card,No,2,7.5,0.0,7.6,3
T02772,2026-03-21 11:27,Riverside,In store,Card,No,1,4.75,0.77,16.3,
T02773,2026-03-21 11:27,Riverside,In store,Card,Yes,2,9.0,0.0,1.6,
T02774,2026-03-21 11:31,Downtown,In store,Card,Yes,3,13.5,0.0,5.6,
T02775,2026-03-21 11:31,Downtown,In store,Card,No,3,13.5,0.0,2.8,
T02776,2026-03-21 11:35,University,In store,Card,No,2,7.5,0.0,5.9,
T02777,2026-03-21 11:37,Downtown,In store,Card,No,2,7.5,0.0,2.9,
T02778,2026-03-21 11:39,Downtown,In store,Card,No,1,3.0,0.59,5.0,
T02779,2026-03-21 11:40,Downtown,In store,Card,No,1,3.25,0.54,4.2,
T02780,2026-03-21 11:47,Downtown,In store,Card,No,1,4.25,0.52,7.6,3
T02781,2026-03-21 11:51,Downtown,In store,Card,No,1,4.75,0.55,4.9,5
T02782,2026-03-21 11:52,Downtown,In store,Card,No,2,8.75,1.42,1.3,5
T02783,2026-03-21 11:54,Downtown,Mobile app,App,No,1,2.95,0.48,0.6,
T02784,2026-03-21 11:56,Riverside,In store,Card,Yes,1,3.0,0.0,6.0,
T02785,2026-03-21 11:58,Riverside,In store,Card,No,2,9.25,0.97,7.2,
T02786,2026-03-21 12:00,Riverside,In store,Cash,No,1,4.5,0.0,4.8,
T02787,2026-03-21 12:01,University,Mobile app,App,Yes,3,10.45,0.0,3.3,
T02788,2026-03-21 12:03,Riverside,In store,Card,No,2,9.25,0.0,10.0,
T02789,2026-03-21 12:04,Riverside,Mobile app,App,Yes,3,12.0,0.0,1.5,
T02790,2026-03-21 12:04,University,Mobile app,App,Yes,3,13.75,2.92,3.5,
T02791,2026-03-21 12:10,Downtown,In store,Card,Yes,2,9.25,1.83,4.9,5
T02792,2026-03-21 12:11,Riverside,In store,Card,No,2,9.0,0.0,4.0,3
T02793,2026-03-21 12:13,University,In store,Card,No,1,4.5,0.0,3.4,
T02794,2026-03-21 12:14,Riverside,In store,Card,Yes,1,4.5,0.49,1.6,5
T02795,2026-03-21 12:28,Downtown,In store,Card,No,1,4.25,0.0,6.6,
T02796,2026-03-21 12:28,University,In store,Cash,No,3,11.0,0.0,0.6,5
T02797,2026-03-21 12:29,Downtown,In store,Card,Yes,1,4.75,0.66,3.1,
T02798,2026-03-21 12:32,Downtown,In store,Card,No,1,3.0,0.0,2.7,
T02799,2026-03-21 12:34,Downtown,Mobile app,App,Yes,4,16.2,3.28,0.3,
T02800,2026-03-21 12:35,Downtown,In store,Cash,No,3,10.75,0.0,1.7,
T02801,2026-03-21 12:37,Downtown,In store,Card,Yes,3,12.25,0.0,0.8,5
T02802,2026-03-21 12:38,University,Mobile app,App,Yes,3,10.5,2.27,1.3,
T02803,2026-03-21 12:39,Downtown,In store,Card,No,3,12.5,0.0,1.4,
T02804,2026-03-21 12:39,University,Mobile app,App,Yes,1,3.25,0.54,4.1,5
T02805,2026-03-21 12:40,Downtown,In store,Card,No,2,7.7,1.07,4.3,
T02806,2026-03-21 12:43,Riverside,In store,Card,No,1,2.95,0.45,5.2,
T02807,2026-03-21 12:45,Downtown,In store,Card,Yes,2,7.5,0.0,5.6,
T02808,2026-03-21 12:46,Downtown,In store,Card,No,1,4.5,0.0,8.2,
T02809,2026-03-21 12:48,Downtown,In store,Cash,No,2,7.45,0.0,3.0,
T02810,2026-03-21 12:50,Riverside,In store,Card,Yes,2,9.0,1.11,3.2,
T02811,2026-03-21 12:51,Riverside,In store,Cash,No,1,3.0,0.0,4.6,
T02812,2026-03-21 12:51,Downtown,In store,Card,No,1,3.25,0.48,2.8,
T02813,2026-03-21 12:54,University,Mobile app,App,No,2,7.2,1.04,1.1,4
T02814,2026-03-21 13:03,Downtown,In store,Card,Yes,2,5.95,0.0,9.7,1
T02815,2026-03-21 13:06,University,Mobile app,App,Yes,1,3.25,0.51,4.4,5
T02816,2026-03-21 13:13,Downtown,In store,Card,No,1,3.0,0.0,9.0,3
T02817,2026-03-21 13:16,Riverside,In store,Cash,No,2,6.5,0.0,6.9,5
T02818,2026-03-21 13:26,Downtown,In store,Card,Yes,1,2.95,0.0,5.8,2
T02819,2026-03-21 13:27,Riverside,In store,Cash,Yes,1,4.5,0.0,3.3,
T02820,2026-03-21 13:33,University,In store,Card,No,2,6.0,0.66,1.5,
T02821,2026-03-21 13:40,Downtown,In store,Card,No,1,4.5,0.83,4.1,3
T02822,2026-03-21 13:41,Downtown,In store,Card,No,1,4.5,0.0,4.4,4
T02823,2026-03-21 13:47,Downtown,Mobile app,App,Yes,1,2.95,0.0,0.8,
T02824,2026-03-21 13:56,Downtown,In store,Card,No,1,4.75,0.0,1.5,
T02825,2026-03-21 13:58,Riverside,In store,Card,Yes,3,10.7,1.79,9.3,
T02826,2026-03-21 14:01,Downtown,In store,Cash,No,2,6.2,0.0,1.8,
T02827,2026-03-21 14:14,Downtown,In store,Card,Yes,2,7.2,0.94,1.4,
T02828,2026-03-21 14:17,Downtown,Mobile app,App,No,1,4.5,0.0,0.3,
T02829,2026-03-21 14:19,University,In store,Card,No,2,7.5,0.0,4.8,
T02830,2026-03-21 14:29,Downtown,In store,Card,No,1,4.25,0.84,2.2,
T02831,2026-03-21 14:29,Downtown,In store,Card,Yes,1,4.5,0.0,3.7,
T02832,2026-03-21 14:30,Riverside,In store,Cash,No,1,4.25,0.0,1.4,3
T02833,2026-03-21 14:30,University,In store,Card,No,3,9.75,1.08,3.4,4
T02834,2026-03-21 14:39,Downtown,In store,Cash,No,1,4.5,0.0,2.4,
T02835,2026-03-21 14:43,Downtown,In store,Card,No,1,4.5,0.68,1.2,5
T02836,2026-03-21 14:45,Downtown,Mobile app,App,Yes,2,7.5,1.16,2.5,3
T02837,2026-03-21 14:46,Downtown,In store,Card,No,1,4.75,0.0,3.0,
T02838,2026-03-21 15:02,Riverside,In store,Card,No,1,4.25,0.0,1.6,
T02839,2026-03-21 15:02,University,Mobile app,App,Yes,1,4.25,0.88,0.3,
T02840,2026-03-21 15:18,Riverside,Mobile app,App,No,1,4.5,0.7,1.5,4
T02841,2026-03-21 15:20,Downtown,Mobile app,App,Yes,2,6.2,0.0,2.1,
T02842,2026-03-21 15:22,Riverside,In store,Card,No,1,3.0,0.0,2.4,
T02843,2026-03-21 15:23,Downtown,In store,Cash,No,3,10.75,0.0,4.0,
T02844,2026-03-21 15:28,University,Mobile app,App,Yes,1,4.5,0.0,0.9,5
T02845,2026-03-21 15:38,University,In store,Card,No,2,7.2,1.35,2.3,
T02846,2026-03-21 15:39,Downtown,In store,Card,Yes,3,11.75,1.79,1.0,5
T02847,2026-03-21 15:51,Downtown,Mobile app,App,Yes,1,4.5,0.97,1.2,
T02848,2026-03-21 16:07,Riverside,In store,Cash,No,3,8.9,0.0,1.2,
T02849,2026-03-21 16:16,Downtown,In store,Card,Yes,2,7.5,0.0,5.1,3
T02850,2026-03-21 16:21,Riverside,In store,Card,Yes,2,9.0,0.0,1.0,5
T02851,2026-03-21 16:23,Downtown,In store,Cash,No,2,6.2,0.0,3.4,
T02852,2026-03-21 16:37,Downtown,In store,Card,No,2,9.0,1.55,0.3,
T02853,2026-03-21 16:43,Riverside,In store,Cash,No,1,4.25,0.0,1.4,
T02854,2026-03-21 16:52,Riverside,In store,Cash,Yes,3,10.5,0.0,2.6,
T02855,2026-03-21 16:56,University,In store,Card,No,2,7.5,1.31,2.9,
T02856,2026-03-21 16:58,University,Mobile app,App,Yes,1,4.5,0.0,0.6,
T02857,2026-03-21 17:29,Downtown,In store,Card,No,2,8.75,1.62,2.5,
T02858,2026-03-21 17:40,Downtown,In store,Card,Yes,3,14.0,1.74,2.6,
T02859,2026-03-21 17:46,Downtown,In store,Card,No,1,3.25,0.0,1.0,
T02860,2026-03-21 17:47,University,In store,Card,No,1,3.0,0.42,2.8,4
T02861,2026-03-22 06:18,Downtown,In store,Card,No,1,3.0,0.34,1.2,
T02862,2026-03-22 07:00,Riverside,In store,Card,Yes,1,2.95,0.31,1.4,
T02863,2026-03-22 07:19,University,In store,Card,No,2,7.5,0.89,1.6,
T02864,2026-03-22 07:22,Downtown,In store,Card,No,2,9.25,1.65,2.3,
T02865,2026-03-22 07:36,Riverside,Mobile app,App,Yes,2,8.75,0.0,0.3,5
T02866,2026-03-22 07:43,Riverside,In store,Card,Yes,2,7.2,0.92,1.1,
T02867,2026-03-22 07:51,Riverside,In store,Card,No,1,4.5,0.58,1.3,
T02868,2026-03-22 08:11,Downtown,Mobile app,App,No,1,3.25,0.46,3.3,
T02869,2026-03-22 08:13,Downtown,In store,Cash,No,3,13.5,0.0,1.2,
T02870,2026-03-22 08:20,Riverside,In store,Card,No,2,7.75,0.0,3.8,
T02871,2026-03-22 08:29,Riverside,In store,Card,Yes,1,4.25,0.0,2.6,
T02872,2026-03-22 08:33,Riverside,In store,Card,No,2,6.2,0.0,7.4,
T02873,2026-03-22 08:34,Downtown,In store,Card,Yes,1,4.5,0.0,4.5,4
T02874,2026-03-22 08:45,University,Mobile app,App,Yes,1,3.0,0.44,0.8,5
T02875,2026-03-22 08:46,Riverside,In store,Card,No,2,7.5,0.0,6.6,
T02876,2026-03-22 08:52,Downtown,In store,Card,No,1,4.5,0.85,3.1,
T02877,2026-03-22 08:57,Riverside,In store,Card,No,1,3.0,0.36,3.4,
T02878,2026-03-22 08:57,Riverside,In store,Card,Yes,3,11.7,0.0,2.3,
T02879,2026-03-22 09:03,Riverside,Mobile app,App,Yes,3,12.5,2.2,0.9,5
T02880,2026-03-22 09:05,Downtown,In store,Card,Yes,1,4.5,0.75,0.8,
T02881,2026-03-22 09:06,Downtown,In store,Card,No,1,3.25,0.57,3.7,
T02882,2026-03-22 09:11,Riverside,Mobile app,App,Yes,1,3.0,0.0,1.4,5
T02883,2026-03-22 09:15,Downtown,Mobile app,App,Yes,2,6.0,0.97,0.5,5
T02884,2026-03-22 09:24,Riverside,In store,Cash,No,1,3.25,0.0,1.4,
T02885,2026-03-22 09:28,Riverside,In store,Card,No,1,4.5,0.0,1.1,
T02886,2026-03-22 09:33,Riverside,In store,Card,Yes,2,7.75,0.0,5.4,3
T02887,2026-03-22 09:41,Downtown,In store,Card,No,2,5.95,0.0,4.5,
T02888,2026-03-22 09:43,Downtown,In store,Card,No,1,2.95,0.0,4.4,
T02889,2026-03-22 09:46,Riverside,In store,Card,No,1,4.5,0.77,1.8,5
T02890,2026-03-22 09:55,Downtown,Mobile app,App,Yes,2,9.5,1.24,2.8,
T02891,2026-03-22 10:05,Riverside,In store,Cash,Yes,2,9.25,0.0,2.2,
T02892,2026-03-22 10:06,University,Mobile app,App,Yes,3,14.25,0.0,1.3,5
T02893,2026-03-22 10:06,Riverside,In store,Card,Yes,1,4.5,0.72,5.0,5
T02894,2026-03-22 10:07,Downtown,In store,Card,No,2,6.5,1.28,3.4,
T02895,2026-03-22 10:12,Riverside,In store,Card,No,1,4.5,0.59,9.5,
T02896,2026-03-22 10:18,University,Mobile app,App,Yes,1,4.25,0.9,3.0,
T02897,2026-03-22 10:19,Riverside,In store,Card,No,4,17.5,2.5,3.1,5
T02898,2026-03-22 10:20,University,Mobile app,App,No,2,7.75,1.45,1.7,3
T02899,2026-03-22 10:21,Downtown,Mobile app,App,Yes,2,7.2,1.33,1.3,4
T02900,2026-03-22 10:22,University,Mobile app,App,Yes,1,4.75,0.0,2.8,
T02901,2026-03-22 10:29,Riverside,In store,Cash,No,2,7.45,0.0,0.8,5
T02902,2026-03-22 10:30,Riverside,In store,Card,Yes,1,4.75,0.59,5.5,5
T02903,2026-03-22 10:30,University,Mobile app,App,No,2,9.0,1.23,0.6,
T02904,2026-03-22 10:39,Riverside,In store,Cash,Yes,1,4.5,0.0,5.6,4
T02905,2026-03-22 10:41,Riverside,In store,Cash,No,1,3.25,0.0,2.7,
T02906,2026-03-22 10:45,Downtown,In store,Card,No,2,9.5,0.0,3.1,
T02907,2026-03-22 10:47,Riverside,In store,Card,Yes,1,4.25,0.45,11.7,
T02908,2026-03-22 10:48,Downtown,Mobile app,App,No,1,4.5,0.68,2.1,5
T02909,2026-03-22 10:54,Riverside,In store,Cash,No,3,10.75,0.0,5.0,
T02910,2026-03-22 10:54,Downtown,Mobile app,App,No,1,2.95,0.4,0.6,
T02911,2026-03-22 10:55,University,In store,Card,Yes,1,4.5,0.0,1.8,4
T02912,2026-03-22 10:58,Riverside,In store,Card,Yes,2,7.5,0.0,5.8,
T02913,2026-03-22 11:02,Riverside,In store,Card,Yes,1,3.25,0.0,9.7,
T02914,2026-03-22 11:04,Downtown,Mobile app,App,Yes,1,3.25,0.59,5.3,4
T02915,2026-03-22 11:04,University,Mobile app,App,Yes,1,3.0,0.59,1.0,4
T02916,2026-03-22 11:12,University,In store,Cash,Yes,1,3.0,0.0,4.3,
T02917,2026-03-22 11:21,Riverside,In store,Card,Yes,2,9.25,1.57,17.6,2
T02918,2026-03-22 11:23,University,In store,Cash,No,1,3.0,0.0,7.9,3
T02919,2026-03-22 11:28,University,Mobile app,App,Yes,2,9.0,1.43,2.0,5
T02920,2026-03-22 11:30,Riverside,In store,Card,No,1,4.75,0.0,5.6,5
T02921,2026-03-22 11:30,Downtown,Mobile app,App,Yes,2,9.0,1.52,1.6,4
T02922,2026-03-22 11:31,Downtown,Mobile app,Voucher,Yes,1,0.0,0.0,1.2,
T02923,2026-03-22 11:43,Downtown,In store,Card,No,2,7.2,0.0,6.3,4
T02924,2026-03-22 11:51,Downtown,In store,Card,No,1,4.5,0.0,4.7,
T02925,2026-03-22 11:54,University,In store,Cash,No,1,4.25,0.0,4.5,3
T02926,2026-03-22 11:54,Downtown,Mobile app,App,No,2,8.75,0.0,0.6,
T02927,2026-03-22 12:01,University,In store,Card,No,1,3.25,0.0,1.4,
T02928,2026-03-22 12:03,Downtown,In store,Card,Yes,2,7.5,0.88,6.0,
T02929,2026-03-22 12:07,Downtown,In store,Card,No,1,4.5,0.0,2.0,
T02930,2026-03-22 12:11,University,In store,Card,No,2,7.75,0.0,6.5,
T02931,2026-03-22 12:23,University,Mobile app,App,Yes,1,4.5,0.73,0.7,
T02932,2026-03-22 12:24,Downtown,In store,Card,No,2,7.7,1.32,2.7,4
T02933,2026-03-22 12:30,University,Mobile app,App,Yes,1,4.25,0.0,3.2,
T02934,2026-03-22 12:33,Downtown,Mobile app,App,No,2,9.25,0.0,2.1,
T02935,2026-03-22 12:37,Downtown,Mobile app,App,Yes,2,9.25,1.32,2.1,5
T02936,2026-03-22 12:44,Downtown,Mobile app,App,Yes,1,3.0,0.53,2.4,5
T02937,2026-03-22 12:45,Downtown,In store,Card,No,1,3.0,0.0,3.7,
T02938,2026-03-22 12:51,Downtown,In store,Card,No,1,2.95,0.0,1.4,
T02939,2026-03-22 12:56,Downtown,Mobile app,App,Yes,1,4.75,1.0,0.6,5
T02940,2026-03-22 13:01,Downtown,In store,Card,Yes,2,7.25,0.83,2.2,
T02941,2026-03-22 13:09,Riverside,In store,Card,No,2,9.0,0.0,6.8,5
T02942,2026-03-22 13:11,University,In store,Card,Yes,3,10.95,0.0,0.4,
T02943,2026-03-22 13:24,Downtown,In store,Cash,No,1,4.25,0.0,2.9,
T02944,2026-03-22 13:30,Downtown,In store,Card,No,3,13.5,1.7,4.7,4
T02945,2026-03-22 13:47,Downtown,Mobile app,App,Yes,1,4.5,0.81,1.3,3
T02946,2026-03-22 13:50,University,In store,Card,No,1,4.25,0.0,2.3,
T02947,2026-03-22 13:52,Riverside,Mobile app,App,No,1,4.5,0.63,2.1,
T02948,2026-03-22 13:52,Downtown,Mobile app,App,Yes,2,7.75,0.0,1.6,
T02949,2026-03-22 13:54,Riverside,In store,Cash,Yes,2,7.45,0.0,2.4,5
T02950,2026-03-22 14:02,Downtown,In store,Card,No,2,7.2,1.25,1.5,
T02951,2026-03-22 14:27,Downtown,In store,Card,No,2,7.45,1.23,7.6,
T02952,2026-03-22 14:29,Downtown,In store,Card,Yes,2,7.75,1.48,1.0,
T02953,2026-03-22 14:35,Downtown,In store,Cash,No,1,4.5,0.0,3.8,
T02954,2026-03-22 14:36,Downtown,Mobile app,App,No,2,9.0,0.0,2.8,
T02955,2026-03-22 14:38,Downtown,Mobile app,App,No,1,3.0,0.54,0.4,
T02956,2026-03-22 14:42,Downtown,In store,Card,No,2,9.0,0.0,0.9,
T02957,2026-03-22 14:52,Downtown,In store,Card,No,1,3.25,0.58,7.6,
T02958,2026-03-22 14:55,Riverside,In store,Cash,No,1,4.5,0.0,2.8,
T02959,2026-03-22 15:02,Downtown,In store,Card,No,3,10.75,1.38,0.7,
T02960,2026-03-22 15:08,Downtown,Mobile app,App,Yes,2,8.0,1.13,1.0,
T02961,2026-03-22 15:09,Riverside,In store,Card,No,1,4.5,0.0,4.7,
T02962,2026-03-22 15:10,Downtown,In store,Card,No,1,2.95,0.47,2.3,
T02963,2026-03-22 15:12,Riverside,In store,Card,No,1,3.0,0.0,1.0,
T02964,2026-03-22 15:14,University,Mobile app,App,Yes,1,4.5,0.66,2.5,
T02965,2026-03-22 15:15,Riverside,In store,Cash,No,2,7.45,0.0,2.9,4
T02966,2026-03-22 15:16,University,Mobile app,App,No,2,7.5,1.34,3.0,
T02967,2026-03-22 15:19,Downtown,In store,Card,Yes,3,11.0,1.77,2.4,5
T02968,2026-03-22 15:22,University,In store,Card,No,3,14.25,2.67,3.6,
T02969,2026-03-22 15:24,Riverside,In store,Card,No,1,4.5,0.53,0.9,
T02970,2026-03-22 15:43,University,In store,Card,Yes,3,12.25,0.0,2.3,
T02971,2026-03-22 15:50,Riverside,In store,Card,No,2,9.5,1.19,4.3,
T02972,2026-03-22 15:53,Downtown,In store,Card,No,3,13.5,0.0,5.7,
T02973,2026-03-22 16:04,Downtown,Mobile app,App,No,1,4.25,0.55,1.2,4
T02974,2026-03-22 16:12,Downtown,In store,Card,No,2,9.0,1.49,2.9,5
T02975,2026-03-22 16:13,Riverside,In store,Card,No,1,4.75,0.0,2.8,4
T02976,2026-03-22 16:27,Riverside,In store,Card,No,2,5.95,0.0,0.7,
T02977,2026-03-22 16:30,Downtown,In store,Card,No,1,4.5,0.0,2.0,5
T02978,2026-03-22 16:36,Downtown,In store,Cash,No,2,7.75,0.0,2.0,
T02979,2026-03-22 16:38,Downtown,Mobile app,App,Yes,2,8.75,1.53,4.9,
T02980,2026-03-22 16:41,Riverside,In store,Cash,Yes,1,3.0,0.0,2.9,5
T02981,2026-03-22 16:42,Riverside,In store,Cash,Yes,3,11.0,0.0,3.8,5
T02982,2026-03-22 16:43,Downtown,Mobile app,App,No,1,2.95,0.56,0.4,
T02983,2026-03-22 16:44,Riverside,In store,Card,No,2,9.0,0.0,1.5,5
T02984,2026-03-22 16:51,Riverside,In store,Voucher,Yes,1,0.0,0.0,1.0,
T02985,2026-03-22 16:59,Downtown,In store,Card,No,1,4.75,0.74,2.9,
T02986,2026-03-22 17:15,Riverside,In store,Card,Yes,2,9.25,1.31,1.3,
T02987,2026-03-22 17:21,Riverside,In store,Cash,Yes,3,12.0,0.0,2.5,4
T02988,2026-03-22 17:44,University,In store,Card,No,1,4.75,0.0,0.9,4
T02989,2026-03-23 07:08,Downtown,In store,Card,No,1,4.25,0.0,9.7,3
T02990,2026-03-23 07:17,University,Mobile app,App,Yes,1,3.25,0.58,0.8,3
T02991,2026-03-23 07:17,Riverside,In store,Cash,No,1,3.0,0.0,2.9,
T02992,2026-03-23 07:22,University,In store,Card,No,1,3.0,0.0,1.5,
T02993,2026-03-23 07:25,Riverside,In store,Card,Yes,2,9.0,0.0,2.0,5
T02994,2026-03-23 07:27,Riverside,In store,Card,No,1,4.5,0.0,1.8,
T02995,2026-03-23 07:37,Downtown,In store,Card,No,1,3.25,0.38,7.5,
T02996,2026-03-23 07:39,Riverside,In store,Card,No,2,5.95,0.0,4.6,
T02997,2026-03-23 07:42,Downtown,In store,Card,No,1,4.5,0.68,2.6,
T02998,2026-03-23 07:44,Downtown,In store,Card,No,2,6.5,0.96,14.9,
T02999,2026-03-23 07:48,Downtown,In store,Card,No,1,3.25,0.43,7.5,
T03000,2026-03-23 07:54,Downtown,In store,Cash,Yes,1,3.25,0.0,3.5,
T03001,2026-03-23 07:55,Downtown,In store,Card,Yes,3,13.75,2.61,4.4,4
T03002,2026-03-23 08:03,Riverside,In store,Card,No,4,15.25,0.0,5.1,
T03003,2026-03-23 08:06,University,Mobile app,App,Yes,2,7.5,1.5,0.7,
T03004,2026-03-23 08:07,University,In store,Card,Yes,3,9.5,1.3,5.3,4
T03005,2026-03-23 08:09,Downtown,In store,Cash,No,3,12.25,0.0,5.1,
T03006,2026-03-23 08:11,Riverside,In store,Card,No,1,4.25,0.0,1.7,
T03007,2026-03-23 08:11,Downtown,In store,Cash,No,2,8.5,0.0,9.8,
T03008,2026-03-23 08:15,Downtown,Mobile app,App,No,1,4.25,0.9,1.3,
T03009,2026-03-23 08:17,Downtown,Mobile app,App,Yes,1,2.95,0.4,0.8,4
T03010,2026-03-23 08:17,Downtown,In store,Card,No,1,4.75,0.62,7.4,
T03011,2026-03-23 08:21,University,In store,Card,No,3,10.2,1.25,5.2,5
T03012,2026-03-23 08:23,Downtown,Mobile app,App,No,1,3.25,0.0,2.6,
T03013,2026-03-23 08:25,Downtown,Mobile app,App,Yes,2,9.25,0.0,1.6,
T03014,2026-03-23 08:28,Riverside,In store,Cash,No,1,3.25,0.0,5.2,
T03015,2026-03-23 08:28,Downtown,Mobile app,App,No,1,4.75,0.68,3.5,
T03016,2026-03-23 08:29,Downtown,In store,Card,No,3,11.0,1.42,13.8,
T03017,2026-03-23 08:36,Downtown,In store,Card,Yes,1,4.5,0.48,7.9,
T03018,2026-03-23 08:42,Downtown,In store,Card,Yes,1,4.75,0.0,15.7,1
T03019,2026-03-23 08:42,Downtown,Mobile app,App,No,1,3.25,0.63,0.4,
T03020,2026-03-23 08:43,Riverside,In store,Card,Yes,1,2.95,0.0,2.7,5
T03021,2026-03-23 08:46,Downtown,Mobile app,App,Yes,1,3.0,0.0,0.7,
T03022,2026-03-23 08:53,Downtown,In store,Cash,Yes,1,4.75,0.0,8.4,
T03023,2026-03-23 08:54,Downtown,In store,Card,No,2,7.75,1.26,4.8,
T03024,2026-03-23 08:58,Downtown,In store,Cash,No,1,4.75,0.0,3.1,
T03025,2026-03-23 08:58,Downtown,In store,Card,Yes,2,7.75,1.37,8.8,
T03026,2026-03-23 09:07,Downtown,In store,Card,No,1,4.5,0.5,2.1,
T03027,2026-03-23 09:08,Downtown,In store,Card,No,3,13.25,1.48,9.6,
T03028,2026-03-23 09:11,University,In store,Card,Yes,2,7.5,1.14,1.5,
T03029,2026-03-23 09:12,Downtown,In store,Cash,Yes,1,3.0,0.0,4.9,2
T03030,2026-03-23 09:12,University,In store,Card,No,1,4.75,0.0,4.4,
T03031,2026-03-23 09:12,Downtown,In store,Card,No,1,4.75,0.76,7.1,
T03032,2026-03-23 09:16,Riverside,In store,Card,No,1,4.5,0.75,1.1,
T03033,2026-03-23 09:26,University,Mobile app,App,Yes,2,7.75,1.03,0.3,
T03034,2026-03-23 09:31,Riverside,In store,Card,Yes,1,4.5,0.57,1.5,4
T03035,2026-03-23 09:33,Riverside,In store,Card,No,1,3.0,0.0,6.3,
T03036,2026-03-23 09:33,Downtown,In store,Cash,No,1,3.0,0.0,6.9,3
T03037,2026-03-23 09:33,University,In store,Cash,No,2,7.75,0.0,7.2,
T03038,2026-03-23 09:34,Downtown,In store,Cash,No,1,4.25,0.0,5.1,
T03039,2026-03-23 09:36,Downtown,In store,Card,No,1,2.95,0.48,7.3,
T03040,2026-03-23 09:40,Riverside,In store,Card,Yes,1,4.25,0.68,6.6,
T03041,2026-03-23 09:44,Riverside,In store,Cash,No,1,3.25,0.0,2.6,5
T03042,2026-03-23 09:47,Riverside,Mobile app,App,Yes,3,12.25,0.0,0.5,
T03043,2026-03-23 09:48,Downtown,In store,Card,Yes,1,4.5,0.47,6.5,
T03044,2026-03-23 09:53,Downtown,Mobile app,App,Yes,1,4.25,0.52,1.5,5
T03045,2026-03-23 09:56,University,In store,Cash,No,1,3.0,0.0,5.1,4
T03046,2026-03-23 10:08,University,Mobile app,App,Yes,1,4.5,0.0,1.7,4
T03047,2026-03-23 10:13,Riverside,In store,Cash,No,1,4.5,0.0,9.6,
T03048,2026-03-23 10:17,Downtown,In store,Cash,Yes,3,12.25,0.0,2.1,
T03049,2026-03-23 10:29,University,In store,Card,Yes,2,7.7,0.0,7.4,
T03050,2026-03-23 10:29,Downtown,In store,Card,Yes,1,3.0,0.0,12.5,
T03051,2026-03-23 10:31,University,Mobile app,App,Yes,1,4.5,0.99,0.7,
T03052,2026-03-23 10:46,University,In store,Cash,No,1,4.75,0.0,0.6,
T03053,2026-03-23 10:52,Downtown,In store,Card,Yes,1,3.25,0.0,7.0,
T03054,2026-03-23 10:57,Riverside,In store,Card,No,1,4.5,0.84,7.2,2
T03055,2026-03-23 10:58,Downtown,In store,Card,Yes,2,7.5,0.0,3.3,
T03056,2026-03-23 10:59,Riverside,In store,Card,No,1,4.25,0.0,4.4,
T03057,2026-03-23 11:04,Riverside,In store,Cash,Yes,2,6.25,0.0,6.2,4
T03058,2026-03-23 11:17,Downtown,In store,Cash,No,2,7.5,0.0,1.4,
T03059,2026-03-23 11:32,Riverside,In store,Card,No,2,8.0,0.0,3.4,
T03060,2026-03-23 11:37,Riverside,In store,Card,No,1,4.75,0.7,1.5,5
T03061,2026-03-23 11:39,Riverside,In store,Cash,No,3,12.25,0.0,6.9,
T03062,2026-03-23 11:43,Riverside,In store,Cash,Yes,1,3.0,0.0,2.3,
T03063,2026-03-23 11:46,Riverside,In store,Card,Yes,1,4.25,0.0,2.5,
T03064,2026-03-23 11:48,Downtown,In store,Card,No,1,4.75,0.77,1.6,
T03065,2026-03-23 11:54,Downtown,In store,Card,No,2,7.5,0.0,3.6,4
T03066,2026-03-23 12:07,Riverside,In store,Card,Yes,2,8.75,0.0,7.0,
T03067,2026-03-23 12:12,Downtown,In store,Card,No,2,7.75,1.3,7.7,
T03068,2026-03-23 12:20,Downtown,In store,Card,No,1,3.25,0.43,7.0,
T03069,2026-03-23 12:21,Downtown,In store,Card,Yes,1,3.0,0.45,1.0,
T03070,2026-03-23 12:24,University,In store,Card,No,3,12.0,1.63,2.8,5
T03071,2026-03-23 12:26,Riverside,In store,Card,No,2,5.95,0.0,8.6,
T03072,2026-03-23 12:44,Downtown,Mobile app,App,Yes,2,9.0,0.0,0.9,
T03073,2026-03-23 12:44,Riverside,In store,Cash,No,3,11.0,0.0,2.8,5
T03074,2026-03-23 13:01,Downtown,In store,Card,No,1,4.5,0.65,9.8,
T03075,2026-03-23 13:03,Downtown,Mobile app,App,No,1,3.0,0.0,1.2,
T03076,2026-03-23 13:07,Downtown,In store,Card,No,1,4.75,0.0,3.0,
T03077,2026-03-23 13:11,Downtown,In store,Cash,Yes,4,15.5,0.0,3.1,5
T03078,2026-03-23 13:16,University,Mobile app,App,No,2,9.0,0.0,1.3,
T03079,2026-03-23 13:22,Riverside,Mobile app,App,Yes,2,6.25,1.26,1.3,
T03080,2026-03-23 13:23,University,In store,Card,No,3,10.5,2.02,4.0,
T03081,2026-03-23 13:25,Riverside,In store,Cash,Yes,2,8.75,0.0,2.7,4
T03082,2026-03-23 13:27,University,In store,Card,Yes,1,3.25,0.0,7.8,
T03083,2026-03-23 13:28,Riverside,Mobile app,App,Yes,3,10.7,1.98,1.9,
T03084,2026-03-23 13:28,Downtown,In store,Cash,Yes,3,10.65,0.0,8.1,
T03085,2026-03-23 13:36,Downtown,Mobile app,App,Yes,1,4.75,0.0,1.4,4
T03086,2026-03-23 13:39,Downtown,Mobile app,App,Yes,1,4.5,0.69,3.4,
T03087,2026-03-23 13:39,Downtown,In store,Card,No,3,8.95,0.99,2.5,
T03088,2026-03-23 13:39,University,Mobile app,App,Yes,1,3.25,0.61,3.4,5
T03089,2026-03-23 13:43,Riverside,In store,Card,No,2,8.5,1.33,5.3,
T03090,2026-03-23 13:44,Downtown,In store,Card,No,1,2.95,0.0,5.7,2
T03091,2026-03-23 13:45,Riverside,In store,Cash,Yes,2,7.25,0.0,2.4,
T03092,2026-03-23 13:49,Downtown,In store,Card,No,3,13.0,0.0,15.6,
T03093,2026-03-23 13:53,University,Mobile app,App,Yes,1,4.75,0.92,0.8,5
T03094,2026-03-23 13:54,University,Mobile app,App,No,2,8.75,1.71,0.9,5
T03095,2026-03-23 14:04,University,In store,Card,Yes,2,6.2,0.66,4.6,
T03096,2026-03-23 14:04,University,In store,Card,No,1,4.25,0.59,7.1,
T03097,2026-03-23 14:06,Riverside,In store,Cash,No,1,2.95,0.0,1.5,
T03098,2026-03-23 14:08,Downtown,In store,Card,Yes,2,7.45,0.92,5.8,
T03099,2026-03-23 14:18,Riverside,In store,Card,No,3,13.5,2.47,1.8,
T03100,2026-03-23 14:22,University,In store,Card,Yes,3,9.5,1.73,6.8,
T03101,2026-03-23 14:26,University,Mobile app,App,Yes,3,12.5,0.0,1.6,5
T03102,2026-03-23 14:34,Riverside,Mobile app,App,Yes,3,12.0,1.47,2.3,4
T03103,2026-03-23 14:36,University,Mobile app,App,No,1,3.25,0.43,0.6,
T03104,2026-03-23 14:38,Riverside,Mobile app,App,Yes,2,9.0,1.96,1.4,
T03105,2026-03-23 14:38,University,In store,Card,No,2,6.2,0.0,4.9,
T03106,2026-03-23 14:43,Downtown,In store,Cash,No,1,3.25,0.0,9.7,
T03107,2026-03-23 14:45,University,Mobile app,App,No,1,4.5,0.55,1.0,
T03108,2026-03-23 14:51,University,In store,Card,Yes,3,11.95,1.81,6.3,2
T03109,2026-03-23 14:57,University,In store,Card,No,1,4.5,0.0,7.3,4
T03110,2026-03-23 15:00,University,In store,Card,No,3,10.7,1.95,1.9,5
T03111,2026-03-23 15:22,Downtown,In store,Card,No,2,5.95,0.0,3.0,
T03112,2026-03-23 15:23,University,Mobile app,App,Yes,1,2.95,0.0,3.6,
T03113,2026-03-23 15:30,University,In store,Card,No,2,8.0,0.0,4.7,
T03114,2026-03-23 15:40,University,In store,Cash,No,3,12.2,0.0,1.3,
T03115,2026-03-23 15:48,University,In store,Card,No,1,4.25,0.0,2.0,4
T03116,2026-03-23 16:04,University,In store,Card,No,2,8.75,1.55,3.8,
T03117,2026-03-23 16:12,Riverside,In store,Cash,Yes,1,3.0,0.0,3.5,
T03118,2026-03-23 16:13,University,In store,Card,No,1,4.75,0.75,3.6,
T03119,2026-03-23 16:16,Riverside,In store,Card,No,1,4.5,0.52,2.3,
T03120,2026-03-23 16:20,University,In store,Card,Yes,2,7.7,0.0,2.4,5
T03121,2026-03-23 16:21,University,Mobile app,App,Yes,2,9.25,1.45,1.7,
T03122,2026-03-23 16:32,Riverside,In store,Card,No,1,4.75,0.0,4.3,
T03123,2026-03-23 16:41,Downtown,Mobile app,App,Yes,3,11.0,1.72,2.5,5
T03124,2026-03-23 16:41,Downtown,In store,Card,Yes,2,5.95,0.0,7.1,
T03125,2026-03-23 16:48,Downtown,In store,Card,No,2,8.75,0.0,2.3,
T03126,2026-03-23 16:49,Riverside,In store,Cash,Yes,3,13.25,0.0,6.9,4
T03127,2026-03-23 16:50,Downtown,In store,Card,Yes,2,7.5,0.0,2.9,
T03128,2026-03-23 17:49,Downtown,In store,Card,No,4,13.7,0.0,2.0,
T03129,2026-03-24 06:09,University,In store,Card,Yes,1,4.5,0.0,1.0,5
T03130,2026-03-24 06:11,Downtown,Mobile app,App,Yes,4,15.2,2.22,2.9,5
T03131,2026-03-24 06:11,Downtown,In store,Cash,No,1,4.75,0.0,4.1,
T03132,2026-03-24 06:15,University,Mobile app,App,Yes,1,3.25,0.69,1.9,
T03133,2026-03-24 06:22,Downtown,In store,Card,Yes,1,4.5,0.47,1.6,
T03134,2026-03-24 06:30,Riverside,In store,Cash,No,1,2.95,0.0,1.9,
T03135,2026-03-24 06:58,Riverside,Mobile app,App,Yes,2,8.0,1.61,1.5,
T03136,2026-03-24 07:00,Downtown,In store,Card,No,2,7.2,0.0,3.9,
T03137,2026-03-24 07:16,Downtown,In store,Card,No,2,6.25,0.89,1.8,
T03138,2026-03-24 07:20,University,Mobile app,App,Yes,1,3.25,0.0,0.6,5
T03139,2026-03-24 07:22,Downtown,In store,Card,Yes,2,7.45,0.91,9.7,5
T03140,2026-03-24 07:22,Downtown,In store,Cash,No,4,15.0,0.0,9.7,
T03141,2026-03-24 07:30,Downtown,In store,Cash,Yes,2,7.45,0.0,4.5,3
T03142,2026-03-24 07:34,Downtown,In store,Card,No,3,12.2,1.8,15.5,
T03143,2026-03-24 07:39,Downtown,In store,Card,No,1,4.5,0.0,9.4,
T03144,2026-03-24 07:49,Downtown,In store,Card,Yes,1,4.5,0.0,7.4,3
T03145,2026-03-24 07:50,Riverside,Mobile app,App,Yes,2,7.75,1.0,1.2,5
T03146,2026-03-24 07:55,Downtown,In store,Card,No,1,4.75,0.0,3.3,4
T03147,2026-03-24 08:02,Riverside,In store,Cash,No,1,4.5,0.0,2.1,5
T03148,2026-03-24 08:03,Downtown,In store,Card,No,1,3.25,0.0,10.9,
T03149,2026-03-24 08:03,University,Mobile app,App,Yes,1,2.95,0.0,1.2,5
T03150,2026-03-24 08:04,Downtown,In store,Card,No,2,7.2,0.0,14.9,
T03151,2026-03-24 08:07,Downtown,In store,Card,No,1,4.25,0.0,17.6,2
T03152,2026-03-24 08:08,Downtown,Mobile app,App,Yes,1,3.0,0.63,1.4,5
T03153,2026-03-24 08:08,Downtown,In store,Card,No,1,3.25,0.0,3.1,4
T03154,2026-03-24 08:11,Downtown,In store,Card,No,2,7.25,1.13,15.4,
T03155,2026-03-24 08:16,Riverside,In store,Cash,Yes,2,7.5,0.0,4.9,
T03156,2026-03-24 08:17,Downtown,In store,Card,Yes,2,8.75,0.0,7.1,2
T03157,2026-03-24 08:20,Downtown,In store,Card,Yes,1,3.0,0.55,8.4,
T03158,2026-03-24 08:21,Downtown,In store,Card,No,1,4.75,0.0,13.2,
T03159,2026-03-24 08:26,Downtown,Mobile app,App,Yes,1,4.25,0.8,2.0,
T03160,2026-03-24 08:28,Downtown,In store,Cash,No,5,19.5,0.0,7.1,
T03161,2026-03-24 08:31,Riverside,In store,Card,No,4,14.0,1.88,2.0,4
T03162,2026-03-24 08:41,Downtown,Mobile app,App,Yes,1,4.75,0.84,2.2,5
T03163,2026-03-24 08:49,Downtown,Mobile app,App,Yes,2,7.5,1.26,0.7,
T03164,2026-03-24 08:53,Downtown,Mobile app,App,Yes,2,7.75,1.1,3.7,3
T03165,2026-03-24 08:54,Downtown,In store,Cash,Yes,2,6.2,0.0,17.9,
T03166,2026-03-24 09:00,University,Mobile app,App,Yes,2,7.5,1.56,1.9,4
T03167,2026-03-24 09:01,Downtown,Mobile app,App,Yes,3,9.2,1.21,1.6,3
T03168,2026-03-24 09:03,Downtown,Mobile app,App,Yes,2,9.25,1.21,3.5,
T03169,2026-03-24 09:05,Riverside,In store,Cash,No,1,4.5,0.0,3.0,
T03170,2026-03-24 09:07,Downtown,In store,Card,No,1,4.75,0.63,11.2,
T03171,2026-03-24 09:10,Downtown,In store,Card,No,1,2.95,0.0,5.3,
T03172,2026-03-24 09:11,University,In store,Card,No,2,8.0,1.59,10.2,
T03173,2026-03-24 09:15,Downtown,In store,Card,Yes,2,7.5,1.1,3.4,
T03174,2026-03-24 09:16,University,Mobile app,App,Yes,2,9.0,0.0,1.2,
T03175,2026-03-24 09:22,Downtown,In store,Cash,No,1,4.5,0.0,8.2,
T03176,2026-03-24 09:24,Downtown,In store,Card,No,3,12.2,0.0,4.6,
T03177,2026-03-24 09:30,Riverside,In store,Card,Yes,2,5.9,0.0,3.3,5
T03178,2026-03-24 09:32,University,Mobile app,App,Yes,3,10.5,2.27,0.3,3
T03179,2026-03-24 09:33,Riverside,In store,Card,Yes,5,18.0,3.52,3.9,
T03180,2026-03-24 09:44,Downtown,In store,Card,No,1,4.5,0.75,9.2,
T03181,2026-03-24 09:46,Downtown,In store,Card,No,3,10.75,1.17,1.5,5
T03182,2026-03-24 09:46,Downtown,In store,Card,Yes,1,4.75,0.81,12.8,2
T03183,2026-03-24 09:50,Downtown,Mobile app,App,Yes,1,4.75,0.74,3.5,4
T03184,2026-03-24 09:50,Downtown,In store,Card,No,33,128.85,0.0,18.7,1
T03185,2026-03-24 09:50,University,Mobile app,App,Yes,2,9.25,0.0,4.9,5
T03186,2026-03-24 09:57,Riverside,In store,Card,No,2,9.0,0.0,1.7,
T03187,2026-03-24 09:58,Downtown,In store,Card,Yes,2,8.75,0.0,3.7,
T03188,2026-03-24 10:00,Downtown,Mobile app,App,No,1,4.75,0.0,0.6,
T03189,2026-03-24 10:04,University,In store,Card,Yes,4,13.75,1.72,6.0,5
T03190,2026-03-24 10:04,University,In store,Cash,No,1,4.25,0.0,2.5,
T03191,2026-03-24 10:22,Downtown,In store,Card,No,4,15.45,0.0,3.7,
T03192,2026-03-24 10:23,University,In store,Cash,No,1,4.5,0.0,6.1,3
T03193,2026-03-24 10:27,Downtown,Mobile app,App,Yes,3,13.5,0.0,2.1,5
T03194,2026-03-24 10:29,Downtown,In store,Card,No,1,4.25,0.77,1.0,
T03195,2026-03-24 10:32,Riverside,In store,Card,No,3,13.25,1.64,7.6,
T03196,2026-03-24 10:37,University,In store,Cash,No,1,3.25,0.0,4.1,
T03197,2026-03-24 10:40,University,In store,Card,No,1,4.25,0.48,14.6,
T03198,2026-03-24 10:44,Downtown,Mobile app,App,Yes,1,4.25,0.52,0.3,4
T03199,2026-03-24 10:48,Riverside,In store,Cash,No,1,4.5,0.0,3.0,4
T03200,2026-03-24 11:02,Downtown,In store,Card,No,1,4.25,0.66,7.3,
T03201,2026-03-24 11:03,Riverside,Mobile app,App,Yes,2,7.75,1.09,0.4,
T03202,2026-03-24 11:04,Riverside,In store,Card,No,1,3.25,0.46,5.7,
T03203,2026-03-24 11:07,Riverside,In store,Card,No,1,3.0,0.41,1.6,
T03204,2026-03-24 11:10,University,In store,Card,No,2,5.9,0.0,2.4,
T03205,2026-03-24 11:14,University,Mobile app,App,Yes,1,4.75,0.57,2.6,
T03206,2026-03-24 11:18,University,Mobile app,App,No,2,7.5,0.93,2.3,4
T03207,2026-03-24 11:19,Riverside,In store,Card,Yes,3,11.95,0.0,5.1,5
T03208,2026-03-24 11:21,Downtown,In store,Card,No,1,4.5,0.0,7.6,2
T03209,2026-03-24 11:23,Downtown,In store,Card,No,1,4.75,0.0,4.8,
T03210,2026-03-24 11:39,Downtown,In store,Card,Yes,2,8.75,0.0,2.9,
T03211,2026-03-24 11:39,Downtown,In store,Card,Yes,23,94.65,16.28,16.0,
T03212,2026-03-24 11:45,Riverside,In store,Cash,No,1,3.0,0.0,7.1,
T03213,2026-03-24 11:50,Riverside,In store,Card,No,1,4.5,0.54,3.5,4
T03214,2026-03-24 11:54,Downtown,In store,Cash,No,1,4.5,0.0,4.6,
T03215,2026-03-24 11:57,Downtown,In store,Card,No,1,4.5,0.84,6.8,
T03216,2026-03-24 11:58,Riverside,In store,Card,No,3,10.95,0.0,3.3,
T03217,2026-03-24 12:06,Downtown,In store,Card,No,3,12.25,0.0,7.1,3
T03218,2026-03-24 12:08,Downtown,Mobile app,App,No,1,2.95,0.37,1.4,
T03219,2026-03-24 12:09,University,Mobile app,App,Yes,1,4.75,0.84,0.6,
T03220,2026-03-24 12:09,Riverside,In store,Cash,No,1,4.25,0.0,5.6,
T03221,2026-03-24 12:21,University,Mobile app,App,Yes,1,2.95,0.0,2.9,5
T03222,2026-03-24 12:23,University,In store,Card,Yes,1,2.95,0.0,6.3,5
T03223,2026-03-24 12:24,Downtown,In store,Card,Yes,3,11.5,0.0,6.4,4
T03224,2026-03-24 12:30,University,Mobile app,App,Yes,1,3.0,0.5,0.7,5
T03225,2026-03-24 12:32,Downtown,In store,Card,No,2,8.5,0.89,4.5,3
T03226,2026-03-24 12:48,Riverside,In store,Card,No,1,4.75,0.92,2.4,
T03227,2026-03-24 12:53,Riverside,In store,Card,Yes,1,4.25,0.0,5.6,
T03228,2026-03-24 12:55,Downtown,Mobile app,App,Yes,1,4.5,0.59,2.9,4
T03229,2026-03-24 13:02,Downtown,In store,Cash,Yes,3,11.7,0.0,7.6,4
T03230,2026-03-24 13:03,University,In store,Card,Yes,3,12.0,0.0,4.3,
T03231,2026-03-24 13:06,Riverside,In store,Card,No,1,4.5,0.0,3.5,
T03232,2026-03-24 13:11,Downtown,In store,Card,No,2,9.25,1.64,1.4,3
T03233,2026-03-24 13:13,Riverside,In store,Card,Yes,2,6.2,0.75,1.1,
T03234,2026-03-24 13:15,Downtown,In store,Card,No,2,8.5,1.05,1.4,
T03235,2026-03-24 13:18,University,In store,Card,Yes,2,9.5,0.0,2.8,3
T03236,2026-03-24 13:19,University,Mobile app,App,Yes,4,16.75,2.86,2.4,
T03237,2026-03-24 13:20,University,Mobile app,App,Yes,2,7.5,1.25,0.7,4
T03238,2026-03-24 13:31,Riverside,In store,Card,No,1,4.75,0.0,2.6,
T03239,2026-03-24 13:31,University,In store,Card,Yes,2,8.0,1.58,6.5,
T03240,2026-03-24 13:38,University,Mobile app,App,Yes,1,4.25,0.0,1.8,
T03241,2026-03-24 13:41,Downtown,In store,Card,No,2,7.75,0.88,7.5,
T03242,2026-03-24 13:45,Downtown,In store,Card,No,1,4.75,0.78,13.4,
T03243,2026-03-24 13:49,Downtown,In store,Cash,Yes,2,6.2,0.0,8.1,
T03244,2026-03-24 13:57,Downtown,In store,Card,No,1,3.25,0.0,13.8,
T03245,2026-03-24 14:01,Downtown,Mobile app,App,No,5,18.25,2.43,2.3,4
T03246,2026-03-24 14:08,Downtown,Mobile app,App,Yes,1,3.25,0.42,0.6,5
T03247,2026-03-24 14:14,Riverside,In store,Card,No,3,14.0,0.0,4.3,4
T03248,2026-03-24 14:15,University,Mobile app,App,Yes,1,4.25,0.0,0.7,
T03249,2026-03-24 14:19,Downtown,In store,Card,No,1,4.5,0.88,0.7,
T03250,2026-03-24 14:21,Downtown,In store,Card,No,1,3.0,0.43,3.5,
T03251,2026-03-24 14:27,University,In store,Cash,Yes,2,7.75,0.0,11.5,3
T03252,2026-03-24 14:34,Downtown,In store,Card,No,1,4.5,0.83,3.6,3
T03253,2026-03-24 14:37,Riverside,In store,Card,No,3,10.7,1.54,3.7,
T03254,2026-03-24 14:58,Downtown,In store,Card,No,2,7.7,0.0,4.0,
T03255,2026-03-24 15:02,Riverside,In store,Cash,Yes,3,10.5,0.0,3.5,1
T03256,2026-03-24 15:05,University,In store,Card,Yes,2,7.5,0.0,2.1,
T03257,2026-03-24 15:11,Riverside,In store,Card,No,1,3.25,0.6,7.0,
T03258,2026-03-24 15:19,Riverside,In store,Cash,No,1,3.0,0.0,3.2,
T03259,2026-03-24 15:22,Downtown,In store,Cash,No,2,7.45,0.0,6.8,
T03260,2026-03-24 15:22,University,Mobile app,App,No,2,7.7,0.97,3.0,
T03261,2026-03-24 15:58,Riverside,In store,Card,No,1,3.0,0.0,2.3,5
T03262,2026-03-24 16:08,University,Mobile app,App,Yes,1,3.0,0.5,1.4,
T03263,2026-03-24 16:21,Downtown,In store,Card,Yes,2,6.5,0.89,5.4,
T03264,2026-03-24 16:30,University,In store,Cash,No,3,11.95,0.0,3.6,4
T03265,2026-03-24 16:40,Downtown,Mobile app,App,Yes,2,9.0,1.47,1.6,
T03266,2026-03-24 16:42,Downtown,In store,Card,No,1,4.75,0.0,3.8,4
T03267,2026-03-24 16:44,University,In store,Card,No,2,7.5,0.0,2.2,
T03268,2026-03-24 16:59,University,Mobile app,App,Yes,1,4.75,0.76,1.2,
T03269,2026-03-24 16:59,University,Mobile app,App,Yes,2,6.5,1.34,5.9,
T03270,2026-03-24 17:07,Downtown,In store,Card,No,1,3.25,0.0,1.9,
T03271,2026-03-24 17:07,Downtown,In store,Card,No,3,13.5,1.65,1.4,
T03272,2026-03-24 17:12,Downtown,In store,Card,No,2,9.0,1.51,4.6,4
T03273,2026-03-24 17:39,Riverside,In store,Cash,No,1,4.5,0.0,1.1,
T03274,2026-03-24 17:52,University,Mobile app,App,Yes,3,10.5,1.48,4.8,
T03275,2026-03-25 06:41,Riverside,In store,Card,No,1,4.75,0.0,0.8,
T03276,2026-03-25 06:52,Downtown,In store,Card,No,2,9.5,1.05,0.9,
T03277,2026-03-25 07:01,Downtown,Mobile app,App,Yes,2,5.95,0.85,1.3,4
T03278,2026-03-25 07:08,Downtown,In store,Card,No,1,4.5,0.0,8.5,
T03279,2026-03-25 07:21,Downtown,Mobile app,App,Yes,2,6.25,1.16,2.7,5
T03280,2026-03-25 07:22,Riverside,In store,Card,No,1,3.0,0.0,0.7,
T03281,2026-03-25 07:29,Downtown,In store,Card,No,1,4.25,0.0,8.8,
T03282,2026-03-25 07:31,Downtown,In store,Card,No,2,6.5,0.99,4.0,3
T03283,2026-03-25 07:31,University,In store,Card,No,2,6.5,0.0,1.5,3
T03284,2026-03-25 07:45,Downtown,In store,Card,Yes,1,3.25,0.44,4.2,
T03285,2026-03-25 07:48,Downtown,In store,Card,No,1,4.75,0.0,7.7,4
T03286,2026-03-25 07:55,Riverside,In store,Card,Yes,1,4.5,0.0,1.5,4
T03287,2026-03-25 07:57,Downtown,Mobile app,App,Yes,2,9.25,1.35,1.4,4
T03288,2026-03-25 08:02,University,In store,Card,No,1,4.75,0.57,3.3,
T03289,2026-03-25 08:06,University,In store,Cash,No,1,3.25,0.0,3.9,
T03290,2026-03-25 08:09,University,Mobile app,App,Yes,2,9.25,1.44,0.7,5
T03291,2026-03-25 08:21,Downtown,Mobile app,App,No,1,3.0,0.39,2.2,
T03292,2026-03-25 08:23,University,Mobile app,App,Yes,2,6.0,1.31,2.3,4
T03293,2026-03-25 08:23,Riverside,In store,Card,No,2,6.0,0.0,2.7,
T03294,2026-03-25 08:26,Riverside,In store,Cash,No,2,9.5,0.0,1.4,
T03295,2026-03-25 08:26,Riverside,In store,Card,No,2,7.5,1.34,5.1,
T03296,2026-03-25 08:27,Downtown,Mobile app,App,Yes,1,3.25,0.67,1.1,
T03297,2026-03-25 08:34,Riverside,In store,Cash,No,1,4.25,0.0,6.3,
T03298,2026-03-25 08:38,Downtown,In store,Card,No,2,7.2,0.0,15.9,
T03299,2026-03-25 08:42,Downtown,In store,Card,No,3,11.7,1.44,14.9,
T03300,2026-03-25 08:44,University,Mobile app,App,Yes,1,4.25,0.63,0.9,4
T03301,2026-03-25 08:48,University,Mobile app,App,Yes,3,11.25,2.38,0.5,5
T03302,2026-03-25 08:49,Downtown,In store,Card,Yes,2,8.75,1.72,6.3,
T03303,2026-03-25 08:52,University,Mobile app,App,Yes,2,7.75,0.0,0.4,4
T03304,2026-03-25 08:52,Riverside,In store,Cash,No,1,3.0,0.0,1.7,5
T03305,2026-03-25 08:55,Downtown,In store,Card,Yes,3,10.45,1.49,11.0,
T03306,2026-03-25 08:56,Downtown,In store,Cash,Yes,2,7.5,0.0,3.2,
T03307,2026-03-25 08:59,Downtown,In store,Card,No,2,6.25,1.09,8.4,
T03308,2026-03-25 09:04,Downtown,In store,Cash,No,1,4.5,0.0,5.1,
T03309,2026-03-25 09:04,Downtown,Mobile app,App,Yes,2,9.25,2.02,0.9,
T03310,2026-03-25 09:08,Downtown,In store,Card,Yes,1,4.25,0.0,12.2,
T03311,2026-03-25 09:12,Downtown,Mobile app,App,Yes,1,4.5,0.58,2.0,
T03312,2026-03-25 09:16,Downtown,In store,Card,Yes,2,9.0,0.0,14.8,
T03313,2026-03-25 09:17,University,In store,Card,No,2,8.0,0.92,5.3,4
T03314,2026-03-25 09:17,Riverside,In store,Card,No,1,4.25,0.0,4.6,
T03315,2026-03-25 09:19,Riverside,In store,Card,No,1,4.25,0.65,8.7,
T03316,2026-03-25 09:24,Riverside,Mobile app,App,Yes,4,15.2,0.0,0.5,5
T03317,2026-03-25 09:29,Downtown,In store,Card,No,1,4.75,0.0,2.3,
T03318,2026-03-25 09:31,University,Mobile app,App,Yes,3,10.45,1.7,1.3,3
T03319,2026-03-25 09:31,Downtown,In store,Card,No,1,4.25,0.7,9.9,
T03320,2026-03-25 09:34,University,Mobile app,App,Yes,2,8.75,1.49,1.6,5
T03321,2026-03-25 09:34,University,In store,Card,No,1,4.5,0.8,2.2,
T03322,2026-03-25 09:34,Downtown,In store,Card,Yes,2,9.25,1.47,4.1,
T03323,2026-03-25 09:35,Downtown,In store,Card,No,2,8.0,0.0,14.5,
T03324,2026-03-25 09:36,Riverside,In store,Card,No,1,2.95,0.37,1.7,
T03325,2026-03-25 09:37,University,In store,Cash,Yes,3,12.5,0.0,2.1,
T03326,2026-03-25 09:37,Riverside,In store,Card,No,1,3.25,0.0,1.0,
T03327,2026-03-25 09:41,Riverside,In store,Card,Yes,1,3.25,0.0,2.0,5
T03328,2026-03-25 09:45,University,In store,Card,No,1,2.95,0.32,6.2,3
T03329,2026-03-25 09:47,Downtown,In store,Cash,No,1,4.5,0.0,8.0,
T03330,2026-03-25 09:52,Downtown,In store,Card,No,1,3.25,0.45,13.8,2
T03331,2026-03-25 09:53,Downtown,In store,Card,Yes,2,5.95,0.0,11.9,
T03332,2026-03-25 09:55,Downtown,In store,Card,No,1,4.25,0.52,8.3,
T03333,2026-03-25 10:04,Riverside,Mobile app,App,Yes,3,11.75,1.97,0.4,
T03334,2026-03-25 10:19,Downtown,In store,Card,No,1,3.0,0.38,3.8,
T03335,2026-03-25 10:23,Riverside,In store,Card,Yes,3,12.0,0.0,6.3,
T03336,2026-03-25 10:25,Riverside,In store,Cash,No,1,4.75,0.0,1.8,5
T03337,2026-03-25 10:28,Downtown,In store,Card,No,1,4.25,0.0,9.4,3
T03338,2026-03-25 10:30,University,Mobile app,App,Yes,3,11.45,2.07,3.7,
T03339,2026-03-25 10:35,Riverside,In store,Card,Yes,1,4.5,0.0,3.5,3
T03340,2026-03-25 10:36,Riverside,In store,Cash,Yes,2,7.2,0.0,1.1,
T03341,2026-03-25 10:38,University,In store,Card,Yes,2,6.25,1.21,7.9,4
T03342,2026-03-25 10:44,Riverside,In store,Card,Yes,2,7.25,1.3,6.6,4
T03343,2026-03-25 10:45,Riverside,In store,Cash,No,1,3.25,0.0,1.1,
T03344,2026-03-25 10:49,Riverside,In store,Card,Yes,4,17.0,2.42,7.3,5
T03345,2026-03-25 10:53,Riverside,In store,Cash,No,1,4.75,0.0,7.9,
T03346,2026-03-25 10:54,Riverside,In store,Card,No,2,9.25,1.54,5.2,
T03347,2026-03-25 10:56,University,Mobile app,App,Yes,1,4.5,0.89,1.4,
T03348,2026-03-25 10:57,University,In store,Cash,No,1,4.5,0.0,3.6,2
T03349,2026-03-25 10:59,Downtown,In store,Card,No,1,3.25,0.63,8.8,3
T03350,2026-03-25 11:01,Riverside,Mobile app,App,Yes,2,7.5,0.0,1.0,
T03351,2026-03-25 11:05,Riverside,In store,Card,No,1,3.0,0.45,4.0,
T03352,2026-03-25 11:06,Riverside,In store,Cash,No,1,4.75,0.0,2.6,
T03353,2026-03-25 11:06,Downtown,In store,Card,No,1,4.25,0.0,7.1,3
T03354,2026-03-25 11:08,University,In store,Card,Yes,1,4.75,0.63,1.4,
T03355,2026-03-25 11:14,Riverside,Mobile app,App,No,2,7.5,0.0,0.9,
T03356,2026-03-25 11:16,Downtown,In store,Card,Yes,1,3.0,0.5,3.5,
T03357,2026-03-25 11:17,University,In store,Card,No,1,2.95,0.53,3.1,
T03358,2026-03-25 11:25,Riverside,In store,Card,No,1,4.5,0.0,3.6,
T03359,2026-03-25 11:28,University,In store,Cash,Yes,2,7.5,0.0,11.6,3
T03360,2026-03-25 11:31,Downtown,Mobile app,App,Yes,2,7.2,0.87,2.4,5
T03361,2026-03-25 11:31,Riverside,In store,Card,No,2,7.45,0.0,2.7,5
T03362,2026-03-25 11:34,University,Mobile app,App,Yes,2,6.2,1.0,1.8,3
T03363,2026-03-25 11:36,Downtown,In store,Card,No,1,2.95,0.0,5.1,
T03364,2026-03-25 11:38,University,In store,Card,Yes,2,9.25,0.0,2.4,
T03365,2026-03-25 11:41,University,In store,Card,No,1,4.25,0.0,2.4,
T03366,2026-03-25 11:43,Riverside,In store,Card,Yes,3,12.25,1.59,1.7,
T03367,2026-03-25 11:50,Riverside,In store,Card,No,1,3.25,0.0,4.9,
T03368,2026-03-25 11:59,Riverside,In store,Card,Yes,2,9.25,1.52,2.7,
T03369,2026-03-25 12:08,Downtown,In store,Card,No,1,4.75,0.48,10.7,
T03370,2026-03-25 12:08,Downtown,In store,Cash,Yes,2,8.75,0.0,2.0,
T03371,2026-03-25 12:09,Riverside,In store,Card,Yes,2,9.0,0.0,3.0,3
T03372,2026-03-25 12:13,Downtown,In store,Card,No,2,7.7,1.29,24.4,
T03373,2026-03-25 12:17,Downtown,In store,Card,No,1,4.75,0.55,4.7,
T03374,2026-03-25 12:22,University,In store,Card,No,2,6.5,0.69,3.5,5
T03375,2026-03-25 12:23,Downtown,In store,Card,No,1,4.25,0.69,4.9,
T03376,2026-03-25 12:24,Downtown,In store,Card,No,2,5.9,0.0,6.6,
T03377,2026-03-25 12:26,Riverside,In store,Card,No,2,7.75,1.52,3.8,
T03378,2026-03-25 12:30,University,Mobile app,App,Yes,1,4.25,0.75,6.0,5
T03379,2026-03-25 12:56,Riverside,In store,Card,No,2,6.0,0.71,2.4,5
T03380,2026-03-25 12:58,Downtown,In store,Cash,No,1,4.5,0.0,2.1,3
T03381,2026-03-25 13:02,University,In store,Card,Yes,1,3.25,0.0,6.5,
T03382,2026-03-25 13:05,Downtown,In store,Card,Yes,2,7.5,1.17,4.5,
T03383,2026-03-25 13:07,Downtown,In store,Cash,No,1,4.5,0.0,6.9,3
T03384,2026-03-25 13:11,University,Mobile app,App,Yes,2,9.25,1.27,2.8,
T03385,2026-03-25 13:13,Downtown,In store,Cash,No,1,3.25,0.0,6.7,
T03386,2026-03-25 13:14,Downtown,In store,Card,No,2,6.25,0.0,5.1,
T03387,2026-03-25 13:15,Downtown,Mobile app,App,Yes,2,7.75,1.04,0.8,5
T03388,2026-03-25 13:16,Downtown,Mobile app,App,No,1,4.75,0.94,1.7,
T03389,2026-03-25 13:17,Riverside,In store,Cash,Yes,3,10.75,0.0,4.5,
T03390,2026-03-25 13:18,University,Mobile app,App,No,1,4.25,0.0,0.6,5
T03391,2026-03-25 13:21,Downtown,Mobile app,App,Yes,1,4.25,0.0,2.1,4
T03392,2026-03-25 13:25,Downtown,In store,Card,No,2,7.5,1.36,4.9,
T03393,2026-03-25 13:25,University,In store,Card,Yes,1,4.75,0.0,1.8,
T03394,2026-03-25 13:27,University,In store,Card,No,2,7.75,0.86,12.3,
T03395,2026-03-25 13:34,Riverside,In store,Card,No,1,2.95,0.36,4.9,
T03396,2026-03-25 13:34,Downtown,In store,Card,Yes,1,3.25,0.0,7.0,5
T03397,2026-03-25 13:37,Downtown,In store,Card,No,1,4.5,0.54,5.5,
T03398,2026-03-25 13:42,Downtown,Mobile app,App,No,1,4.25,0.78,1.4,5
T03399,2026-03-25 13:45,Riverside,In store,Cash,No,2,9.0,0.0,3.2,5
T03400,2026-03-25 14:02,Riverside,In store,Card,No,2,9.0,1.55,4.8,
T03401,2026-03-25 14:02,University,Mobile app,App,Yes,2,7.7,1.02,3.0,
T03402,2026-03-25 14:06,Downtown,In store,Card,No,2,6.2,1.22,2.1,5
T03403,2026-03-25 14:16,University,Mobile app,App,Yes,2,7.75,0.0,1.4,3
T03404,2026-03-25 14:38,University,Mobile app,App,No,1,3.25,0.0,0.8,5
T03405,2026-03-25 15:03,University,Mobile app,App,Yes,1,4.25,0.0,1.5,3
T03406,2026-03-25 15:13,Riverside,In store,Card,No,2,9.25,1.37,1.2,
T03407,2026-03-25 15:15,University,Mobile app,App,Yes,2,7.75,0.0,1.1,5
T03408,2026-03-25 15:16,Riverside,In store,Card,Yes,1,4.5,0.63,3.7,
T03409,2026-03-25 15:17,Downtown,In store,Card,Yes,2,7.2,1.08,3.1,
T03410,2026-03-25 15:25,Downtown,In store,Card,No,2,9.0,0.0,1.7,4
T03411,2026-03-25 15:32,Downtown,In store,Card,Yes,3,13.5,0.0,3.8,
T03412,2026-03-25 15:46,Riverside,In store,Cash,No,3,12.0,0.0,2.7,5
T03413,2026-03-25 15:46,University,Mobile app,App,Yes,2,7.25,1.16,1.9,5
T03414,2026-03-25 15:59,Downtown,In store,Card,No,2,7.5,0.87,3.4,
T03415,2026-03-25 16:06,Riverside,In store,Card,No,1,4.5,0.0,2.7,
T03416,2026-03-25 16:06,University,In store,Card,Yes,3,13.5,2.41,3.5,
T03417,2026-03-25 16:08,Riverside,In store,Card,No,3,12.5,0.0,1.2,4
T03418,2026-03-25 16:24,University,In store,Card,No,1,3.25,0.0,3.3,
T03419,2026-03-25 16:34,University,In store,Card,Yes,3,12.5,2.46,0.3,4
T03420,2026-03-25 16:35,Downtown,Mobile app,Voucher,Yes,1,0.0,0.0,0.5,
T03421,2026-03-25 16:39,Downtown,In store,Card,Yes,2,6.25,0.0,2.1,
T03422,2026-03-25 16:40,Riverside,In store,Card,No,2,8.75,1.39,3.7,
T03423,2026-03-25 16:48,University,In store,Cash,Yes,1,3.25,0.0,4.3,
T03424,2026-03-25 16:54,Riverside,In store,Card,No,1,3.0,0.0,1.3,5
T03425,2026-03-25 16:59,University,In store,Card,No,2,7.45,0.0,1.7,
T03426,2026-03-25 17:00,University,In store,Card,No,1,2.95,0.48,2.5,
T03427,2026-03-25 17:09,University,In store,Card,No,1,3.0,0.39,0.6,
T03428,2026-03-25 17:10,Downtown,In store,Card,No,1,3.25,0.0,7.0,
T03429,2026-03-25 17:11,University,In store,Card,Yes,2,7.75,0.85,3.8,
T03430,2026-03-25 17:20,University,In store,Card,Yes,4,15.25,2.65,3.7,
T03431,2026-03-25 17:24,Downtown,Mobile app,App,No,1,3.0,0.0,1.6,5
T03432,2026-03-25 17:42,University,In store,Cash,No,2,8.75,0.0,5.0,
T03433,2026-03-25 17:43,Downtown,In store,Card,No,1,4.5,0.7,2.6,
T03434,2026-03-25 17:44,Riverside,In store,Card,No,2,5.9,0.88,1.9,5
T03435,2026-03-25 17:47,University,In store,Card,No,1,4.5,0.59,3.1,
T03436,2026-03-25 17:50,Downtown,Mobile app,App,No,1,3.0,0.37,1.3,
T03437,2026-03-26 06:38,Downtown,Mobile app,App,No,2,7.75,1.0,1.4,
T03438,2026-03-26 07:01,Riverside,In store,Card,Yes,1,2.95,0.0,9.8,4
T03439,2026-03-26 07:03,Downtown,Mobile app,App,Yes,1,4.5,0.64,0.5,4
T03440,2026-03-26 07:04,Downtown,In store,Card,No,3,10.5,2.04,14.2,
T03441,2026-03-26 07:11,University,In store,Cash,No,1,3.0,0.0,1.4,3
T03442,2026-03-26 07:19,University,In store,Card,Yes,2,6.5,1.09,2.1,
T03443,2026-03-26 07:21,Riverside,In store,Cash,No,2,7.75,0.0,1.5,3
T03444,2026-03-26 07:24,Downtown,In store,Card,No,1,4.25,0.0,6.0,
T03445,2026-03-26 07:28,Riverside,In store,Card,No,2,8.5,0.0,1.0,
T03446,2026-03-26 07:33,Downtown,Mobile app,App,Yes,2,7.75,0.0,1.7,5
T03447,2026-03-26 07:33,Downtown,In store,Card,No,2,7.7,1.41,12.7,
T03448,2026-03-26 07:39,Downtown,In store,Card,Yes,1,4.5,0.5,2.2,4
T03449,2026-03-26 07:49,Downtown,In store,Card,Yes,2,9.25,0.0,2.8,3
T03450,2026-03-26 07:52,Downtown,Mobile app,App,Yes,1,2.95,0.48,0.6,
T03451,2026-03-26 07:53,Downtown,Mobile app,App,Yes,1,2.95,0.38,3.3,5
T03452,2026-03-26 07:54,Downtown,In store,Card,No,1,3.25,0.0,5.8,
T03453,2026-03-26 07:55,University,In store,Cash,Yes,1,3.25,0.0,4.1,
T03454,2026-03-26 08:00,Riverside,In store,Card,No,1,2.95,0.0,1.8,
T03455,2026-03-26 08:00,Downtown,In store,Card,No,2,9.5,0.0,12.7,
T03456,2026-03-26 08:14,Downtown,In store,Card,Yes,1,4.5,0.0,13.1,
T03457,2026-03-26 08:15,University,Mobile app,Voucher,Yes,1,0.0,0.0,3.6,5
T03458,2026-03-26 08:29,Downtown,In store,Card,No,1,3.25,0.49,32.4,
T03459,2026-03-26 08:29,Riverside,In store,Cash,Yes,2,7.5,0.0,4.2,5
T03460,2026-03-26 08:31,University,Mobile app,App,Yes,1,4.25,0.55,0.3,
T03461,2026-03-26 08:41,Downtown,In store,Cash,No,1,3.0,0.0,14.1,
T03462,2026-03-26 08:46,Downtown,In store,Cash,No,2,6.2,0.0,12.1,
T03463,2026-03-26 08:46,University,Mobile app,App,Yes,1,4.5,0.59,0.7,
T03464,2026-03-26 08:49,Riverside,In store,Card,No,1,3.25,0.54,1.6,5
T03465,2026-03-26 08:53,Downtown,Mobile app,App,Yes,2,9.0,1.68,0.4,3
T03466,2026-03-26 08:53,Downtown,In store,Card,Yes,4,16.45,3.09,6.7,
T03467,2026-03-26 08:55,Downtown,In store,Card,No,17,68.45,7.56,15.3,
T03468,2026-03-26 09:05,University,In store,Card,Yes,1,4.75,0.71,3.1,
T03469,2026-03-26 09:07,Downtown,In store,Card,No,2,7.5,0.0,13.7,2
T03470,2026-03-26 09:07,University,Mobile app,Voucher,Yes,1,0.0,0.0,1.8,
T03471,2026-03-26 09:08,University,In store,Card,Yes,1,2.95,0.0,11.4,3
T03472,2026-03-26 09:10,Downtown,In store,Card,Yes,3,12.0,1.94,14.0,1
T03473,2026-03-26 09:16,Riverside,In store,Card,No,2,9.0,1.66,3.1,
T03474,2026-03-26 09:21,Riverside,In store,Card,Yes,1,3.25,0.0,3.1,
T03475,2026-03-26 09:22,University,Mobile app,App,Yes,1,4.5,0.96,2.1,
T03476,2026-03-26 09:24,Downtown,In store,Card,No,1,4.5,0.59,2.0,
T03477,2026-03-26 09:26,Riverside,In store,Card,Yes,1,3.0,0.0,3.7,2
T03478,2026-03-26 09:27,Downtown,In store,Card,Yes,1,4.5,0.0,2.5,4
T03479,2026-03-26 09:29,Downtown,Mobile app,App,No,4,13.65,2.13,3.5,
T03480,2026-03-26 09:30,Downtown,In store,Card,Yes,1,4.25,0.56,5.3,
T03481,2026-03-26 09:31,Downtown,In store,Card,Yes,4,15.25,0.0,18.7,2
T03482,2026-03-26 09:34,Downtown,Mobile app,App,Yes,1,4.5,0.63,0.4,5
T03483,2026-03-26 09:37,Downtown,In store,Card,No,1,3.25,0.41,9.9,
T03484,2026-03-26 09:41,Riverside,In store,Card,Yes,1,3.25,0.0,4.0,
T03485,2026-03-26 09:41,Downtown,Mobile app,App,No,1,2.95,0.0,0.8,
T03486,2026-03-26 09:41,Downtown,Mobile app,App,Yes,5,21.5,4.2,4.1,
T03487,2026-03-26 09:43,Downtown,In store,Card,Yes,2,7.5,0.0,10.8,
T03488,2026-03-26 09:45,Downtown,In store,Card,Yes,3,12.25,0.0,2.2,5
T03489,2026-03-26 09:46,Downtown,In store,Card,Yes,2,9.0,0.0,13.7,1
T03490,2026-03-26 09:46,Riverside,In store,Card,No,2,8.75,0.0,4.3,
T03491,2026-03-26 09:53,Riverside,In store,Card,No,1,4.5,0.62,5.9,
T03492,2026-03-26 09:57,Downtown,In store,Card,No,1,4.25,0.0,4.0,4
T03493,2026-03-26 09:57,Riverside,In store,Card,No,1,4.25,0.66,6.3,
T03494,2026-03-26 10:00,University,In store,Card,No,1,3.0,0.52,3.6,
T03495,2026-03-26 10:01,Downtown,In store,Card,No,1,3.25,0.51,2.3,4
T03496,2026-03-26 10:36,Downtown,Mobile app,App,Yes,1,3.0,0.65,0.7,4
T03497,2026-03-26 10:45,University,In store,Card,Yes,2,9.0,0.0,1.4,
T03498,2026-03-26 10:50,Downtown,In store,Card,No,1,4.75,0.0,4.9,
T03499,2026-03-26 10:54,Riverside,In store,Card,No,1,3.0,0.56,0.9,5
T03500,2026-03-26 10:55,Riverside,In store,Card,Yes,1,3.0,0.34,4.7,5
T03501,2026-03-26 10:55,Riverside,In store,Cash,No,1,4.25,0.0,5.8,
T03502,2026-03-26 10:56,Downtown,In store,Card,Yes,1,4.5,0.0,2.4,5
T03503,2026-03-26 10:57,Riverside,Mobile app,App,Yes,2,7.45,1.54,1.3,4
T03504,2026-03-26 11:01,Riverside,In store,Cash,No,1,4.25,0.0,1.5,
T03505,2026-03-26 11:04,Riverside,In store,Card,Yes,2,7.5,1.12,4.3,
T03506,2026-03-26 11:09,Riverside,Mobile app,App,No,1,3.0,0.0,1.6,5
T03507,2026-03-26 11:10,University,Mobile app,App,Yes,3,12.25,2.51,0.4,
T03508,2026-03-26 11:10,Downtown,Mobile app,App,Yes,4,16.5,2.8,2.9,
T03509,2026-03-26 11:12,Downtown,In store,Card,No,1,4.25,0.81,1.8,
T03510,2026-03-26 11:16,University,In store,Card,Yes,3,12.25,0.0,2.8,4
T03511,2026-03-26 11:19,University,In store,Card,Yes,4,18.0,3.59,2.8,
T03512,2026-03-26 11:21,University,Mobile app,App,Yes,3,10.65,0.0,2.1,5
T03513,2026-03-26 11:23,Riverside,In store,Card,Yes,2,6.25,0.95,1.7,
T03514,2026-03-26 11:26,University,In store,Card,No,1,4.25,0.0,3.9,
T03515,2026-03-26 11:27,Riverside,In store,Card,No,1,3.25,0.49,2.0,
T03516,2026-03-26 11:33,Downtown,Mobile app,App,Yes,1,4.75,1.01,0.8,
T03517,2026-03-26 11:37,Riverside,In store,Cash,Yes,1,4.5,0.0,4.7,
T03518,2026-03-26 11:45,Downtown,In store,Card,No,4,16.7,0.0,5.3,
T03519,2026-03-26 11:47,University,In store,Card,Yes,3,12.25,0.0,5.5,4
T03520,2026-03-26 11:50,Riverside,In store,Card,Yes,2,8.0,0.0,6.1,3
T03521,2026-03-26 11:50,Riverside,In store,Cash,No,1,3.0,0.0,0.6,
T03522,2026-03-26 11:51,University,In store,Card,No,1,3.25,0.0,10.2,2
T03523,2026-03-26 12:02,University,In store,Cash,No,2,7.5,0.0,14.8,2
T03524,2026-03-26 12:05,Downtown,In store,Card,Yes,3,11.0,0.0,4.4,4
T03525,2026-03-26 12:07,Downtown,In store,Card,Yes,3,10.95,0.0,5.2,3
T03526,2026-03-26 12:16,Riverside,In store,Card,No,2,7.75,0.0,3.0,
T03527,2026-03-26 12:26,Riverside,In store,Card,No,2,9.0,1.65,6.0,
T03528,2026-03-26 12:30,Riverside,In store,Card,No,1,3.25,0.0,3.2,
T03529,2026-03-26 12:30,University,Mobile app,App,Yes,1,4.25,0.75,0.6,5
T03530,2026-03-26 12:31,Downtown,Mobile app,App,Yes,2,9.0,1.68,3.6,4
T03531,2026-03-26 12:33,University,In store,Card,No,4,16.5,3.28,1.5,
T03532,2026-03-26 12:36,Downtown,In store,Card,Yes,1,4.5,0.85,3.2,4
T03533,2026-03-26 12:40,Downtown,In store,Card,No,1,2.95,0.43,5.9,
T03534,2026-03-26 12:42,University,Mobile app,App,Yes,3,13.5,2.97,1.8,5
T03535,2026-03-26 12:44,Downtown,In store,Card,Yes,1,4.25,0.73,6.1,2
T03536,2026-03-26 12:47,Downtown,In store,Card,Yes,1,4.75,0.89,5.3,
T03537,2026-03-26 12:50,University,In store,Card,Yes,2,7.45,1.42,13.0,2
T03538,2026-03-26 13:05,Downtown,Mobile app,App,Yes,1,4.75,0.0,2.9,
T03539,2026-03-26 13:08,Downtown,Mobile app,App,Yes,2,8.75,1.76,2.5,
T03540,2026-03-26 13:10,University,In store,Cash,Yes,1,4.5,0.0,5.3,
T03541,2026-03-26 13:21,University,Mobile app,App,No,1,3.25,0.0,1.3,
T03542,2026-03-26 13:30,Riverside,In store,Cash,Yes,2,5.95,0.0,1.8,
T03543,2026-03-26 13:33,Downtown,Mobile app,App,Yes,1,4.5,0.0,2.9,
T03544,2026-03-26 13:33,University,In store,Cash,No,1,4.5,0.0,3.8,4
T03545,2026-03-26 13:39,University,Mobile app,App,Yes,3,10.95,1.46,1.4,
T03546,2026-03-26 13:42,Downtown,In store,Card,No,2,7.7,0.0,8.8,3
T03547,2026-03-26 13:46,Downtown,Mobile app,App,Yes,1,2.95,0.65,1.4,5
T03548,2026-03-26 13:51,Downtown,In store,Card,Yes,3,14.0,0.0,8.4,3
T03549,2026-03-26 14:01,Downtown,In store,Card,No,1,3.0,0.54,8.2,3
T03550,2026-03-26 14:03,Downtown,In store,Card,No,1,4.25,0.0,2.8,
T03551,2026-03-26 14:03,University,Mobile app,App,Yes,2,7.5,1.51,1.7,4
T03552,2026-03-26 14:08,Downtown,In store,Card,No,4,14.2,2.35,2.3,
T03553,2026-03-26 14:12,Downtown,In store,Card,No,1,2.95,0.0,10.1,
T03554,2026-03-26 14:15,University,In store,Card,No,2,7.25,0.0,5.4,
T03555,2026-03-26 14:18,University,Mobile app,App,Yes,3,12.25,1.95,3.5,4
T03556,2026-03-26 14:25,Riverside,In store,Cash,No,1,3.0,0.0,2.1,4
T03557,2026-03-26 14:26,University,Mobile app,App,Yes,1,3.25,0.61,0.5,5
T03558,2026-03-26 14:42,Downtown,In store,Card,No,1,4.25,0.71,2.1,
T03559,2026-03-26 14:48,Riverside,In store,Card,No,2,7.5,0.0,2.5,
T03560,2026-03-26 14:51,Riverside,In store,Card,No,3,11.7,0.0,1.7,4
T03561,2026-03-26 15:02,University,Mobile app,App,Yes,2,7.2,0.0,0.7,5
T03562,2026-03-26 15:06,Downtown,In store,Card,No,1,4.5,0.0,10.7,
T03563,2026-03-26 15:11,Downtown,In store,Cash,No,1,4.5,0.0,3.5,
T03564,2026-03-26 15:14,Downtown,In store,Card,Yes,1,2.95,0.43,2.1,
T03565,2026-03-26 15:27,University,In store,Card,No,2,7.5,0.0,2.8,
T03566,2026-03-26 15:29,Downtown,Mobile app,App,Yes,1,4.75,0.0,3.1,4
T03567,2026-03-26 15:31,Riverside,In store,Card,Yes,1,3.0,0.36,3.3,5
T03568,2026-03-26 15:37,Riverside,Mobile app,App,Yes,2,5.95,0.9,0.9,
T03569,2026-03-26 15:51,University,In store,Cash,No,1,4.75,0.0,7.2,
T03570,2026-03-26 16:08,University,In store,Card,Yes,3,12.0,2.13,2.4,
T03571,2026-03-26 16:14,Downtown,In store,Card,Yes,1,3.25,0.64,8.5,
T03572,2026-03-26 16:14,Riverside,In store,Card,Yes,1,3.25,0.0,2.9,5
T03573,2026-03-26 16:15,University,Mobile app,App,Yes,1,4.25,0.63,0.5,
T03574,2026-03-26 16:24,Riverside,In store,Cash,No,1,3.0,0.0,3.8,3
T03575,2026-03-26 16:27,Riverside,In store,Card,No,1,4.5,0.0,4.0,
T03576,2026-03-26 16:48,Riverside,In store,Voucher,Yes,1,0.0,0.0,1.0,4
T03577,2026-03-26 16:52,University,Mobile app,App,Yes,4,13.4,0.0,1.8,5
T03578,2026-03-26 16:58,Downtown,In store,Card,Yes,3,12.0,0.0,3.7,
T03579,2026-03-26 17:31,University,Mobile app,Voucher,Yes,1,0.0,0.0,0.7,
T03580,2026-03-27 06:07,Downtown,In store,Cash,No,1,4.25,0.0,9.6,
T03581,2026-03-27 07:06,Downtown,In store,Card,No,1,4.5,0.56,6.5,
T03582,2026-03-27 07:08,Downtown,In store,Cash,No,1,4.25,0.0,9.5,
T03583,2026-03-27 07:09,Downtown,In store,Card,No,2,7.45,1.46,5.0,4
T03584,2026-03-27 07:15,Riverside,In store,Card,No,2,9.0,1.24,1.1,
T03585,2026-03-27 07:18,Downtown,In store,Card,Yes,1,4.5,0.9,2.0,
T03586,2026-03-27 07:24,Downtown,In store,Card,Yes,1,3.25,0.0,8.9,
T03587,2026-03-27 07:25,Downtown,In store,Card,No,1,4.25,0.49,17.9,
T03588,2026-03-27 07:27,Downtown,In store,Card,No,1,4.25,0.0,8.7,
T03589,2026-03-27 07:33,Downtown,In store,Cash,No,1,2.95,0.0,6.3,
T03590,2026-03-27 07:58,Downtown,Mobile app,App,Yes,2,7.45,0.0,2.2,
T03591,2026-03-27 08:01,Downtown,In store,Card,No,1,4.5,0.0,19.8,
T03592,2026-03-27 08:05,Downtown,In store,Card,Yes,1,2.95,0.0,6.0,
T03593,2026-03-27 08:05,Downtown,In store,Cash,Yes,2,6.5,0.0,20.8,
T03594,2026-03-27 08:08,Downtown,In store,Card,No,1,4.5,0.49,16.2,
T03595,2026-03-27 08:08,Downtown,In store,Cash,No,1,4.75,0.0,18.0,
T03596,2026-03-27 08:09,Downtown,In store,Card,No,2,7.5,1.15,25.9,
T03597,2026-03-27 08:12,Downtown,In store,Card,No,2,9.25,1.75,3.8,
T03598,2026-03-27 08:15,University,In store,Card,Yes,2,6.25,0.95,2.9,3
T03599,2026-03-27 08:17,Downtown,In store,Card,No,1,4.5,0.0,27.1,1
T03600,2026-03-27 08:18,Downtown,Mobile app,App,Yes,2,9.0,0.0,1.5,
T03601,2026-03-27 08:18,Riverside,In store,Card,No,1,3.25,0.59,6.2,
T03602,2026-03-27 08:21,Riverside,In store,Card,No,2,9.0,0.0,4.8,2
T03603,2026-03-27 08:28,Downtown,In store,Voucher,Yes,1,0.0,0.0,2.8,
T03604,2026-03-27 08:31,Downtown,In store,Card,Yes,1,3.0,0.47,16.2,
T03605,2026-03-27 08:31,Downtown,In store,Card,No,1,3.25,0.52,9.8,
T03606,2026-03-27 08:36,Downtown,Mobile app,App,Yes,2,6.25,0.0,0.7,5
T03607,2026-03-27 08:36,Downtown,Mobile app,App,Yes,3,13.5,2.29,1.1,
T03608,2026-03-27 08:39,Downtown,Mobile app,App,Yes,2,6.2,0.78,0.3,
T03609,2026-03-27 08:44,University,Mobile app,App,No,1,2.95,0.0,2.2,
T03610,2026-03-27 08:46,University,In store,Card,No,1,2.95,0.58,3.0,
T03611,2026-03-27 08:48,Downtown,In store,Cash,Yes,3,13.25,0.0,17.2,1
T03612,2026-03-27 08:49,University,Mobile app,App,Yes,4,15.7,0.0,1.1,
T03613,2026-03-27 08:49,Riverside,In store,Cash,Yes,4,14.0,0.0,0.4,
T03614,2026-03-27 08:52,University,Mobile app,App,Yes,2,9.0,0.0,3.1,
T03615,2026-03-27 08:54,University,In store,Card,No,1,3.0,0.44,4.1,3
T03616,2026-03-27 08:57,Downtown,In store,Card,No,3,10.7,0.0,9.9,
T03617,2026-03-27 08:57,Downtown,In store,Card,Yes,3,11.7,1.35,13.0,2
T03618,2026-03-27 08:59,Downtown,Mobile app,App,Yes,2,7.45,0.0,0.3,
T03619,2026-03-27 09:05,Downtown,In store,Card,No,1,4.75,0.92,7.7,
T03620,2026-03-27 09:05,Riverside,In store,Card,Yes,2,8.75,0.0,5.6,4
T03621,2026-03-27 09:07,University,Mobile app,App,Yes,1,4.75,0.0,0.6,
T03622,2026-03-27 09:08,University,In store,Card,No,2,7.25,0.0,5.8,
T03623,2026-03-27 09:10,Downtown,In store,Card,No,2,7.45,0.0,10.9,3
T03624,2026-03-27 09:11,Downtown,In store,Card,No,1,4.5,0.0,18.0,
T03625,2026-03-27 09:14,University,Mobile app,App,Yes,2,7.45,0.0,2.2,4
T03626,2026-03-27 09:14,Riverside,In store,Card,Yes,1,4.5,0.65,4.3,4
T03627,2026-03-27 09:16,University,Mobile app,App,Yes,3,12.25,0.0,0.3,5
T03628,2026-03-27 09:19,University,In store,Card,Yes,2,7.5,0.9,5.9,
T03629,2026-03-27 09:21,Downtown,In store,Cash,No,1,4.75,0.0,11.9,1
T03630,2026-03-27 09:24,Downtown,In store,Card,No,1,3.0,0.43,10.7,3
T03631,2026-03-27 09:26,University,Mobile app,App,Yes,1,2.95,0.0,0.3,5
T03632,2026-03-27 09:29,Downtown,In store,Card,No,1,4.75,0.77,5.5,
T03633,2026-03-27 09:31,Downtown,In store,Card,No,1,4.25,0.0,11.1,1
T03634,2026-03-27 09:32,Riverside,In store,Card,No,1,2.95,0.47,1.9,4
T03635,2026-03-27 09:33,University,In store,Card,No,2,7.45,0.0,7.2,3
T03636,2026-03-27 09:39,University,In store,Card,Yes,3,12.25,2.43,2.9,4
T03637,2026-03-27 09:42,Downtown,Mobile app,App,Yes,3,13.75,2.95,1.4,
T03638,2026-03-27 09:57,Downtown,In store,Cash,No,2,7.45,0.0,3.4,3
T03639,2026-03-27 10:06,Downtown,Mobile app,App,Yes,2,6.5,0.8,2.3,
T03640,2026-03-27 10:07,University,In store,Card,No,2,6.0,0.0,3.1,
T03641,2026-03-27 10:15,University,In store,Card,Yes,2,7.5,0.0,5.6,
T03642,2026-03-27 10:18,Riverside,In store,Card,No,2,5.95,0.0,3.6,
T03643,2026-03-27 10:30,Downtown,Mobile app,App,Yes,3,13.5,2.74,0.6,
T03644,2026-03-27 10:30,Downtown,Mobile app,App,Yes,2,8.0,1.48,0.4,5
T03645,2026-03-27 10:35,Riverside,In store,Card,No,2,7.45,1.45,2.9,
T03646,2026-03-27 10:38,Riverside,In store,Card,No,2,7.7,1.18,6.7,5
T03647,2026-03-27 10:42,University,Mobile app,App,Yes,1,4.5,0.79,3.2,
T03648,2026-03-27 10:45,Riverside,In store,Card,Yes,2,7.75,1.05,0.8,
T03649,2026-03-27 10:50,Downtown,In store,Card,No,1,3.25,0.38,7.5,3
T03650,2026-03-27 10:55,Riverside,In store,Card,Yes,1,3.25,0.41,5.5,
T03651,2026-03-27 11:02,Riverside,In store,Cash,No,3,11.5,0.0,4.5,
T03652,2026-03-27 11:15,University,In store,Card,No,2,5.9,0.66,4.9,
T03653,2026-03-27 11:17,University,Mobile app,App,Yes,2,8.75,1.42,2.0,
T03654,2026-03-27 11:20,Riverside,In store,Card,No,2,6.2,0.81,3.4,
T03655,2026-03-27 11:22,Riverside,In store,Card,No,1,4.25,0.79,8.2,
T03656,2026-03-27 11:22,University,In store,Voucher,Yes,1,0.0,0.0,3.7,5
T03657,2026-03-27 11:23,Riverside,In store,Card,No,2,5.95,0.0,1.9,
T03658,2026-03-27 11:25,University,In store,Card,No,1,4.5,0.55,2.0,
T03659,2026-03-27 11:25,University,Mobile app,App,No,1,4.5,0.73,0.8,
T03660,2026-03-27 11:29,Downtown,In store,Cash,No,2,7.2,0.0,5.0,
T03661,2026-03-27 11:29,University,In store,Card,No,1,3.25,0.64,1.8,
T03662,2026-03-27 11:30,Riverside,Mobile app,App,No,3,10.95,1.68,2.5,
T03663,2026-03-27 11:32,University,Mobile app,App,Yes,1,3.25,0.0,5.0,
T03664,2026-03-27 11:32,Downtown,Mobile app,App,No,1,4.25,0.85,1.7,
T03665,2026-03-27 11:46,Downtown,In store,Card,No,1,3.25,0.0,3.1,
T03666,2026-03-27 12:03,University,Mobile app,App,Yes,1,4.5,0.58,2.3,4
T03667,2026-03-27 12:10,Riverside,In store,Cash,No,1,3.0,0.0,4.4,5
T03668,2026-03-27 12:11,University,In store,Card,No,1,3.0,0.0,7.1,3
T03669,2026-03-27 12:14,Downtown,In store,Card,Yes,1,3.25,0.54,4.1,5
T03670,2026-03-27 12:18,Downtown,In store,Card,No,1,4.5,0.0,9.9,
T03671,2026-03-27 12:23,Downtown,In store,Card,Yes,2,9.0,1.09,1.5,5
T03672,2026-03-27 12:37,Riverside,Mobile app,App,Yes,2,5.95,0.74,4.5,5
T03673,2026-03-27 12:47,Riverside,In store,Cash,No,3,12.2,0.0,9.0,
T03674,2026-03-27 12:47,Downtown,In store,Card,No,1,4.25,0.44,8.6,2
T03675,2026-03-27 12:49,University,Mobile app,App,Yes,1,3.25,0.0,3.0,
T03676,2026-03-27 12:49,University,Mobile app,App,Yes,2,7.2,0.9,0.6,
T03677,2026-03-27 12:50,University,In store,Cash,Yes,3,10.15,0.0,11.3,
T03678,2026-03-27 12:54,Downtown,In store,Card,No,1,4.25,0.55,13.6,2
T03679,2026-03-27 12:56,University,In store,Cash,No,1,3.25,0.0,2.3,
T03680,2026-03-27 12:59,Downtown,Mobile app,App,Yes,2,7.5,1.36,3.9,5
T03681,2026-03-27 13:01,Riverside,In store,Cash,Yes,3,11.7,0.0,1.8,
T03682,2026-03-27 13:01,Riverside,In store,Card,No,1,3.25,0.0,2.5,
T03683,2026-03-27 13:02,Riverside,In store,Card,No,1,4.25,0.55,5.8,
T03684,2026-03-27 13:12,University,In store,Cash,No,1,2.95,0.0,3.4,
T03685,2026-03-27 13:12,University,Mobile app,App,Yes,4,15.45,2.58,1.5,
T03686,2026-03-27 13:15,University,Mobile app,App,Yes,1,3.25,0.58,2.2,5
T03687,2026-03-27 13:19,University,In store,Card,No,1,3.25,0.39,4.7,
T03688,2026-03-27 13:23,Downtown,Mobile app,App,Yes,2,6.25,1.06,1.0,
T03689,2026-03-27 13:33,Downtown,In store,Card,Yes,2,5.95,0.65,8.5,3
T03690,2026-03-27 13:34,Downtown,In store,Card,Yes,5,21.75,4.06,2.3,5
T03691,2026-03-27 13:34,Riverside,In store,Card,No,2,7.45,1.46,3.2,
T03692,2026-03-27 13:36,Downtown,In store,Card,No,2,9.0,0.0,8.7,5
T03693,2026-03-27 13:41,Downtown,In store,Cash,No,1,3.0,0.0,2.4,
T03694,2026-03-27 13:45,University,In store,Card,No,1,4.75,0.63,9.1,
T03695,2026-03-27 13:46,Downtown,In store,Card,No,1,3.0,0.0,8.4,3
T03696,2026-03-27 14:04,Riverside,In store,Card,No,1,4.5,0.62,3.1,4
T03697,2026-03-27 14:05,Riverside,Mobile app,App,Yes,2,7.75,0.0,2.8,
T03698,2026-03-27 14:13,Riverside,In store,Card,No,2,7.7,1.07,1.0,
T03699,2026-03-27 14:22,Downtown,In store,Card,No,3,11.75,1.89,2.2,5
T03700,2026-03-27 14:30,Downtown,In store,Voucher,Yes,1,0.0,0.0,2.7,
T03701,2026-03-27 14:34,University,Mobile app,App,Yes,1,3.25,0.0,3.7,
T03702,2026-03-27 14:36,Downtown,In store,Card,No,2,9.0,0.0,1.9,
T03703,2026-03-27 14:39,University,In store,Card,No,2,8.0,0.0,12.2,
T03704,2026-03-27 14:46,Downtown,Mobile app,App,Yes,1,4.75,0.0,1.0,4
T03705,2026-03-27 14:46,University,Mobile app,App,Yes,3,12.25,2.67,2.3,4
T03706,2026-03-27 14:52,University,In store,Card,Yes,4,15.5,2.97,6.9,
T03707,2026-03-27 14:54,University,In store,Card,No,1,4.25,0.76,2.3,
T03708,2026-03-27 15:00,Downtown,In store,Card,No,2,9.0,1.39,4.0,4
T03709,2026-03-27 15:01,Downtown,In store,Cash,No,2,7.75,0.0,1.1,
T03710,2026-03-27 15:06,University,Mobile app,App,Yes,4,16.25,3.21,1.1,5
T03711,2026-03-27 15:22,Downtown,In store,Card,Yes,1,3.0,0.0,1.3,
T03712,2026-03-27 15:25,University,Mobile app,App,Yes,3,11.7,1.7,0.4,
T03713,2026-03-27 15:32,University,Mobile app,App,Yes,1,4.25,0.93,1.4,4
T03714,2026-03-27 15:53,Riverside,In store,Card,Yes,1,4.75,0.49,2.1,
T03715,2026-03-27 15:55,Riverside,In store,Card,No,1,4.75,0.95,0.3,
T03716,2026-03-27 16:04,Downtown,In store,Card,No,1,4.75,0.61,2.9,
T03717,2026-03-27 16:11,Downtown,In store,Card,No,2,8.75,0.0,6.1,3
T03718,2026-03-27 16:22,University,In store,Card,No,3,11.7,0.0,7.2,4
T03719,2026-03-27 16:25,Downtown,Mobile app,App,Yes,1,4.25,0.0,1.6,5
T03720,2026-03-27 17:33,University,In store,Card,Yes,2,8.0,1.09,4.0,
T03721,2026-03-27 17:41,Riverside,In store,Card,Yes,2,7.5,1.15,1.0,
T03722,2026-03-27 17:46,Downtown,In store,Card,No,2,7.5,0.0,1.4,4
T03723,2026-03-27 17:53,University,In store,Card,No,2,8.75,1.68,4.5,
T03724,2026-03-28 06:25,Riverside,In store,Card,No,3,12.0,0.0,2.3,
T03725,2026-03-28 06:28,Downtown,In store,Card,Yes,2,6.0,0.73,1.3,
T03726,2026-03-28 06:29,Downtown,In store,Card,No,1,3.25,0.0,2.1,
T03727,2026-03-28 06:33,Riverside,In store,Cash,Yes,2,7.75,0.0,2.7,
T03728,2026-03-28 07:04,Riverside,In store,Card,No,1,4.75,0.55,1.2,
T03729,2026-03-28 07:11,Riverside,Mobile app,App,Yes,1,4.5,0.0,2.6,4
T03730,2026-03-28 07:44,Downtown,In store,Card,Yes,1,4.25,0.0,2.9,
T03731,2026-03-28 07:59,Downtown,In store,Cash,No,2,8.0,0.0,1.0,
T03732,2026-03-28 08:00,Riverside,In store,Cash,Yes,1,4.5,0.0,1.9,
T03733,2026-03-28 08:07,Riverside,In store,Card,No,3,12.0,0.0,6.0,
T03734,2026-03-28 08:17,Riverside,In store,Card,No,1,4.25,0.71,4.8,5
T03735,2026-03-28 08:20,Downtown,In store,Card,No,2,9.5,1.85,1.2,
T03736,2026-03-28 08:28,University,Mobile app,App,Yes,4,15.0,0.0,3.2,3
T03737,2026-03-28 08:33,Riverside,Mobile app,App,Yes,1,2.95,0.63,0.8,3
T03738,2026-03-28 08:41,University,In store,Card,No,2,8.0,1.08,4.6,2
T03739,2026-03-28 08:51,Downtown,In store,Card,No,2,5.95,0.96,1.9,
T03740,2026-03-28 08:51,Downtown,Mobile app,App,No,1,3.25,0.68,0.6,5
T03741,2026-03-28 08:57,Riverside,In store,Cash,No,1,4.5,0.0,5.2,
T03742,2026-03-28 09:01,University,In store,Card,No,1,4.5,0.0,5.1,
T03743,2026-03-28 09:01,Riverside,In store,Card,No,1,4.25,0.5,5.7,4
T03744,2026-03-28 09:07,Downtown,In store,Card,No,1,4.75,0.92,5.5,3
T03745,2026-03-28 09:15,Downtown,In store,Card,No,1,4.75,0.0,5.8,4
T03746,2026-03-28 09:19,University,In store,Card,No,1,3.25,0.44,2.4,
T03747,2026-03-28 09:20,Riverside,In store,Card,No,1,4.5,0.53,5.6,
T03748,2026-03-28 09:24,Downtown,Mobile app,App,Yes,2,6.5,1.35,1.5,4
T03749,2026-03-28 09:27,Downtown,In store,Card,Yes,2,7.2,0.85,1.7,5
T03750,2026-03-28 09:28,Riverside,In store,Card,No,1,3.25,0.0,5.9,
T03751,2026-03-28 09:32,Riverside,Mobile app,App,Yes,2,8.75,0.0,1.1,5
T03752,2026-03-28 09:34,Riverside,In store,Card,No,2,7.5,1.46,1.1,
T03753,2026-03-28 09:36,Riverside,In store,Card,No,2,5.95,1.18,5.0,
T03754,2026-03-28 09:36,University,Mobile app,App,Yes,5,19.2,3.85,1.5,5
T03755,2026-03-28 09:38,Downtown,In store,Cash,No,1,4.25,0.0,3.1,
T03756,2026-03-28 09:42,Downtown,In store,Card,Yes,3,9.2,0.0,3.7,4
T03757,2026-03-28 09:42,Riverside,In store,Card,No,2,7.2,0.0,12.9,
T03758,2026-03-28 09:43,University,In store,Card,No,1,2.95,0.49,2.7,
T03759,2026-03-28 09:48,Riverside,In store,Card,No,3,13.5,0.0,2.3,
T03760,2026-03-28 09:50,Downtown,In store,Card,No,3,13.0,1.79,4.3,
T03761,2026-03-28 09:52,Riverside,In store,Cash,No,2,7.5,0.0,4.7,
T03762,2026-03-28 09:56,Riverside,In store,Card,No,3,12.5,0.0,5.4,
T03763,2026-03-28 09:58,Riverside,In store,Cash,No,3,10.7,0.0,11.6,
T03764,2026-03-28 09:59,Downtown,Mobile app,App,Yes,4,14.65,2.05,1.1,5
T03765,2026-03-28 10:00,Riverside,In store,Card,No,1,3.25,0.34,4.1,
T03766,2026-03-28 10:02,Downtown,Mobile app,App,Yes,2,7.7,1.01,1.6,
T03767,2026-03-28 10:05,Downtown,In store,Card,No,1,3.25,0.0,4.0,
T03768,2026-03-28 10:11,Downtown,Mobile app,App,No,1,2.95,0.53,1.8,5
T03769,2026-03-28 10:13,Downtown,In store,Card,No,3,12.25,0.0,5.8,4
T03770,2026-03-28 10:15,Downtown,Mobile app,App,Yes,1,3.25,0.0,1.0,
T03771,2026-03-28 10:20,Downtown,In store,Card,No,2,9.0,0.0,3.0,3
T03772,2026-03-28 10:20,Downtown,Mobile app,App,Yes,2,9.0,0.0,0.3,
T03773,2026-03-28 10:21,University,In store,Card,No,1,4.25,0.7,4.8,
T03774,2026-03-28 10:22,Downtown,Mobile app,App,Yes,1,3.0,0.59,0.4,4
T03775,2026-03-28 10:24,University,In store,Card,Yes,2,7.5,0.0,7.2,2
T03776,2026-03-28 10:25,Downtown,Mobile app,App,Yes,4,12.45,0.0,1.7,
T03777,2026-03-28 10:27,Downtown,In store,Card,Yes,1,3.25,0.5,3.2,
T03778,2026-03-28 10:31,Riverside,In store,Card,No,2,8.0,0.81,3.9,
T03779,2026-03-28 10:32,Downtown,Mobile app,App,Yes,4,15.25,2.5,2.2,4
T03780,2026-03-28 10:40,Downtown,In store,Card,No,1,2.95,0.5,3.3,3
T03781,2026-03-28 10:40,Downtown,Mobile app,App,No,2,7.5,1.46,0.8,
T03782,2026-03-28 10:42,Downtown,In store,Card,No,2,7.75,0.0,6.0,2
T03783,2026-03-28 10:46,Downtown,Mobile app,App,No,3,11.0,0.0,0.8,5
T03784,2026-03-28 10:56,Riverside,In store,Card,No,1,3.25,0.47,5.1,
T03785,2026-03-28 11:01,University,Mobile app,App,Yes,3,10.45,1.96,3.6,3
T03786,2026-03-28 11:02,Downtown,Mobile app,App,No,2,7.45,1.39,2.5,5
T03787,2026-03-28 11:04,Riverside,In store,Card,No,1,4.25,0.57,3.9,
T03788,2026-03-28 11:06,University,In store,Card,No,2,9.25,1.22,5.0,
T03789,2026-03-28 11:12,University,In store,Card,No,1,4.25,0.83,3.0,
T03790,2026-03-28 11:13,Riverside,In store,Card,No,3,10.45,1.93,4.4,
T03791,2026-03-28 11:15,Downtown,Mobile app,App,Yes,2,9.25,1.42,3.5,4
T03792,2026-03-28 11:17,Riverside,In store,Card,Yes,1,4.25,0.0,3.7,4
T03793,2026-03-28 11:17,University,In store,Cash,No,2,7.25,0.0,0.8,
T03794,2026-03-28 11:21,Riverside,Mobile app,App,Yes,2,7.5,1.5,1.6,5
T03795,2026-03-28 11:21,Downtown,Mobile app,App,Yes,3,14.0,1.74,3.3,
T03796,2026-03-28 11:24,Downtown,In store,Card,No,1,3.0,0.0,2.5,
T03797,2026-03-28 11:36,Downtown,In store,Card,No,2,7.45,1.24,7.7,
T03798,2026-03-28 11:46,University,In store,Card,Yes,2,9.25,1.29,4.7,
T03799,2026-03-28 11:46,Riverside,In store,Card,No,2,9.0,0.0,5.5,
T03800,2026-03-28 11:54,Riverside,In store,Card,Yes,3,11.95,1.49,8.8,
T03801,2026-03-28 11:58,Downtown,Mobile app,App,Yes,5,18.5,2.25,1.7,
T03802,2026-03-28 12:01,University,Mobile app,App,Yes,2,7.7,1.25,0.4,
T03803,2026-03-28 12:04,University,Mobile app,App,No,1,4.75,0.73,2.9,
T03804,2026-03-28 12:10,Riverside,In store,Cash,No,3,13.5,0.0,6.7,
T03805,2026-03-28 12:12,Riverside,In store,Voucher,Yes,1,0.0,0.0,4.8,
T03806,2026-03-28 12:22,University,In store,Card,Yes,2,6.25,0.86,1.4,3
T03807,2026-03-28 12:22,Riverside,In store,Card,No,2,7.75,0.0,2.0,
T03808,2026-03-28 12:22,University,In store,Card,No,2,7.5,0.0,3.0,
T03809,2026-03-28 12:23,Riverside,Mobile app,App,Yes,2,5.95,0.0,4.0,
T03810,2026-03-28 12:25,Downtown,Mobile app,App,No,1,3.25,0.0,1.8,4
T03811,2026-03-28 12:35,Riverside,In store,Card,No,1,4.75,0.78,1.0,
T03812,2026-03-28 12:46,Downtown,In store,Card,No,1,2.95,0.0,5.8,3
T03813,2026-03-28 12:47,University,Mobile app,App,No,1,4.25,0.0,0.6,
T03814,2026-03-28 12:48,Riverside,In store,Cash,No,1,3.0,0.0,7.5,
T03815,2026-03-28 12:49,University,Mobile app,App,Yes,2,7.2,1.05,2.9,4
T03816,2026-03-28 12:54,Downtown,In store,Card,No,1,3.25,0.58,4.0,
T03817,2026-03-28 12:57,Riverside,In store,Cash,Yes,1,4.5,0.0,1.9,
T03818,2026-03-28 13:04,Downtown,In store,Card,No,1,3.0,0.51,4.3,
T03819,2026-03-28 13:09,Downtown,In store,Card,No,2,7.7,0.0,10.6,
T03820,2026-03-28 13:15,Downtown,In store,Card,No,1,4.25,0.74,0.5,5
T03821,2026-03-28 13:21,Downtown,In store,Card,No,1,2.95,0.0,4.0,
T03822,2026-03-28 13:22,Downtown,In store,Card,No,3,13.25,0.0,3.3,
T03823,2026-03-28 13:27,Downtown,In store,Card,No,1,4.75,0.0,9.0,
T03824,2026-03-28 13:27,Downtown,In store,Card,Yes,2,9.0,1.77,2.9,5
T03825,2026-03-28 13:37,Downtown,In store,Cash,Yes,2,7.75,0.0,1.7,
T03826,2026-03-28 13:38,Downtown,In store,Card,No,2,7.5,0.0,6.2,
T03827,2026-03-28 13:57,Downtown,In store,Cash,No,2,9.0,0.0,2.1,
T03828,2026-03-28 14:02,Riverside,In store,Card,No,3,10.7,1.43,3.3,
T03829,2026-03-28 14:11,Downtown,In store,Card,No,1,3.25,0.62,1.5,5
T03830,2026-03-28 14:20,University,Mobile app,App,Yes,1,2.95,0.59,1.6,
T03831,2026-03-28 14:25,Downtown,Mobile app,App,No,2,8.75,1.27,0.6,
T03832,2026-03-28 14:29,University,In store,Card,Yes,2,7.2,0.0,3.9,2
T03833,2026-03-28 14:30,Downtown,In store,Card,Yes,2,5.95,0.81,4.0,
T03834,2026-03-28 14:32,University,Mobile app,App,Yes,2,7.5,1.61,3.5,
T03835,2026-03-28 14:32,Riverside,In store,Card,Yes,1,3.0,0.57,4.0,
T03836,2026-03-28 14:37,Riverside,In store,Card,No,1,4.5,0.85,1.8,
T03837,2026-03-28 14:54,Riverside,In store,Card,No,2,8.75,0.0,3.1,
T03838,2026-03-28 14:56,Riverside,In store,Card,No,1,4.25,0.0,8.0,
T03839,2026-03-28 14:57,Riverside,In store,Card,No,1,2.95,0.0,0.7,5
T03840,2026-03-28 15:00,Riverside,In store,Cash,Yes,2,7.5,0.0,3.4,4
T03841,2026-03-28 15:11,University,In store,Card,No,1,3.25,0.57,2.7,5
T03842,2026-03-28 15:17,University,Mobile app,App,Yes,3,9.45,0.0,0.3,4
T03843,2026-03-28 15:30,University,In store,Card,Yes,2,9.0,1.53,4.2,
T03844,2026-03-28 15:31,Downtown,In store,Card,Yes,2,7.25,1.01,1.7,5
T03845,2026-03-28 15:44,Riverside,Mobile app,App,Yes,2,7.5,1.56,0.8,4
T03846,2026-03-28 15:46,Riverside,In store,Card,Yes,1,3.25,0.0,2.2,
T03847,2026-03-28 16:18,Downtown,In store,Card,No,3,12.5,1.31,0.8,
T03848,2026-03-28 16:19,Downtown,Mobile app,App,Yes,3,10.4,0.0,0.6,4
T03849,2026-03-28 16:25,Downtown,In store,Card,No,1,4.5,0.0,5.0,
T03850,2026-03-28 16:28,Riverside,In store,Card,No,1,4.5,0.58,2.9,
T03851,2026-03-28 16:28,Riverside,In store,Card,No,1,3.0,0.0,4.1,
T03852,2026-03-28 16:35,Downtown,In store,Card,No,1,4.25,0.0,2.6,5
T03853,2026-03-28 16:54,University,Mobile app,App,Yes,1,3.0,0.0,2.4,4
T03854,2026-03-28 17:10,Downtown,In store,Cash,Yes,2,9.25,0.0,1.8,5
T03855,2026-03-28 17:13,Downtown,In store,Cash,Yes,2,9.0,0.0,0.3,
T03856,2026-03-28 17:17,University,Mobile app,App,Yes,4,13.5,2.28,1.9,5
T03857,2026-03-29 06:08,Riverside,Mobile app,App,Yes,1,4.5,0.63,1.9,3
T03858,2026-03-29 06:10,University,In store,Card,No,1,3.0,0.45,4.2,
T03859,2026-03-29 06:16,Riverside,In store,Cash,No,3,12.5,0.0,2.5,
T03860,2026-03-29 06:30,Downtown,In store,Card,Yes,2,9.5,1.56,2.6,
T03861,2026-03-29 06:38,Downtown,In store,Card,Yes,3,11.5,0.0,0.4,
T03862,2026-03-29 06:43,University,Mobile app,App,Yes,1,3.0,0.0,2.0,
T03863,2026-03-29 06:51,University,In store,Card,No,3,12.0,0.0,3.2,
T03864,2026-03-29 07:17,Downtown,In store,Card,No,1,4.25,0.77,3.0,
T03865,2026-03-29 07:25,Riverside,In store,Card,No,1,3.0,0.38,5.2,
T03866,2026-03-29 07:30,Downtown,In store,Card,No,2,7.25,0.73,2.0,
T03867,2026-03-29 07:33,University,Mobile app,App,Yes,2,7.25,0.0,0.6,5
T03868,2026-03-29 07:54,Riverside,In store,Card,No,3,10.45,1.61,1.6,5
T03869,2026-03-29 07:58,Downtown,In store,Card,No,1,4.5,0.0,2.9,
T03870,2026-03-29 08:06,Downtown,In store,Cash,No,3,12.5,0.0,9.6,
T03871,2026-03-29 08:13,University,In store,Card,Yes,1,3.25,0.55,1.0,
T03872,2026-03-29 08:14,Downtown,Mobile app,App,Yes,2,7.45,1.4,1.6,
T03873,2026-03-29 08:17,Riverside,Mobile app,App,Yes,2,8.75,1.16,1.0,5
T03874,2026-03-29 08:18,Downtown,In store,Card,Yes,2,7.75,1.13,3.1,4
T03875,2026-03-29 08:19,Riverside,In store,Card,No,3,10.75,1.26,1.1,5
T03876,2026-03-29 08:30,Riverside,In store,Cash,No,1,2.95,0.0,3.3,
T03877,2026-03-29 08:42,Downtown,Mobile app,App,Yes,1,4.25,0.55,0.3,
T03878,2026-03-29 08:45,University,In store,Card,Yes,2,9.25,0.0,2.6,5
T03879,2026-03-29 08:52,Riverside,In store,Card,No,1,4.75,0.62,4.3,
T03880,2026-03-29 08:55,Downtown,In store,Card,No,1,4.75,0.53,4.7,
T03881,2026-03-29 08:58,Downtown,In store,Cash,No,1,4.5,0.0,0.5,
T03882,2026-03-29 09:06,Riverside,In store,Card,No,2,6.5,0.0,6.7,
T03883,2026-03-29 09:06,Riverside,In store,Card,Yes,3,10.7,0.0,11.0,1
T03884,2026-03-29 09:07,Riverside,In store,Card,Yes,2,9.0,1.13,0.7,
T03885,2026-03-29 09:10,Downtown,In store,Card,No,1,4.75,0.0,4.7,
T03886,2026-03-29 09:11,Downtown,In store,Cash,Yes,3,13.75,0.0,2.0,
T03887,2026-03-29 09:14,Downtown,In store,Card,No,1,3.0,0.0,3.5,
T03888,2026-03-29 09:15,Riverside,In store,Cash,Yes,2,7.7,0.0,4.0,
T03889,2026-03-29 09:15,Downtown,In store,Card,Yes,2,7.25,1.32,3.0,
T03890,2026-03-29 09:17,Riverside,In store,Cash,No,2,8.75,0.0,2.6,
T03891,2026-03-29 09:23,University,In store,Card,No,1,4.5,0.68,3.6,
T03892,2026-03-29 09:24,Riverside,In store,Cash,Yes,2,7.2,0.0,5.2,
T03893,2026-03-29 09:33,Riverside,In store,Card,Yes,1,4.25,0.0,5.4,4
T03894,2026-03-29 09:34,Riverside,In store,Card,No,2,7.75,0.0,3.1,
T03895,2026-03-29 09:36,University,In store,Card,No,1,4.5,0.0,4.2,
T03896,2026-03-29 09:37,Riverside,In store,Card,Yes,2,7.25,0.0,8.9,
T03897,2026-03-29 09:38,Riverside,In store,Card,Yes,2,7.75,0.0,5.6,4
T03898,2026-03-29 09:40,Riverside,In store,Cash,Yes,4,11.85,0.0,6.9,4
T03899,2026-03-29 09:41,Downtown,In store,Card,No,1,3.0,0.0,2.5,
T03900,2026-03-29 09:46,Downtown,Mobile app,App,Yes,4,17.75,2.78,1.9,
T03901,2026-03-29 09:50,Riverside,In store,Card,No,2,9.5,1.8,6.2,
T03902,2026-03-29 09:52,Downtown,Mobile app,App,Yes,2,8.75,1.19,1.2,5
T03903,2026-03-29 09:52,Downtown,In store,Card,Yes,2,9.25,1.14,9.5,4
T03904,2026-03-29 09:53,Downtown,In store,Card,No,1,3.0,0.58,1.6,
T03905,2026-03-29 09:59,University,In store,Card,No,1,3.25,0.48,8.3,4
T03906,2026-03-29 10:00,Downtown,In store,Card,Yes,3,10.95,1.53,4.7,
T03907,2026-03-29 10:06,Riverside,In store,Card,No,1,4.5,0.0,6.3,
T03908,2026-03-29 10:08,Riverside,Mobile app,App,Yes,2,7.7,0.0,1.2,
T03909,2026-03-29 10:10,Downtown,In store,Card,Yes,1,4.25,0.0,2.7,5
T03910,2026-03-29 10:13,Riverside,In store,Cash,No,1,2.95,0.0,7.6,
T03911,2026-03-29 10:16,Riverside,In store,Cash,No,2,8.75,0.0,16.4,
T03912,2026-03-29 10:20,Riverside,In store,Card,Yes,2,9.25,1.0,11.1,
T03913,2026-03-29 10:25,Downtown,In store,Card,No,1,4.5,0.0,2.3,
T03914,2026-03-29 10:27,Riverside,In store,Card,No,2,8.0,0.0,4.7,
T03915,2026-03-29 10:30,Downtown,In store,Card,Yes,2,7.5,0.0,5.2,3
T03916,2026-03-29 10:34,Downtown,In store,Card,No,2,9.25,1.71,6.7,
T03917,2026-03-29 10:35,Riverside,In store,Card,Yes,1,4.25,0.0,1.8,
T03918,2026-03-29 10:36,Downtown,In store,Card,Yes,2,7.2,0.0,7.4,3
T03919,2026-03-29 10:37,Riverside,In store,Cash,Yes,1,4.5,0.0,3.8,4
T03920,2026-03-29 10:37,Riverside,In store,Card,No,1,4.5,0.46,5.3,
T03921,2026-03-29 10:38,Riverside,Mobile app,App,Yes,1,2.95,0.6,2.7,4
T03922,2026-03-29 10:42,Downtown,Mobile app,App,No,2,7.75,0.0,0.7,5
T03923,2026-03-29 10:46,University,In store,Card,Yes,1,4.25,0.0,1.3,5
T03924,2026-03-29 10:47,Downtown,In store,Card,No,1,3.25,0.0,4.4,
T03925,2026-03-29 10:55,Riverside,In store,Cash,No,1,4.75,0.0,5.6,
T03926,2026-03-29 10:58,University,In store,Card,No,3,12.5,2.08,5.3,
T03927,2026-03-29 11:02,Downtown,In store,Card,No,3,10.5,0.0,2.7,
T03928,2026-03-29 11:16,Downtown,In store,Card,Yes,4,14.95,0.0,2.7,
T03929,2026-03-29 11:19,Downtown,In store,Cash,No,1,2.95,0.0,5.0,
T03930,2026-03-29 11:20,Riverside,In store,Card,Yes,1,4.5,0.83,8.5,2
T03931,2026-03-29 11:21,Downtown,In store,Card,No,1,4.5,0.56,9.2,
T03932,2026-03-29 11:21,Downtown,Mobile app,App,Yes,1,3.25,0.0,1.5,
T03933,2026-03-29 11:25,Downtown,Mobile app,App,Yes,1,3.25,0.42,1.3,4
T03934,2026-03-29 11:26,Downtown,Mobile app,App,No,1,4.75,0.8,0.6,5
T03935,2026-03-29 11:27,Riverside,Mobile app,App,Yes,2,6.5,0.0,3.8,4
T03936,2026-03-29 11:30,Riverside,In store,Card,No,1,2.95,0.3,2.0,
T03937,2026-03-29 11:31,Downtown,Mobile app,App,Yes,2,7.7,1.47,0.7,
T03938,2026-03-29 11:34,Riverside,In store,Card,No,1,2.95,0.44,6.1,
T03939,2026-03-29 11:34,Downtown,In store,Card,Yes,1,2.95,0.36,3.4,
T03940,2026-03-29 11:34,University,Mobile app,App,Yes,1,4.25,0.76,1.5,4
T03941,2026-03-29 11:35,Downtown,In store,Card,No,1,4.25,0.0,2.7,
T03942,2026-03-29 11:37,Downtown,In store,Card,No,1,4.5,0.0,4.3,
T03943,2026-03-29 11:38,University,Mobile app,App,Yes,3,13.75,1.77,2.2,
T03944,2026-03-29 11:38,Riverside,In store,Card,No,1,3.25,0.0,5.5,3
T03945,2026-03-29 11:41,Riverside,In store,Card,No,2,7.2,0.0,5.0,4
T03946,2026-03-29 11:43,Downtown,In store,Voucher,Yes,1,0.0,0.0,6.4,
T03947,2026-03-29 12:00,Downtown,In store,Card,No,1,4.5,0.64,1.9,4
T03948,2026-03-29 12:07,Downtown,Mobile app,App,Yes,2,7.5,0.0,2.6,3
T03949,2026-03-29 12:07,Downtown,In store,Card,No,1,4.25,0.69,9.5,3
T03950,2026-03-29 12:08,Riverside,In store,Card,Yes,1,2.95,0.0,6.6,
T03951,2026-03-29 12:13,Downtown,Mobile app,App,Yes,3,12.2,2.06,1.1,
T03952,2026-03-29 12:16,Riverside,In store,Card,Yes,1,4.5,0.0,1.9,
T03953,2026-03-29 12:17,Downtown,In store,Voucher,Yes,1,0.0,0.0,1.8,
T03954,2026-03-29 12:20,Downtown,In store,Card,Yes,2,8.0,1.42,4.3,
T03955,2026-03-29 12:38,Riverside,In store,Cash,No,1,3.25,0.0,9.4,
T03956,2026-03-29 12:41,Downtown,In store,Voucher,Yes,1,0.0,0.0,6.7,
T03957,2026-03-29 12:42,Downtown,In store,Card,No,3,10.2,1.31,0.7,
T03958,2026-03-29 12:42,Downtown,Mobile app,App,Yes,2,7.5,1.09,5.7,
T03959,2026-03-29 12:52,Riverside,In store,Card,Yes,1,4.25,0.59,4.5,4
T03960,2026-03-29 12:54,University,In store,Card,No,2,7.45,0.86,1.7,
T03961,2026-03-29 13:09,Downtown,In store,Card,No,1,4.75,0.0,3.5,
T03962,2026-03-29 13:09,Downtown,In store,Card,No,1,4.5,0.56,2.7,
T03963,2026-03-29 13:10,Downtown,In store,Card,No,1,4.25,0.0,5.0,
T03964,2026-03-29 13:19,University,Mobile app,App,Yes,1,3.25,0.53,2.8,5
T03965,2026-03-29 13:20,University,Mobile app,App,Yes,2,7.75,1.2,1.7,
T03966,2026-03-29 13:25,Downtown,In store,Card,No,2,7.75,0.92,3.6,
T03967,2026-03-29 13:28,Riverside,In store,Card,No,1,4.25,0.68,1.5,
T03968,2026-03-29 13:32,Downtown,Mobile app,App,Yes,2,9.0,0.0,2.9,3
T03969,2026-03-29 13:33,University,In store,Card,No,1,4.75,0.49,3.1,
T03970,2026-03-29 13:42,Riverside,Mobile app,App,Yes,2,7.75,1.37,1.2,4
T03971,2026-03-29 13:43,University,In store,Card,No,1,4.75,0.51,2.9,
T03972,2026-03-29 13:45,Downtown,Mobile app,App,Yes,1,2.95,0.48,4.0,3
T03973,2026-03-29 13:52,Riverside,In store,Card,Yes,2,7.75,1.45,3.1,
T03974,2026-03-29 13:59,Downtown,Mobile app,App,Yes,3,12.0,2.59,2.7,
T03975,2026-03-29 14:15,Downtown,In store,Card,Yes,3,9.2,0.0,5.3,
T03976,2026-03-29 14:16,Downtown,In store,Card,Yes,2,6.0,1.17,2.8,
T03977,2026-03-29 14:19,Downtown,Mobile app,App,Yes,1,4.25,0.0,2.3,
T03978,2026-03-29 14:29,Riverside,In store,Card,No,1,4.25,0.47,4.6,
T03979,2026-03-29 14:33,University,In store,Card,No,1,3.0,0.38,3.1,5
T03980,2026-03-29 15:01,Downtown,Mobile app,App,Yes,1,3.25,0.0,2.0,
T03981,2026-03-29 15:05,Downtown,In store,Card,Yes,1,4.75,0.92,0.5,5
T03982,2026-03-29 15:11,Downtown,In store,Card,Yes,1,4.25,0.0,2.9,
T03983,2026-03-29 15:15,University,Mobile app,App,Yes,1,4.5,0.96,0.7,
T03984,2026-03-29 15:24,University,In store,Card,Yes,1,4.5,0.0,1.5,
T03985,2026-03-29 15:25,Downtown,In store,Cash,No,1,3.25,0.0,2.0,
T03986,2026-03-29 15:29,Downtown,In store,Card,Yes,1,3.0,0.36,4.6,
T03987,2026-03-29 15:29,Downtown,In store,Card,Yes,2,8.0,1.52,3.8,4
T03988,2026-03-29 15:45,University,Mobile app,Voucher,Yes,1,0.0,0.0,2.3,4
T03989,2026-03-29 15:48,Downtown,Mobile app,App,Yes,3,12.25,1.75,1.4,4
T03990,2026-03-29 15:51,Downtown,In store,Card,No,1,4.5,0.0,3.2,
T03991,2026-03-29 16:00,University,Mobile app,App,Yes,1,3.0,0.66,2.6,5
T03992,2026-03-29 16:11,Downtown,In store,Card,Yes,3,10.7,0.0,2.1,5
T03993,2026-03-29 16:22,Downtown,In store,Card,No,2,7.5,1.16,2.2,
T03994,2026-03-29 16:39,Downtown,Mobile app,App,Yes,2,6.5,1.39,2.5,
T03995,2026-03-29 16:40,University,Mobile app,App,Yes,1,3.0,0.0,0.6,4
T03996,2026-03-29 16:40,Downtown,Mobile app,App,Yes,1,4.5,0.74,6.2,
T03997,2026-03-29 16:41,Downtown,In store,Card,No,2,7.25,1.44,2.3,
T03998,2026-03-29 16:42,University,In store,Card,No,2,7.2,1.42,1.1,
T03999,2026-03-29 16:48,Downtown,In store,Card,No,1,4.5,0.54,3.4,
T04000,2026-03-29 16:54,Riverside,In store,Cash,No,1,2.95,0.0,1.0,5
