order_id,date,hour,day_type,store,customer,payment,items,order_total,wait_min,rating
R00001,2026-01-01,8,Weekday,Downtown,Walk-in,Card,1,4.25,5.9,2
R00002,2026-01-01,8,Weekday,Downtown,Loyalty,App,1,2.95,6.6,4
R00003,2026-01-01,8,Weekday,Riverside,Loyalty,App,3,10.4,8.1,3
R00004,2026-01-01,8,Weekday,Riverside,Walk-in,Card,3,11.7,3.7,3
R00005,2026-01-01,8,Weekday,University,Loyalty,App,4,16.75,5.0,3
R00006,2026-01-01,9,Weekday,Downtown,Loyalty,App,2,6.0,5.4,3
R00007,2026-01-01,9,Weekday,Downtown,Walk-in,Card,2,7.5,5.6,5
R00008,2026-01-01,9,Weekday,Downtown,Walk-in,Card,2,7.2,5.6,3
R00009,2026-01-01,9,Weekday,Riverside,Walk-in,Card,3,12.25,5.9,3
R00010,2026-01-01,9,Weekday,University,Loyalty,App,2,7.45,5.6,4
R00011,2026-01-01,9,Weekday,University,Walk-in,Card,3,9.25,4.6,4
R00012,2026-01-01,10,Weekday,Downtown,Walk-in,Card,2,7.75,7.4,4
R00013,2026-01-01,10,Weekday,University,Loyalty,App,3,12.0,5.9,4
R00014,2026-01-01,11,Weekday,Downtown,Loyalty,App,1,4.25,3.7,5
R00015,2026-01-01,11,Weekday,Riverside,Walk-in,Card,1,3.0,4.5,4
R00016,2026-01-01,12,Weekday,Downtown,Walk-in,App,1,4.5,5.5,4
R00017,2026-01-01,12,Weekday,Downtown,Walk-in,Card,1,4.25,9.3,2
R00018,2026-01-01,12,Weekday,Downtown,Walk-in,Card,1,2.95,6.2,3
R00019,2026-01-01,12,Weekday,Downtown,Walk-in,Card,2,7.2,6.8,4
R00020,2026-01-01,12,Weekday,University,Walk-in,App,2,9.0,5.5,4
R00021,2026-01-01,12,Weekday,University,Walk-in,Card,1,2.95,8.1,2
R00022,2026-01-01,12,Weekday,University,Walk-in,App,2,7.45,6.9,5
R00023,2026-01-01,13,Weekday,Downtown,Walk-in,Card,1,2.95,5.7,3
R00024,2026-01-01,13,Weekday,Riverside,Walk-in,App,2,6.2,3.3,5
R00025,2026-01-01,13,Weekday,University,Loyalty,App,3,9.5,5.3,4
R00026,2026-01-01,14,Weekday,University,Loyalty,App,3,11.7,6.2,3
R00027,2026-01-01,14,Weekday,University,Loyalty,App,3,10.7,5.9,5
R00028,2026-01-01,14,Weekday,University,Walk-in,App,3,12.2,5.2,4
R00029,2026-01-01,14,Weekday,University,Walk-in,App,2,9.25,5.8,3
R00030,2026-01-01,15,Weekday,University,Loyalty,Card,1,4.75,9.9,3
R00031,2026-01-01,16,Weekday,Downtown,Loyalty,App,2,7.25,6.7,4
R00032,2026-01-01,16,Weekday,University,Loyalty,App,2,9.0,4.1,5
R00033,2026-01-01,16,Weekday,University,Walk-in,Card,2,9.0,8.0,3
R00034,2026-01-01,17,Weekday,Downtown,Walk-in,Cash,3,12.25,4.3,4
R00035,2026-01-01,17,Weekday,Downtown,Walk-in,Card,1,4.75,5.5,4
R00036,2026-01-01,18,Weekday,Downtown,Walk-in,App,2,8.75,4.2,4
R00037,2026-01-01,18,Weekday,Riverside,Walk-in,Card,3,10.75,5.3,3
R00038,2026-01-02,7,Weekday,Downtown,Walk-in,Cash,1,4.25,4.7,4
R00039,2026-01-02,7,Weekday,Downtown,Walk-in,Cash,1,4.75,5.0,4
R00040,2026-01-02,8,Weekday,Downtown,Walk-in,App,2,7.45,7.2,4
R00041,2026-01-02,8,Weekday,Downtown,Walk-in,Card,1,4.75,8.8,2
R00042,2026-01-02,8,Weekday,Downtown,Loyalty,App,4,15.2,7.6,3
R00043,2026-01-02,8,Weekday,Downtown,Walk-in,App,1,4.5,8.4,3
R00044,2026-01-02,9,Weekday,Downtown,Loyalty,Card,5,20.7,6.5,3
R00045,2026-01-02,9,Weekday,Downtown,Loyalty,Card,1,4.25,5.6,4
R00046,2026-01-02,9,Weekday,Downtown,Loyalty,App,1,4.25,6.5,4
R00047,2026-01-02,9,Weekday,Downtown,Loyalty,Cash,4,15.25,8.3,4
R00048,2026-01-02,9,Weekday,Riverside,Walk-in,Card,1,4.75,4.0,4
R00049,2026-01-02,9,Weekday,Riverside,Walk-in,Card,2,7.75,8.0,4
R00050,2026-01-02,10,Weekday,Downtown,Loyalty,App,5,22.5,8.3,4
R00051,2026-01-02,10,Weekday,Downtown,Loyalty,Card,2,6.25,5.6,5
R00052,2026-01-02,10,Weekday,Downtown,Walk-in,Card,1,2.95,4.0,4
R00053,2026-01-02,11,Weekday,Downtown,Walk-in,Card,3,11.25,5.9,3
R00054,2026-01-02,11,Weekday,University,Loyalty,App,2,7.5,5.3,4
R00055,2026-01-02,12,Weekday,Downtown,Walk-in,Card,2,8.0,7.1,3
R00056,2026-01-02,12,Weekday,Downtown,Loyalty,Card,2,7.5,9.8,1
R00057,2026-01-02,12,Weekday,Downtown,Walk-in,Card,2,7.75,4.7,5
R00058,2026-01-02,12,Weekday,Downtown,Loyalty,App,2,7.75,5.4,4
R00059,2026-01-02,12,Weekday,Riverside,Loyalty,Card,2,7.75,5.3,5
R00060,2026-01-02,13,Weekday,Downtown,Walk-in,Card,1,4.25,4.7,5
R00061,2026-01-02,14,Weekday,Downtown,Loyalty,Cash,2,7.45,6.6,4
R00062,2026-01-02,14,Weekday,Downtown,Walk-in,Cash,3,10.7,4.4,3
R00063,2026-01-02,14,Weekday,Riverside,Walk-in,Cash,1,4.75,3.5,5
R00064,2026-01-02,15,Weekday,Downtown,Walk-in,App,1,3.25,3.0,4
R00065,2026-01-02,15,Weekday,Riverside,Loyalty,App,3,12.25,3.2,3
R00066,2026-01-02,15,Weekday,University,Walk-in,Cash,4,15.25,5.5,5
R00067,2026-01-02,16,Weekday,Downtown,Loyalty,App,3,11.0,3.5,4
R00068,2026-01-02,16,Weekday,Riverside,Walk-in,Cash,1,3.0,3.7,4
R00069,2026-01-02,16,Weekday,University,Loyalty,App,1,4.75,4.5,4
R00070,2026-01-02,17,Weekday,Downtown,Loyalty,Cash,3,13.25,4.7,3
R00071,2026-01-02,17,Weekday,Riverside,Walk-in,Cash,1,4.75,3.8,5
R00072,2026-01-02,18,Weekday,Downtown,Loyalty,App,3,12.25,3.6,4
R00073,2026-01-03,8,Weekend,Downtown,Walk-in,Card,2,7.5,5.0,4
R00074,2026-01-03,8,Weekend,Riverside,Walk-in,Cash,3,13.5,7.7,2
R00075,2026-01-03,9,Weekend,Downtown,Walk-in,Card,3,12.25,6.0,5
R00076,2026-01-03,9,Weekend,Downtown,Loyalty,App,4,14.75,7.1,4
R00077,2026-01-03,9,Weekend,Downtown,Walk-in,Card,1,3.0,4.9,4
R00078,2026-01-03,9,Weekend,Downtown,Loyalty,Cash,3,13.0,7.8,3
R00079,2026-01-03,9,Weekend,Downtown,Walk-in,Card,1,4.5,4.8,4
R00080,2026-01-03,9,Weekend,Riverside,Walk-in,Card,3,11.95,4.6,5
R00081,2026-01-03,9,Weekend,Riverside,Loyalty,App,3,12.5,4.0,4
R00082,2026-01-03,9,Weekend,Riverside,Loyalty,Card,1,3.25,4.0,4
R00083,2026-01-03,9,Weekend,University,Walk-in,App,2,7.5,5.4,3
R00084,2026-01-03,10,Weekend,Downtown,Loyalty,App,2,7.75,8.5,3
R00085,2026-01-03,10,Weekend,Downtown,Loyalty,Card,1,3.0,6.4,4
R00086,2026-01-03,10,Weekend,Downtown,Loyalty,App,3,12.25,7.6,4
R00087,2026-01-03,10,Weekend,Riverside,Loyalty,Cash,3,11.0,5.3,3
R00088,2026-01-03,10,Weekend,University,Loyalty,App,2,7.25,4.6,5
R00089,2026-01-03,11,Weekend,Downtown,Walk-in,Card,1,3.25,6.1,2
R00090,2026-01-03,11,Weekend,Riverside,Walk-in,Cash,1,4.25,5.2,4
R00091,2026-01-03,11,Weekend,University,Loyalty,App,3,12.2,6.2,5
R00092,2026-01-03,11,Weekend,University,Loyalty,App,3,10.5,5.4,3
R00093,2026-01-03,12,Weekend,Downtown,Walk-in,Card,1,4.25,7.8,3
R00094,2026-01-03,12,Weekend,Downtown,Loyalty,App,3,12.25,6.9,4
R00095,2026-01-03,12,Weekend,Downtown,Walk-in,Card,2,8.75,7.3,4
R00096,2026-01-03,12,Weekend,Riverside,Loyalty,Cash,1,4.25,5.2,4
R00097,2026-01-03,12,Weekend,University,Loyalty,App,1,4.5,6.1,3
R00098,2026-01-03,12,Weekend,University,Loyalty,App,3,11.75,5.9,3
R00099,2026-01-03,12,Weekend,University,Loyalty,App,1,3.0,5.2,3
R00100,2026-01-03,12,Weekend,University,Loyalty,App,1,4.5,5.7,4
R00101,2026-01-03,13,Weekend,Downtown,Walk-in,Card,3,10.7,6.8,4
R00102,2026-01-03,13,Weekend,Downtown,Walk-in,App,2,6.5,6.6,2
R00103,2026-01-03,13,Weekend,Downtown,Loyalty,Card,2,7.45,8.6,2
R00104,2026-01-03,14,Weekend,Downtown,Walk-in,Cash,1,4.25,4.6,5
R00105,2026-01-03,14,Weekend,Riverside,Walk-in,App,3,10.2,4.7,5
R00106,2026-01-03,14,Weekend,University,Loyalty,App,3,12.0,4.9,5
R00107,2026-01-03,17,Weekend,Downtown,Walk-in,Card,1,4.75,3.6,5
R00108,2026-01-03,17,Weekend,University,Walk-in,Card,2,7.2,5.7,4
R00109,2026-01-03,17,Weekend,University,Loyalty,App,3,10.5,5.9,4
R00110,2026-01-03,17,Weekend,University,Walk-in,App,2,9.0,4.5,3
R00111,2026-01-03,17,Weekend,University,Walk-in,App,3,11.75,5.1,2
R00112,2026-01-03,17,Weekend,University,Loyalty,App,5,17.0,5.1,5
R00113,2026-01-03,18,Weekend,Downtown,Walk-in,Card,2,7.5,3.5,5
R00114,2026-01-04,7,Weekend,University,Walk-in,App,3,10.25,3.0,5
R00115,2026-01-04,8,Weekend,Downtown,Loyalty,App,2,8.0,5.5,3
R00116,2026-01-04,8,Weekend,Riverside,Loyalty,Card,1,3.0,2.6,5
R00117,2026-01-04,8,Weekend,University,Walk-in,App,1,4.5,4.9,4
R00118,2026-01-04,8,Weekend,University,Walk-in,App,2,9.0,3.8,4
R00119,2026-01-04,9,Weekend,Downtown,Walk-in,Cash,3,12.25,7.4,4
R00120,2026-01-04,9,Weekend,Downtown,Walk-in,App,2,7.25,6.5,4
R00121,2026-01-04,9,Weekend,Downtown,Walk-in,Card,2,7.5,6.9,3
R00122,2026-01-04,9,Weekend,Downtown,Walk-in,App,3,11.75,6.2,3
R00123,2026-01-04,9,Weekend,Riverside,Walk-in,Cash,2,7.25,4.2,3
R00124,2026-01-04,9,Weekend,University,Loyalty,App,1,4.25,4.8,5
R00125,2026-01-04,9,Weekend,University,Walk-in,Card,2,7.75,4.7,4
R00126,2026-01-04,9,Weekend,University,Walk-in,App,3,13.25,4.1,5
R00127,2026-01-04,10,Weekend,Downtown,Walk-in,Card,2,9.0,6.0,3
R00128,2026-01-04,10,Weekend,Downtown,Loyalty,App,1,4.75,9.9,3
R00129,2026-01-04,10,Weekend,University,Walk-in,Card,1,4.5,5.6,4
R00130,2026-01-04,10,Weekend,University,Walk-in,Card,2,6.0,5.6,3
R00131,2026-01-04,12,Weekend,Downtown,Loyalty,App,3,12.25,8.9,3
R00132,2026-01-04,12,Weekend,Downtown,Walk-in,Card,1,4.5,8.2,2
R00133,2026-01-04,12,Weekend,Downtown,Walk-in,Card,1,4.5,7.1,3
R00134,2026-01-04,12,Weekend,Riverside,Loyalty,App,4,14.95,6.7,4
R00135,2026-01-04,12,Weekend,Riverside,Loyalty,Card,5,20.25,7.5,5
R00136,2026-01-04,12,Weekend,University,Loyalty,App,3,10.75,5.2,4
R00137,2026-01-04,12,Weekend,University,Walk-in,Card,2,8.5,5.7,4
R00138,2026-01-04,12,Weekend,University,Loyalty,App,2,7.45,7.1,4
R00139,2026-01-04,12,Weekend,University,Walk-in,Card,1,4.75,10.1,2
R00140,2026-01-04,13,Weekend,Downtown,Loyalty,App,2,9.0,5.6,3
R00141,2026-01-04,13,Weekend,University,Walk-in,App,1,4.5,4.6,3
R00142,2026-01-04,13,Weekend,University,Walk-in,App,3,12.2,5.0,3
R00143,2026-01-04,13,Weekend,University,Loyalty,App,2,7.2,5.1,4
R00144,2026-01-04,14,Weekend,Downtown,Walk-in,App,2,9.0,6.8,2
R00145,2026-01-04,14,Weekend,Downtown,Walk-in,Card,5,19.25,6.3,4
R00146,2026-01-04,14,Weekend,Riverside,Loyalty,Card,3,13.5,4.3,5
R00147,2026-01-04,14,Weekend,Riverside,Loyalty,Card,2,7.75,4.9,4
R00148,2026-01-04,15,Weekend,Downtown,Walk-in,App,1,4.5,4.9,4
R00149,2026-01-04,15,Weekend,Downtown,Walk-in,App,1,4.25,5.8,4
R00150,2026-01-04,15,Weekend,Downtown,Walk-in,Card,1,4.5,4.2,5
R00151,2026-01-04,16,Weekend,Downtown,Walk-in,Card,2,7.5,5.9,2
R00152,2026-01-04,16,Weekend,University,Loyalty,App,1,4.75,3.0,4
R00153,2026-01-04,18,Weekend,Downtown,Loyalty,App,2,9.0,4.1,3
R00154,2026-01-05,7,Weekday,Riverside,Loyalty,App,4,14.4,4.5,5
R00155,2026-01-05,7,Weekday,University,Walk-in,Card,1,4.75,3.9,5
R00156,2026-01-05,7,Weekday,University,Loyalty,Card,3,11.45,4.4,4
R00157,2026-01-05,8,Weekday,Downtown,Walk-in,Card,2,9.25,7.2,4
R00158,2026-01-05,8,Weekday,Downtown,Walk-in,Card,3,11.95,8.0,3
R00159,2026-01-05,8,Weekday,Downtown,Walk-in,Card,2,9.0,6.9,2
R00160,2026-01-05,8,Weekday,Riverside,Walk-in,Card,3,12.25,6.6,4
R00161,2026-01-05,8,Weekday,Riverside,Loyalty,App,1,4.5,3.3,4
R00162,2026-01-05,9,Weekday,Downtown,Walk-in,App,1,2.95,5.2,5
R00163,2026-01-05,9,Weekday,Downtown,Loyalty,App,4,14.45,7.8,4
R00164,2026-01-05,9,Weekday,Downtown,Walk-in,Card,2,9.0,7.1,5
R00165,2026-01-05,9,Weekday,Downtown,Walk-in,App,3,13.5,6.2,4
R00166,2026-01-05,9,Weekday,Downtown,Walk-in,Card,2,9.0,5.3,3
R00167,2026-01-05,9,Weekday,Riverside,Walk-in,Cash,5,19.15,7.8,3
R00168,2026-01-05,10,Weekday,Downtown,Walk-in,App,1,4.5,5.9,2
R00169,2026-01-05,10,Weekday,Downtown,Walk-in,App,1,4.25,5.1,4
R00170,2026-01-05,10,Weekday,Riverside,Loyalty,App,1,3.25,3.5,5
R00171,2026-01-05,10,Weekday,University,Walk-in,App,2,7.75,7.4,2
R00172,2026-01-05,11,Weekday,Downtown,Walk-in,App,1,4.5,7.1,3
R00173,2026-01-05,11,Weekday,Downtown,Walk-in,Card,2,7.2,4.7,4
R00174,2026-01-05,12,Weekday,University,Loyalty,App,4,15.25,5.9,4
R00175,2026-01-05,12,Weekday,University,Walk-in,App,2,7.2,5.2,5
R00176,2026-01-05,13,Weekday,Downtown,Loyalty,App,1,3.25,6.7,4
R00177,2026-01-05,13,Weekday,Downtown,Walk-in,App,2,7.25,5.4,3
R00178,2026-01-05,13,Weekday,Downtown,Loyalty,Card,2,8.75,4.7,3
R00179,2026-01-05,13,Weekday,University,Walk-in,Card,2,8.75,7.9,3
R00180,2026-01-05,14,Weekday,Riverside,Loyalty,App,2,7.2,3.1,4
R00181,2026-01-05,14,Weekday,Riverside,Loyalty,Card,3,8.95,6.1,3
R00182,2026-01-05,15,Weekday,Downtown,Walk-in,Card,1,4.5,4.7,3
R00183,2026-01-05,15,Weekday,University,Loyalty,App,4,15.2,5.4,3
R00184,2026-01-05,16,Weekday,Downtown,Loyalty,Card,1,2.95,5.4,5
R00185,2026-01-05,16,Weekday,Riverside,Walk-in,Cash,3,12.0,3.5,4
R00186,2026-01-05,17,Weekday,Downtown,Walk-in,Card,3,10.75,6.6,3
R00187,2026-01-06,7,Weekday,Riverside,Walk-in,Cash,3,9.75,3.7,3
R00188,2026-01-06,8,Weekday,Downtown,Walk-in,Card,2,6.5,9.2,3
R00189,2026-01-06,9,Weekday,University,Walk-in,Card,2,7.45,5.6,4
R00190,2026-01-06,10,Weekday,Downtown,Walk-in,App,1,4.5,5.2,4
R00191,2026-01-06,11,Weekday,Riverside,Loyalty,App,2,7.75,6.8,5
R00192,2026-01-06,11,Weekday,Riverside,Walk-in,Card,1,3.25,4.1,5
R00193,2026-01-06,11,Weekday,University,Walk-in,App,1,2.95,4.9,3
R00194,2026-01-06,11,Weekday,University,Loyalty,App,3,10.5,7.2,3
R00195,2026-01-06,13,Weekday,Downtown,Walk-in,App,1,3.0,5.4,3
R00196,2026-01-06,13,Weekday,Downtown,Walk-in,Card,1,4.5,5.0,5
R00197,2026-01-06,13,Weekday,Downtown,Walk-in,Card,1,3.25,6.0,3
R00198,2026-01-06,13,Weekday,University,Walk-in,App,3,10.75,9.9,4
R00199,2026-01-06,15,Weekday,Downtown,Loyalty,App,3,11.75,5.1,5
R00200,2026-01-06,15,Weekday,Downtown,Loyalty,App,2,8.5,5.7,5
R00201,2026-01-06,15,Weekday,University,Walk-in,Cash,1,3.0,5.4,3
R00202,2026-01-06,15,Weekday,University,Walk-in,App,2,7.5,5.3,4
R00203,2026-01-06,16,Weekday,Downtown,Loyalty,Card,3,11.75,4.4,5
R00204,2026-01-06,17,Weekday,Downtown,Walk-in,Card,1,3.0,4.8,3
R00205,2026-01-06,17,Weekday,University,Walk-in,App,2,7.75,4.2,3
R00206,2026-01-06,17,Weekday,University,Loyalty,App,1,4.25,5.2,3
R00207,2026-01-07,7,Weekday,Downtown,Walk-in,Card,3,11.45,4.9,4
R00208,2026-01-07,7,Weekday,Downtown,Walk-in,App,1,3.0,5.2,4
R00209,2026-01-07,8,Weekday,Downtown,Walk-in,Card,3,12.0,6.5,4
R00210,2026-01-07,8,Weekday,Downtown,Walk-in,App,1,4.75,6.3,3
R00211,2026-01-07,8,Weekday,Downtown,Walk-in,Card,1,2.95,6.5,3
R00212,2026-01-07,8,Weekday,Riverside,Loyalty,Card,3,10.5,4.9,4
R00213,2026-01-07,8,Weekday,University,Loyalty,App,3,8.95,5.6,4
R00214,2026-01-07,9,Weekday,Downtown,Loyalty,Card,1,4.5,5.4,3
R00215,2026-01-07,9,Weekday,Downtown,Walk-in,Card,2,7.5,6.3,3
R00216,2026-01-07,9,Weekday,Downtown,Walk-in,App,1,2.95,5.9,4
R00217,2026-01-07,9,Weekday,Riverside,Loyalty,App,3,11.75,4.3,4
R00218,2026-01-07,9,Weekday,Riverside,Walk-in,Card,3,13.25,5.4,4
R00219,2026-01-07,10,Weekday,University,Loyalty,Card,2,7.5,4.8,5
R00220,2026-01-07,11,Weekday,Downtown,Walk-in,App,2,7.75,5.7,3
R00221,2026-01-07,11,Weekday,University,Loyalty,App,3,13.5,6.4,3
R00222,2026-01-07,12,Weekday,Riverside,Walk-in,App,1,4.25,3.8,5
R00223,2026-01-07,12,Weekday,Riverside,Walk-in,Cash,3,10.2,4.5,4
R00224,2026-01-07,12,Weekday,University,Loyalty,App,3,11.7,5.6,2
R00225,2026-01-07,12,Weekday,University,Walk-in,Card,2,7.7,4.8,4
R00226,2026-01-07,13,Weekday,Downtown,Loyalty,Card,4,16.75,6.6,5
R00227,2026-01-07,13,Weekday,University,Walk-in,App,4,12.45,5.6,3
R00228,2026-01-07,14,Weekday,Riverside,Walk-in,Cash,2,7.75,3.1,4
R00229,2026-01-07,14,Weekday,Riverside,Loyalty,Card,1,3.25,3.2,4
R00230,2026-01-07,14,Weekday,Riverside,Loyalty,Card,4,18.0,5.3,3
R00231,2026-01-07,14,Weekday,University,Walk-in,Card,1,3.25,5.7,3
R00232,2026-01-07,14,Weekday,University,Loyalty,App,4,15.25,5.6,3
R00233,2026-01-07,14,Weekday,University,Loyalty,App,3,11.95,8.3,3
R00234,2026-01-07,14,Weekday,University,Walk-in,App,2,7.25,5.0,4
R00235,2026-01-07,15,Weekday,Riverside,Walk-in,App,1,2.95,3.1,5
R00236,2026-01-07,15,Weekday,University,Loyalty,Card,2,7.25,6.7,5
R00237,2026-01-07,16,Weekday,Riverside,Walk-in,Cash,2,6.0,4.6,5
R00238,2026-01-07,17,Weekday,University,Loyalty,App,1,4.75,5.4,4
R00239,2026-01-07,17,Weekday,University,Loyalty,Card,2,7.45,4.3,5
R00240,2026-01-07,18,Weekday,Riverside,Loyalty,Cash,3,10.5,4.1,5
R00241,2026-01-07,18,Weekday,Riverside,Loyalty,Card,1,3.25,4.0,4
R00242,2026-01-07,18,Weekday,Riverside,Walk-in,Card,1,4.5,2.0,5
R00243,2026-01-08,8,Weekday,Downtown,Walk-in,App,2,9.25,7.3,3
R00244,2026-01-08,8,Weekday,University,Walk-in,Card,3,11.5,3.8,3
R00245,2026-01-08,9,Weekday,Downtown,Walk-in,Card,1,3.25,9.6,3
R00246,2026-01-08,9,Weekday,Downtown,Walk-in,Card,3,10.75,6.9,3
R00247,2026-01-08,9,Weekday,Downtown,Loyalty,Card,1,4.5,7.4,4
R00248,2026-01-08,9,Weekday,Riverside,Loyalty,Card,2,7.5,5.5,4
R00249,2026-01-08,10,Weekday,Downtown,Walk-in,Cash,3,8.9,6.5,3
R00250,2026-01-08,10,Weekday,Riverside,Walk-in,Card,2,6.2,6.0,3
R00251,2026-01-08,11,Weekday,Riverside,Loyalty,Cash,2,7.7,3.3,4
R00252,2026-01-08,11,Weekday,University,Walk-in,Card,4,14.7,6.7,2
R00253,2026-01-08,11,Weekday,University,Loyalty,Card,1,4.5,9.0,4
R00254,2026-01-08,12,Weekday,Riverside,Loyalty,Card,3,14.0,5.2,4
R00255,2026-01-08,12,Weekday,University,Loyalty,Card,1,3.25,6.5,3
R00256,2026-01-08,13,Weekday,Downtown,Loyalty,App,1,3.0,5.2,5
R00257,2026-01-08,13,Weekday,Riverside,Loyalty,App,3,12.5,3.8,4
R00258,2026-01-08,14,Weekday,Downtown,Walk-in,Card,1,4.25,3.4,4
R00259,2026-01-08,14,Weekday,University,Walk-in,App,1,4.5,6.0,4
R00260,2026-01-08,14,Weekday,University,Loyalty,App,2,8.75,5.7,4
R00261,2026-01-08,14,Weekday,University,Loyalty,App,4,15.25,7.5,4
R00262,2026-01-08,15,Weekday,Riverside,Loyalty,Card,2,8.5,4.3,4
R00263,2026-01-08,16,Weekday,University,Walk-in,Card,2,8.5,7.7,3
R00264,2026-01-08,17,Weekday,University,Walk-in,Card,4,15.5,6.0,3
R00265,2026-01-08,17,Weekday,University,Loyalty,Card,3,11.95,4.5,4
R00266,2026-01-08,17,Weekday,University,Loyalty,App,3,10.15,5.6,3
R00267,2026-01-08,18,Weekday,Riverside,Loyalty,App,2,5.95,2.6,4
R00268,2026-01-09,7,Weekday,Downtown,Walk-in,Card,2,8.75,5.5,5
R00269,2026-01-09,7,Weekday,Riverside,Walk-in,Card,2,7.25,4.8,5
R00270,2026-01-09,7,Weekday,University,Walk-in,App,1,4.5,2.9,4
R00271,2026-01-09,8,Weekday,Downtown,Walk-in,Card,2,7.5,10.4,3
R00272,2026-01-09,8,Weekday,Downtown,Walk-in,App,1,3.25,7.6,4
R00273,2026-01-09,8,Weekday,Downtown,Loyalty,Card,2,8.75,7.8,4
R00274,2026-01-09,8,Weekday,Riverside,Walk-in,Card,1,4.5,3.0,5
R00275,2026-01-09,8,Weekday,University,Loyalty,App,2,7.2,4.6,4
R00276,2026-01-09,8,Weekday,University,Loyalty,App,3,10.5,4.4,4
R00277,2026-01-09,9,Weekday,Downtown,Loyalty,Card,2,7.2,6.6,3
R00278,2026-01-09,9,Weekday,Downtown,Walk-in,Card,1,4.5,5.5,5
R00279,2026-01-09,9,Weekday,Downtown,Loyalty,Card,1,3.0,5.7,3
R00280,2026-01-09,9,Weekday,Downtown,Walk-in,App,2,9.0,6.4,4
R00281,2026-01-09,10,Weekday,Downtown,Walk-in,Cash,2,9.25,4.3,4
R00282,2026-01-09,10,Weekday,Riverside,Walk-in,Card,2,6.5,3.8,4
R00283,2026-01-09,10,Weekday,Riverside,Loyalty,Card,1,4.5,3.6,5
R00284,2026-01-09,10,Weekday,University,Walk-in,App,2,7.2,5.2,3
R00285,2026-01-09,10,Weekday,University,Loyalty,Card,3,9.0,6.3,4
R00286,2026-01-09,10,Weekday,University,Walk-in,Card,2,6.2,4.8,4
R00287,2026-01-09,11,Weekday,Downtown,Walk-in,Card,2,7.7,6.4,3
R00288,2026-01-09,11,Weekday,Riverside,Walk-in,Card,1,4.5,3.3,5
R00289,2026-01-09,11,Weekday,University,Walk-in,Card,1,2.95,6.2,4
R00290,2026-01-09,11,Weekday,University,Walk-in,Card,2,7.2,4.7,4
R00291,2026-01-09,12,Weekday,Downtown,Walk-in,App,1,2.95,4.6,5
R00292,2026-01-09,12,Weekday,Downtown,Walk-in,Card,2,8.5,6.1,3
R00293,2026-01-09,12,Weekday,University,Loyalty,App,3,11.95,6.7,4
R00294,2026-01-09,13,Weekday,Downtown,Walk-in,Card,2,7.5,6.1,2
R00295,2026-01-09,13,Weekday,University,Walk-in,Card,1,4.25,5.1,3
R00296,2026-01-09,13,Weekday,University,Loyalty,Card,3,11.75,5.4,3
R00297,2026-01-09,13,Weekday,University,Walk-in,App,3,10.5,5.9,5
R00298,2026-01-09,13,Weekday,University,Loyalty,App,2,7.25,5.7,3
R00299,2026-01-09,14,Weekday,University,Walk-in,Card,2,7.5,4.7,3
R00300,2026-01-09,14,Weekday,University,Walk-in,App,1,4.25,6.3,3
R00301,2026-01-09,15,Weekday,University,Walk-in,Card,1,4.75,5.1,3
R00302,2026-01-09,16,Weekday,University,Walk-in,App,1,4.5,3.9,4
R00303,2026-01-09,16,Weekday,University,Walk-in,App,1,4.25,4.6,5
R00304,2026-01-09,17,Weekday,University,Loyalty,App,1,4.25,6.4,3
R00305,2026-01-09,18,Weekday,Downtown,Walk-in,Card,3,10.7,4.5,4
R00306,2026-01-09,18,Weekday,Downtown,Loyalty,App,2,7.5,5.1,3
R00307,2026-01-09,18,Weekday,University,Loyalty,Card,2,6.2,4.5,4
R00308,2026-01-10,7,Weekend,Downtown,Walk-in,App,1,2.95,5.6,4
R00309,2026-01-10,7,Weekend,Riverside,Loyalty,App,1,3.0,3.2,4
R00310,2026-01-10,8,Weekend,Downtown,Walk-in,Card,1,4.25,7.0,3
R00311,2026-01-10,8,Weekend,Downtown,Walk-in,App,3,12.25,8.0,2
R00312,2026-01-10,8,Weekend,Downtown,Loyalty,Card,2,7.5,7.8,3
R00313,2026-01-10,9,Weekend,Downtown,Walk-in,App,1,3.25,5.7,2
R00314,2026-01-10,9,Weekend,Riverside,Loyalty,Card,2,8.5,4.1,5
R00315,2026-01-10,10,Weekend,Riverside,Loyalty,Card,4,15.75,5.3,3
R00316,2026-01-10,10,Weekend,Riverside,Loyalty,App,1,3.25,5.9,3
R00317,2026-01-10,10,Weekend,University,Loyalty,App,2,9.0,6.1,4
R00318,2026-01-10,10,Weekend,University,Loyalty,Card,2,9.25,6.8,4
R00319,2026-01-10,11,Weekend,Downtown,Loyalty,Card,2,8.75,5.6,4
R00320,2026-01-10,12,Weekend,Downtown,Walk-in,Card,2,6.25,7.3,3
R00321,2026-01-10,12,Weekend,Riverside,Loyalty,Card,3,10.4,3.6,5
R00322,2026-01-10,12,Weekend,Riverside,Loyalty,App,2,7.2,3.1,4
R00323,2026-01-10,12,Weekend,University,Walk-in,Card,1,4.5,5.2,3
R00324,2026-01-10,12,Weekend,University,Walk-in,App,3,10.75,5.4,4
R00325,2026-01-10,13,Weekend,University,Loyalty,App,4,16.5,6.5,3
R00326,2026-01-10,13,Weekend,University,Walk-in,App,3,12.75,6.3,3
R00327,2026-01-10,13,Weekend,University,Walk-in,Card,1,3.25,5.3,3
R00328,2026-01-10,13,Weekend,University,Walk-in,Cash,1,4.5,4.4,4
R00329,2026-01-10,13,Weekend,University,Walk-in,Card,1,3.25,4.6,5
R00330,2026-01-10,14,Weekend,Riverside,Walk-in,Card,1,3.0,3.7,4
R00331,2026-01-10,14,Weekend,Riverside,Loyalty,App,2,7.75,8.2,3
R00332,2026-01-10,14,Weekend,Riverside,Walk-in,Card,4,12.45,6.4,3
R00333,2026-01-10,14,Weekend,University,Walk-in,App,1,4.25,4.3,5
R00334,2026-01-10,15,Weekend,Riverside,Walk-in,Cash,2,8.75,2.4,5
R00335,2026-01-10,15,Weekend,University,Loyalty,Card,2,7.7,6.4,4
R00336,2026-01-10,16,Weekend,University,Walk-in,App,2,8.75,3.6,5
R00337,2026-01-10,17,Weekend,Downtown,Walk-in,App,4,16.0,5.0,4
R00338,2026-01-10,17,Weekend,University,Loyalty,App,3,13.75,6.4,4
R00339,2026-01-10,18,Weekend,University,Walk-in,App,1,3.25,3.1,4
R00340,2026-01-11,7,Weekend,Downtown,Walk-in,App,2,8.5,4.7,4
R00341,2026-01-11,7,Weekend,Riverside,Walk-in,Cash,2,6.25,4.1,3
R00342,2026-01-11,7,Weekend,University,Walk-in,Cash,3,13.5,4.5,4
R00343,2026-01-11,8,Weekend,Downtown,Loyalty,Card,5,18.0,6.4,3
R00344,2026-01-11,9,Weekend,Downtown,Walk-in,Card,3,12.75,5.8,4
R00345,2026-01-11,9,Weekend,Downtown,Loyalty,App,3,12.25,8.4,4
R00346,2026-01-11,9,Weekend,Downtown,Loyalty,Cash,2,8.0,6.0,3
R00347,2026-01-11,10,Weekend,Downtown,Walk-in,Card,1,4.5,8.7,2
R00348,2026-01-11,10,Weekend,Downtown,Walk-in,App,1,3.25,6.6,4
R00349,2026-01-11,10,Weekend,Riverside,Walk-in,Card,1,4.5,4.3,4
R00350,2026-01-11,11,Weekend,Downtown,Walk-in,Card,1,4.5,5.5,4
R00351,2026-01-11,11,Weekend,Downtown,Walk-in,App,2,6.25,6.9,3
R00352,2026-01-11,11,Weekend,Riverside,Loyalty,Card,2,7.5,6.1,4
R00353,2026-01-11,11,Weekend,University,Walk-in,App,2,6.5,6.3,4
R00354,2026-01-11,12,Weekend,Downtown,Loyalty,App,2,7.5,9.2,3
R00355,2026-01-11,12,Weekend,Riverside,Walk-in,Card,1,3.25,2.9,4
R00356,2026-01-11,12,Weekend,University,Loyalty,App,5,18.5,7.0,3
R00357,2026-01-11,12,Weekend,University,Loyalty,App,2,7.75,7.7,3
R00358,2026-01-11,12,Weekend,University,Loyalty,App,1,3.25,5.1,3
R00359,2026-01-11,13,Weekend,Downtown,Loyalty,App,1,4.5,5.4,4
R00360,2026-01-11,13,Weekend,Downtown,Walk-in,Card,2,8.75,7.6,4
R00361,2026-01-11,13,Weekend,University,Walk-in,Card,1,4.5,6.4,3
R00362,2026-01-11,13,Weekend,University,Loyalty,App,2,9.0,5.0,5
R00363,2026-01-11,14,Weekend,Downtown,Loyalty,App,2,7.75,5.3,5
R00364,2026-01-11,14,Weekend,Downtown,Loyalty,Card,2,5.95,7.1,4
R00365,2026-01-11,14,Weekend,Riverside,Loyalty,Card,2,6.5,2.4,5
R00366,2026-01-11,14,Weekend,University,Loyalty,App,1,4.5,5.5,4
R00367,2026-01-11,14,Weekend,University,Loyalty,Card,1,4.25,4.9,5
R00368,2026-01-11,14,Weekend,University,Walk-in,Card,1,4.75,6.8,3
R00369,2026-01-11,14,Weekend,University,Walk-in,App,3,11.7,4.7,3
R00370,2026-01-11,15,Weekend,Downtown,Walk-in,Cash,2,7.2,8.1,4
R00371,2026-01-11,15,Weekend,Downtown,Walk-in,App,2,7.5,4.8,4
R00372,2026-01-11,15,Weekend,Downtown,Walk-in,App,1,2.95,8.0,4
R00373,2026-01-11,15,Weekend,Riverside,Walk-in,App,1,4.5,4.2,4
R00374,2026-01-11,16,Weekend,Downtown,Walk-in,App,2,7.45,4.8,3
R00375,2026-01-11,16,Weekend,Riverside,Loyalty,Cash,1,4.75,2.9,5
R00376,2026-01-11,16,Weekend,University,Walk-in,Card,2,8.0,5.5,4
R00377,2026-01-11,17,Weekend,Downtown,Walk-in,App,2,6.0,4.8,4
R00378,2026-01-11,17,Weekend,University,Loyalty,App,3,9.2,4.0,4
R00379,2026-01-11,18,Weekend,Downtown,Walk-in,App,1,4.25,4.1,5
R00380,2026-01-12,7,Weekday,Downtown,Loyalty,Card,3,10.4,6.4,3
R00381,2026-01-12,7,Weekday,Downtown,Walk-in,App,1,4.5,6.3,4
R00382,2026-01-12,8,Weekday,Downtown,Loyalty,Card,2,9.25,9.0,3
R00383,2026-01-12,8,Weekday,Downtown,Walk-in,Card,1,3.25,5.3,3
R00384,2026-01-12,8,Weekday,Downtown,Loyalty,Card,3,10.2,6.9,3
R00385,2026-01-12,8,Weekday,Downtown,Loyalty,App,1,4.5,8.2,4
R00386,2026-01-12,8,Weekday,Riverside,Loyalty,Card,2,6.5,3.3,4
R00387,2026-01-12,8,Weekday,University,Walk-in,Cash,1,2.95,5.3,3
R00388,2026-01-12,8,Weekday,University,Walk-in,Card,1,4.75,3.6,5
R00389,2026-01-12,9,Weekday,Downtown,Loyalty,App,2,7.7,6.4,3
R00390,2026-01-12,9,Weekday,University,Walk-in,App,2,9.0,3.9,5
R00391,2026-01-12,10,Weekday,University,Walk-in,App,3,9.2,6.6,3
R00392,2026-01-12,11,Weekday,Riverside,Walk-in,Card,1,3.25,3.2,5
R00393,2026-01-12,11,Weekday,Riverside,Walk-in,Cash,3,10.5,3.6,4
R00394,2026-01-12,11,Weekday,Riverside,Loyalty,Cash,3,11.7,4.7,4
R00395,2026-01-12,11,Weekday,University,Loyalty,App,2,7.5,5.7,3
R00396,2026-01-12,12,Weekday,Downtown,Loyalty,Card,1,3.25,4.6,4
R00397,2026-01-12,12,Weekday,University,Walk-in,Card,1,4.75,4.5,4
R00398,2026-01-12,12,Weekday,University,Walk-in,App,2,7.5,6.1,2
R00399,2026-01-12,13,Weekday,Downtown,Loyalty,App,2,7.5,5.2,3
R00400,2026-01-12,13,Weekday,Riverside,Loyalty,Cash,1,4.75,2.6,5
R00401,2026-01-12,13,Weekday,University,Loyalty,App,1,2.95,6.5,3
R00402,2026-01-12,14,Weekday,Riverside,Walk-in,Card,2,6.5,4.5,4
R00403,2026-01-12,14,Weekday,University,Walk-in,Cash,2,7.45,6.7,2
R00404,2026-01-12,14,Weekday,University,Walk-in,Cash,3,11.45,5.8,4
R00405,2026-01-12,16,Weekday,University,Walk-in,App,1,3.25,6.9,2
R00406,2026-01-12,17,Weekday,Downtown,Walk-in,App,1,4.75,3.1,5
R00407,2026-01-12,17,Weekday,Downtown,Walk-in,Cash,2,7.75,4.0,4
R00408,2026-01-12,17,Weekday,Downtown,Walk-in,Cash,2,7.5,4.3,4
R00409,2026-01-12,17,Weekday,University,Walk-in,Card,1,4.75,4.1,3
R00410,2026-01-13,7,Weekday,Downtown,Walk-in,Cash,2,5.95,5.3,4
R00411,2026-01-13,7,Weekday,Downtown,Loyalty,Card,3,13.75,5.1,5
R00412,2026-01-13,7,Weekday,Riverside,Walk-in,Card,2,9.0,3.5,5
R00413,2026-01-13,7,Weekday,Riverside,Loyalty,App,2,7.7,3.9,5
R00414,2026-01-13,8,Weekday,Downtown,Loyalty,App,2,7.7,6.9,4
R00415,2026-01-13,8,Weekday,Downtown,Loyalty,Card,2,7.5,8.4,4
R00416,2026-01-13,8,Weekday,Riverside,Walk-in,Card,1,3.25,5.8,4
R00417,2026-01-13,9,Weekday,Downtown,Walk-in,App,2,7.75,5.8,4
R00418,2026-01-13,9,Weekday,Riverside,Walk-in,Card,1,3.0,6.7,3
R00419,2026-01-13,9,Weekday,Riverside,Loyalty,Cash,2,6.2,4.1,5
R00420,2026-01-13,9,Weekday,Riverside,Walk-in,App,2,6.2,7.0,3
R00421,2026-01-13,9,Weekday,Riverside,Loyalty,Card,5,18.5,6.6,2
R00422,2026-01-13,9,Weekday,Riverside,Walk-in,App,3,12.25,3.9,3
R00423,2026-01-13,10,Weekday,Downtown,Loyalty,App,2,8.75,4.5,4
R00424,2026-01-13,10,Weekday,Riverside,Loyalty,Card,2,6.0,3.4,5
R00425,2026-01-13,10,Weekday,Riverside,Walk-in,App,2,9.0,7.9,2
R00426,2026-01-13,11,Weekday,Downtown,Loyalty,App,3,12.25,5.9,5
R00427,2026-01-13,11,Weekday,Riverside,Walk-in,Cash,1,3.25,3.5,5
R00428,2026-01-13,12,Weekday,Downtown,Walk-in,Card,2,5.95,6.6,3
R00429,2026-01-13,12,Weekday,Downtown,Walk-in,Card,1,4.25,6.4,3
R00430,2026-01-13,13,Weekday,Downtown,Walk-in,Cash,1,3.25,4.1,5
R00431,2026-01-13,14,Weekday,Downtown,Walk-in,Card,2,7.25,3.6,5
R00432,2026-01-13,14,Weekday,Downtown,Loyalty,App,2,6.25,4.0,5
R00433,2026-01-13,14,Weekday,Riverside,Walk-in,Card,2,6.5,3.3,5
R00434,2026-01-13,15,Weekday,Riverside,Walk-in,Card,2,8.5,4.3,3
R00435,2026-01-13,16,Weekday,Downtown,Loyalty,App,1,4.5,3.4,5
R00436,2026-01-13,16,Weekday,Downtown,Loyalty,App,2,9.0,4.9,5
R00437,2026-01-13,16,Weekday,Riverside,Loyalty,Card,2,9.25,3.3,4
R00438,2026-01-13,16,Weekday,University,Walk-in,App,1,4.5,4.6,3
R00439,2026-01-13,16,Weekday,University,Walk-in,App,1,4.25,7.3,4
R00440,2026-01-14,7,Weekday,Downtown,Loyalty,Card,3,13.75,5.6,4
R00441,2026-01-14,7,Weekday,Downtown,Loyalty,App,3,10.45,5.8,3
R00442,2026-01-14,8,Weekday,Riverside,Loyalty,App,2,8.0,4.8,4
R00443,2026-01-14,8,Weekday,Riverside,Walk-in,Card,3,11.0,7.4,3
R00444,2026-01-14,8,Weekday,University,Loyalty,App,2,9.0,5.3,3
R00445,2026-01-14,9,Weekday,Downtown,Walk-in,Card,1,4.75,5.8,4
R00446,2026-01-14,9,Weekday,Downtown,Walk-in,Card,2,7.25,6.3,2
R00447,2026-01-14,9,Weekday,Downtown,Loyalty,App,2,7.75,6.1,5
R00448,2026-01-14,9,Weekday,Downtown,Walk-in,App,1,4.75,4.8,4
R00449,2026-01-14,9,Weekday,Riverside,Loyalty,Card,2,7.2,5.6,5
R00450,2026-01-14,9,Weekday,University,Walk-in,Card,2,6.2,5.5,3
R00451,2026-01-14,9,Weekday,University,Loyalty,App,1,3.0,5.6,3
R00452,2026-01-14,10,Weekday,Riverside,Loyalty,App,1,2.95,7.8,4
R00453,2026-01-14,10,Weekday,University,Walk-in,Card,2,9.0,5.0,4
R00454,2026-01-14,10,Weekday,University,Walk-in,Cash,3,10.2,5.8,5
R00455,2026-01-14,11,Weekday,Downtown,Walk-in,App,1,3.25,6.0,4
R00456,2026-01-14,12,Weekday,Downtown,Walk-in,Card,1,2.95,5.1,3
R00457,2026-01-14,12,Weekday,Downtown,Walk-in,Card,1,4.5,4.4,5
R00458,2026-01-14,12,Weekday,Downtown,Walk-in,Card,1,3.25,6.6,4
R00459,2026-01-14,12,Weekday,Riverside,Walk-in,Cash,1,2.95,4.0,4
R00460,2026-01-14,12,Weekday,University,Loyalty,App,3,9.2,6.4,4
R00461,2026-01-14,12,Weekday,University,Loyalty,App,2,5.95,5.4,5
R00462,2026-01-14,13,Weekday,University,Loyalty,App,1,4.75,6.7,4
R00463,2026-01-14,14,Weekday,University,Walk-in,App,2,7.7,8.7,2
R00464,2026-01-14,15,Weekday,Downtown,Loyalty,Card,3,11.7,5.1,3
R00465,2026-01-14,15,Weekday,Riverside,Walk-in,App,1,3.0,5.3,4
R00466,2026-01-14,16,Weekday,Riverside,Loyalty,Cash,2,7.75,3.0,5
R00467,2026-01-14,17,Weekday,Downtown,Walk-in,Card,2,9.25,4.5,4
R00468,2026-01-14,17,Weekday,University,Walk-in,Card,3,10.7,3.8,3
R00469,2026-01-15,8,Weekday,Downtown,Walk-in,App,2,9.25,6.4,4
R00470,2026-01-15,9,Weekday,Downtown,Walk-in,App,3,10.45,5.6,4
R00471,2026-01-15,9,Weekday,Downtown,Walk-in,Card,2,5.95,5.3,5
R00472,2026-01-15,9,Weekday,Downtown,Loyalty,Card,2,5.95,6.1,3
R00473,2026-01-15,10,Weekday,Riverside,Loyalty,Card,3,10.7,4.8,5
R00474,2026-01-15,10,Weekday,University,Walk-in,Cash,1,2.95,4.1,5
R00475,2026-01-15,10,Weekday,University,Walk-in,Cash,2,8.0,4.9,3
R00476,2026-01-15,10,Weekday,University,Walk-in,Cash,1,2.95,4.6,4
R00477,2026-01-15,10,Weekday,University,Loyalty,App,1,3.25,5.2,4
R00478,2026-01-15,11,Weekday,Riverside,Loyalty,App,4,14.7,3.9,4
R00479,2026-01-15,11,Weekday,Riverside,Loyalty,Card,1,4.5,5.8,3
R00480,2026-01-15,12,Weekday,University,Walk-in,App,1,3.25,5.0,4
R00481,2026-01-15,13,Weekday,Downtown,Loyalty,Card,2,7.5,4.9,5
R00482,2026-01-15,13,Weekday,Riverside,Loyalty,App,2,7.75,5.2,4
R00483,2026-01-15,13,Weekday,University,Walk-in,App,1,3.0,6.0,4
R00484,2026-01-15,13,Weekday,University,Loyalty,App,4,16.75,5.5,4
R00485,2026-01-15,13,Weekday,University,Loyalty,App,1,3.0,4.5,5
R00486,2026-01-15,14,Weekday,Downtown,Walk-in,Card,2,7.75,3.7,5
R00487,2026-01-15,14,Weekday,University,Walk-in,Card,1,4.5,6.1,3
R00488,2026-01-15,14,Weekday,University,Walk-in,App,2,9.0,5.4,4
R00489,2026-01-15,16,Weekday,University,Walk-in,App,3,13.5,4.7,4
R00490,2026-01-15,17,Weekday,Downtown,Walk-in,App,1,4.25,3.8,5
R00491,2026-01-16,7,Weekday,Downtown,Walk-in,Card,1,4.5,4.3,4
R00492,2026-01-16,7,Weekday,Downtown,Loyalty,Card,1,4.25,8.3,3
R00493,2026-01-16,7,Weekday,Downtown,Walk-in,App,2,7.75,5.1,5
R00494,2026-01-16,7,Weekday,Riverside,Loyalty,Card,3,11.0,5.0,4
R00495,2026-01-16,7,Weekday,Riverside,Walk-in,App,2,7.5,3.1,4
R00496,2026-01-16,8,Weekday,Riverside,Walk-in,Card,2,6.25,4.6,4
R00497,2026-01-16,8,Weekday,University,Walk-in,Cash,2,7.5,4.2,4
R00498,2026-01-16,8,Weekday,University,Walk-in,Cash,1,3.0,3.7,4
R00499,2026-01-16,9,Weekday,Downtown,Walk-in,Card,1,4.25,5.6,4
R00500,2026-01-16,9,Weekday,Downtown,Walk-in,Cash,2,7.2,5.8,3
R00501,2026-01-16,9,Weekday,Downtown,Walk-in,App,1,2.95,5.9,4
R00502,2026-01-16,9,Weekday,University,Walk-in,App,2,7.25,7.3,2
R00503,2026-01-16,10,Weekday,Downtown,Loyalty,App,2,9.0,5.5,4
R00504,2026-01-16,10,Weekday,Riverside,Loyalty,Card,3,9.25,5.0,4
R00505,2026-01-16,10,Weekday,University,Walk-in,App,1,2.95,4.6,5
R00506,2026-01-16,10,Weekday,University,Walk-in,App,3,12.0,5.7,5
R00507,2026-01-16,11,Weekday,Downtown,Walk-in,Card,1,4.5,3.2,4
R00508,2026-01-16,12,Weekday,Downtown,Loyalty,Card,3,10.2,5.1,4
R00509,2026-01-16,12,Weekday,University,Loyalty,Card,1,4.25,4.7,4
R00510,2026-01-16,13,Weekday,Riverside,Walk-in,Card,4,15.95,7.4,2
R00511,2026-01-16,13,Weekday,University,Loyalty,App,4,11.95,5.9,3
R00512,2026-01-16,15,Weekday,University,Walk-in,Card,2,9.25,6.6,4
R00513,2026-01-16,16,Weekday,University,Walk-in,App,1,4.5,6.0,3
R00514,2026-01-16,18,Weekday,University,Loyalty,App,3,10.2,4.2,5
R00515,2026-01-16,18,Weekday,University,Loyalty,App,2,7.25,3.7,4
R00516,2026-01-17,8,Weekend,Downtown,Walk-in,App,2,7.5,5.0,4
R00517,2026-01-17,8,Weekend,University,Loyalty,App,2,6.25,4.0,3
R00518,2026-01-17,9,Weekend,Downtown,Walk-in,Card,2,7.5,6.3,4
R00519,2026-01-17,9,Weekend,Downtown,Walk-in,Card,1,3.0,5.4,5
R00520,2026-01-17,9,Weekend,Downtown,Loyalty,Card,2,7.75,5.8,3
R00521,2026-01-17,9,Weekend,Downtown,Loyalty,Card,1,4.25,5.8,4
R00522,2026-01-17,9,Weekend,Riverside,Walk-in,Card,1,4.5,3.3,4
R00523,2026-01-17,10,Weekend,Downtown,Walk-in,App,2,9.25,6.2,4
R00524,2026-01-17,10,Weekend,Downtown,Loyalty,App,1,3.0,6.7,3
R00525,2026-01-17,10,Weekend,Riverside,Walk-in,Card,1,4.25,3.5,4
R00526,2026-01-17,10,Weekend,Riverside,Walk-in,App,1,3.25,3.6,4
R00527,2026-01-17,10,Weekend,Riverside,Loyalty,App,4,15.0,4.4,4
R00528,2026-01-17,10,Weekend,Riverside,Loyalty,Card,2,7.5,4.6,5
R00529,2026-01-17,10,Weekend,University,Walk-in,Card,1,4.25,5.4,3
R00530,2026-01-17,10,Weekend,University,Loyalty,App,2,7.45,5.3,3
R00531,2026-01-17,10,Weekend,University,Loyalty,App,2,9.0,5.7,3
R00532,2026-01-17,11,Weekend,Downtown,Walk-in,Card,3,13.75,12.1,1
R00533,2026-01-17,11,Weekend,Downtown,Walk-in,Card,2,7.75,7.5,2
R00534,2026-01-17,11,Weekend,Downtown,Loyalty,Card,3,11.95,5.9,3
R00535,2026-01-17,11,Weekend,Riverside,Loyalty,App,1,4.5,3.6,4
R00536,2026-01-17,11,Weekend,Riverside,Loyalty,Card,1,3.25,3.0,4
R00537,2026-01-17,12,Weekend,Downtown,Walk-in,Card,2,8.75,6.2,3
R00538,2026-01-17,12,Weekend,Riverside,Walk-in,Card,3,9.45,4.8,5
R00539,2026-01-17,12,Weekend,Riverside,Walk-in,Card,3,12.5,3.5,5
R00540,2026-01-17,13,Weekend,Downtown,Walk-in,Card,5,20.45,6.3,5
R00541,2026-01-17,13,Weekend,Downtown,Walk-in,Card,1,3.25,6.1,5
R00542,2026-01-17,13,Weekend,Downtown,Loyalty,Card,3,11.75,7.1,2
R00543,2026-01-17,13,Weekend,Downtown,Walk-in,App,2,7.5,6.2,3
R00544,2026-01-17,13,Weekend,Downtown,Walk-in,App,2,8.75,7.6,3
R00545,2026-01-17,13,Weekend,Downtown,Walk-in,App,4,16.45,7.1,5
R00546,2026-01-17,13,Weekend,Downtown,Walk-in,Card,1,4.5,5.4,4
R00547,2026-01-17,13,Weekend,Riverside,Loyalty,App,1,4.5,3.4,5
R00548,2026-01-17,13,Weekend,Riverside,Walk-in,Cash,2,9.0,2.7,4
R00549,2026-01-17,13,Weekend,University,Loyalty,App,1,3.25,4.5,4
R00550,2026-01-17,14,Weekend,Downtown,Walk-in,Cash,3,9.25,7.9,2
R00551,2026-01-17,14,Weekend,Downtown,Walk-in,Card,1,4.25,6.1,4
R00552,2026-01-17,14,Weekend,Riverside,Loyalty,Card,4,15.25,3.8,3
R00553,2026-01-17,14,Weekend,University,Walk-in,App,2,7.75,4.2,3
R00554,2026-01-17,15,Weekend,Downtown,Walk-in,Card,2,9.0,6.3,2
R00555,2026-01-17,16,Weekend,Riverside,Walk-in,Card,2,9.0,3.6,4
R00556,2026-01-17,16,Weekend,University,Loyalty,App,1,4.5,4.0,4
R00557,2026-01-17,17,Weekend,Downtown,Loyalty,Card,1,2.95,5.6,4
R00558,2026-01-18,8,Weekend,Downtown,Loyalty,App,2,7.45,7.6,4
R00559,2026-01-18,8,Weekend,Downtown,Walk-in,Card,2,7.5,5.5,4
R00560,2026-01-18,8,Weekend,Riverside,Walk-in,Card,2,7.5,3.2,4
R00561,2026-01-18,8,Weekend,Riverside,Loyalty,Card,4,15.2,3.8,5
R00562,2026-01-18,8,Weekend,University,Walk-in,Card,1,4.5,4.1,4
R00563,2026-01-18,9,Weekend,Downtown,Loyalty,Card,2,8.5,7.2,3
R00564,2026-01-18,9,Weekend,Downtown,Walk-in,Card,1,4.5,5.5,4
R00565,2026-01-18,9,Weekend,Downtown,Loyalty,Card,1,4.75,5.6,3
R00566,2026-01-18,9,Weekend,Downtown,Walk-in,Card,2,7.75,6.0,4
R00567,2026-01-18,10,Weekend,Riverside,Walk-in,Card,2,6.0,4.1,4
R00568,2026-01-18,10,Weekend,University,Walk-in,Cash,2,9.0,5.0,4
R00569,2026-01-18,10,Weekend,University,Loyalty,Cash,4,16.7,6.1,5
R00570,2026-01-18,11,Weekend,Downtown,Walk-in,App,1,3.25,6.2,4
R00571,2026-01-18,11,Weekend,Downtown,Walk-in,Card,2,9.0,8.5,3
R00572,2026-01-18,11,Weekend,Riverside,Walk-in,App,2,8.0,3.8,3
R00573,2026-01-18,11,Weekend,University,Loyalty,Card,1,4.75,4.8,5
R00574,2026-01-18,12,Weekend,Downtown,Walk-in,App,1,3.25,5.3,5
R00575,2026-01-18,12,Weekend,Downtown,Walk-in,Card,1,2.95,8.1,3
R00576,2026-01-18,12,Weekend,University,Loyalty,Cash,1,4.5,4.5,4
R00577,2026-01-18,13,Weekend,Downtown,Loyalty,App,2,9.25,9.4,3
R00578,2026-01-18,13,Weekend,Downtown,Loyalty,App,4,15.2,6.3,3
R00579,2026-01-18,13,Weekend,University,Loyalty,App,2,9.25,5.4,4
R00580,2026-01-18,14,Weekend,Riverside,Walk-in,Cash,1,3.0,2.6,4
R00581,2026-01-18,14,Weekend,University,Walk-in,App,2,5.9,5.4,3
R00582,2026-01-18,14,Weekend,University,Loyalty,Cash,1,3.0,5.2,3
R00583,2026-01-18,15,Weekend,Downtown,Walk-in,App,2,8.75,4.7,3
R00584,2026-01-18,15,Weekend,Riverside,Loyalty,Card,4,14.45,4.2,4
R00585,2026-01-18,15,Weekend,University,Walk-in,App,1,4.25,3.9,5
R00586,2026-01-18,16,Weekend,Riverside,Loyalty,App,2,9.0,6.0,5
R00587,2026-01-18,17,Weekend,Downtown,Walk-in,Card,1,4.25,5.8,4
R00588,2026-01-18,17,Weekend,University,Walk-in,Card,1,4.5,3.9,4
R00589,2026-01-19,7,Weekday,Downtown,Loyalty,Card,1,2.95,5.0,5
R00590,2026-01-19,7,Weekday,Downtown,Walk-in,Cash,2,6.25,5.8,4
R00591,2026-01-19,8,Weekday,Downtown,Walk-in,Card,1,2.95,8.5,4
R00592,2026-01-19,8,Weekday,Downtown,Walk-in,Card,3,12.5,6.1,2
R00593,2026-01-19,9,Weekday,Downtown,Walk-in,Cash,1,3.25,5.1,5
R00594,2026-01-19,9,Weekday,Downtown,Walk-in,App,1,3.25,5.6,3
R00595,2026-01-19,9,Weekday,University,Walk-in,App,2,8.0,5.8,3
R00596,2026-01-19,10,Weekday,Downtown,Walk-in,Card,2,7.2,7.2,3
R00597,2026-01-19,11,Weekday,Riverside,Loyalty,Cash,4,16.25,5.0,5
R00598,2026-01-19,11,Weekday,University,Loyalty,Card,2,8.5,4.9,3
R00599,2026-01-19,11,Weekday,University,Walk-in,App,2,7.75,4.9,4
R00600,2026-01-19,13,Weekday,Downtown,Loyalty,App,2,6.2,5.3,4
R00601,2026-01-19,13,Weekday,Riverside,Walk-in,App,1,2.95,3.5,3
R00602,2026-01-19,13,Weekday,University,Walk-in,Card,3,10.45,7.8,4
R00603,2026-01-19,13,Weekday,University,Loyalty,App,3,10.5,6.0,3
R00604,2026-01-19,14,Weekday,Downtown,Walk-in,Card,2,7.45,4.6,4
R00605,2026-01-19,14,Weekday,Riverside,Loyalty,App,3,9.45,3.7,5
R00606,2026-01-19,14,Weekday,University,Walk-in,App,2,7.5,5.9,4
R00607,2026-01-19,15,Weekday,Downtown,Walk-in,App,2,8.75,7.9,3
R00608,2026-01-19,15,Weekday,Downtown,Walk-in,Cash,1,3.25,3.3,3
R00609,2026-01-19,15,Weekday,Riverside,Loyalty,Card,3,12.0,5.3,3
R00610,2026-01-19,15,Weekday,Riverside,Walk-in,App,1,3.0,2.7,5
R00611,2026-01-19,15,Weekday,University,Walk-in,Card,3,10.45,5.3,3
R00612,2026-01-19,16,Weekday,Downtown,Walk-in,App,2,7.5,4.3,5
R00613,2026-01-19,16,Weekday,University,Walk-in,Card,1,4.5,4.2,5
R00614,2026-01-19,16,Weekday,University,Walk-in,App,1,4.75,6.8,3
R00615,2026-01-19,17,Weekday,Riverside,Loyalty,Card,2,9.0,2.4,4
R00616,2026-01-19,18,Weekday,Downtown,Walk-in,App,4,15.25,3.8,5
R00617,2026-01-20,7,Weekday,Downtown,Walk-in,Card,1,2.95,4.1,4
R00618,2026-01-20,8,Weekday,Downtown,Walk-in,App,1,2.95,7.6,3
R00619,2026-01-20,9,Weekday,Downtown,Loyalty,App,1,4.25,9.6,2
R00620,2026-01-20,9,Weekday,Downtown,Walk-in,Card,2,8.5,5.9,4
R00621,2026-01-20,9,Weekday,Riverside,Walk-in,Card,1,3.25,3.7,4
R00622,2026-01-20,10,Weekday,Downtown,Walk-in,Card,1,2.95,3.9,4
R00623,2026-01-20,10,Weekday,Riverside,Loyalty,Card,1,4.5,3.8,3
R00624,2026-01-20,10,Weekday,University,Walk-in,Card,1,4.25,6.6,4
R00625,2026-01-20,10,Weekday,University,Walk-in,App,2,6.2,5.7,2
R00626,2026-01-20,10,Weekday,University,Loyalty,Card,3,11.75,6.9,2
R00627,2026-01-20,11,Weekday,Downtown,Walk-in,Cash,1,4.25,4.1,4
R00628,2026-01-20,11,Weekday,Riverside,Walk-in,Card,1,2.95,4.3,3
R00629,2026-01-20,11,Weekday,University,Loyalty,App,4,12.5,5.4,3
R00630,2026-01-20,12,Weekday,Downtown,Loyalty,Card,2,7.5,5.5,4
R00631,2026-01-20,12,Weekday,Downtown,Loyalty,Card,1,3.25,6.9,3
R00632,2026-01-20,12,Weekday,University,Loyalty,App,2,9.0,6.8,3
R00633,2026-01-20,13,Weekday,University,Walk-in,Card,4,13.4,6.2,3
R00634,2026-01-20,14,Weekday,Downtown,Walk-in,Card,2,8.5,3.4,5
R00635,2026-01-20,14,Weekday,University,Walk-in,App,1,4.5,5.9,5
R00636,2026-01-20,14,Weekday,University,Walk-in,Card,3,10.45,7.1,4
R00637,2026-01-20,18,Weekday,Riverside,Loyalty,Cash,2,8.75,2.7,3
R00638,2026-01-20,18,Weekday,Riverside,Walk-in,Card,5,19.0,3.6,5
R00639,2026-01-21,7,Weekday,Downtown,Walk-in,Card,1,4.5,4.1,4
R00640,2026-01-21,8,Weekday,Downtown,Walk-in,Card,2,9.0,5.9,3
R00641,2026-01-21,8,Weekday,Downtown,Loyalty,Card,1,3.0,7.3,4
R00642,2026-01-21,8,Weekday,Riverside,Walk-in,App,2,7.45,3.9,3
R00643,2026-01-21,8,Weekday,University,Loyalty,Card,2,7.45,3.8,5
R00644,2026-01-21,9,Weekday,Downtown,Walk-in,App,2,8.5,8.3,4
R00645,2026-01-21,9,Weekday,Downtown,Walk-in,Card,3,11.7,6.0,3
R00646,2026-01-21,10,Weekday,Riverside,Loyalty,App,1,4.5,4.6,5
R00647,2026-01-21,10,Weekday,University,Loyalty,App,2,7.25,4.9,4
R00648,2026-01-21,11,Weekday,Downtown,Walk-in,App,1,4.25,3.9,4
R00649,2026-01-21,11,Weekday,Downtown,Walk-in,App,1,4.25,4.7,3
R00650,2026-01-21,11,Weekday,Riverside,Loyalty,Cash,3,11.75,4.5,4
R00651,2026-01-21,12,Weekday,Downtown,Loyalty,App,1,3.25,4.3,5
R00652,2026-01-21,12,Weekday,Downtown,Walk-in,Card,2,7.5,6.3,3
R00653,2026-01-21,12,Weekday,Riverside,Loyalty,Cash,4,15.5,4.3,4
R00654,2026-01-21,12,Weekday,Riverside,Walk-in,App,2,7.45,3.6,5
R00655,2026-01-21,12,Weekday,University,Walk-in,App,4,15.95,6.4,4
R00656,2026-01-21,13,Weekday,Downtown,Loyalty,App,1,2.95,5.0,5
R00657,2026-01-21,13,Weekday,University,Loyalty,App,1,3.25,6.7,4
R00658,2026-01-21,17,Weekday,University,Loyalty,App,2,9.0,4.0,4
R00659,2026-01-21,17,Weekday,University,Walk-in,App,3,12.0,4.8,3
R00660,2026-01-21,17,Weekday,University,Loyalty,Card,2,9.0,7.0,4
R00661,2026-01-21,18,Weekday,University,Loyalty,App,1,4.5,4.1,4
R00662,2026-01-22,7,Weekday,Downtown,Walk-in,App,4,16.5,5.4,5
R00663,2026-01-22,7,Weekday,University,Loyalty,App,4,17.0,4.3,5
R00664,2026-01-22,8,Weekday,Downtown,Loyalty,Card,3,12.25,6.8,5
R00665,2026-01-22,8,Weekday,Downtown,Loyalty,Card,3,10.75,9.0,3
R00666,2026-01-22,8,Weekday,Downtown,Loyalty,App,3,11.95,9.0,3
R00667,2026-01-22,8,Weekday,University,Loyalty,Card,3,10.75,6.4,4
R00668,2026-01-22,9,Weekday,Downtown,Loyalty,App,2,9.0,7.6,3
R00669,2026-01-22,9,Weekday,Downtown,Walk-in,Card,1,4.75,6.9,4
R00670,2026-01-22,9,Weekday,Downtown,Walk-in,Card,2,7.45,5.4,4
R00671,2026-01-22,10,Weekday,Downtown,Loyalty,App,1,4.75,5.5,4
R00672,2026-01-22,10,Weekday,Downtown,Walk-in,Card,2,6.2,4.1,2
R00673,2026-01-22,11,Weekday,University,Loyalty,App,1,3.25,5.4,4
R00674,2026-01-22,11,Weekday,University,Walk-in,App,2,9.25,8.5,3
R00675,2026-01-22,11,Weekday,University,Walk-in,Card,3,10.7,5.3,4
R00676,2026-01-22,11,Weekday,University,Walk-in,Card,1,4.5,6.8,4
R00677,2026-01-22,11,Weekday,University,Loyalty,Card,3,10.75,5.2,5
R00678,2026-01-22,12,Weekday,Riverside,Walk-in,Card,1,2.95,3.5,5
R00679,2026-01-22,13,Weekday,Downtown,Walk-in,App,2,6.2,6.7,3
R00680,2026-01-22,13,Weekday,Riverside,Loyalty,Card,3,11.0,4.5,5
R00681,2026-01-22,13,Weekday,University,Walk-in,App,1,3.0,7.8,3
R00682,2026-01-22,13,Weekday,University,Loyalty,Card,2,7.5,5.9,3
R00683,2026-01-22,14,Weekday,Riverside,Loyalty,App,4,14.0,4.5,5
R00684,2026-01-22,14,Weekday,Riverside,Walk-in,Card,2,5.9,2.8,5
R00685,2026-01-22,14,Weekday,University,Walk-in,App,2,6.5,4.6,4
R00686,2026-01-22,15,Weekday,Downtown,Walk-in,Card,2,7.5,4.2,5
R00687,2026-01-22,15,Weekday,University,Walk-in,Card,3,12.0,5.3,3
R00688,2026-01-22,15,Weekday,University,Loyalty,App,2,9.25,6.6,3
R00689,2026-01-22,15,Weekday,University,Loyalty,App,2,9.0,4.3,5
R00690,2026-01-22,18,Weekday,Downtown,Walk-in,App,1,3.25,3.9,3
R00691,2026-01-22,18,Weekday,Riverside,Walk-in,Cash,3,10.15,3.3,5
R00692,2026-01-22,18,Weekday,University,Walk-in,Card,2,6.2,3.7,5
R00693,2026-01-23,7,Weekday,University,Loyalty,App,4,16.75,3.8,5
R00694,2026-01-23,8,Weekday,Riverside,Loyalty,Cash,1,2.95,4.4,4
R00695,2026-01-23,9,Weekday,Riverside,Walk-in,Card,2,8.0,3.7,4
R00696,2026-01-23,9,Weekday,Riverside,Loyalty,Card,4,15.95,4.4,5
R00697,2026-01-23,10,Weekday,Downtown,Walk-in,Cash,2,7.75,4.6,3
R00698,2026-01-23,11,Weekday,Downtown,Walk-in,Card,1,3.25,4.3,5
R00699,2026-01-23,11,Weekday,Downtown,Walk-in,Card,2,6.25,6.0,4
R00700,2026-01-23,11,Weekday,Riverside,Loyalty,App,5,22.5,6.7,3
R00701,2026-01-23,11,Weekday,Riverside,Walk-in,App,2,5.95,4.1,4
R00702,2026-01-23,11,Weekday,University,Walk-in,App,2,6.25,6.0,3
R00703,2026-01-23,12,Weekday,Downtown,Walk-in,App,2,7.2,5.5,3
R00704,2026-01-23,12,Weekday,Riverside,Walk-in,Cash,1,3.0,4.7,4
R00705,2026-01-23,13,Weekday,Downtown,Walk-in,App,2,7.2,5.6,3
R00706,2026-01-23,13,Weekday,Riverside,Loyalty,Card,3,11.75,7.5,3
R00707,2026-01-23,13,Weekday,University,Walk-in,App,2,8.75,4.9,3
R00708,2026-01-23,14,Weekday,Downtown,Walk-in,App,2,8.75,3.9,4
R00709,2026-01-23,14,Weekday,Riverside,Walk-in,Card,1,4.5,3.2,4
R00710,2026-01-23,14,Weekday,University,Loyalty,App,2,9.0,4.9,4
R00711,2026-01-23,14,Weekday,University,Loyalty,App,3,12.25,7.4,2
R00712,2026-01-23,14,Weekday,University,Walk-in,App,4,16.5,8.1,3
R00713,2026-01-23,14,Weekday,University,Walk-in,App,4,16.75,6.2,5
R00714,2026-01-23,15,Weekday,University,Loyalty,Card,4,18.25,5.4,4
R00715,2026-01-23,15,Weekday,University,Loyalty,Card,4,18.0,7.0,3
R00716,2026-01-23,17,Weekday,Downtown,Walk-in,Card,1,2.95,5.1,4
R00717,2026-01-23,18,Weekday,University,Loyalty,Cash,2,6.25,3.5,4
R00718,2026-01-23,18,Weekday,University,Walk-in,Card,1,2.95,4.2,4
R00719,2026-01-24,8,Weekend,Downtown,Walk-in,Card,1,3.25,4.2,4
R00720,2026-01-24,8,Weekend,University,Walk-in,Card,3,10.45,3.7,5
R00721,2026-01-24,8,Weekend,University,Loyalty,App,2,8.75,4.0,4
R00722,2026-01-24,9,Weekend,Riverside,Loyalty,Card,1,4.75,2.8,5
R00723,2026-01-24,9,Weekend,Riverside,Walk-in,Card,3,11.5,8.8,2
R00724,2026-01-24,9,Weekend,University,Walk-in,App,1,3.25,5.2,4
R00725,2026-01-24,9,Weekend,University,Loyalty,Card,5,21.5,4.5,4
R00726,2026-01-24,9,Weekend,University,Loyalty,App,2,8.75,4.2,4
R00727,2026-01-24,10,Weekend,Riverside,Loyalty,Card,4,13.75,4.2,4
R00728,2026-01-24,10,Weekend,University,Loyalty,App,3,12.25,7.0,4
R00729,2026-01-24,11,Weekend,University,Loyalty,App,2,9.0,6.3,4
R00730,2026-01-24,11,Weekend,University,Loyalty,Card,2,9.0,5.9,3
R00731,2026-01-24,12,Weekend,Downtown,Loyalty,App,1,4.75,5.3,4
R00732,2026-01-24,12,Weekend,University,Walk-in,App,1,4.5,6.5,3
R00733,2026-01-24,12,Weekend,University,Walk-in,Card,2,7.75,5.8,3
R00734,2026-01-24,13,Weekend,Downtown,Loyalty,Card,4,13.5,8.5,2
R00735,2026-01-24,13,Weekend,Riverside,Walk-in,Card,1,4.5,3.9,5
R00736,2026-01-24,13,Weekend,University,Walk-in,App,3,9.75,5.3,5
R00737,2026-01-24,13,Weekend,University,Loyalty,App,2,7.45,5.7,5
R00738,2026-01-24,14,Weekend,Downtown,Loyalty,Cash,2,7.75,5.8,5
R00739,2026-01-24,14,Weekend,Downtown,Walk-in,App,1,3.0,4.6,5
R00740,2026-01-24,14,Weekend,Downtown,Walk-in,Card,1,4.25,6.8,3
R00741,2026-01-24,14,Weekend,University,Walk-in,Card,1,4.25,5.6,5
R00742,2026-01-24,15,Weekend,Downtown,Loyalty,App,2,7.45,7.3,4
R00743,2026-01-24,15,Weekend,University,Loyalty,App,3,12.2,5.5,3
R00744,2026-01-24,15,Weekend,University,Walk-in,App,3,13.75,5.5,4
R00745,2026-01-24,16,Weekend,Riverside,Loyalty,App,2,7.75,2.1,4
R00746,2026-01-24,16,Weekend,University,Walk-in,App,1,4.75,3.1,5
R00747,2026-01-24,17,Weekend,University,Walk-in,Card,2,7.5,4.1,3
R00748,2026-01-24,17,Weekend,University,Loyalty,App,2,6.2,8.0,5
R00749,2026-01-24,17,Weekend,University,Walk-in,App,1,3.25,5.2,3
R00750,2026-01-25,7,Weekend,Downtown,Walk-in,Cash,2,6.0,4.7,5
R00751,2026-01-25,8,Weekend,University,Walk-in,Card,2,7.75,6.0,4
R00752,2026-01-25,8,Weekend,University,Loyalty,Card,4,14.4,3.9,3
R00753,2026-01-25,9,Weekend,Downtown,Walk-in,Card,3,12.0,7.3,3
R00754,2026-01-25,9,Weekend,Riverside,Loyalty,Card,3,12.5,4.7,5
R00755,2026-01-25,10,Weekend,Downtown,Loyalty,Card,2,6.25,6.3,4
R00756,2026-01-25,10,Weekend,Downtown,Loyalty,Card,2,7.5,6.2,3
R00757,2026-01-25,10,Weekend,Downtown,Loyalty,Card,2,8.75,8.0,3
R00758,2026-01-25,10,Weekend,Downtown,Walk-in,Card,3,12.0,6.0,2
R00759,2026-01-25,10,Weekend,Riverside,Loyalty,Cash,1,4.5,3.3,5
R00760,2026-01-25,10,Weekend,Riverside,Loyalty,App,2,6.0,7.3,4
R00761,2026-01-25,10,Weekend,Riverside,Loyalty,Card,1,4.75,3.7,5
R00762,2026-01-25,10,Weekend,University,Loyalty,App,2,6.25,6.8,4
R00763,2026-01-25,11,Weekend,Downtown,Walk-in,App,1,4.5,6.0,3
R00764,2026-01-25,11,Weekend,Downtown,Walk-in,Card,3,13.25,6.7,1
R00765,2026-01-25,11,Weekend,Riverside,Loyalty,App,2,9.25,4.9,4
R00766,2026-01-25,11,Weekend,University,Loyalty,App,2,7.2,6.2,4
R00767,2026-01-25,11,Weekend,University,Walk-in,App,3,11.25,6.4,2
R00768,2026-01-25,12,Weekend,Downtown,Walk-in,Card,4,15.0,6.5,3
R00769,2026-01-25,12,Weekend,Downtown,Walk-in,Cash,1,4.5,7.1,2
R00770,2026-01-25,12,Weekend,Downtown,Loyalty,App,1,4.25,6.1,4
R00771,2026-01-25,12,Weekend,Downtown,Walk-in,App,2,9.0,7.8,3
R00772,2026-01-25,12,Weekend,Riverside,Loyalty,App,4,17.75,3.8,5
R00773,2026-01-25,12,Weekend,Riverside,Loyalty,App,1,3.0,2.8,4
R00774,2026-01-25,12,Weekend,Riverside,Loyalty,Card,1,4.75,3.5,5
R00775,2026-01-25,12,Weekend,University,Loyalty,App,1,4.75,4.7,4
R00776,2026-01-25,13,Weekend,Downtown,Walk-in,App,1,3.0,5.3,4
R00777,2026-01-25,13,Weekend,Downtown,Walk-in,Card,2,6.0,7.4,3
R00778,2026-01-25,13,Weekend,University,Walk-in,App,2,7.45,5.9,3
R00779,2026-01-25,13,Weekend,University,Loyalty,App,1,2.95,8.3,4
R00780,2026-01-25,14,Weekend,Riverside,Walk-in,Cash,1,3.0,2.0,4
R00781,2026-01-25,15,Weekend,Downtown,Loyalty,App,3,12.25,5.2,5
R00782,2026-01-25,15,Weekend,Downtown,Walk-in,Card,2,6.25,5.8,3
R00783,2026-01-25,15,Weekend,Riverside,Walk-in,Cash,1,3.0,3.0,5
R00784,2026-01-25,15,Weekend,University,Walk-in,App,1,4.25,4.4,5
R00785,2026-01-25,16,Weekend,Riverside,Loyalty,App,2,8.75,3.9,5
R00786,2026-01-25,16,Weekend,University,Loyalty,App,2,7.75,3.7,5
R00787,2026-01-25,17,Weekend,Downtown,Walk-in,Card,3,12.5,5.5,4
R00788,2026-01-25,17,Weekend,University,Walk-in,Card,1,4.5,8.6,3
R00789,2026-01-25,17,Weekend,University,Loyalty,App,1,4.5,3.0,4
R00790,2026-01-26,8,Weekday,Downtown,Walk-in,App,2,6.0,6.9,2
R00791,2026-01-26,9,Weekday,Downtown,Walk-in,Card,1,4.5,6.9,4
R00792,2026-01-26,9,Weekday,Riverside,Loyalty,App,3,10.75,5.8,5
R00793,2026-01-26,9,Weekday,University,Loyalty,App,2,7.5,4.4,3
R00794,2026-01-26,9,Weekday,University,Loyalty,App,2,7.75,6.7,3
R00795,2026-01-26,11,Weekday,University,Walk-in,Card,1,4.5,7.3,3
R00796,2026-01-26,11,Weekday,University,Loyalty,App,2,7.75,5.5,4
R00797,2026-01-26,12,Weekday,Downtown,Walk-in,App,1,4.75,8.2,2
R00798,2026-01-26,12,Weekday,University,Walk-in,App,2,7.75,6.9,4
R00799,2026-01-26,13,Weekday,Downtown,Walk-in,Card,3,10.5,5.0,5
R00800,2026-01-26,13,Weekday,Riverside,Walk-in,App,2,9.25,5.3,4
R00801,2026-01-26,13,Weekday,University,Loyalty,App,1,3.25,4.3,4
R00802,2026-01-26,14,Weekday,Riverside,Loyalty,Card,3,11.95,5.5,4
R00803,2026-01-26,14,Weekday,Riverside,Walk-in,Cash,3,9.2,6.9,5
R00804,2026-01-26,14,Weekday,University,Walk-in,Card,1,4.25,5.2,3
R00805,2026-01-26,15,Weekday,Downtown,Walk-in,Card,1,4.5,5.5,3
R00806,2026-01-26,15,Weekday,University,Loyalty,App,3,10.15,6.8,4
R00807,2026-01-27,8,Weekday,Downtown,Walk-in,Card,2,7.5,6.4,4
R00808,2026-01-27,8,Weekday,Downtown,Walk-in,Card,1,4.75,7.5,3
R00809,2026-01-27,9,Weekday,University,Walk-in,Card,2,7.5,3.9,4
R00810,2026-01-27,10,Weekday,Downtown,Walk-in,Card,1,4.25,4.3,4
R00811,2026-01-27,10,Weekday,Downtown,Walk-in,App,3,12.0,5.4,3
R00812,2026-01-27,10,Weekday,Riverside,Loyalty,Card,6,24.95,5.3,4
R00813,2026-01-27,10,Weekday,University,Walk-in,App,3,11.0,5.6,3
R00814,2026-01-27,10,Weekday,University,Loyalty,App,1,4.5,4.7,4
R00815,2026-01-27,11,Weekday,Riverside,Walk-in,Card,2,7.25,3.1,5
R00816,2026-01-27,11,Weekday,University,Loyalty,App,3,10.5,5.9,5
R00817,2026-01-27,11,Weekday,University,Loyalty,App,2,8.0,5.8,3
R00818,2026-01-27,12,Weekday,Downtown,Walk-in,Cash,1,4.75,4.5,4
R00819,2026-01-27,12,Weekday,Riverside,Walk-in,Card,3,10.5,3.8,5
R00820,2026-01-27,12,Weekday,University,Walk-in,Card,2,6.25,7.4,4
R00821,2026-01-27,13,Weekday,Downtown,Walk-in,Card,2,7.5,6.5,3
R00822,2026-01-27,13,Weekday,Downtown,Walk-in,Cash,2,7.75,5.5,4
R00823,2026-01-27,14,Weekday,University,Walk-in,App,1,3.25,5.2,4
R00824,2026-01-27,16,Weekday,Downtown,Loyalty,Card,1,4.5,4.3,4
R00825,2026-01-27,16,Weekday,Downtown,Walk-in,Cash,1,4.5,3.6,5
R00826,2026-01-28,7,Weekday,Downtown,Walk-in,App,1,3.25,4.3,4
R00827,2026-01-28,7,Weekday,Downtown,Walk-in,App,4,13.2,8.9,2
R00828,2026-01-28,7,Weekday,University,Loyalty,App,3,10.45,4.4,4
R00829,2026-01-28,8,Weekday,Downtown,Loyalty,App,2,9.0,6.6,5
R00830,2026-01-28,8,Weekday,Downtown,Walk-in,App,1,4.5,8.3,3
R00831,2026-01-28,8,Weekday,Downtown,Loyalty,Card,5,17.95,7.6,3
R00832,2026-01-28,9,Weekday,Downtown,Loyalty,App,1,3.25,5.5,4
R00833,2026-01-28,9,Weekday,Downtown,Loyalty,Card,2,6.5,10.8,3
R00834,2026-01-28,9,Weekday,Riverside,Loyalty,Card,2,6.25,4.0,4
R00835,2026-01-28,9,Weekday,University,Loyalty,App,2,5.9,4.3,4
R00836,2026-01-28,9,Weekday,University,Loyalty,Card,2,8.75,4.9,5
R00837,2026-01-28,10,Weekday,Downtown,Walk-in,App,3,11.5,5.4,3
R00838,2026-01-28,11,Weekday,Downtown,Loyalty,Card,1,4.75,3.4,5
R00839,2026-01-28,11,Weekday,Riverside,Walk-in,App,2,9.0,3.4,5
R00840,2026-01-28,11,Weekday,Riverside,Walk-in,Cash,1,2.95,4.9,4
R00841,2026-01-28,11,Weekday,University,Walk-in,App,1,3.0,4.5,3
R00842,2026-01-28,11,Weekday,University,Walk-in,Card,1,4.75,4.3,4
R00843,2026-01-28,12,Weekday,Riverside,Loyalty,Cash,3,13.5,5.4,4
R00844,2026-01-28,12,Weekday,University,Walk-in,Card,1,4.5,5.7,5
R00845,2026-01-28,12,Weekday,University,Loyalty,App,1,4.25,6.9,4
R00846,2026-01-28,13,Weekday,University,Loyalty,App,1,2.95,6.1,3
R00847,2026-01-28,13,Weekday,University,Loyalty,App,3,12.25,5.4,3
R00848,2026-01-28,14,Weekday,Downtown,Walk-in,App,4,16.75,5.4,4
R00849,2026-01-28,14,Weekday,Downtown,Walk-in,App,1,4.75,4.4,3
R00850,2026-01-28,14,Weekday,Riverside,Loyalty,Card,1,3.0,3.2,4
R00851,2026-01-28,14,Weekday,University,Loyalty,App,4,17.0,6.4,4
R00852,2026-01-28,15,Weekday,Downtown,Walk-in,App,2,8.0,4.8,4
R00853,2026-01-28,15,Weekday,Downtown,Walk-in,Card,2,9.0,4.7,4
R00854,2026-01-28,15,Weekday,University,Walk-in,App,2,7.45,6.5,3
R00855,2026-01-28,16,Weekday,University,Walk-in,App,2,9.5,5.0,3
R00856,2026-01-28,16,Weekday,University,Loyalty,Cash,1,3.25,4.0,4
R00857,2026-01-28,17,Weekday,Downtown,Walk-in,Card,1,3.25,6.3,3
R00858,2026-01-28,17,Weekday,University,Loyalty,Card,2,9.5,3.6,4
R00859,2026-01-28,18,Weekday,Riverside,Loyalty,Card,3,10.45,2.7,4
R00860,2026-01-28,18,Weekday,University,Walk-in,App,3,10.75,7.0,3
R00861,2026-01-28,18,Weekday,University,Walk-in,App,1,4.25,3.9,4
R00862,2026-01-29,7,Weekday,Downtown,Loyalty,App,2,6.2,5.8,4
R00863,2026-01-29,7,Weekday,Downtown,Walk-in,App,2,6.0,6.6,3
R00864,2026-01-29,7,Weekday,Riverside,Walk-in,Card,2,7.7,2.8,5
R00865,2026-01-29,7,Weekday,University,Walk-in,Cash,2,6.2,3.9,4
R00866,2026-01-29,8,Weekday,Downtown,Walk-in,Cash,2,7.25,6.1,3
R00867,2026-01-29,8,Weekday,Downtown,Walk-in,Card,1,4.75,6.5,4
R00868,2026-01-29,8,Weekday,University,Loyalty,App,2,7.5,6.0,4
R00869,2026-01-29,9,Weekday,Downtown,Walk-in,Card,2,9.25,6.2,4
R00870,2026-01-29,9,Weekday,Downtown,Walk-in,Card,1,3.25,5.7,5
R00871,2026-01-29,9,Weekday,Downtown,Walk-in,App,3,10.95,7.2,4
R00872,2026-01-29,9,Weekday,Downtown,Loyalty,Cash,3,10.5,6.5,4
R00873,2026-01-29,9,Weekday,Riverside,Loyalty,Cash,2,6.25,3.9,4
R00874,2026-01-29,9,Weekday,Riverside,Loyalty,Card,1,4.25,5.7,5
R00875,2026-01-29,10,Weekday,Downtown,Walk-in,Card,4,14.25,8.2,2
R00876,2026-01-29,10,Weekday,Riverside,Walk-in,Card,1,2.95,3.3,5
R00877,2026-01-29,10,Weekday,University,Loyalty,App,2,7.5,7.2,3
R00878,2026-01-29,11,Weekday,Downtown,Walk-in,Card,1,4.25,3.8,5
R00879,2026-01-29,11,Weekday,Downtown,Loyalty,Cash,3,11.45,5.2,4
R00880,2026-01-29,11,Weekday,Riverside,Walk-in,Card,1,4.75,4.5,4
R00881,2026-01-29,11,Weekday,University,Walk-in,Card,2,8.5,6.7,4
R00882,2026-01-29,12,Weekday,University,Loyalty,Card,2,6.2,5.7,4
R00883,2026-01-29,12,Weekday,University,Walk-in,Card,2,7.5,6.0,3
R00884,2026-01-29,13,Weekday,Downtown,Walk-in,App,1,4.25,4.2,4
R00885,2026-01-29,13,Weekday,Downtown,Walk-in,Card,1,3.0,5.5,4
R00886,2026-01-29,13,Weekday,University,Walk-in,Card,2,7.75,6.8,3
R00887,2026-01-29,14,Weekday,Riverside,Walk-in,Card,1,3.25,3.1,4
R00888,2026-01-29,16,Weekday,Downtown,Walk-in,Card,2,7.75,4.9,5
R00889,2026-01-29,16,Weekday,Riverside,Loyalty,App,4,14.0,3.8,5
R00890,2026-01-29,16,Weekday,Riverside,Walk-in,App,1,2.95,3.7,5
R00891,2026-01-29,17,Weekday,Downtown,Walk-in,App,2,8.5,6.1,3
R00892,2026-01-29,17,Weekday,University,Loyalty,Card,2,7.45,6.3,4
R00893,2026-01-30,7,Weekday,Downtown,Walk-in,App,2,7.2,6.5,2
R00894,2026-01-30,7,Weekday,Riverside,Walk-in,Cash,4,12.15,4.8,4
R00895,2026-01-30,7,Weekday,Riverside,Loyalty,App,2,7.25,4.3,4
R00896,2026-01-30,7,Weekday,Riverside,Loyalty,Card,1,3.25,5.9,3
R00897,2026-01-30,8,Weekday,Downtown,Walk-in,Card,1,3.25,6.3,4
R00898,2026-01-30,8,Weekday,Riverside,Loyalty,Card,2,7.45,5.2,3
R00899,2026-01-30,9,Weekday,Downtown,Walk-in,App,2,7.5,5.8,4
R00900,2026-01-30,9,Weekday,Riverside,Loyalty,Card,2,8.75,7.4,3
R00901,2026-01-30,9,Weekday,University,Loyalty,App,4,17.5,6.1,4
R00902,2026-01-30,9,Weekday,University,Loyalty,App,3,10.75,8.3,2
R00903,2026-01-30,10,Weekday,Downtown,Loyalty,App,2,6.25,4.4,5
R00904,2026-01-30,10,Weekday,Downtown,Loyalty,Card,4,12.45,4.7,5
R00905,2026-01-30,10,Weekday,University,Loyalty,Card,3,11.0,9.1,3
R00906,2026-01-30,10,Weekday,University,Loyalty,Card,1,3.0,10.0,2
R00907,2026-01-30,11,Weekday,Downtown,Walk-in,Card,1,2.95,3.6,5
R00908,2026-01-30,11,Weekday,University,Loyalty,App,2,7.2,4.7,4
R00909,2026-01-30,12,Weekday,Downtown,Walk-in,Card,3,11.7,12.9,1
R00910,2026-01-30,12,Weekday,Riverside,Walk-in,Cash,2,9.0,4.8,5
R00911,2026-01-30,12,Weekday,University,Loyalty,App,2,8.75,6.1,4
R00912,2026-01-30,12,Weekday,University,Loyalty,App,4,16.5,6.9,4
R00913,2026-01-30,13,Weekday,Downtown,Walk-in,Card,1,4.75,5.7,5
R00914,2026-01-30,13,Weekday,Riverside,Loyalty,Cash,3,12.5,6.1,3
R00915,2026-01-30,13,Weekday,University,Loyalty,Cash,3,12.45,5.8,4
R00916,2026-01-30,15,Weekday,Downtown,Loyalty,Card,2,7.5,5.2,4
R00917,2026-01-30,15,Weekday,Downtown,Loyalty,Card,2,7.25,3.9,4
R00918,2026-01-30,15,Weekday,Downtown,Loyalty,App,1,3.25,3.2,5
R00919,2026-01-30,15,Weekday,Riverside,Loyalty,Card,1,4.75,2.8,5
R00920,2026-01-30,16,Weekday,University,Walk-in,App,1,4.25,3.8,5
R00921,2026-01-30,16,Weekday,University,Walk-in,Card,1,4.75,4.7,5
R00922,2026-01-30,16,Weekday,University,Loyalty,App,1,3.0,4.2,5
R00923,2026-01-30,16,Weekday,University,Walk-in,App,2,7.25,4.2,4
R00924,2026-01-30,18,Weekday,Riverside,Walk-in,App,1,4.25,3.1,4
R00925,2026-01-31,7,Weekend,Downtown,Walk-in,Card,1,4.5,3.4,5
R00926,2026-01-31,8,Weekend,Downtown,Walk-in,Card,3,12.25,9.0,1
R00927,2026-01-31,8,Weekend,Riverside,Loyalty,Card,3,12.25,5.2,5
R00928,2026-01-31,8,Weekend,Riverside,Loyalty,App,5,19.75,4.8,3
R00929,2026-01-31,8,Weekend,University,Loyalty,Card,3,12.0,8.1,5
R00930,2026-01-31,9,Weekend,Downtown,Walk-in,App,1,4.5,7.5,4
R00931,2026-01-31,9,Weekend,Riverside,Loyalty,App,2,6.5,4.7,4
R00932,2026-01-31,9,Weekend,Riverside,Walk-in,Card,2,6.25,4.9,5
R00933,2026-01-31,10,Weekend,Downtown,Walk-in,App,3,11.0,6.4,3
R00934,2026-01-31,10,Weekend,Downtown,Walk-in,App,2,9.0,6.8,4
R00935,2026-01-31,10,Weekend,Riverside,Loyalty,Card,5,20.75,5.1,4
R00936,2026-01-31,11,Weekend,Downtown,Loyalty,App,1,3.0,6.5,4
R00937,2026-01-31,11,Weekend,Riverside,Loyalty,Cash,4,16.5,5.1,5
R00938,2026-01-31,11,Weekend,University,Walk-in,App,2,7.45,6.1,4
R00939,2026-01-31,12,Weekend,Downtown,Walk-in,App,2,6.2,7.7,3
R00940,2026-01-31,12,Weekend,Downtown,Walk-in,App,1,4.25,7.6,3
R00941,2026-01-31,12,Weekend,Downtown,Walk-in,Card,1,4.75,5.6,4
R00942,2026-01-31,12,Weekend,Riverside,Walk-in,Cash,3,10.75,3.5,4
R00943,2026-01-31,12,Weekend,University,Loyalty,App,3,10.15,7.0,4
R00944,2026-01-31,12,Weekend,University,Walk-in,Card,1,4.25,5.7,4
R00945,2026-01-31,13,Weekend,Downtown,Walk-in,App,1,4.25,7.0,3
R00946,2026-01-31,13,Weekend,Downtown,Loyalty,Card,2,7.5,6.1,5
R00947,2026-01-31,13,Weekend,Riverside,Loyalty,App,2,8.75,4.3,4
R00948,2026-01-31,13,Weekend,University,Walk-in,Card,1,4.5,4.8,4
R00949,2026-01-31,14,Weekend,Downtown,Walk-in,Card,1,4.5,5.2,5
R00950,2026-01-31,14,Weekend,Riverside,Walk-in,Cash,1,4.25,4.5,4
R00951,2026-01-31,15,Weekend,Riverside,Loyalty,Card,1,3.25,3.0,5
R00952,2026-01-31,16,Weekend,Downtown,Walk-in,Card,3,13.25,7.8,3
R00953,2026-01-31,16,Weekend,University,Walk-in,Card,2,8.75,4.5,4
R00954,2026-01-31,17,Weekend,Downtown,Walk-in,App,4,16.5,5.9,3
R00955,2026-01-31,17,Weekend,Riverside,Loyalty,Card,3,12.0,3.6,5
R00956,2026-01-31,17,Weekend,University,Loyalty,Card,3,11.25,5.2,5
R00957,2026-01-31,17,Weekend,University,Walk-in,App,2,9.0,6.7,4
R00958,2026-01-31,18,Weekend,University,Walk-in,App,2,7.75,4.1,4
R00959,2026-02-01,8,Weekend,Downtown,Loyalty,App,3,10.7,4.7,4
R00960,2026-02-01,8,Weekend,Riverside,Walk-in,Card,3,9.25,2.7,5
R00961,2026-02-01,9,Weekend,Riverside,Loyalty,Cash,2,5.95,4.7,5
R00962,2026-02-01,9,Weekend,Riverside,Loyalty,Card,2,7.2,4.2,4
R00963,2026-02-01,9,Weekend,University,Walk-in,App,3,10.65,4.3,5
R00964,2026-02-01,10,Weekend,Downtown,Walk-in,Card,3,8.9,6.0,4
R00965,2026-02-01,10,Weekend,Riverside,Loyalty,App,1,4.5,3.9,5
R00966,2026-02-01,10,Weekend,Riverside,Walk-in,App,4,17.0,4.7,4
R00967,2026-02-01,10,Weekend,Riverside,Loyalty,Cash,4,16.2,7.4,3
R00968,2026-02-01,10,Weekend,University,Walk-in,Card,3,11.0,6.4,4
R00969,2026-02-01,11,Weekend,Downtown,Walk-in,App,2,8.75,6.7,3
R00970,2026-02-01,11,Weekend,Riverside,Loyalty,App,3,13.25,4.7,5
R00971,2026-02-01,12,Weekend,Downtown,Walk-in,App,3,10.95,7.4,3
R00972,2026-02-01,12,Weekend,Downtown,Walk-in,Card,1,3.0,6.3,3
R00973,2026-02-01,12,Weekend,Riverside,Walk-in,Card,1,4.5,4.4,4
R00974,2026-02-01,12,Weekend,Riverside,Loyalty,App,2,8.75,3.6,5
R00975,2026-02-01,12,Weekend,University,Walk-in,App,1,4.5,4.8,4
R00976,2026-02-01,13,Weekend,Riverside,Walk-in,Card,2,9.25,3.7,4
R00977,2026-02-01,14,Weekend,Riverside,Loyalty,Card,2,9.0,5.9,2
R00978,2026-02-01,15,Weekend,Downtown,Walk-in,Card,2,8.75,6.1,5
R00979,2026-02-01,15,Weekend,University,Loyalty,App,1,3.25,4.1,4
R00980,2026-02-01,15,Weekend,University,Loyalty,Card,3,13.5,4.9,5
R00981,2026-02-01,16,Weekend,University,Walk-in,App,1,3.0,5.4,4
R00982,2026-02-01,16,Weekend,University,Loyalty,App,2,7.7,5.5,5
R00983,2026-02-01,16,Weekend,University,Loyalty,Card,2,6.25,4.6,3
R00984,2026-02-01,17,Weekend,Downtown,Loyalty,Card,2,6.2,4.0,5
R00985,2026-02-02,7,Weekday,Downtown,Loyalty,Card,1,4.25,6.7,4
R00986,2026-02-02,7,Weekday,Riverside,Loyalty,Card,2,7.25,3.1,5
R00987,2026-02-02,8,Weekday,Downtown,Loyalty,Card,3,10.75,6.4,4
R00988,2026-02-02,8,Weekday,Downtown,Walk-in,Card,1,4.75,5.9,3
R00989,2026-02-02,8,Weekday,Downtown,Walk-in,Card,2,6.5,7.0,3
R00990,2026-02-02,8,Weekday,Downtown,Walk-in,App,1,3.0,5.4,3
R00991,2026-02-02,8,Weekday,Riverside,Loyalty,App,2,7.5,3.1,5
R00992,2026-02-02,9,Weekday,Downtown,Walk-in,Card,3,13.25,7.7,3
R00993,2026-02-02,9,Weekday,Riverside,Loyalty,Card,1,3.25,3.7,4
R00994,2026-02-02,9,Weekday,Riverside,Walk-in,Card,2,9.0,5.7,4
R00995,2026-02-02,10,Weekday,Downtown,Loyalty,App,1,4.75,4.6,4
R00996,2026-02-02,10,Weekday,Riverside,Walk-in,Card,1,4.5,4.5,4
R00997,2026-02-02,10,Weekday,Riverside,Loyalty,Card,3,9.0,5.5,5
R00998,2026-02-02,10,Weekday,University,Loyalty,Card,1,2.95,4.8,5
R00999,2026-02-02,11,Weekday,Downtown,Walk-in,Cash,2,7.2,5.4,4
R01000,2026-02-02,11,Weekday,Riverside,Walk-in,Cash,2,9.25,3.4,5
R01001,2026-02-02,11,Weekday,Riverside,Walk-in,Card,1,4.5,3.1,5
R01002,2026-02-02,11,Weekday,University,Walk-in,Card,1,2.95,6.5,3
R01003,2026-02-02,12,Weekday,Downtown,Walk-in,App,2,5.9,7.1,2
R01004,2026-02-02,12,Weekday,Downtown,Walk-in,Card,1,4.5,4.7,4
R01005,2026-02-02,12,Weekday,Downtown,Loyalty,App,1,4.75,7.2,4
R01006,2026-02-02,12,Weekday,Riverside,Walk-in,Card,2,7.75,5.3,4
R01007,2026-02-02,12,Weekday,University,Walk-in,App,3,12.5,7.4,3
R01008,2026-02-02,12,Weekday,University,Walk-in,App,2,8.0,5.7,3
R01009,2026-02-02,12,Weekday,University,Walk-in,App,1,4.25,4.5,5
R01010,2026-02-02,13,Weekday,Downtown,Walk-in,Card,3,13.25,5.0,5
R01011,2026-02-02,15,Weekday,Riverside,Loyalty,App,1,4.25,4.2,5
R01012,2026-02-02,15,Weekday,Riverside,Walk-in,Card,2,6.2,2.9,5
R01013,2026-02-02,15,Weekday,University,Walk-in,App,1,4.25,7.6,3
R01014,2026-02-02,16,Weekday,University,Walk-in,App,1,4.5,4.4,5
R01015,2026-02-02,17,Weekday,University,Loyalty,App,2,8.75,4.6,5
R01016,2026-02-03,7,Weekday,Downtown,Walk-in,Card,3,10.75,5.0,4
R01017,2026-02-03,7,Weekday,Downtown,Walk-in,App,1,4.5,4.8,4
R01018,2026-02-03,7,Weekday,Downtown,Loyalty,App,3,11.0,7.6,3
R01019,2026-02-03,7,Weekday,Downtown,Walk-in,App,1,3.25,5.2,4
R01020,2026-02-03,7,Weekday,Riverside,Walk-in,App,2,6.2,3.8,5
R01021,2026-02-03,8,Weekday,Downtown,Loyalty,App,1,3.0,6.8,3
R01022,2026-02-03,9,Weekday,Downtown,Walk-in,Card,1,4.25,7.0,4
R01023,2026-02-03,9,Weekday,Downtown,Walk-in,Card,4,12.0,6.0,2
R01024,2026-02-03,9,Weekday,Downtown,Walk-in,App,3,12.25,6.1,4
R01025,2026-02-03,9,Weekday,Downtown,Loyalty,Card,5,21.5,8.3,2
R01026,2026-02-03,9,Weekday,Downtown,Walk-in,Card,2,7.7,6.1,4
R01027,2026-02-03,9,Weekday,Downtown,Walk-in,Cash,1,2.95,6.7,3
R01028,2026-02-03,9,Weekday,Downtown,Walk-in,App,1,3.0,5.8,3
R01029,2026-02-03,10,Weekday,Downtown,Walk-in,Cash,2,6.25,4.7,4
R01030,2026-02-03,10,Weekday,Downtown,Walk-in,Card,1,3.25,5.6,3
R01031,2026-02-03,10,Weekday,Riverside,Walk-in,Card,2,7.75,4.7,5
R01032,2026-02-03,10,Weekday,University,Walk-in,App,1,3.25,4.9,4
R01033,2026-02-03,10,Weekday,University,Loyalty,Card,3,10.45,4.9,4
R01034,2026-02-03,11,Weekday,Downtown,Walk-in,App,2,7.25,3.8,4
R01035,2026-02-03,11,Weekday,Downtown,Walk-in,Card,2,7.75,3.7,5
R01036,2026-02-03,11,Weekday,University,Walk-in,App,2,7.25,5.5,4
R01037,2026-02-03,12,Weekday,Riverside,Loyalty,Card,3,10.7,4.2,4
R01038,2026-02-03,12,Weekday,Riverside,Loyalty,App,3,11.0,4.8,4
R01039,2026-02-03,12,Weekday,Riverside,Loyalty,Cash,1,4.5,5.4,2
R01040,2026-02-03,13,Weekday,Downtown,Loyalty,App,2,7.45,6.4,4
R01041,2026-02-03,13,Weekday,Riverside,Loyalty,Card,1,4.75,4.5,4
R01042,2026-02-03,13,Weekday,University,Loyalty,App,2,7.45,4.6,4
R01043,2026-02-03,13,Weekday,University,Walk-in,Card,1,4.25,4.4,4
R01044,2026-02-03,14,Weekday,Downtown,Loyalty,Card,1,4.75,4.1,4
R01045,2026-02-03,14,Weekday,University,Loyalty,App,2,8.0,5.0,4
R01046,2026-02-03,15,Weekday,Downtown,Walk-in,Card,1,4.5,3.8,4
R01047,2026-02-03,16,Weekday,Riverside,Loyalty,App,2,7.25,3.3,5
R01048,2026-02-03,17,Weekday,Riverside,Loyalty,Card,2,7.45,3.1,5
R01049,2026-02-03,17,Weekday,Riverside,Loyalty,App,2,9.0,4.7,4
R01050,2026-02-03,17,Weekday,University,Walk-in,Cash,2,9.0,5.4,3
R01051,2026-02-03,17,Weekday,University,Walk-in,App,2,7.7,7.8,4
R01052,2026-02-03,17,Weekday,University,Walk-in,Card,1,4.5,5.0,4
R01053,2026-02-03,18,Weekday,Riverside,Loyalty,Card,2,8.0,4.0,5
R01054,2026-02-03,18,Weekday,University,Loyalty,Card,4,16.45,4.3,5
R01055,2026-02-04,7,Weekday,Riverside,Walk-in,Card,1,4.5,2.2,4
R01056,2026-02-04,7,Weekday,Riverside,Loyalty,Card,1,3.0,4.1,4
R01057,2026-02-04,8,Weekday,Downtown,Walk-in,App,4,12.5,6.6,1
R01058,2026-02-04,8,Weekday,Downtown,Walk-in,Cash,1,4.75,5.4,4
R01059,2026-02-04,8,Weekday,Downtown,Loyalty,App,1,3.25,5.8,4
R01060,2026-02-04,8,Weekday,Riverside,Loyalty,App,1,3.25,3.9,4
R01061,2026-02-04,9,Weekday,Downtown,Loyalty,Card,3,14.25,6.2,5
R01062,2026-02-04,9,Weekday,Downtown,Walk-in,App,1,2.95,4.9,3
R01063,2026-02-04,9,Weekday,Downtown,Loyalty,Card,3,12.25,5.9,5
R01064,2026-02-04,9,Weekday,University,Walk-in,Card,1,3.25,6.3,3
R01065,2026-02-04,10,Weekday,Downtown,Loyalty,Card,3,9.25,4.6,5
R01066,2026-02-04,10,Weekday,University,Loyalty,App,2,6.5,5.0,4
R01067,2026-02-04,11,Weekday,University,Walk-in,App,2,6.25,5.9,4
R01068,2026-02-04,11,Weekday,University,Walk-in,App,3,10.95,7.0,4
R01069,2026-02-04,11,Weekday,University,Walk-in,Card,2,8.75,5.9,3
R01070,2026-02-04,11,Weekday,University,Walk-in,Card,1,2.95,5.1,4
R01071,2026-02-04,12,Weekday,University,Loyalty,App,2,9.0,6.7,4
R01072,2026-02-04,13,Weekday,Downtown,Loyalty,Card,4,13.95,6.1,5
R01073,2026-02-04,14,Weekday,Riverside,Loyalty,App,3,11.0,6.1,4
R01074,2026-02-04,16,Weekday,University,Walk-in,App,1,3.0,7.4,2
R01075,2026-02-05,7,Weekday,Downtown,Walk-in,Card,1,2.95,5.0,3
R01076,2026-02-05,7,Weekday,Riverside,Loyalty,Card,4,14.95,4.1,4
R01077,2026-02-05,8,Weekday,Downtown,Walk-in,Card,3,11.0,7.1,3
R01078,2026-02-05,8,Weekday,University,Walk-in,App,4,16.25,5.4,4
R01079,2026-02-05,9,Weekday,Downtown,Loyalty,App,2,7.5,6.7,3
R01080,2026-02-05,9,Weekday,Downtown,Walk-in,Card,3,10.45,5.6,4
R01081,2026-02-05,9,Weekday,Riverside,Walk-in,Cash,3,10.2,10.5,3
R01082,2026-02-05,9,Weekday,Riverside,Loyalty,Cash,3,9.15,5.0,3
R01083,2026-02-05,9,Weekday,Riverside,Walk-in,Card,1,4.5,6.0,4
R01084,2026-02-05,10,Weekday,University,Loyalty,Card,2,7.75,4.5,3
R01085,2026-02-05,10,Weekday,University,Walk-in,App,2,7.75,4.6,5
R01086,2026-02-05,10,Weekday,University,Walk-in,Card,1,4.75,4.8,4
R01087,2026-02-05,12,Weekday,Downtown,Walk-in,Card,4,15.0,7.1,4
R01088,2026-02-05,12,Weekday,Riverside,Loyalty,App,2,7.5,4.0,4
R01089,2026-02-05,12,Weekday,University,Walk-in,App,1,4.5,6.5,5
R01090,2026-02-05,12,Weekday,University,Loyalty,App,2,8.75,6.5,4
R01091,2026-02-05,13,Weekday,Downtown,Loyalty,Card,3,11.45,6.7,4
R01092,2026-02-05,13,Weekday,University,Walk-in,App,2,6.5,5.4,3
R01093,2026-02-05,13,Weekday,University,Walk-in,App,3,9.15,6.1,3
R01094,2026-02-05,14,Weekday,Downtown,Walk-in,Card,1,4.25,4.4,4
R01095,2026-02-05,14,Weekday,Riverside,Loyalty,Card,4,16.5,3.9,5
R01096,2026-02-05,15,Weekday,Downtown,Walk-in,Card,2,9.0,4.5,4
R01097,2026-02-05,15,Weekday,University,Loyalty,Card,1,4.25,5.7,4
R01098,2026-02-05,16,Weekday,Riverside,Walk-in,Cash,1,4.25,2.7,4
R01099,2026-02-05,16,Weekday,Riverside,Walk-in,App,1,3.25,3.6,5
R01100,2026-02-05,16,Weekday,Riverside,Loyalty,App,4,14.9,5.9,4
R01101,2026-02-05,17,Weekday,Downtown,Walk-in,Card,1,4.25,3.6,4
R01102,2026-02-06,7,Weekday,Downtown,Walk-in,Card,5,17.2,6.4,3
R01103,2026-02-06,7,Weekday,University,Walk-in,App,3,10.2,3.8,5
R01104,2026-02-06,8,Weekday,Downtown,Walk-in,Card,2,9.5,7.1,4
R01105,2026-02-06,8,Weekday,Downtown,Walk-in,App,2,9.0,6.5,3
R01106,2026-02-06,8,Weekday,Riverside,Loyalty,Card,3,10.45,4.4,4
R01107,2026-02-06,8,Weekday,Riverside,Loyalty,Card,2,6.5,3.4,4
R01108,2026-02-06,8,Weekday,Riverside,Walk-in,Cash,2,7.75,3.2,3
R01109,2026-02-06,9,Weekday,Downtown,Loyalty,App,2,9.25,5.4,3
R01110,2026-02-06,9,Weekday,Riverside,Loyalty,App,2,6.2,5.3,3
R01111,2026-02-06,9,Weekday,University,Loyalty,App,1,2.95,4.1,5
R01112,2026-02-06,9,Weekday,University,Loyalty,App,1,4.5,4.8,5
R01113,2026-02-06,10,Weekday,Riverside,Walk-in,Cash,1,4.5,3.4,5
R01114,2026-02-06,10,Weekday,Riverside,Walk-in,App,2,9.0,5.4,4
R01115,2026-02-06,10,Weekday,University,Loyalty,Card,1,4.5,4.7,4
R01116,2026-02-06,10,Weekday,University,Walk-in,App,2,5.95,4.4,4
R01117,2026-02-06,10,Weekday,University,Walk-in,App,1,4.25,4.3,4
R01118,2026-02-06,11,Weekday,Downtown,Loyalty,Card,1,3.25,3.3,5
R01119,2026-02-06,11,Weekday,Downtown,Walk-in,App,1,3.0,5.2,4
R01120,2026-02-06,11,Weekday,Downtown,Walk-in,App,1,4.25,4.9,5
R01121,2026-02-06,11,Weekday,Riverside,Loyalty,App,3,13.25,4.5,5
R01122,2026-02-06,12,Weekday,Riverside,Loyalty,App,1,4.25,2.9,5
R01123,2026-02-06,13,Weekday,Downtown,Loyalty,App,3,13.75,7.7,2
R01124,2026-02-06,13,Weekday,Riverside,Loyalty,App,3,11.95,3.8,5
R01125,2026-02-06,13,Weekday,University,Walk-in,App,2,7.75,6.9,4
R01126,2026-02-06,14,Weekday,University,Loyalty,App,2,9.25,6.1,4
R01127,2026-02-06,15,Weekday,University,Walk-in,Card,3,12.0,4.9,3
R01128,2026-02-06,16,Weekday,University,Walk-in,App,1,3.0,6.7,4
R01129,2026-02-07,8,Weekend,Riverside,Walk-in,Cash,1,4.5,3.4,3
R01130,2026-02-07,8,Weekend,Riverside,Walk-in,Cash,2,8.75,2.4,4
R01131,2026-02-07,8,Weekend,Riverside,Walk-in,Cash,1,4.5,3.1,5
R01132,2026-02-07,8,Weekend,University,Loyalty,App,2,5.95,7.3,3
R01133,2026-02-07,8,Weekend,University,Loyalty,App,2,9.0,5.8,4
R01134,2026-02-07,9,Weekend,Downtown,Loyalty,App,1,3.0,5.3,5
R01135,2026-02-07,9,Weekend,Riverside,Walk-in,App,2,7.75,4.1,5
R01136,2026-02-07,9,Weekend,Riverside,Loyalty,Cash,2,7.5,3.2,4
R01137,2026-02-07,9,Weekend,Riverside,Loyalty,Cash,1,3.0,3.7,5
R01138,2026-02-07,10,Weekend,Downtown,Walk-in,Card,1,4.5,5.8,3
R01139,2026-02-07,10,Weekend,Riverside,Loyalty,App,2,6.0,4.0,5
R01140,2026-02-07,10,Weekend,Riverside,Walk-in,App,1,3.25,4.0,5
R01141,2026-02-07,10,Weekend,Riverside,Loyalty,Card,2,8.75,4.9,4
R01142,2026-02-07,10,Weekend,Riverside,Loyalty,App,4,13.7,4.8,4
R01143,2026-02-07,10,Weekend,University,Walk-in,Card,3,10.75,5.0,3
R01144,2026-02-07,10,Weekend,University,Walk-in,Card,2,9.5,5.5,4
R01145,2026-02-07,11,Weekend,Downtown,Loyalty,Card,2,8.5,6.0,3
R01146,2026-02-07,11,Weekend,Downtown,Loyalty,Card,2,9.25,6.7,4
R01147,2026-02-07,11,Weekend,Downtown,Loyalty,Card,2,8.0,7.7,4
R01148,2026-02-07,11,Weekend,Downtown,Walk-in,App,1,4.75,8.5,2
R01149,2026-02-07,11,Weekend,Riverside,Loyalty,App,2,9.0,4.2,4
R01150,2026-02-07,11,Weekend,Riverside,Walk-in,Card,3,12.25,6.9,3
R01151,2026-02-07,11,Weekend,University,Walk-in,Cash,1,4.25,6.0,3
R01152,2026-02-07,12,Weekend,Downtown,Walk-in,Card,2,7.45,8.1,2
R01153,2026-02-07,12,Weekend,Downtown,Walk-in,Card,3,13.0,10.3,3
R01154,2026-02-07,13,Weekend,Downtown,Walk-in,Card,1,4.25,5.9,4
R01155,2026-02-07,13,Weekend,Downtown,Walk-in,Card,2,6.5,6.1,3
R01156,2026-02-07,13,Weekend,Downtown,Walk-in,Card,2,8.5,6.1,4
R01157,2026-02-07,13,Weekend,Riverside,Loyalty,Card,2,7.75,2.9,5
R01158,2026-02-07,13,Weekend,Riverside,Walk-in,App,1,4.25,3.6,3
R01159,2026-02-07,13,Weekend,University,Walk-in,App,3,13.25,5.4,3
R01160,2026-02-07,13,Weekend,University,Walk-in,App,1,2.95,6.5,3
R01161,2026-02-07,14,Weekend,Downtown,Walk-in,App,1,4.75,4.6,4
R01162,2026-02-07,14,Weekend,Downtown,Walk-in,App,2,8.5,4.7,4
R01163,2026-02-07,15,Weekend,Downtown,Walk-in,App,2,7.5,4.9,4
R01164,2026-02-07,16,Weekend,Downtown,Walk-in,App,4,13.7,5.7,4
R01165,2026-02-07,16,Weekend,Downtown,Loyalty,App,3,10.75,4.5,5
R01166,2026-02-07,16,Weekend,Downtown,Loyalty,App,3,13.25,5.1,4
R01167,2026-02-07,16,Weekend,University,Walk-in,Card,1,4.75,4.2,5
R01168,2026-02-07,16,Weekend,University,Walk-in,App,1,4.25,4.4,5
R01169,2026-02-07,17,Weekend,Downtown,Loyalty,Card,2,5.9,3.8,5
R01170,2026-02-07,17,Weekend,Riverside,Loyalty,Card,2,8.75,2.4,4
R01171,2026-02-07,18,Weekend,University,Walk-in,Cash,3,9.25,3.4,4
R01172,2026-02-08,8,Weekend,Downtown,Loyalty,Card,2,7.5,4.7,5
R01173,2026-02-08,8,Weekend,Downtown,Walk-in,Cash,2,8.75,7.7,3
R01174,2026-02-08,9,Weekend,Downtown,Walk-in,Card,2,7.75,6.1,4
R01175,2026-02-08,9,Weekend,Downtown,Walk-in,App,2,7.75,7.5,3
R01176,2026-02-08,9,Weekend,Riverside,Walk-in,Card,1,4.75,4.5,2
R01177,2026-02-08,9,Weekend,Riverside,Loyalty,App,3,10.75,4.7,3
R01178,2026-02-08,9,Weekend,University,Walk-in,App,1,4.75,3.7,5
R01179,2026-02-08,10,Weekend,Downtown,Walk-in,Card,2,7.45,5.8,4
R01180,2026-02-08,10,Weekend,Downtown,Walk-in,Card,2,8.5,6.5,3
R01181,2026-02-08,10,Weekend,Downtown,Walk-in,Card,1,3.25,6.6,5
R01182,2026-02-08,10,Weekend,Downtown,Loyalty,Card,3,13.75,7.1,3
R01183,2026-02-08,10,Weekend,Downtown,Walk-in,Card,2,7.75,6.0,4
R01184,2026-02-08,10,Weekend,Riverside,Loyalty,App,1,3.0,3.2,4
R01185,2026-02-08,10,Weekend,University,Loyalty,App,2,6.2,5.3,5
R01186,2026-02-08,11,Weekend,Downtown,Walk-in,App,1,4.25,6.0,3
R01187,2026-02-08,11,Weekend,Riverside,Walk-in,Card,3,8.85,6.6,3
R01188,2026-02-08,11,Weekend,Riverside,Loyalty,App,2,8.0,4.2,4
R01189,2026-02-08,11,Weekend,Riverside,Walk-in,Card,2,7.2,3.6,5
R01190,2026-02-08,11,Weekend,University,Walk-in,App,1,4.5,5.1,4
R01191,2026-02-08,12,Weekend,Downtown,Walk-in,App,2,6.2,8.3,3
R01192,2026-02-08,12,Weekend,Downtown,Walk-in,Card,1,4.5,6.5,2
R01193,2026-02-08,12,Weekend,Riverside,Walk-in,Cash,2,7.75,3.3,4
R01194,2026-02-08,12,Weekend,Riverside,Loyalty,Card,1,4.5,3.5,4
R01195,2026-02-08,12,Weekend,University,Walk-in,Card,3,11.75,5.4,4
R01196,2026-02-08,12,Weekend,University,Loyalty,App,1,2.95,5.3,5
R01197,2026-02-08,12,Weekend,University,Loyalty,App,1,4.5,6.7,3
R01198,2026-02-08,13,Weekend,Downtown,Walk-in,App,3,10.5,8.2,3
R01199,2026-02-08,13,Weekend,Downtown,Loyalty,Card,2,8.5,7.9,3
R01200,2026-02-08,13,Weekend,Downtown,Walk-in,Card,2,6.0,5.7,4
R01201,2026-02-08,13,Weekend,Downtown,Loyalty,Card,1,4.25,5.9,4
R01202,2026-02-08,13,Weekend,University,Walk-in,Card,1,4.25,6.4,3
R01203,2026-02-08,13,Weekend,University,Walk-in,App,3,12.2,6.5,3
R01204,2026-02-08,14,Weekend,Downtown,Walk-in,App,2,8.75,6.3,4
R01205,2026-02-08,14,Weekend,Downtown,Walk-in,App,1,4.5,7.8,4
R01206,2026-02-08,14,Weekend,Downtown,Walk-in,Card,2,7.75,4.9,2
R01207,2026-02-08,16,Weekend,University,Walk-in,App,1,3.0,3.8,3
R01208,2026-02-08,17,Weekend,University,Loyalty,Card,1,4.5,4.0,5
R01209,2026-02-08,17,Weekend,University,Loyalty,App,1,4.25,3.6,5
R01210,2026-02-08,18,Weekend,University,Walk-in,Card,1,4.25,3.3,4
R01211,2026-02-09,7,Weekday,Downtown,Walk-in,App,1,3.0,5.6,5
R01212,2026-02-09,7,Weekday,Downtown,Walk-in,Card,1,4.75,5.8,3
R01213,2026-02-09,8,Weekday,Downtown,Walk-in,App,3,10.95,6.4,4
R01214,2026-02-09,8,Weekday,Downtown,Walk-in,Card,3,13.75,11.6,2
R01215,2026-02-09,8,Weekday,Downtown,Loyalty,App,1,3.0,6.2,4
R01216,2026-02-09,9,Weekday,Downtown,Loyalty,Card,2,9.0,5.3,4
R01217,2026-02-09,9,Weekday,Downtown,Walk-in,Card,1,3.0,10.0,3
R01218,2026-02-09,9,Weekday,Riverside,Loyalty,Card,2,6.0,3.9,4
R01219,2026-02-09,10,Weekday,Downtown,Walk-in,Card,1,4.25,3.7,5
R01220,2026-02-09,11,Weekday,Riverside,Walk-in,Cash,2,9.0,3.3,5
R01221,2026-02-09,11,Weekday,University,Walk-in,Card,1,4.5,6.0,3
R01222,2026-02-09,12,Weekday,Downtown,Loyalty,App,1,3.0,4.9,4
R01223,2026-02-09,12,Weekday,Downtown,Walk-in,Card,1,3.25,8.2,2
R01224,2026-02-09,12,Weekday,Riverside,Loyalty,App,2,8.0,3.1,5
R01225,2026-02-09,12,Weekday,University,Loyalty,App,3,13.5,7.1,3
R01226,2026-02-09,12,Weekday,University,Walk-in,Card,2,9.5,5.1,4
R01227,2026-02-09,13,Weekday,Downtown,Loyalty,App,4,14.95,5.7,3
R01228,2026-02-09,13,Weekday,University,Loyalty,Card,6,19.35,6.1,3
R01229,2026-02-09,13,Weekday,University,Walk-in,Card,2,8.75,4.9,5
R01230,2026-02-09,13,Weekday,University,Walk-in,Card,2,7.7,7.5,3
R01231,2026-02-09,14,Weekday,Riverside,Walk-in,Card,1,4.25,2.7,5
R01232,2026-02-09,14,Weekday,Riverside,Loyalty,Cash,3,9.15,3.3,5
R01233,2026-02-09,15,Weekday,University,Loyalty,App,2,6.0,7.3,3
R01234,2026-02-09,16,Weekday,University,Walk-in,Card,2,7.5,5.0,4
R01235,2026-02-09,17,Weekday,Riverside,Walk-in,Cash,2,7.5,3.3,5
R01236,2026-02-09,18,Weekday,Downtown,Walk-in,Card,1,4.25,2.9,5
R01237,2026-02-09,18,Weekday,University,Walk-in,App,1,2.95,3.4,4
R01238,2026-02-10,7,Weekday,Downtown,Loyalty,App,1,4.25,4.2,4
R01239,2026-02-10,8,Weekday,Downtown,Loyalty,App,1,4.5,6.3,2
R01240,2026-02-10,8,Weekday,Downtown,Loyalty,Cash,1,4.75,6.2,3
R01241,2026-02-10,8,Weekday,University,Loyalty,App,1,3.25,3.7,5
R01242,2026-02-10,9,Weekday,Downtown,Walk-in,App,3,13.5,5.8,4
R01243,2026-02-10,9,Weekday,Downtown,Walk-in,Card,3,12.0,5.7,3
R01244,2026-02-10,9,Weekday,Downtown,Walk-in,App,1,3.0,4.9,5
R01245,2026-02-10,9,Weekday,Downtown,Loyalty,App,3,13.5,6.7,4
R01246,2026-02-10,9,Weekday,Downtown,Loyalty,App,2,7.5,5.7,4
R01247,2026-02-10,9,Weekday,Riverside,Walk-in,Cash,2,6.2,5.3,5
R01248,2026-02-10,9,Weekday,University,Loyalty,App,1,3.0,4.7,3
R01249,2026-02-10,9,Weekday,University,Walk-in,Card,1,3.25,3.5,4
R01250,2026-02-10,10,Weekday,Downtown,Walk-in,Cash,1,3.0,4.6,4
R01251,2026-02-10,10,Weekday,Downtown,Walk-in,App,2,7.25,4.3,4
R01252,2026-02-10,10,Weekday,University,Walk-in,App,2,9.0,5.5,4
R01253,2026-02-10,11,Weekday,Downtown,Walk-in,Card,1,3.25,3.4,5
R01254,2026-02-10,12,Weekday,Downtown,Walk-in,App,2,7.5,4.5,4
R01255,2026-02-10,12,Weekday,University,Walk-in,App,1,3.0,5.2,4
R01256,2026-02-10,13,Weekday,Downtown,Loyalty,Card,3,9.25,6.5,4
R01257,2026-02-10,13,Weekday,Downtown,Walk-in,Card,1,4.5,7.3,3
R01258,2026-02-10,13,Weekday,Riverside,Walk-in,App,4,14.0,4.1,4
R01259,2026-02-10,13,Weekday,University,Loyalty,App,5,18.5,6.1,3
R01260,2026-02-10,13,Weekday,University,Loyalty,Card,3,11.7,5.0,4
R01261,2026-02-10,14,Weekday,Downtown,Loyalty,Card,4,15.25,6.2,4
R01262,2026-02-10,14,Weekday,Downtown,Loyalty,Card,2,7.7,6.8,2
R01263,2026-02-10,14,Weekday,Riverside,Loyalty,Card,1,4.5,2.9,5
R01264,2026-02-10,14,Weekday,University,Walk-in,Card,2,7.5,7.9,3
R01265,2026-02-10,15,Weekday,Downtown,Walk-in,Cash,2,8.75,5.8,4
R01266,2026-02-10,15,Weekday,University,Walk-in,App,1,4.25,5.4,3
R01267,2026-02-10,16,Weekday,Downtown,Walk-in,Card,2,7.2,3.9,5
R01268,2026-02-10,16,Weekday,Downtown,Walk-in,Card,2,7.5,3.5,3
R01269,2026-02-10,16,Weekday,Riverside,Loyalty,Card,3,12.0,3.5,4
R01270,2026-02-10,16,Weekday,Riverside,Loyalty,Card,3,10.95,3.3,5
R01271,2026-02-10,16,Weekday,University,Loyalty,App,1,2.95,4.2,4
R01272,2026-02-10,18,Weekday,Downtown,Walk-in,App,3,11.0,4.4,5
R01273,2026-02-10,18,Weekday,University,Walk-in,App,2,7.25,7.6,3
R01274,2026-02-11,7,Weekday,Downtown,Walk-in,Card,3,12.0,5.5,4
R01275,2026-02-11,7,Weekday,Downtown,Walk-in,Card,2,6.0,10.2,3
R01276,2026-02-11,7,Weekday,Downtown,Walk-in,Card,2,7.45,7.6,2
R01277,2026-02-11,7,Weekday,Riverside,Loyalty,App,2,7.45,3.7,4
R01278,2026-02-11,8,Weekday,Downtown,Walk-in,Card,1,3.0,7.5,4
R01279,2026-02-11,8,Weekday,Downtown,Walk-in,Card,1,4.5,6.5,2
R01280,2026-02-11,8,Weekday,Riverside,Loyalty,Card,1,4.75,6.4,3
R01281,2026-02-11,8,Weekday,Riverside,Walk-in,Card,3,12.25,5.0,3
R01282,2026-02-11,8,Weekday,Riverside,Loyalty,Card,5,20.95,7.2,5
R01283,2026-02-11,8,Weekday,Riverside,Loyalty,Card,2,7.5,8.9,2
R01284,2026-02-11,9,Weekday,Downtown,Walk-in,Card,3,9.2,5.6,3
R01285,2026-02-11,9,Weekday,Downtown,Loyalty,Card,2,7.75,6.6,3
R01286,2026-02-11,9,Weekday,University,Walk-in,Card,1,4.5,3.6,4
R01287,2026-02-11,9,Weekday,University,Loyalty,Card,2,5.9,6.3,3
R01288,2026-02-11,10,Weekday,Downtown,Walk-in,Card,4,18.25,5.8,3
R01289,2026-02-11,10,Weekday,Riverside,Loyalty,App,1,4.75,4.0,5
R01290,2026-02-11,11,Weekday,University,Walk-in,App,1,4.25,4.7,5
R01291,2026-02-11,11,Weekday,University,Walk-in,App,3,10.75,6.4,3
R01292,2026-02-11,12,Weekday,Downtown,Loyalty,Card,4,16.25,6.3,5
R01293,2026-02-11,12,Weekday,Downtown,Loyalty,Card,1,4.75,6.1,4
R01294,2026-02-11,12,Weekday,Riverside,Loyalty,App,1,4.5,5.0,4
R01295,2026-02-11,12,Weekday,Riverside,Loyalty,Cash,1,4.5,3.5,5
R01296,2026-02-11,12,Weekday,Riverside,Loyalty,Cash,5,19.25,5.7,5
R01297,2026-02-11,13,Weekday,Downtown,Walk-in,Card,4,11.85,5.1,5
R01298,2026-02-11,13,Weekday,University,Walk-in,App,3,10.75,6.6,3
R01299,2026-02-11,14,Weekday,University,Loyalty,Card,5,16.75,6.3,4
R01300,2026-02-11,14,Weekday,University,Walk-in,App,1,4.5,4.4,5
R01301,2026-02-11,14,Weekday,University,Walk-in,Card,2,9.0,7.3,2
R01302,2026-02-11,15,Weekday,Downtown,Walk-in,Card,1,4.5,2.9,5
R01303,2026-02-11,15,Weekday,University,Walk-in,Card,2,9.0,5.0,3
R01304,2026-02-11,15,Weekday,University,Walk-in,App,3,9.2,5.1,3
R01305,2026-02-11,16,Weekday,Downtown,Walk-in,Card,1,3.25,5.0,5
R01306,2026-02-11,16,Weekday,University,Loyalty,Card,2,7.5,7.4,2
R01307,2026-02-11,17,Weekday,Downtown,Walk-in,Card,1,4.5,4.1,5
R01308,2026-02-11,18,Weekday,Downtown,Loyalty,App,2,8.75,3.3,4
R01309,2026-02-11,18,Weekday,University,Walk-in,Card,2,7.2,4.2,4
R01310,2026-02-12,7,Weekday,Downtown,Walk-in,App,3,11.95,5.9,4
R01311,2026-02-12,7,Weekday,Downtown,Walk-in,Card,3,10.45,5.1,5
R01312,2026-02-12,7,Weekday,Riverside,Loyalty,App,3,12.75,3.3,4
R01313,2026-02-12,8,Weekday,Downtown,Walk-in,Card,4,18.0,8.6,3
R01314,2026-02-12,8,Weekday,Riverside,Loyalty,Cash,2,7.5,9.0,2
R01315,2026-02-12,8,Weekday,University,Walk-in,Card,3,13.0,3.8,5
R01316,2026-02-12,9,Weekday,Downtown,Walk-in,Card,1,3.0,5.2,5
R01317,2026-02-12,9,Weekday,Downtown,Walk-in,App,1,3.0,5.4,4
R01318,2026-02-12,9,Weekday,Downtown,Loyalty,Card,2,5.9,7.3,4
R01319,2026-02-12,9,Weekday,Riverside,Loyalty,Card,1,4.75,5.9,5
R01320,2026-02-12,9,Weekday,Riverside,Walk-in,Cash,2,9.25,3.4,4
R01321,2026-02-12,10,Weekday,Downtown,Walk-in,Card,3,11.75,6.2,3
R01322,2026-02-12,10,Weekday,Downtown,Loyalty,App,2,7.5,5.1,4
R01323,2026-02-12,10,Weekday,University,Walk-in,App,2,9.0,4.7,3
R01324,2026-02-12,11,Weekday,Downtown,Walk-in,App,2,8.75,8.1,2
R01325,2026-02-12,11,Weekday,Riverside,Loyalty,Card,2,7.45,4.5,4
R01326,2026-02-12,12,Weekday,Downtown,Walk-in,App,2,7.2,5.3,4
R01327,2026-02-12,12,Weekday,Riverside,Loyalty,App,1,3.0,3.3,4
R01328,2026-02-12,12,Weekday,University,Walk-in,App,3,14.0,6.2,5
R01329,2026-02-12,12,Weekday,University,Loyalty,Card,1,4.25,5.6,4
R01330,2026-02-12,13,Weekday,Downtown,Loyalty,App,3,11.0,7.0,4
R01331,2026-02-12,13,Weekday,Downtown,Walk-in,Card,3,10.5,5.3,4
R01332,2026-02-12,13,Weekday,University,Walk-in,App,3,13.75,7.0,3
R01333,2026-02-12,14,Weekday,University,Loyalty,App,1,4.5,6.7,4
R01334,2026-02-12,16,Weekday,Riverside,Loyalty,Card,2,8.5,3.9,4
R01335,2026-02-12,17,Weekday,Downtown,Loyalty,App,1,4.25,8.7,3
R01336,2026-02-12,17,Weekday,Downtown,Loyalty,App,2,7.5,4.6,4
R01337,2026-02-12,17,Weekday,University,Loyalty,Cash,1,4.5,3.9,5
R01338,2026-02-13,7,Weekday,Downtown,Loyalty,App,1,2.95,4.6,4
R01339,2026-02-13,8,Weekday,Downtown,Walk-in,Cash,4,13.7,6.9,3
R01340,2026-02-13,9,Weekday,Downtown,Walk-in,App,3,11.7,5.9,4
R01341,2026-02-13,9,Weekday,Downtown,Loyalty,App,3,10.75,6.9,3
R01342,2026-02-13,9,Weekday,Downtown,Walk-in,Card,2,6.0,6.0,4
R01343,2026-02-13,9,Weekday,Riverside,Walk-in,Card,1,3.0,6.1,4
R01344,2026-02-13,10,Weekday,Downtown,Walk-in,Card,1,4.25,4.3,3
R01345,2026-02-13,10,Weekday,Downtown,Walk-in,Card,1,4.25,4.0,3
R01346,2026-02-13,11,Weekday,Downtown,Walk-in,Card,1,3.25,5.3,4
R01347,2026-02-13,11,Weekday,Downtown,Walk-in,Card,1,4.25,4.4,5
R01348,2026-02-13,12,Weekday,Downtown,Loyalty,App,1,4.25,8.1,3
R01349,2026-02-13,12,Weekday,Downtown,Walk-in,Card,1,3.0,6.2,4
R01350,2026-02-13,12,Weekday,Riverside,Loyalty,App,1,3.0,6.1,4
R01351,2026-02-13,12,Weekday,University,Walk-in,App,1,4.25,7.9,3
R01352,2026-02-13,13,Weekday,Downtown,Loyalty,Cash,2,7.5,5.2,4
R01353,2026-02-13,13,Weekday,Downtown,Loyalty,Card,1,3.25,4.9,4
R01354,2026-02-13,13,Weekday,Downtown,Loyalty,Card,1,4.25,6.3,3
R01355,2026-02-13,13,Weekday,University,Loyalty,App,2,6.25,5.7,4
R01356,2026-02-13,13,Weekday,University,Loyalty,App,5,20.5,7.2,3
R01357,2026-02-13,14,Weekday,Downtown,Loyalty,Card,3,12.0,4.0,4
R01358,2026-02-13,14,Weekday,University,Walk-in,Card,2,9.0,4.7,4
R01359,2026-02-13,14,Weekday,University,Walk-in,Card,1,2.95,5.5,2
R01360,2026-02-13,15,Weekday,Downtown,Loyalty,App,6,23.0,5.9,3
R01361,2026-02-13,15,Weekday,University,Loyalty,App,2,6.2,7.0,3
R01362,2026-02-13,16,Weekday,Downtown,Loyalty,Card,1,3.25,5.2,3
R01363,2026-02-13,16,Weekday,Riverside,Loyalty,Card,3,10.45,5.2,5
R01364,2026-02-13,16,Weekday,Riverside,Walk-in,Card,2,7.2,5.0,4
R01365,2026-02-13,16,Weekday,University,Loyalty,Card,1,4.75,4.3,4
R01366,2026-02-13,16,Weekday,University,Walk-in,App,1,4.75,4.7,3
R01367,2026-02-13,17,Weekday,University,Walk-in,App,2,9.0,8.7,3
R01368,2026-02-14,7,Weekend,Riverside,Walk-in,Card,2,7.2,4.1,4
R01369,2026-02-14,7,Weekend,Riverside,Loyalty,App,3,10.7,3.5,4
R01370,2026-02-14,8,Weekend,Downtown,Loyalty,App,4,13.45,5.6,4
R01371,2026-02-14,8,Weekend,Downtown,Walk-in,Card,2,7.45,5.8,3
R01372,2026-02-14,8,Weekend,Downtown,Loyalty,App,3,10.75,5.9,5
R01373,2026-02-14,8,Weekend,Downtown,Loyalty,App,3,11.75,5.2,4
R01374,2026-02-14,8,Weekend,Riverside,Loyalty,Card,2,6.25,3.0,5
R01375,2026-02-14,8,Weekend,Riverside,Loyalty,Card,2,7.75,3.3,4
R01376,2026-02-14,9,Weekend,Downtown,Walk-in,App,2,9.5,5.4,4
R01377,2026-02-14,9,Weekend,Riverside,Walk-in,Cash,1,3.0,4.8,4
R01378,2026-02-14,9,Weekend,Riverside,Loyalty,App,5,20.0,4.7,4
R01379,2026-02-14,9,Weekend,Riverside,Loyalty,Card,1,4.5,3.3,5
R01380,2026-02-14,9,Weekend,University,Walk-in,App,1,3.25,6.1,4
R01381,2026-02-14,9,Weekend,University,Walk-in,Card,2,7.75,4.5,3
R01382,2026-02-14,10,Weekend,Downtown,Walk-in,Card,2,8.5,8.9,2
R01383,2026-02-14,10,Weekend,Riverside,Loyalty,Card,2,6.5,3.3,4
R01384,2026-02-14,10,Weekend,Riverside,Walk-in,Card,3,12.2,4.9,3
R01385,2026-02-14,10,Weekend,University,Walk-in,App,1,3.0,4.5,5
R01386,2026-02-14,11,Weekend,Downtown,Walk-in,App,1,3.25,5.6,4
R01387,2026-02-14,11,Weekend,Downtown,Loyalty,Card,3,10.5,6.5,3
R01388,2026-02-14,11,Weekend,Downtown,Walk-in,Card,1,4.75,7.1,2
R01389,2026-02-14,11,Weekend,Downtown,Loyalty,Card,2,6.5,6.2,4
R01390,2026-02-14,11,Weekend,Riverside,Loyalty,App,2,7.75,3.2,5
R01391,2026-02-14,11,Weekend,University,Walk-in,Card,1,4.75,5.0,4
R01392,2026-02-14,11,Weekend,University,Loyalty,Card,2,7.2,6.6,3
R01393,2026-02-14,12,Weekend,Downtown,Walk-in,Card,1,2.95,6.8,3
R01394,2026-02-14,12,Weekend,Downtown,Walk-in,Card,2,5.9,8.9,3
R01395,2026-02-14,12,Weekend,Downtown,Walk-in,App,2,8.0,6.5,3
R01396,2026-02-14,12,Weekend,Riverside,Walk-in,Card,1,3.0,2.9,5
R01397,2026-02-14,12,Weekend,Riverside,Loyalty,Cash,3,10.45,4.0,4
R01398,2026-02-14,13,Weekend,University,Walk-in,Card,2,6.25,5.0,4
R01399,2026-02-14,14,Weekend,Downtown,Walk-in,Card,2,9.5,6.5,3
R01400,2026-02-14,14,Weekend,University,Loyalty,App,4,13.2,5.0,4
R01401,2026-02-14,15,Weekend,University,Loyalty,Card,2,6.0,6.8,4
R01402,2026-02-14,16,Weekend,Downtown,Loyalty,Cash,1,3.0,5.0,5
R01403,2026-02-14,16,Weekend,Downtown,Loyalty,Card,3,13.25,5.5,4
R01404,2026-02-14,16,Weekend,University,Loyalty,Card,1,4.5,3.5,4
R01405,2026-02-14,16,Weekend,University,Loyalty,App,2,8.75,4.2,4
R01406,2026-02-14,17,Weekend,Riverside,Loyalty,App,1,4.5,4.0,5
R01407,2026-02-14,18,Weekend,Downtown,Walk-in,App,2,7.5,7.0,3
R01408,2026-02-14,18,Weekend,Riverside,Walk-in,App,1,2.95,3.1,5
R01409,2026-02-14,18,Weekend,University,Loyalty,App,3,10.15,4.3,5
R01410,2026-02-15,7,Weekend,Riverside,Loyalty,Cash,3,11.95,2.9,4
R01411,2026-02-15,7,Weekend,Riverside,Loyalty,Cash,2,8.0,2.4,5
R01412,2026-02-15,8,Weekend,Downtown,Loyalty,App,2,7.5,5.3,5
R01413,2026-02-15,8,Weekend,Riverside,Walk-in,Cash,1,4.25,3.3,4
R01414,2026-02-15,8,Weekend,Riverside,Walk-in,Card,4,16.5,4.1,4
R01415,2026-02-15,9,Weekend,Downtown,Walk-in,App,2,9.25,5.9,3
R01416,2026-02-15,9,Weekend,Downtown,Walk-in,Card,2,7.7,5.6,4
R01417,2026-02-15,9,Weekend,Downtown,Walk-in,Card,1,4.5,5.2,4
R01418,2026-02-15,9,Weekend,Riverside,Loyalty,App,2,6.25,3.1,4
R01419,2026-02-15,9,Weekend,University,Walk-in,Card,2,6.25,5.4,4
R01420,2026-02-15,10,Weekend,Downtown,Walk-in,Card,1,3.0,6.6,4
R01421,2026-02-15,10,Weekend,Downtown,Loyalty,App,4,15.25,8.7,4
R01422,2026-02-15,10,Weekend,Riverside,Loyalty,Cash,2,6.2,3.8,4
R01423,2026-02-15,10,Weekend,Riverside,Walk-in,Card,1,3.0,5.4,4
R01424,2026-02-15,10,Weekend,University,Loyalty,Card,2,8.5,6.8,3
R01425,2026-02-15,11,Weekend,Riverside,Walk-in,Card,1,3.25,4.1,4
R01426,2026-02-15,11,Weekend,Riverside,Walk-in,Cash,1,4.5,4.8,4
R01427,2026-02-15,11,Weekend,Riverside,Loyalty,Card,2,7.2,5.1,4
R01428,2026-02-15,11,Weekend,University,Walk-in,App,1,4.5,6.8,2
R01429,2026-02-15,11,Weekend,University,Walk-in,App,2,9.25,5.7,2
R01430,2026-02-15,11,Weekend,University,Loyalty,App,3,12.25,5.0,5
R01431,2026-02-15,12,Weekend,Riverside,Loyalty,Card,2,9.0,4.8,3
R01432,2026-02-15,12,Weekend,University,Walk-in,Card,2,7.75,6.1,5
R01433,2026-02-15,13,Weekend,Downtown,Walk-in,Card,1,3.25,6.8,4
R01434,2026-02-15,13,Weekend,Riverside,Loyalty,Card,3,13.5,3.7,4
R01435,2026-02-15,13,Weekend,Riverside,Loyalty,Card,4,13.45,4.5,4
R01436,2026-02-15,14,Weekend,Riverside,Loyalty,App,1,3.0,2.3,4
R01437,2026-02-15,15,Weekend,Downtown,Walk-in,App,2,6.2,5.1,4
R01438,2026-02-15,15,Weekend,Downtown,Walk-in,App,3,11.25,4.8,5
R01439,2026-02-15,15,Weekend,Downtown,Loyalty,App,3,10.75,11.1,1
R01440,2026-02-15,15,Weekend,University,Loyalty,App,3,10.75,5.3,5
R01441,2026-02-15,15,Weekend,University,Walk-in,App,1,4.5,4.6,4
R01442,2026-02-15,16,Weekend,Downtown,Walk-in,Card,1,4.5,3.5,3
R01443,2026-02-15,17,Weekend,Downtown,Walk-in,App,5,15.7,4.9,3
R01444,2026-02-15,17,Weekend,Downtown,Walk-in,Card,3,10.2,4.9,4
R01445,2026-02-15,17,Weekend,Riverside,Walk-in,Cash,2,9.0,3.6,4
R01446,2026-02-15,17,Weekend,University,Walk-in,App,1,4.5,4.8,5
R01447,2026-02-15,18,Weekend,Downtown,Walk-in,App,2,8.75,3.9,4
R01448,2026-02-15,18,Weekend,Riverside,Loyalty,Card,1,4.25,2.5,4
R01449,2026-02-15,18,Weekend,University,Loyalty,App,1,3.25,4.5,4
R01450,2026-02-15,18,Weekend,University,Walk-in,App,2,9.0,4.3,4
R01451,2026-02-16,7,Weekday,Downtown,Loyalty,App,1,4.5,5.0,4
R01452,2026-02-16,7,Weekday,Riverside,Walk-in,Card,1,4.5,2.4,5
R01453,2026-02-16,8,Weekday,Downtown,Walk-in,Card,1,4.75,7.0,4
R01454,2026-02-16,8,Weekday,Downtown,Walk-in,Card,1,4.75,6.9,4
R01455,2026-02-16,9,Weekday,Downtown,Walk-in,Card,2,7.25,5.6,4
R01456,2026-02-16,9,Weekday,Downtown,Loyalty,App,3,10.95,8.2,3
R01457,2026-02-16,9,Weekday,Downtown,Loyalty,Card,2,7.5,7.4,4
R01458,2026-02-16,9,Weekday,Riverside,Loyalty,Card,5,19.4,5.2,5
R01459,2026-02-16,9,Weekday,University,Loyalty,Card,3,12.25,4.7,4
R01460,2026-02-16,10,Weekday,Downtown,Walk-in,Cash,2,5.95,4.0,5
R01461,2026-02-16,10,Weekday,Downtown,Walk-in,App,2,7.25,5.8,3
R01462,2026-02-16,10,Weekday,University,Walk-in,Card,2,9.0,6.3,4
R01463,2026-02-16,11,Weekday,Downtown,Loyalty,Card,3,8.85,4.1,4
R01464,2026-02-16,11,Weekday,Downtown,Walk-in,App,1,4.5,4.9,4
R01465,2026-02-16,11,Weekday,Riverside,Loyalty,Cash,2,6.0,5.8,3
R01466,2026-02-16,11,Weekday,University,Walk-in,App,1,2.95,5.5,5
R01467,2026-02-16,12,Weekday,Downtown,Loyalty,App,3,10.45,8.1,3
R01468,2026-02-16,12,Weekday,Downtown,Loyalty,App,1,4.5,5.7,5
R01469,2026-02-16,13,Weekday,Downtown,Loyalty,Cash,2,6.2,5.0,4
R01470,2026-02-16,13,Weekday,Riverside,Loyalty,Card,3,9.2,3.7,4
R01471,2026-02-16,14,Weekday,Downtown,Walk-in,Card,1,3.0,4.4,4
R01472,2026-02-16,15,Weekday,Downtown,Loyalty,App,2,8.5,6.9,3
R01473,2026-02-16,15,Weekday,University,Walk-in,Card,1,4.5,4.8,4
R01474,2026-02-16,16,Weekday,University,Walk-in,Card,3,10.4,6.1,4
R01475,2026-02-16,16,Weekday,University,Walk-in,App,3,11.0,4.4,4
R01476,2026-02-16,17,Weekday,University,Walk-in,Cash,1,4.5,4.1,4
R01477,2026-02-16,17,Weekday,University,Walk-in,Card,1,3.0,4.2,4
R01478,2026-02-16,18,Weekday,Downtown,Loyalty,Card,1,3.0,4.7,4
R01479,2026-02-16,18,Weekday,Riverside,Loyalty,App,3,11.75,3.4,5
R01480,2026-02-17,7,Weekday,Downtown,Walk-in,Card,1,4.5,6.5,2
R01481,2026-02-17,7,Weekday,Downtown,Loyalty,Card,2,8.75,5.0,4
R01482,2026-02-17,7,Weekday,Downtown,Loyalty,App,1,4.5,5.6,5
R01483,2026-02-17,7,Weekday,Riverside,Walk-in,App,1,4.5,4.8,4
R01484,2026-02-17,8,Weekday,Downtown,Walk-in,App,1,3.25,7.0,4
R01485,2026-02-17,8,Weekday,Downtown,Walk-in,Card,1,4.5,7.0,4
R01486,2026-02-17,8,Weekday,Downtown,Walk-in,App,1,4.25,5.7,3
R01487,2026-02-17,8,Weekday,Downtown,Walk-in,Card,1,4.25,7.6,3
R01488,2026-02-17,8,Weekday,Downtown,Walk-in,Card,2,9.0,11.8,1
R01489,2026-02-17,8,Weekday,Riverside,Loyalty,Card,1,4.5,5.7,4
R01490,2026-02-17,9,Weekday,Downtown,Walk-in,App,2,7.75,7.9,3
R01491,2026-02-17,9,Weekday,Riverside,Loyalty,App,1,4.25,6.4,5
R01492,2026-02-17,9,Weekday,University,Loyalty,App,1,4.75,5.4,4
R01493,2026-02-17,10,Weekday,Riverside,Loyalty,Card,1,4.5,8.8,4
R01494,2026-02-17,10,Weekday,University,Loyalty,App,1,4.25,7.4,3
R01495,2026-02-17,11,Weekday,Downtown,Walk-in,App,3,10.45,4.2,4
R01496,2026-02-17,11,Weekday,Downtown,Walk-in,Card,1,3.0,3.6,4
R01497,2026-02-17,11,Weekday,Downtown,Walk-in,App,2,7.45,5.5,4
R01498,2026-02-17,12,Weekday,Downtown,Walk-in,Card,2,7.2,5.7,4
R01499,2026-02-17,12,Weekday,Downtown,Walk-in,Card,2,7.5,6.0,3
R01500,2026-02-17,12,Weekday,Downtown,Walk-in,Card,3,14.0,4.9,4
R01501,2026-02-17,12,Weekday,Downtown,Walk-in,App,2,7.75,9.6,2
R01502,2026-02-17,12,Weekday,Downtown,Walk-in,App,1,4.25,5.3,4
R01503,2026-02-17,13,Weekday,Downtown,Loyalty,Card,3,12.0,4.7,5
R01504,2026-02-17,13,Weekday,University,Walk-in,Card,2,8.5,5.5,5
R01505,2026-02-17,13,Weekday,University,Walk-in,Card,1,2.95,4.7,5
R01506,2026-02-17,13,Weekday,University,Walk-in,Card,5,17.0,11.1,2
R01507,2026-02-17,15,Weekday,Downtown,Walk-in,App,1,2.95,4.3,5
R01508,2026-02-17,16,Weekday,University,Loyalty,App,3,12.25,6.7,4
R01509,2026-02-17,17,Weekday,University,Walk-in,Card,3,10.45,4.5,5
R01510,2026-02-17,17,Weekday,University,Loyalty,App,3,12.0,4.9,5
R01511,2026-02-18,7,Weekday,Downtown,Loyalty,App,1,4.5,4.4,5
R01512,2026-02-18,8,Weekday,Downtown,Walk-in,Card,1,3.25,5.5,4
R01513,2026-02-18,8,Weekday,Downtown,Loyalty,App,2,9.25,8.1,3
R01514,2026-02-18,9,Weekday,Downtown,Walk-in,Card,3,12.75,7.2,3
R01515,2026-02-18,9,Weekday,Downtown,Loyalty,App,2,7.5,6.5,3
R01516,2026-02-18,9,Weekday,Downtown,Walk-in,App,2,7.75,5.1,5
R01517,2026-02-18,9,Weekday,Riverside,Loyalty,Card,2,7.5,3.9,4
R01518,2026-02-18,10,Weekday,Downtown,Loyalty,Card,4,14.5,5.6,4
R01519,2026-02-18,10,Weekday,Riverside,Walk-in,Card,2,9.0,3.6,3
R01520,2026-02-18,10,Weekday,University,Walk-in,Card,1,3.25,11.6,2
R01521,2026-02-18,11,Weekday,Downtown,Loyalty,App,1,4.5,4.0,4
R01522,2026-02-18,11,Weekday,Downtown,Loyalty,Card,2,6.2,5.0,5
R01523,2026-02-18,11,Weekday,University,Walk-in,App,2,7.5,7.3,3
R01524,2026-02-18,12,Weekday,Downtown,Walk-in,Cash,2,7.75,5.7,5
R01525,2026-02-18,12,Weekday,Riverside,Loyalty,Card,1,4.75,4.3,4
R01526,2026-02-18,12,Weekday,University,Loyalty,App,1,4.25,5.5,4
R01527,2026-02-18,12,Weekday,University,Loyalty,App,2,7.45,7.1,3
R01528,2026-02-18,12,Weekday,University,Walk-in,Cash,2,8.75,5.1,3
R01529,2026-02-18,13,Weekday,Downtown,Loyalty,Card,1,2.95,5.0,3
R01530,2026-02-18,13,Weekday,Riverside,Loyalty,Cash,1,3.25,6.8,4
R01531,2026-02-18,13,Weekday,Riverside,Walk-in,Card,1,3.25,3.3,4
R01532,2026-02-18,13,Weekday,Riverside,Loyalty,Card,2,7.75,4.0,5
R01533,2026-02-18,13,Weekday,University,Loyalty,Card,2,9.0,5.7,4
R01534,2026-02-18,16,Weekday,Downtown,Walk-in,Card,2,8.75,4.7,2
R01535,2026-02-18,16,Weekday,University,Walk-in,App,2,7.7,5.6,3
R01536,2026-02-18,17,Weekday,Downtown,Walk-in,App,3,11.0,4.9,4
R01537,2026-02-18,18,Weekday,Downtown,Loyalty,App,1,3.0,3.6,4
R01538,2026-02-19,7,Weekday,Downtown,Loyalty,Card,1,3.25,5.7,4
R01539,2026-02-19,7,Weekday,Downtown,Loyalty,App,6,25.5,7.1,3
R01540,2026-02-19,8,Weekday,Downtown,Walk-in,Card,2,7.5,6.2,3
R01541,2026-02-19,8,Weekday,Downtown,Walk-in,App,2,6.5,7.8,3
R01542,2026-02-19,8,Weekday,Downtown,Loyalty,Cash,1,4.25,6.2,4
R01543,2026-02-19,8,Weekday,Downtown,Walk-in,Card,2,7.5,6.1,3
R01544,2026-02-19,8,Weekday,Downtown,Loyalty,Card,2,9.0,7.1,2
R01545,2026-02-19,8,Weekday,Riverside,Walk-in,App,1,4.5,6.6,2
R01546,2026-02-19,9,Weekday,Downtown,Loyalty,Card,3,10.2,8.6,3
R01547,2026-02-19,9,Weekday,Downtown,Walk-in,App,1,4.25,6.5,4
R01548,2026-02-19,9,Weekday,Downtown,Walk-in,App,1,3.0,6.3,5
R01549,2026-02-19,9,Weekday,Riverside,Loyalty,Card,1,4.75,3.2,4
R01550,2026-02-19,10,Weekday,Downtown,Loyalty,Card,1,2.95,5.5,4
R01551,2026-02-19,10,Weekday,University,Walk-in,App,1,3.25,7.1,2
R01552,2026-02-19,11,Weekday,Downtown,Loyalty,App,2,5.95,4.3,2
R01553,2026-02-19,11,Weekday,University,Walk-in,App,2,7.5,5.1,4
R01554,2026-02-19,11,Weekday,University,Walk-in,App,1,4.5,4.9,5
R01555,2026-02-19,11,Weekday,University,Loyalty,App,1,4.5,10.3,1
R01556,2026-02-19,11,Weekday,University,Loyalty,App,4,15.2,6.5,3
R01557,2026-02-19,12,Weekday,Downtown,Walk-in,Card,2,7.45,6.5,3
R01558,2026-02-19,12,Weekday,Downtown,Walk-in,Card,1,4.5,5.8,4
R01559,2026-02-19,12,Weekday,Riverside,Loyalty,App,1,4.25,2.9,4
R01560,2026-02-19,12,Weekday,University,Loyalty,Card,1,2.95,7.6,4
R01561,2026-02-19,13,Weekday,Downtown,Loyalty,App,1,4.5,6.9,3
R01562,2026-02-19,13,Weekday,Riverside,Walk-in,Card,1,3.25,3.7,4
R01563,2026-02-19,13,Weekday,Riverside,Loyalty,Card,2,6.5,3.3,5
R01564,2026-02-19,13,Weekday,University,Loyalty,Card,3,12.75,11.6,3
R01565,2026-02-19,13,Weekday,University,Loyalty,Card,2,9.0,5.4,4
R01566,2026-02-19,13,Weekday,University,Walk-in,Card,2,7.2,5.2,3
R01567,2026-02-19,13,Weekday,University,Walk-in,Card,2,7.75,5.5,2
R01568,2026-02-19,14,Weekday,Riverside,Walk-in,App,1,4.5,5.0,5
R01569,2026-02-19,14,Weekday,University,Walk-in,App,1,4.5,5.8,4
R01570,2026-02-19,15,Weekday,University,Walk-in,Card,3,13.25,5.7,4
R01571,2026-02-19,15,Weekday,University,Loyalty,Card,1,4.5,4.8,5
R01572,2026-02-19,16,Weekday,Riverside,Loyalty,Cash,5,18.95,4.2,5
R01573,2026-02-19,17,Weekday,University,Loyalty,App,2,8.75,3.8,4
R01574,2026-02-20,7,Weekday,Downtown,Walk-in,App,2,9.0,4.6,3
R01575,2026-02-20,7,Weekday,Downtown,Walk-in,App,2,7.25,5.0,5
R01576,2026-02-20,8,Weekday,Downtown,Loyalty,App,2,6.0,7.1,3
R01577,2026-02-20,8,Weekday,Downtown,Walk-in,Card,2,7.75,6.5,4
R01578,2026-02-20,8,Weekday,Downtown,Loyalty,Card,3,9.5,6.8,4
R01579,2026-02-20,8,Weekday,Downtown,Loyalty,Card,1,2.95,7.2,3
R01580,2026-02-20,8,Weekday,Downtown,Loyalty,App,1,3.25,6.7,5
R01581,2026-02-20,8,Weekday,University,Walk-in,App,1,4.75,3.5,3
R01582,2026-02-20,9,Weekday,Downtown,Loyalty,Card,3,14.0,8.1,3
R01583,2026-02-20,9,Weekday,Downtown,Walk-in,Card,1,4.25,6.6,4
R01584,2026-02-20,9,Weekday,Downtown,Walk-in,Card,3,12.25,5.5,3
R01585,2026-02-20,9,Weekday,University,Loyalty,App,3,12.0,5.3,4
R01586,2026-02-20,9,Weekday,University,Walk-in,Card,1,4.25,6.3,4
R01587,2026-02-20,9,Weekday,University,Loyalty,App,4,15.5,4.7,4
R01588,2026-02-20,10,Weekday,Riverside,Walk-in,Card,1,4.5,4.2,3
R01589,2026-02-20,10,Weekday,Riverside,Walk-in,Card,2,7.75,4.9,4
R01590,2026-02-20,10,Weekday,Riverside,Walk-in,App,1,3.25,3.5,5
R01591,2026-02-20,11,Weekday,Downtown,Walk-in,Card,2,6.0,4.5,3
R01592,2026-02-20,11,Weekday,Downtown,Walk-in,App,1,2.95,4.3,5
R01593,2026-02-20,11,Weekday,Riverside,Walk-in,Card,3,13.5,4.5,4
R01594,2026-02-20,11,Weekday,University,Loyalty,App,4,16.75,5.9,5
R01595,2026-02-20,12,Weekday,Downtown,Walk-in,Card,3,10.25,5.6,4
R01596,2026-02-20,12,Weekday,Downtown,Loyalty,App,1,3.25,5.3,4
R01597,2026-02-20,12,Weekday,Downtown,Loyalty,App,2,6.0,5.6,4
R01598,2026-02-20,12,Weekday,Downtown,Loyalty,Card,1,3.25,4.7,4
R01599,2026-02-20,12,Weekday,Downtown,Loyalty,Card,1,2.95,5.8,3
R01600,2026-02-20,12,Weekday,Riverside,Walk-in,App,2,7.5,3.1,5
R01601,2026-02-20,12,Weekday,University,Loyalty,App,3,10.7,6.8,3
R01602,2026-02-20,13,Weekday,Downtown,Loyalty,Card,3,11.75,5.3,3
R01603,2026-02-20,13,Weekday,Downtown,Walk-in,Card,3,10.75,5.3,4
R01604,2026-02-20,13,Weekday,Downtown,Walk-in,Card,2,7.75,5.3,2
R01605,2026-02-20,13,Weekday,Riverside,Walk-in,Card,1,4.5,3.3,4
R01606,2026-02-20,13,Weekday,Riverside,Loyalty,Card,3,12.0,4.9,4
R01607,2026-02-20,13,Weekday,University,Walk-in,Card,1,4.75,5.4,3
R01608,2026-02-20,14,Weekday,Downtown,Walk-in,Cash,3,10.5,4.6,5
R01609,2026-02-20,14,Weekday,University,Walk-in,App,2,9.0,5.3,4
R01610,2026-02-20,15,Weekday,Riverside,Walk-in,Cash,2,7.7,3.4,5
R01611,2026-02-20,15,Weekday,University,Walk-in,Cash,2,8.75,4.7,4
R01612,2026-02-20,16,Weekday,Downtown,Loyalty,App,3,14.0,4.0,5
R01613,2026-02-20,16,Weekday,Downtown,Walk-in,Card,2,6.2,3.8,4
R01614,2026-02-20,16,Weekday,Downtown,Walk-in,Cash,1,3.25,4.1,5
R01615,2026-02-20,17,Weekday,Downtown,Walk-in,Card,2,6.2,5.3,3
R01616,2026-02-20,18,Weekday,Downtown,Walk-in,App,3,13.25,4.6,3
R01617,2026-02-20,18,Weekday,Riverside,Walk-in,Card,4,14.4,4.3,3
R01618,2026-02-21,7,Weekend,Riverside,Loyalty,Cash,2,7.75,5.8,4
R01619,2026-02-21,8,Weekend,Downtown,Walk-in,App,2,7.45,5.3,4
R01620,2026-02-21,8,Weekend,Downtown,Loyalty,App,1,4.25,5.8,4
R01621,2026-02-21,8,Weekend,Downtown,Loyalty,App,2,8.0,4.8,3
R01622,2026-02-21,8,Weekend,Riverside,Loyalty,Cash,1,4.25,2.6,5
R01623,2026-02-21,8,Weekend,Riverside,Walk-in,Card,2,7.5,3.9,5
R01624,2026-02-21,8,Weekend,Riverside,Walk-in,Card,1,4.75,4.1,4
R01625,2026-02-21,8,Weekend,University,Walk-in,Card,1,4.25,3.5,5
R01626,2026-02-21,9,Weekend,Downtown,Walk-in,Cash,1,4.5,5.9,4
R01627,2026-02-21,9,Weekend,Downtown,Walk-in,App,2,9.25,5.8,3
R01628,2026-02-21,9,Weekend,Downtown,Loyalty,App,2,7.25,5.6,4
R01629,2026-02-21,9,Weekend,University,Walk-in,App,2,6.5,4.8,5
R01630,2026-02-21,10,Weekend,Downtown,Walk-in,App,2,7.7,8.4,4
R01631,2026-02-21,10,Weekend,Downtown,Walk-in,Card,1,4.75,7.3,4
R01632,2026-02-21,10,Weekend,Downtown,Loyalty,Card,3,12.0,7.5,4
R01633,2026-02-21,10,Weekend,Riverside,Walk-in,Card,1,4.25,5.7,4
R01634,2026-02-21,11,Weekend,Downtown,Walk-in,Card,1,4.5,5.6,3
R01635,2026-02-21,11,Weekend,Downtown,Loyalty,Card,2,6.2,6.6,3
R01636,2026-02-21,11,Weekend,Downtown,Loyalty,Card,3,13.25,6.0,4
R01637,2026-02-21,11,Weekend,University,Loyalty,Card,1,4.5,6.8,4
R01638,2026-02-21,11,Weekend,University,Loyalty,Card,4,16.45,6.5,4
R01639,2026-02-21,11,Weekend,University,Loyalty,App,3,12.5,7.0,2
R01640,2026-02-21,12,Weekend,Downtown,Loyalty,App,3,11.75,6.1,4
R01641,2026-02-21,12,Weekend,Downtown,Walk-in,App,1,4.5,6.4,4
R01642,2026-02-21,12,Weekend,Downtown,Walk-in,Card,2,7.25,7.2,4
R01643,2026-02-21,12,Weekend,Downtown,Loyalty,Card,1,4.5,5.3,4
R01644,2026-02-21,12,Weekend,Riverside,Walk-in,Card,2,7.75,4.4,3
R01645,2026-02-21,12,Weekend,Riverside,Loyalty,Card,4,14.65,5.1,5
R01646,2026-02-21,12,Weekend,University,Loyalty,App,2,8.5,6.2,5
R01647,2026-02-21,12,Weekend,University,Walk-in,App,5,16.9,6.1,3
R01648,2026-02-21,13,Weekend,Downtown,Loyalty,App,3,13.75,7.9,3
R01649,2026-02-21,13,Weekend,Downtown,Loyalty,Card,1,3.25,6.2,4
R01650,2026-02-21,13,Weekend,Riverside,Loyalty,Card,1,4.25,2.1,5
R01651,2026-02-21,13,Weekend,University,Walk-in,App,1,4.5,4.6,4
R01652,2026-02-21,14,Weekend,Downtown,Loyalty,Cash,3,13.5,6.4,4
R01653,2026-02-21,14,Weekend,Downtown,Walk-in,App,1,3.25,4.3,4
R01654,2026-02-21,14,Weekend,University,Loyalty,App,2,8.0,4.4,3
R01655,2026-02-21,14,Weekend,University,Walk-in,App,1,3.0,7.9,2
R01656,2026-02-21,14,Weekend,University,Walk-in,Card,3,12.25,6.4,3
R01657,2026-02-21,14,Weekend,University,Walk-in,App,2,8.0,4.6,4
R01658,2026-02-21,14,Weekend,University,Walk-in,Card,2,9.25,5.2,4
R01659,2026-02-21,15,Weekend,Riverside,Walk-in,Card,2,9.5,4.6,3
R01660,2026-02-21,15,Weekend,University,Walk-in,App,2,7.25,6.6,4
R01661,2026-02-21,15,Weekend,University,Walk-in,App,1,4.75,3.5,5
R01662,2026-02-21,15,Weekend,University,Loyalty,App,2,8.75,4.4,5
R01663,2026-02-21,16,Weekend,University,Loyalty,App,1,4.75,3.3,5
R01664,2026-02-21,17,Weekend,Downtown,Walk-in,Card,1,3.25,4.5,3
R01665,2026-02-21,17,Weekend,Downtown,Walk-in,App,2,7.5,4.3,4
R01666,2026-02-21,18,Weekend,Downtown,Loyalty,Card,1,4.75,4.5,4
R01667,2026-02-22,7,Weekend,Downtown,Walk-in,App,2,7.5,5.4,4
R01668,2026-02-22,8,Weekend,Downtown,Walk-in,Card,1,4.5,6.0,4
R01669,2026-02-22,8,Weekend,Downtown,Loyalty,App,2,9.0,4.7,4
R01670,2026-02-22,8,Weekend,Downtown,Loyalty,Card,1,4.75,6.4,5
R01671,2026-02-22,8,Weekend,University,Walk-in,Card,2,5.95,3.9,5
R01672,2026-02-22,9,Weekend,Downtown,Loyalty,Card,4,14.7,6.7,4
R01673,2026-02-22,9,Weekend,Downtown,Walk-in,Card,2,8.75,7.1,3
R01674,2026-02-22,10,Weekend,Riverside,Loyalty,Cash,2,7.45,3.8,4
R01675,2026-02-22,10,Weekend,University,Walk-in,Card,1,3.0,4.9,4
R01676,2026-02-22,11,Weekend,Riverside,Walk-in,App,2,9.25,5.2,5
R01677,2026-02-22,11,Weekend,University,Walk-in,App,1,3.0,4.7,5
R01678,2026-02-22,12,Weekend,Downtown,Walk-in,Card,2,6.5,6.1,3
R01679,2026-02-22,12,Weekend,Downtown,Walk-in,App,4,15.5,6.5,4
R01680,2026-02-22,12,Weekend,Downtown,Walk-in,Card,3,11.0,7.3,4
R01681,2026-02-22,12,Weekend,Riverside,Loyalty,App,2,7.75,5.5,4
R01682,2026-02-22,12,Weekend,Riverside,Walk-in,Card,2,7.75,5.3,4
R01683,2026-02-22,12,Weekend,University,Walk-in,Cash,1,4.5,4.9,4
R01684,2026-02-22,13,Weekend,Downtown,Walk-in,Card,2,9.0,5.7,3
R01685,2026-02-22,13,Weekend,Downtown,Walk-in,Cash,1,2.95,4.8,4
R01686,2026-02-22,14,Weekend,Downtown,Walk-in,Card,1,2.95,6.1,5
R01687,2026-02-22,14,Weekend,University,Loyalty,App,3,13.5,5.7,3
R01688,2026-02-22,16,Weekend,University,Walk-in,Card,2,7.75,3.9,5
R01689,2026-02-22,17,Weekend,University,Loyalty,Card,3,12.0,5.1,3
R01690,2026-02-23,7,Weekday,Riverside,Loyalty,Card,4,16.5,4.1,4
R01691,2026-02-23,7,Weekday,Riverside,Walk-in,App,1,4.5,5.5,4
R01692,2026-02-23,7,Weekday,University,Loyalty,Cash,3,13.0,4.3,4
R01693,2026-02-23,8,Weekday,Downtown,Walk-in,App,2,7.5,5.7,2
R01694,2026-02-23,8,Weekday,Downtown,Walk-in,Card,1,2.95,6.0,4
R01695,2026-02-23,8,Weekday,Riverside,Loyalty,App,1,4.75,3.0,5
R01696,2026-02-23,9,Weekday,Downtown,Loyalty,Card,2,9.5,7.0,4
R01697,2026-02-23,9,Weekday,Downtown,Walk-in,Card,1,4.5,6.0,3
R01698,2026-02-23,9,Weekday,Downtown,Walk-in,Card,3,13.25,5.9,5
R01699,2026-02-23,9,Weekday,Riverside,Loyalty,Card,3,13.25,4.2,5
R01700,2026-02-23,10,Weekday,Riverside,Walk-in,Cash,2,6.5,4.2,5
R01701,2026-02-23,10,Weekday,University,Walk-in,App,3,13.5,7.6,3
R01702,2026-02-23,10,Weekday,University,Loyalty,App,1,4.5,4.2,5
R01703,2026-02-23,11,Weekday,Riverside,Walk-in,Card,1,3.0,3.0,5
R01704,2026-02-23,11,Weekday,University,Loyalty,App,1,4.5,7.5,3
R01705,2026-02-23,12,Weekday,Downtown,Walk-in,Card,1,4.25,5.1,4
R01706,2026-02-23,12,Weekday,Downtown,Walk-in,Card,1,4.25,6.4,4
R01707,2026-02-23,12,Weekday,University,Loyalty,Card,1,3.25,4.7,4
R01708,2026-02-23,13,Weekday,Downtown,Walk-in,Card,1,3.0,7.2,3
R01709,2026-02-23,13,Weekday,Riverside,Loyalty,App,1,4.5,6.0,4
R01710,2026-02-23,13,Weekday,University,Walk-in,Cash,3,11.75,6.9,5
R01711,2026-02-23,14,Weekday,Downtown,Walk-in,Card,2,6.0,4.2,3
R01712,2026-02-23,14,Weekday,University,Walk-in,Card,2,9.25,5.8,4
R01713,2026-02-23,14,Weekday,University,Loyalty,App,2,6.5,5.5,4
R01714,2026-02-23,16,Weekday,Downtown,Walk-in,App,1,3.25,2.8,5
R01715,2026-02-23,16,Weekday,University,Loyalty,Card,4,15.25,5.5,4
R01716,2026-02-23,17,Weekday,Downtown,Loyalty,App,2,7.5,8.3,3
R01717,2026-02-23,17,Weekday,University,Loyalty,Card,2,7.25,6.1,5
R01718,2026-02-23,18,Weekday,Downtown,Walk-in,Card,2,7.7,4.7,4
R01719,2026-02-23,18,Weekday,Downtown,Walk-in,App,2,7.5,3.9,5
R01720,2026-02-23,18,Weekday,Riverside,Walk-in,Card,2,8.75,2.8,4
R01721,2026-02-23,18,Weekday,Riverside,Loyalty,App,2,7.75,4.6,5
R01722,2026-02-24,7,Weekday,Downtown,Walk-in,Card,1,4.5,5.5,4
R01723,2026-02-24,7,Weekday,Downtown,Loyalty,App,2,5.9,6.0,3
R01724,2026-02-24,7,Weekday,University,Loyalty,Card,2,5.95,3.4,5
R01725,2026-02-24,8,Weekday,Downtown,Walk-in,Card,1,3.25,5.7,3
R01726,2026-02-24,8,Weekday,Downtown,Walk-in,Cash,2,9.0,7.4,3
R01727,2026-02-24,8,Weekday,Riverside,Loyalty,Card,2,6.25,3.2,5
R01728,2026-02-24,8,Weekday,University,Walk-in,App,2,6.0,3.3,5
R01729,2026-02-24,9,Weekday,Downtown,Walk-in,Card,1,2.95,5.0,3
R01730,2026-02-24,9,Weekday,Downtown,Walk-in,Card,1,3.25,6.2,3
R01731,2026-02-24,9,Weekday,University,Loyalty,App,2,6.2,9.1,2
R01732,2026-02-24,9,Weekday,University,Walk-in,App,2,7.5,4.5,4
R01733,2026-02-24,10,Weekday,Downtown,Walk-in,Card,2,7.45,9.8,3
R01734,2026-02-24,10,Weekday,University,Loyalty,Card,2,9.25,4.9,5
R01735,2026-02-24,11,Weekday,Downtown,Walk-in,Card,2,8.75,3.9,5
R01736,2026-02-24,11,Weekday,Downtown,Loyalty,App,1,3.25,4.0,5
R01737,2026-02-24,11,Weekday,Riverside,Walk-in,App,1,3.0,6.4,4
R01738,2026-02-24,12,Weekday,Downtown,Walk-in,App,1,4.5,4.8,4
R01739,2026-02-24,12,Weekday,Downtown,Loyalty,Card,3,10.25,5.9,3
R01740,2026-02-24,12,Weekday,Downtown,Walk-in,Card,2,8.0,5.7,3
R01741,2026-02-24,12,Weekday,University,Loyalty,App,1,4.5,4.9,5
R01742,2026-02-24,12,Weekday,University,Walk-in,Card,2,7.5,6.7,3
R01743,2026-02-24,13,Weekday,Downtown,Walk-in,App,1,3.25,4.8,3
R01744,2026-02-24,13,Weekday,Riverside,Loyalty,Card,2,6.0,3.1,5
R01745,2026-02-24,13,Weekday,University,Walk-in,App,2,6.25,5.7,5
R01746,2026-02-24,13,Weekday,University,Walk-in,App,3,13.5,6.5,3
R01747,2026-02-24,13,Weekday,University,Walk-in,App,2,7.45,7.1,3
R01748,2026-02-24,13,Weekday,University,Walk-in,Card,1,4.25,5.3,4
R01749,2026-02-24,14,Weekday,Downtown,Walk-in,App,3,11.0,4.6,4
R01750,2026-02-24,14,Weekday,University,Walk-in,App,1,3.0,4.3,3
R01751,2026-02-24,14,Weekday,University,Walk-in,App,2,7.45,5.7,3
R01752,2026-02-24,15,Weekday,Riverside,Loyalty,App,1,4.25,2.7,4
R01753,2026-02-24,16,Weekday,University,Loyalty,App,3,10.7,4.9,4
R01754,2026-02-24,16,Weekday,University,Loyalty,App,4,15.75,6.0,5
R01755,2026-02-24,16,Weekday,University,Walk-in,App,2,7.5,4.4,4
R01756,2026-02-24,17,Weekday,Downtown,Walk-in,App,1,4.5,2.9,5
R01757,2026-02-24,17,Weekday,University,Loyalty,App,2,8.0,4.4,5
R01758,2026-02-25,7,Weekday,Downtown,Walk-in,Card,1,4.25,4.9,5
R01759,2026-02-25,7,Weekday,Downtown,Walk-in,Card,2,6.25,4.5,4
R01760,2026-02-25,7,Weekday,Downtown,Loyalty,App,2,7.75,5.3,4
R01761,2026-02-25,8,Weekday,Downtown,Walk-in,Card,1,4.75,5.2,3
R01762,2026-02-25,8,Weekday,Downtown,Loyalty,App,1,3.25,5.8,5
R01763,2026-02-25,8,Weekday,Downtown,Walk-in,Card,2,7.75,7.7,3
R01764,2026-02-25,8,Weekday,Riverside,Loyalty,App,2,9.25,5.3,5
R01765,2026-02-25,8,Weekday,Riverside,Loyalty,App,2,9.0,3.3,5
R01766,2026-02-25,8,Weekday,Riverside,Loyalty,App,2,9.0,6.4,2
R01767,2026-02-25,8,Weekday,University,Loyalty,Card,1,4.5,3.9,4
R01768,2026-02-25,8,Weekday,University,Loyalty,App,2,9.25,3.4,5
R01769,2026-02-25,9,Weekday,Downtown,Loyalty,Card,4,15.2,9.0,3
R01770,2026-02-25,9,Weekday,Riverside,Loyalty,Card,2,7.7,6.5,3
R01771,2026-02-25,9,Weekday,Riverside,Walk-in,Card,1,4.5,6.9,3
R01772,2026-02-25,9,Weekday,Riverside,Walk-in,Card,2,6.5,4.2,4
R01773,2026-02-25,9,Weekday,University,Loyalty,App,2,7.75,7.8,4
R01774,2026-02-25,9,Weekday,University,Walk-in,App,1,4.5,4.6,4
R01775,2026-02-25,10,Weekday,Riverside,Walk-in,Card,2,7.75,3.8,3
R01776,2026-02-25,10,Weekday,University,Walk-in,Card,1,4.5,4.1,5
R01777,2026-02-25,11,Weekday,Downtown,Loyalty,Card,2,6.25,4.5,3
R01778,2026-02-25,11,Weekday,Downtown,Loyalty,App,2,7.45,4.0,3
R01779,2026-02-25,11,Weekday,University,Walk-in,App,2,7.5,5.3,3
R01780,2026-02-25,11,Weekday,University,Loyalty,Card,3,13.75,7.0,4
R01781,2026-02-25,12,Weekday,Downtown,Loyalty,Card,2,9.25,6.6,5
R01782,2026-02-25,13,Weekday,Downtown,Loyalty,App,4,15.75,6.3,4
R01783,2026-02-25,13,Weekday,University,Walk-in,App,1,4.5,4.9,5
R01784,2026-02-25,13,Weekday,University,Walk-in,Cash,2,7.5,7.9,2
R01785,2026-02-25,14,Weekday,Downtown,Walk-in,Card,4,16.75,4.7,3
R01786,2026-02-25,15,Weekday,Riverside,Loyalty,App,2,7.25,3.1,5
R01787,2026-02-25,15,Weekday,University,Loyalty,Card,4,16.5,7.0,4
R01788,2026-02-25,16,Weekday,Downtown,Walk-in,App,1,2.95,4.5,3
R01789,2026-02-25,16,Weekday,Downtown,Loyalty,Card,1,4.5,2.8,5
R01790,2026-02-25,16,Weekday,University,Walk-in,Cash,1,4.25,4.2,4
R01791,2026-02-25,17,Weekday,Downtown,Walk-in,Card,1,2.95,4.1,5
R01792,2026-02-25,18,Weekday,Riverside,Walk-in,Card,2,7.45,3.3,4
R01793,2026-02-25,18,Weekday,Riverside,Loyalty,Cash,1,4.5,2.5,3
R01794,2026-02-26,7,Weekday,Riverside,Loyalty,Card,4,14.7,6.0,4
R01795,2026-02-26,8,Weekday,Downtown,Loyalty,Card,2,7.2,8.4,3
R01796,2026-02-26,8,Weekday,Downtown,Loyalty,Cash,1,4.5,6.7,4
R01797,2026-02-26,8,Weekday,University,Loyalty,App,5,18.45,6.4,5
R01798,2026-02-26,8,Weekday,University,Loyalty,App,2,7.45,3.9,4
R01799,2026-02-26,9,Weekday,Downtown,Walk-in,Cash,2,6.0,5.3,4
R01800,2026-02-26,9,Weekday,University,Walk-in,App,3,12.25,4.7,4
R01801,2026-02-26,10,Weekday,Riverside,Walk-in,Cash,2,7.75,3.4,5
R01802,2026-02-26,10,Weekday,University,Walk-in,Cash,4,15.75,7.7,2
R01803,2026-02-26,11,Weekday,Downtown,Walk-in,Card,2,9.0,4.9,5
R01804,2026-02-26,11,Weekday,Downtown,Loyalty,App,5,21.5,6.0,4
R01805,2026-02-26,11,Weekday,Riverside,Walk-in,Card,1,4.75,5.8,5
R01806,2026-02-26,11,Weekday,Riverside,Walk-in,Cash,1,4.5,3.7,4
R01807,2026-02-26,12,Weekday,Downtown,Walk-in,App,2,7.45,4.5,5
R01808,2026-02-26,12,Weekday,Downtown,Walk-in,Card,2,6.25,5.0,5
R01809,2026-02-26,12,Weekday,Riverside,Walk-in,Cash,5,17.95,4.1,5
R01810,2026-02-26,13,Weekday,Downtown,Walk-in,App,1,3.25,4.3,4
R01811,2026-02-26,13,Weekday,Downtown,Walk-in,Cash,2,9.0,5.6,5
R01812,2026-02-26,13,Weekday,Downtown,Loyalty,Card,1,4.5,6.7,3
R01813,2026-02-26,13,Weekday,University,Walk-in,Cash,1,2.95,5.4,3
R01814,2026-02-26,13,Weekday,University,Walk-in,App,3,10.45,6.2,3
R01815,2026-02-26,13,Weekday,University,Loyalty,App,4,16.5,8.3,3
R01816,2026-02-26,14,Weekday,Riverside,Loyalty,Card,2,8.75,8.0,4
R01817,2026-02-26,14,Weekday,University,Loyalty,Card,2,9.0,4.7,4
R01818,2026-02-26,15,Weekday,Downtown,Walk-in,Cash,2,7.75,5.1,3
R01819,2026-02-26,15,Weekday,Downtown,Loyalty,App,1,4.25,4.0,4
R01820,2026-02-26,15,Weekday,Riverside,Loyalty,Card,4,15.5,8.6,3
R01821,2026-02-26,15,Weekday,University,Walk-in,Card,1,3.25,7.7,3
R01822,2026-02-26,15,Weekday,University,Walk-in,Card,2,9.25,5.7,5
R01823,2026-02-26,15,Weekday,University,Loyalty,App,3,11.7,7.0,5
R01824,2026-02-26,15,Weekday,University,Loyalty,App,1,4.75,4.1,4
R01825,2026-02-26,16,Weekday,Riverside,Loyalty,App,5,21.75,6.7,5
R01826,2026-02-26,16,Weekday,University,Walk-in,App,1,4.25,4.8,5
R01827,2026-02-26,17,Weekday,Riverside,Walk-in,Cash,2,8.0,3.4,4
R01828,2026-02-26,17,Weekday,Riverside,Loyalty,Card,3,12.5,3.2,4
R01829,2026-02-27,7,Weekday,Downtown,Loyalty,Card,1,4.5,7.2,3
R01830,2026-02-27,7,Weekday,Riverside,Walk-in,App,2,6.2,4.3,5
R01831,2026-02-27,7,Weekday,University,Walk-in,Card,1,4.25,4.5,2
R01832,2026-02-27,8,Weekday,Downtown,Loyalty,App,1,3.25,5.5,5
R01833,2026-02-27,8,Weekday,Downtown,Walk-in,Card,1,4.75,5.2,5
R01834,2026-02-27,8,Weekday,Downtown,Walk-in,Card,1,4.25,7.6,3
R01835,2026-02-27,8,Weekday,Riverside,Loyalty,App,2,7.75,7.4,4
R01836,2026-02-27,8,Weekday,University,Walk-in,App,2,8.5,5.7,2
R01837,2026-02-27,8,Weekday,University,Loyalty,Card,2,5.95,4.3,4
R01838,2026-02-27,9,Weekday,Downtown,Walk-in,Card,1,2.95,6.0,4
R01839,2026-02-27,9,Weekday,Downtown,Loyalty,Card,3,11.75,5.5,4
R01840,2026-02-27,9,Weekday,Downtown,Loyalty,Card,2,5.95,7.3,3
R01841,2026-02-27,9,Weekday,University,Loyalty,App,1,2.95,4.4,5
R01842,2026-02-27,10,Weekday,Riverside,Loyalty,Card,4,16.5,6.1,5
R01843,2026-02-27,10,Weekday,Riverside,Walk-in,App,1,4.75,5.2,3
R01844,2026-02-27,11,Weekday,Downtown,Walk-in,Card,2,9.25,6.7,4
R01845,2026-02-27,11,Weekday,Riverside,Walk-in,Card,2,7.2,3.7,4
R01846,2026-02-27,11,Weekday,University,Loyalty,App,1,3.0,5.3,4
R01847,2026-02-27,12,Weekday,Riverside,Loyalty,Card,2,9.0,4.4,4
R01848,2026-02-27,12,Weekday,University,Walk-in,Card,1,4.5,4.5,3
R01849,2026-02-27,12,Weekday,University,Walk-in,Card,3,12.2,7.0,3
R01850,2026-02-27,12,Weekday,University,Walk-in,Card,1,4.5,4.2,4
R01851,2026-02-27,13,Weekday,University,Loyalty,App,3,10.75,5.6,5
R01852,2026-02-27,13,Weekday,University,Walk-in,App,1,3.25,5.8,4
R01853,2026-02-27,14,Weekday,Riverside,Loyalty,App,3,12.0,3.6,5
R01854,2026-02-27,14,Weekday,University,Loyalty,App,2,7.5,5.1,5
R01855,2026-02-27,15,Weekday,Downtown,Loyalty,App,2,7.45,3.9,5
R01856,2026-02-27,16,Weekday,University,Loyalty,Card,1,4.5,3.9,4
R01857,2026-02-27,18,Weekday,Riverside,Walk-in,Card,3,12.0,3.8,5
R01858,2026-02-28,7,Weekend,Downtown,Walk-in,App,2,7.25,7.6,4
R01859,2026-02-28,7,Weekend,University,Walk-in,App,3,11.25,3.1,4
R01860,2026-02-28,8,Weekend,Downtown,Loyalty,Card,2,7.5,4.6,3
R01861,2026-02-28,8,Weekend,Downtown,Walk-in,Card,1,3.0,6.4,3
R01862,2026-02-28,8,Weekend,Downtown,Loyalty,App,1,4.75,5.4,3
R01863,2026-02-28,8,Weekend,Riverside,Walk-in,Card,3,9.2,3.6,5
R01864,2026-02-28,10,Weekend,Downtown,Walk-in,Card,2,7.75,6.2,4
R01865,2026-02-28,11,Weekend,Downtown,Walk-in,Card,1,4.25,10.3,2
R01866,2026-02-28,11,Weekend,Downtown,Walk-in,Card,1,4.5,5.7,4
R01867,2026-02-28,11,Weekend,Downtown,Walk-in,App,1,3.0,6.6,3
R01868,2026-02-28,11,Weekend,Riverside,Walk-in,Card,2,7.75,5.6,4
R01869,2026-02-28,11,Weekend,Riverside,Loyalty,App,3,11.95,4.7,4
R01870,2026-02-28,12,Weekend,Downtown,Loyalty,App,2,6.0,5.6,4
R01871,2026-02-28,12,Weekend,University,Loyalty,App,1,2.95,4.5,5
R01872,2026-02-28,12,Weekend,University,Walk-in,App,1,4.25,5.8,4
R01873,2026-02-28,13,Weekend,Downtown,Loyalty,App,2,8.0,6.1,4
R01874,2026-02-28,13,Weekend,Downtown,Walk-in,App,3,13.75,6.9,4
R01875,2026-02-28,13,Weekend,University,Walk-in,App,2,7.25,5.2,3
R01876,2026-02-28,13,Weekend,University,Loyalty,App,3,12.25,6.2,4
R01877,2026-02-28,13,Weekend,University,Walk-in,App,1,3.0,6.5,4
R01878,2026-02-28,14,Weekend,Riverside,Loyalty,Card,4,14.7,3.2,5
R01879,2026-02-28,14,Weekend,University,Walk-in,App,2,6.25,4.7,4
R01880,2026-02-28,14,Weekend,University,Walk-in,Card,3,13.25,6.5,4
R01881,2026-02-28,15,Weekend,Downtown,Loyalty,App,1,4.5,4.8,4
R01882,2026-02-28,15,Weekend,Downtown,Walk-in,Card,1,3.25,4.8,4
R01883,2026-02-28,15,Weekend,Downtown,Walk-in,Card,2,9.0,5.4,3
R01884,2026-02-28,15,Weekend,Riverside,Loyalty,App,4,16.5,4.7,4
R01885,2026-02-28,16,Weekend,Riverside,Walk-in,Card,1,4.25,3.9,5
R01886,2026-02-28,17,Weekend,Riverside,Walk-in,App,1,3.25,3.8,3
R01887,2026-02-28,17,Weekend,Riverside,Loyalty,Cash,2,6.2,2.5,5
R01888,2026-03-01,7,Weekend,Downtown,Loyalty,App,1,4.5,3.5,4
R01889,2026-03-01,7,Weekend,University,Loyalty,App,1,3.0,8.5,4
R01890,2026-03-01,7,Weekend,University,Loyalty,Card,2,9.0,3.3,5
R01891,2026-03-01,8,Weekend,Downtown,Walk-in,Card,1,2.95,8.2,3
R01892,2026-03-01,8,Weekend,Downtown,Walk-in,Card,2,7.5,6.8,3
R01893,2026-03-01,8,Weekend,Riverside,Loyalty,App,2,7.2,2.5,4
R01894,2026-03-01,8,Weekend,Riverside,Loyalty,Card,1,2.95,2.3,5
R01895,2026-03-01,9,Weekend,Downtown,Walk-in,Card,2,5.95,6.0,5
R01896,2026-03-01,9,Weekend,Riverside,Loyalty,Card,2,7.75,3.5,5
R01897,2026-03-01,9,Weekend,University,Walk-in,Card,3,12.25,3.9,4
R01898,2026-03-01,9,Weekend,University,Walk-in,App,1,4.25,5.6,3
R01899,2026-03-01,10,Weekend,Downtown,Walk-in,App,2,7.5,7.3,4
R01900,2026-03-01,10,Weekend,Riverside,Loyalty,App,1,4.5,6.0,5
R01901,2026-03-01,10,Weekend,University,Loyalty,Card,3,12.0,5.4,4
R01902,2026-03-01,10,Weekend,University,Walk-in,App,2,7.45,5.5,4
R01903,2026-03-01,11,Weekend,Downtown,Loyalty,App,1,4.5,6.9,3
R01904,2026-03-01,11,Weekend,Downtown,Loyalty,App,2,6.25,7.3,3
R01905,2026-03-01,11,Weekend,Riverside,Walk-in,Card,1,4.25,6.4,2
R01906,2026-03-01,11,Weekend,Riverside,Loyalty,App,1,4.5,4.9,4
R01907,2026-03-01,11,Weekend,Riverside,Walk-in,Card,1,2.95,3.2,4
R01908,2026-03-01,11,Weekend,University,Walk-in,App,1,4.5,5.5,3
R01909,2026-03-01,11,Weekend,University,Loyalty,Card,2,8.0,5.2,4
R01910,2026-03-01,12,Weekend,Downtown,Walk-in,App,1,3.25,7.6,3
R01911,2026-03-01,12,Weekend,Downtown,Walk-in,Card,1,4.5,7.3,2
R01912,2026-03-01,12,Weekend,Downtown,Walk-in,Cash,4,12.4,6.4,3
R01913,2026-03-01,12,Weekend,Riverside,Walk-in,Card,1,4.25,2.5,5
R01914,2026-03-01,12,Weekend,University,Walk-in,Card,2,8.75,5.7,4
R01915,2026-03-01,12,Weekend,University,Walk-in,Card,1,4.75,5.9,2
R01916,2026-03-01,13,Weekend,Downtown,Walk-in,Card,2,9.0,5.4,4
R01917,2026-03-01,13,Weekend,Downtown,Loyalty,Cash,5,19.5,6.9,4
R01918,2026-03-01,13,Weekend,Downtown,Walk-in,Card,1,3.25,5.5,4
R01919,2026-03-01,13,Weekend,Downtown,Walk-in,Card,2,7.7,8.0,3
R01920,2026-03-01,13,Weekend,Riverside,Walk-in,App,1,3.0,3.7,4
R01921,2026-03-01,14,Weekend,Downtown,Loyalty,App,4,14.4,6.5,2
R01922,2026-03-01,14,Weekend,University,Walk-in,App,1,4.5,4.5,3
R01923,2026-03-01,14,Weekend,University,Loyalty,Card,2,7.25,6.5,3
R01924,2026-03-01,14,Weekend,University,Loyalty,App,3,10.2,6.7,3
R01925,2026-03-01,14,Weekend,University,Walk-in,App,1,4.5,4.2,4
R01926,2026-03-01,14,Weekend,University,Walk-in,Card,3,10.7,5.8,4
R01927,2026-03-01,15,Weekend,Downtown,Walk-in,App,1,4.25,7.6,2
R01928,2026-03-01,15,Weekend,Downtown,Loyalty,App,2,5.9,5.3,5
R01929,2026-03-01,15,Weekend,Downtown,Loyalty,Card,2,8.75,4.8,4
R01930,2026-03-01,15,Weekend,Downtown,Walk-in,App,3,11.75,7.1,2
R01931,2026-03-01,15,Weekend,Riverside,Walk-in,Card,3,12.0,3.0,5
R01932,2026-03-01,15,Weekend,University,Loyalty,Card,3,11.5,5.4,5
R01933,2026-03-01,16,Weekend,Riverside,Loyalty,Card,2,8.75,2.9,4
R01934,2026-03-01,16,Weekend,University,Walk-in,App,2,9.0,7.7,3
R01935,2026-03-02,7,Weekday,Downtown,Walk-in,App,1,4.25,6.2,4
R01936,2026-03-02,7,Weekday,Downtown,Loyalty,App,4,17.75,7.8,4
R01937,2026-03-02,8,Weekday,Downtown,Walk-in,App,2,5.95,6.7,2
R01938,2026-03-02,8,Weekday,Downtown,Walk-in,Cash,2,6.25,6.6,3
R01939,2026-03-02,8,Weekday,Downtown,Walk-in,Card,1,4.25,7.4,3
R01940,2026-03-02,8,Weekday,Downtown,Loyalty,App,1,4.5,5.9,4
R01941,2026-03-02,8,Weekday,Riverside,Loyalty,App,1,3.25,3.1,5
R01942,2026-03-02,9,Weekday,University,Loyalty,App,3,11.75,7.7,4
R01943,2026-03-02,9,Weekday,University,Loyalty,App,1,4.5,3.8,5
R01944,2026-03-02,11,Weekday,University,Walk-in,App,2,7.5,5.7,3
R01945,2026-03-02,11,Weekday,University,Loyalty,App,2,6.2,4.9,5
R01946,2026-03-02,12,Weekday,Downtown,Walk-in,Card,1,4.25,4.6,4
R01947,2026-03-02,12,Weekday,Riverside,Loyalty,Card,2,7.75,3.2,5
R01948,2026-03-02,12,Weekday,University,Loyalty,Card,3,9.2,6.1,5
R01949,2026-03-02,13,Weekday,Downtown,Walk-in,Card,2,6.25,6.4,3
R01950,2026-03-02,13,Weekday,Riverside,Walk-in,Cash,3,11.75,4.0,4
R01951,2026-03-02,13,Weekday,Riverside,Walk-in,Card,1,4.25,2.7,5
R01952,2026-03-02,13,Weekday,University,Loyalty,App,2,7.45,4.7,4
R01953,2026-03-02,13,Weekday,University,Walk-in,Card,2,7.75,6.2,4
R01954,2026-03-02,14,Weekday,Downtown,Walk-in,App,1,4.25,5.1,4
R01955,2026-03-02,14,Weekday,Riverside,Walk-in,Cash,2,8.75,3.5,5
R01956,2026-03-02,15,Weekday,Downtown,Walk-in,App,3,11.7,6.1,3
R01957,2026-03-02,16,Weekday,University,Loyalty,Card,2,7.75,4.0,5
R01958,2026-03-02,17,Weekday,University,Walk-in,App,1,3.25,3.5,4
R01959,2026-03-03,8,Weekday,Downtown,Walk-in,Cash,3,13.5,8.5,3
R01960,2026-03-03,8,Weekday,Downtown,Loyalty,Card,2,8.0,6.4,4
R01961,2026-03-03,8,Weekday,Downtown,Loyalty,App,2,7.5,6.0,2
R01962,2026-03-03,8,Weekday,Downtown,Loyalty,App,1,4.75,9.2,2
R01963,2026-03-03,9,Weekday,Downtown,Walk-in,Card,1,3.0,5.8,4
R01964,2026-03-03,9,Weekday,Downtown,Loyalty,Card,2,7.45,5.4,4
R01965,2026-03-03,9,Weekday,Downtown,Loyalty,App,2,8.75,5.9,4
R01966,2026-03-03,9,Weekday,University,Walk-in,Card,2,7.75,4.0,3
R01967,2026-03-03,10,Weekday,Downtown,Walk-in,Card,3,13.25,5.7,4
R01968,2026-03-03,10,Weekday,Downtown,Walk-in,App,2,6.2,4.2,4
R01969,2026-03-03,10,Weekday,University,Walk-in,App,1,2.95,4.6,3
R01970,2026-03-03,11,Weekday,Downtown,Loyalty,App,2,7.45,4.4,5
R01971,2026-03-03,11,Weekday,Riverside,Walk-in,Card,1,2.95,5.3,5
R01972,2026-03-03,11,Weekday,Riverside,Walk-in,Cash,2,7.75,3.2,4
R01973,2026-03-03,13,Weekday,Downtown,Walk-in,Card,1,3.0,4.9,2
R01974,2026-03-03,13,Weekday,Downtown,Loyalty,App,3,11.7,5.5,3
R01975,2026-03-03,13,Weekday,Riverside,Walk-in,App,1,4.5,2.9,5
R01976,2026-03-03,13,Weekday,University,Walk-in,App,2,7.7,5.8,4
R01977,2026-03-03,13,Weekday,University,Walk-in,Card,1,4.75,4.7,4
R01978,2026-03-03,14,Weekday,Downtown,Walk-in,Card,1,4.5,4.6,4
R01979,2026-03-03,15,Weekday,University,Loyalty,Card,3,8.85,5.7,4
R01980,2026-03-03,15,Weekday,University,Walk-in,Card,2,6.25,4.7,4
R01981,2026-03-03,16,Weekday,Riverside,Walk-in,Card,1,4.5,2.3,5
R01982,2026-03-03,16,Weekday,University,Loyalty,App,3,12.0,5.5,5
R01983,2026-03-03,17,Weekday,Downtown,Walk-in,Card,2,5.95,4.9,4
R01984,2026-03-03,18,Weekday,University,Loyalty,App,2,7.75,4.4,4
R01985,2026-03-04,7,Weekday,Downtown,Walk-in,Card,3,12.5,5.6,4
R01986,2026-03-04,7,Weekday,Riverside,Loyalty,App,2,6.25,4.3,5
R01987,2026-03-04,8,Weekday,Downtown,Walk-in,Card,2,7.45,7.1,2
R01988,2026-03-04,8,Weekday,Downtown,Loyalty,App,2,9.25,5.7,4
R01989,2026-03-04,8,Weekday,University,Walk-in,Card,2,8.75,4.6,3
R01990,2026-03-04,9,Weekday,Downtown,Walk-in,Card,3,10.45,7.6,2
R01991,2026-03-04,9,Weekday,Downtown,Walk-in,Card,1,4.25,5.8,4
R01992,2026-03-04,9,Weekday,Riverside,Walk-in,Card,3,12.0,4.1,4
R01993,2026-03-04,9,Weekday,Riverside,Walk-in,Cash,2,8.75,4.3,3
R01994,2026-03-04,9,Weekday,University,Loyalty,App,2,9.25,4.1,4
R01995,2026-03-04,9,Weekday,University,Walk-in,App,2,7.2,4.5,4
R01996,2026-03-04,10,Weekday,Riverside,Loyalty,Cash,3,12.5,4.2,4
R01997,2026-03-04,10,Weekday,University,Walk-in,Card,2,7.75,5.9,4
R01998,2026-03-04,11,Weekday,Downtown,Walk-in,Card,1,4.25,5.0,4
R01999,2026-03-04,12,Weekday,University,Walk-in,App,1,4.5,4.6,4
R02000,2026-03-04,13,Weekday,Downtown,Loyalty,App,3,11.95,7.1,3
R02001,2026-03-04,13,Weekday,Riverside,Loyalty,App,3,10.5,4.4,5
R02002,2026-03-04,14,Weekday,Downtown,Loyalty,App,1,2.95,4.1,5
R02003,2026-03-04,14,Weekday,University,Walk-in,App,1,3.25,6.7,3
R02004,2026-03-04,14,Weekday,University,Loyalty,App,2,7.5,8.2,1
R02005,2026-03-04,15,Weekday,Downtown,Walk-in,Card,2,7.2,4.1,3
R02006,2026-03-04,15,Weekday,University,Loyalty,App,4,15.25,5.5,4
R02007,2026-03-04,15,Weekday,University,Walk-in,Cash,1,4.5,5.6,5
R02008,2026-03-04,16,Weekday,Riverside,Walk-in,Cash,1,4.5,5.1,5
R02009,2026-03-04,16,Weekday,University,Loyalty,App,1,3.25,3.9,5
R02010,2026-03-04,16,Weekday,University,Walk-in,App,1,3.0,4.8,4
R02011,2026-03-04,16,Weekday,University,Walk-in,Card,2,9.5,5.1,4
R02012,2026-03-04,17,Weekday,Downtown,Walk-in,Card,1,2.95,4.7,4
R02013,2026-03-04,17,Weekday,University,Loyalty,App,3,12.0,5.0,4
R02014,2026-03-04,18,Weekday,Downtown,Walk-in,App,2,8.75,6.6,4
R02015,2026-03-05,7,Weekday,Downtown,Loyalty,App,2,6.2,5.0,5
R02016,2026-03-05,7,Weekday,Downtown,Loyalty,Card,2,9.0,7.5,3
R02017,2026-03-05,7,Weekday,Downtown,Walk-in,Card,1,3.25,6.2,3
R02018,2026-03-05,8,Weekday,Downtown,Walk-in,App,1,2.95,5.3,4
R02019,2026-03-05,8,Weekday,Downtown,Loyalty,App,3,12.0,7.5,4
R02020,2026-03-05,8,Weekday,Downtown,Walk-in,App,1,4.75,6.3,3
R02021,2026-03-05,9,Weekday,Downtown,Walk-in,Card,1,2.95,9.8,2
R02022,2026-03-05,9,Weekday,Downtown,Loyalty,Card,2,7.75,7.3,3
R02023,2026-03-05,9,Weekday,Riverside,Walk-in,Cash,1,2.95,3.8,4
R02024,2026-03-05,10,Weekday,Downtown,Walk-in,App,1,4.5,4.8,4
R02025,2026-03-05,10,Weekday,Downtown,Walk-in,Card,2,7.45,5.9,3
R02026,2026-03-05,10,Weekday,Downtown,Walk-in,App,1,3.0,4.7,4
R02027,2026-03-05,10,Weekday,Riverside,Walk-in,Cash,2,9.5,5.0,3
R02028,2026-03-05,10,Weekday,Riverside,Walk-in,Card,1,3.25,6.3,4
R02029,2026-03-05,11,Weekday,Downtown,Walk-in,Cash,4,13.4,5.7,5
R02030,2026-03-05,11,Weekday,Downtown,Walk-in,App,2,7.2,8.4,3
R02031,2026-03-05,12,Weekday,Downtown,Walk-in,Cash,4,15.2,7.4,3
R02032,2026-03-05,12,Weekday,Riverside,Loyalty,Cash,3,11.75,6.2,4
R02033,2026-03-05,12,Weekday,University,Loyalty,Card,3,11.7,5.1,5
R02034,2026-03-05,13,Weekday,Downtown,Walk-in,Cash,2,9.25,5.7,4
R02035,2026-03-05,13,Weekday,Downtown,Walk-in,App,1,4.25,4.8,5
R02036,2026-03-05,13,Weekday,Riverside,Loyalty,App,4,16.75,4.0,4
R02037,2026-03-05,13,Weekday,University,Loyalty,Card,5,19.75,7.0,4
R02038,2026-03-05,13,Weekday,University,Loyalty,Card,4,14.95,7.7,2
R02039,2026-03-05,13,Weekday,University,Loyalty,Cash,2,6.25,5.9,4
R02040,2026-03-05,14,Weekday,Riverside,Walk-in,Card,3,10.75,3.8,3
R02041,2026-03-05,14,Weekday,Riverside,Walk-in,Card,1,3.25,3.4,5
R02042,2026-03-05,14,Weekday,Riverside,Walk-in,Card,3,11.75,7.5,4
R02043,2026-03-05,14,Weekday,University,Loyalty,Cash,3,12.25,7.6,3
R02044,2026-03-05,15,Weekday,Downtown,Walk-in,Cash,2,7.5,3.6,4
R02045,2026-03-05,15,Weekday,University,Walk-in,Card,1,4.25,8.5,3
R02046,2026-03-05,15,Weekday,University,Walk-in,App,1,4.5,5.7,3
R02047,2026-03-05,16,Weekday,Riverside,Walk-in,App,4,15.25,3.9,3
R02048,2026-03-05,16,Weekday,University,Walk-in,Card,3,10.75,4.6,3
R02049,2026-03-05,17,Weekday,Downtown,Walk-in,App,3,10.75,5.3,4
R02050,2026-03-05,18,Weekday,University,Loyalty,App,2,7.25,6.4,5
R02051,2026-03-06,8,Weekday,Downtown,Walk-in,Card,1,4.5,5.7,4
R02052,2026-03-06,8,Weekday,Downtown,Loyalty,Card,1,4.5,8.0,3
R02053,2026-03-06,8,Weekday,Downtown,Loyalty,Card,4,15.0,7.5,4
R02054,2026-03-06,8,Weekday,Downtown,Walk-in,App,2,6.5,6.7,3
R02055,2026-03-06,8,Weekday,Downtown,Loyalty,Cash,1,3.25,6.2,4
R02056,2026-03-06,8,Weekday,Riverside,Walk-in,Card,2,8.75,5.4,4
R02057,2026-03-06,8,Weekday,Riverside,Loyalty,App,2,6.25,5.0,5
R02058,2026-03-06,8,Weekday,Riverside,Loyalty,App,2,7.7,4.3,5
R02059,2026-03-06,8,Weekday,University,Walk-in,Card,1,4.25,3.3,5
R02060,2026-03-06,9,Weekday,Downtown,Walk-in,Card,1,3.0,6.5,2
R02061,2026-03-06,9,Weekday,Riverside,Loyalty,Card,2,6.5,4.9,4
R02062,2026-03-06,9,Weekday,Riverside,Loyalty,Card,1,4.25,5.0,5
R02063,2026-03-06,9,Weekday,Riverside,Loyalty,Card,2,8.0,4.3,4
R02064,2026-03-06,9,Weekday,Riverside,Loyalty,Card,3,11.7,5.0,5
R02065,2026-03-06,9,Weekday,Riverside,Walk-in,Card,1,4.5,4.1,4
R02066,2026-03-06,10,Weekday,Downtown,Walk-in,App,1,2.95,4.2,4
R02067,2026-03-06,10,Weekday,University,Walk-in,Cash,1,3.25,5.9,3
R02068,2026-03-06,10,Weekday,University,Walk-in,App,1,3.25,4.1,5
R02069,2026-03-06,10,Weekday,University,Loyalty,App,3,11.95,6.2,4
R02070,2026-03-06,11,Weekday,Downtown,Walk-in,App,2,9.25,4.4,5
R02071,2026-03-06,11,Weekday,Riverside,Walk-in,Cash,2,9.0,4.0,5
R02072,2026-03-06,11,Weekday,Riverside,Loyalty,Card,3,11.0,3.4,5
R02073,2026-03-06,11,Weekday,Riverside,Walk-in,Card,2,7.75,4.1,5
R02074,2026-03-06,12,Weekday,Riverside,Walk-in,Cash,1,3.25,5.1,4
R02075,2026-03-06,12,Weekday,University,Loyalty,Card,3,12.0,5.9,5
R02076,2026-03-06,13,Weekday,Downtown,Walk-in,Card,1,2.95,5.9,3
R02077,2026-03-06,13,Weekday,Downtown,Walk-in,App,1,4.5,4.4,4
R02078,2026-03-06,13,Weekday,Downtown,Loyalty,App,1,4.25,4.9,5
R02079,2026-03-06,13,Weekday,University,Loyalty,App,2,7.25,6.0,5
R02080,2026-03-06,13,Weekday,University,Loyalty,App,1,4.75,5.0,5
R02081,2026-03-06,14,Weekday,University,Walk-in,App,1,4.5,4.7,4
R02082,2026-03-06,14,Weekday,University,Walk-in,Card,1,3.25,8.7,3
R02083,2026-03-06,15,Weekday,Riverside,Loyalty,Cash,1,4.5,2.2,5
R02084,2026-03-06,16,Weekday,Downtown,Walk-in,Cash,2,6.2,3.2,5
R02085,2026-03-06,16,Weekday,University,Walk-in,App,2,6.5,4.3,5
R02086,2026-03-06,16,Weekday,University,Loyalty,Cash,3,11.75,4.9,4
R02087,2026-03-06,17,Weekday,Downtown,Walk-in,Card,3,12.25,4.2,4
R02088,2026-03-06,17,Weekday,Downtown,Walk-in,App,1,4.5,3.1,5
R02089,2026-03-06,17,Weekday,Riverside,Loyalty,App,1,4.25,3.6,5
R02090,2026-03-06,17,Weekday,Riverside,Loyalty,App,1,3.25,2.3,4
R02091,2026-03-06,17,Weekday,University,Walk-in,App,4,14.0,8.2,2
R02092,2026-03-06,17,Weekday,University,Walk-in,Card,2,7.5,3.8,4
R02093,2026-03-06,17,Weekday,University,Loyalty,Card,1,3.25,3.6,4
R02094,2026-03-07,7,Weekend,Downtown,Loyalty,App,2,6.2,3.5,4
R02095,2026-03-07,8,Weekend,Downtown,Walk-in,Card,2,6.2,5.6,4
R02096,2026-03-07,8,Weekend,Downtown,Loyalty,App,2,6.5,5.8,3
R02097,2026-03-07,8,Weekend,Riverside,Loyalty,Cash,2,9.0,2.9,4
R02098,2026-03-07,8,Weekend,University,Loyalty,App,1,4.5,4.5,4
R02099,2026-03-07,9,Weekend,Riverside,Loyalty,Card,5,18.2,8.6,4
R02100,2026-03-07,9,Weekend,Riverside,Loyalty,Card,2,9.0,4.5,5
R02101,2026-03-07,9,Weekend,University,Loyalty,App,3,12.0,4.7,3
R02102,2026-03-07,9,Weekend,University,Walk-in,Card,2,8.5,6.4,3
R02103,2026-03-07,10,Weekend,Downtown,Loyalty,App,2,6.2,8.2,2
R02104,2026-03-07,10,Weekend,Downtown,Walk-in,App,1,4.5,8.0,3
R02105,2026-03-07,10,Weekend,Downtown,Walk-in,Cash,2,6.25,6.5,2
R02106,2026-03-07,10,Weekend,Downtown,Walk-in,Card,1,2.95,6.4,4
R02107,2026-03-07,10,Weekend,Riverside,Loyalty,Card,1,4.75,4.4,5
R02108,2026-03-07,11,Weekend,Downtown,Walk-in,App,2,9.0,6.3,4
R02109,2026-03-07,11,Weekend,Riverside,Loyalty,Card,1,2.95,3.7,3
R02110,2026-03-07,11,Weekend,University,Loyalty,App,1,4.25,6.6,3
R02111,2026-03-07,11,Weekend,University,Walk-in,App,2,8.75,9.2,2
R02112,2026-03-07,11,Weekend,University,Walk-in,App,3,12.25,5.5,4
R02113,2026-03-07,11,Weekend,University,Loyalty,Cash,4,15.25,7.2,3
R02114,2026-03-07,12,Weekend,Downtown,Walk-in,Card,1,4.25,7.9,4
R02115,2026-03-07,12,Weekend,University,Walk-in,Card,2,7.5,5.2,3
R02116,2026-03-07,13,Weekend,Riverside,Loyalty,Card,1,3.0,2.5,5
R02117,2026-03-07,13,Weekend,University,Loyalty,App,4,13.95,7.6,4
R02118,2026-03-07,14,Weekend,Downtown,Walk-in,App,2,7.25,6.7,4
R02119,2026-03-07,14,Weekend,Downtown,Loyalty,Cash,1,3.0,5.6,3
R02120,2026-03-07,14,Weekend,Downtown,Loyalty,App,5,19.2,5.8,4
R02121,2026-03-07,14,Weekend,Downtown,Walk-in,Card,2,7.25,6.7,4
R02122,2026-03-07,14,Weekend,Riverside,Loyalty,Card,3,12.2,3.6,4
R02123,2026-03-07,14,Weekend,University,Walk-in,App,1,4.25,5.7,4
R02124,2026-03-07,15,Weekend,Downtown,Walk-in,Cash,3,13.75,5.3,4
R02125,2026-03-07,15,Weekend,University,Walk-in,Card,3,10.95,5.0,3
R02126,2026-03-07,16,Weekend,Downtown,Walk-in,Card,2,7.5,5.6,5
R02127,2026-03-07,16,Weekend,Downtown,Loyalty,App,1,4.5,8.5,3
R02128,2026-03-07,16,Weekend,University,Walk-in,Card,4,13.7,5.9,3
R02129,2026-03-07,16,Weekend,University,Walk-in,Card,3,10.75,4.6,4
R02130,2026-03-07,17,Weekend,University,Walk-in,App,2,7.7,4.0,3
R02131,2026-03-07,18,Weekend,University,Walk-in,App,1,3.0,3.3,5
R02132,2026-03-07,18,Weekend,University,Loyalty,App,1,4.5,3.4,5
R02133,2026-03-07,18,Weekend,University,Loyalty,App,3,9.2,4.2,5
R02134,2026-03-08,7,Weekend,University,Loyalty,App,1,2.95,3.2,5
R02135,2026-03-08,8,Weekend,Downtown,Loyalty,App,1,4.75,4.8,4
R02136,2026-03-08,8,Weekend,Riverside,Walk-in,Card,1,3.25,3.3,3
R02137,2026-03-08,8,Weekend,Riverside,Walk-in,Cash,2,7.75,3.3,4
R02138,2026-03-08,8,Weekend,Riverside,Walk-in,Cash,2,9.0,3.9,4
R02139,2026-03-08,9,Weekend,Downtown,Loyalty,App,2,9.25,7.6,3
R02140,2026-03-08,9,Weekend,Riverside,Walk-in,App,2,7.5,3.3,5
R02141,2026-03-08,10,Weekend,Downtown,Walk-in,Card,2,7.5,5.5,3
R02142,2026-03-08,10,Weekend,Downtown,Walk-in,Card,1,4.25,6.7,4
R02143,2026-03-08,10,Weekend,Downtown,Walk-in,Card,2,7.5,6.7,3
R02144,2026-03-08,10,Weekend,Downtown,Walk-in,App,1,4.25,7.5,3
R02145,2026-03-08,10,Weekend,Downtown,Loyalty,Card,2,6.0,7.0,4
R02146,2026-03-08,10,Weekend,Downtown,Loyalty,Cash,2,9.0,7.7,3
R02147,2026-03-08,10,Weekend,Riverside,Loyalty,Cash,3,11.7,4.6,5
R02148,2026-03-08,10,Weekend,Riverside,Walk-in,Cash,1,4.5,4.1,4
R02149,2026-03-08,10,Weekend,Riverside,Loyalty,App,2,7.45,3.5,5
R02150,2026-03-08,10,Weekend,University,Loyalty,App,1,4.75,5.1,3
R02151,2026-03-08,10,Weekend,University,Loyalty,App,3,8.85,6.2,4
R02152,2026-03-08,11,Weekend,Downtown,Walk-in,Card,1,3.0,7.0,4
R02153,2026-03-08,11,Weekend,Downtown,Walk-in,Cash,1,4.75,7.2,3
R02154,2026-03-08,11,Weekend,Downtown,Walk-in,Card,1,2.95,6.9,4
R02155,2026-03-08,11,Weekend,Riverside,Loyalty,App,3,12.25,5.9,3
R02156,2026-03-08,11,Weekend,Riverside,Loyalty,App,1,4.75,5.4,5
R02157,2026-03-08,11,Weekend,Riverside,Walk-in,App,3,11.5,3.6,4
R02158,2026-03-08,11,Weekend,University,Loyalty,App,1,4.5,4.7,5
R02159,2026-03-08,12,Weekend,Downtown,Walk-in,Card,3,13.25,6.6,3
R02160,2026-03-08,12,Weekend,Downtown,Loyalty,Card,2,9.25,5.9,5
R02161,2026-03-08,12,Weekend,Downtown,Walk-in,App,3,9.25,7.0,4
R02162,2026-03-08,12,Weekend,Riverside,Walk-in,Card,2,8.75,3.7,4
R02163,2026-03-08,12,Weekend,Riverside,Walk-in,App,2,9.25,4.0,4
R02164,2026-03-08,12,Weekend,Riverside,Loyalty,Card,3,11.7,3.7,4
R02165,2026-03-08,12,Weekend,University,Walk-in,Card,1,4.25,5.1,4
R02166,2026-03-08,13,Weekend,Downtown,Loyalty,App,3,11.75,7.1,4
R02167,2026-03-08,13,Weekend,Downtown,Walk-in,Card,2,9.25,8.0,3
R02168,2026-03-08,13,Weekend,Downtown,Walk-in,Card,1,4.25,7.1,3
R02169,2026-03-08,13,Weekend,University,Loyalty,App,2,8.75,5.7,3
R02170,2026-03-08,13,Weekend,University,Loyalty,Card,1,4.5,4.8,4
R02171,2026-03-08,14,Weekend,Downtown,Loyalty,Card,6,19.45,9.4,3
R02172,2026-03-08,14,Weekend,Downtown,Walk-in,Card,2,7.25,8.0,2
R02173,2026-03-08,14,Weekend,Downtown,Walk-in,Card,1,4.5,6.6,3
R02174,2026-03-08,14,Weekend,Riverside,Walk-in,Card,1,4.5,2.9,5
R02175,2026-03-08,14,Weekend,Riverside,Loyalty,Cash,3,10.7,3.9,5
R02176,2026-03-08,15,Weekend,Downtown,Walk-in,Card,2,5.95,4.6,3
R02177,2026-03-08,15,Weekend,Downtown,Walk-in,App,4,14.95,5.1,3
R02178,2026-03-08,15,Weekend,University,Walk-in,Card,3,9.15,4.3,3
R02179,2026-03-08,16,Weekend,Downtown,Loyalty,App,1,4.75,4.5,4
R02180,2026-03-08,17,Weekend,Downtown,Walk-in,Card,2,7.75,3.5,5
R02181,2026-03-08,18,Weekend,Downtown,Walk-in,Card,2,9.25,8.7,2
R02182,2026-03-08,18,Weekend,Riverside,Loyalty,Card,1,2.95,2.6,5
R02183,2026-03-09,7,Weekday,Downtown,Loyalty,App,4,14.95,5.8,5
R02184,2026-03-09,8,Weekday,Downtown,Walk-in,Card,1,4.25,7.9,3
R02185,2026-03-09,8,Weekday,Downtown,Walk-in,Card,1,4.5,5.4,5
R02186,2026-03-09,8,Weekday,Riverside,Walk-in,Cash,1,4.5,3.0,5
R02187,2026-03-09,9,Weekday,Downtown,Walk-in,Card,1,2.95,5.6,4
R02188,2026-03-09,9,Weekday,Downtown,Walk-in,Card,2,8.75,6.9,3
R02189,2026-03-09,10,Weekday,Riverside,Walk-in,Cash,1,3.25,4.5,4
R02190,2026-03-09,10,Weekday,University,Walk-in,Card,2,7.5,5.3,3
R02191,2026-03-09,10,Weekday,University,Walk-in,Card,1,4.75,5.0,4
R02192,2026-03-09,11,Weekday,Riverside,Loyalty,Card,3,13.75,3.5,5
R02193,2026-03-09,12,Weekday,Downtown,Walk-in,Cash,1,4.5,5.9,4
R02194,2026-03-09,12,Weekday,Downtown,Walk-in,Card,1,2.95,5.2,4
R02195,2026-03-09,12,Weekday,Riverside,Walk-in,App,2,8.0,5.7,5
R02196,2026-03-09,12,Weekday,Riverside,Walk-in,App,1,2.95,5.5,4
R02197,2026-03-09,12,Weekday,University,Walk-in,Card,1,4.75,5.9,2
R02198,2026-03-09,13,Weekday,Downtown,Loyalty,App,4,13.5,6.9,3
R02199,2026-03-09,13,Weekday,Downtown,Walk-in,App,2,7.5,5.2,4
R02200,2026-03-09,13,Weekday,Downtown,Walk-in,Card,2,6.25,6.3,4
R02201,2026-03-09,13,Weekday,Riverside,Loyalty,Card,2,8.75,3.2,5
R02202,2026-03-09,13,Weekday,University,Loyalty,Card,2,7.75,4.8,5
R02203,2026-03-09,13,Weekday,University,Loyalty,App,3,13.5,4.9,4
R02204,2026-03-09,15,Weekday,University,Walk-in,Card,2,7.5,4.8,4
R02205,2026-03-09,15,Weekday,University,Walk-in,App,2,6.5,6.0,2
R02206,2026-03-09,15,Weekday,University,Walk-in,App,1,3.25,6.3,3
R02207,2026-03-09,16,Weekday,Riverside,Loyalty,Card,3,13.25,3.4,4
R02208,2026-03-09,16,Weekday,University,Loyalty,App,4,15.45,6.6,3
R02209,2026-03-09,16,Weekday,University,Walk-in,Cash,3,13.25,4.5,4
R02210,2026-03-09,17,Weekday,Riverside,Loyalty,App,3,11.95,6.6,4
R02211,2026-03-09,17,Weekday,University,Walk-in,Card,1,3.0,4.2,5
R02212,2026-03-10,7,Weekday,Downtown,Loyalty,Card,3,13.25,6.6,3
R02213,2026-03-10,7,Weekday,Riverside,Walk-in,Cash,2,9.0,5.6,3
R02214,2026-03-10,8,Weekday,Downtown,Walk-in,Card,3,10.5,6.6,3
R02215,2026-03-10,8,Weekday,Riverside,Loyalty,App,3,11.7,4.2,4
R02216,2026-03-10,8,Weekday,Riverside,Walk-in,Card,1,4.5,7.1,4
R02217,2026-03-10,9,Weekday,Downtown,Walk-in,App,4,18.0,6.4,4
R02218,2026-03-10,9,Weekday,Downtown,Walk-in,Cash,3,10.45,6.4,2
R02219,2026-03-10,9,Weekday,Downtown,Loyalty,App,4,16.75,6.1,4
R02220,2026-03-10,9,Weekday,Downtown,Loyalty,App,3,13.5,7.7,3
R02221,2026-03-10,9,Weekday,Riverside,Walk-in,Cash,2,8.0,6.5,3
R02222,2026-03-10,9,Weekday,University,Loyalty,Card,2,5.95,5.6,3
R02223,2026-03-10,10,Weekday,Downtown,Loyalty,Card,3,10.75,4.5,5
R02224,2026-03-10,10,Weekday,Downtown,Walk-in,Card,5,21.0,5.6,3
R02225,2026-03-10,12,Weekday,Riverside,Loyalty,Card,3,12.25,4.8,4
R02226,2026-03-10,12,Weekday,University,Walk-in,Card,6,26.75,6.3,2
R02227,2026-03-10,13,Weekday,Downtown,Walk-in,Card,2,5.95,4.6,3
R02228,2026-03-10,13,Weekday,Downtown,Loyalty,App,2,7.7,4.8,4
R02229,2026-03-10,13,Weekday,Downtown,Loyalty,App,3,12.25,6.5,4
R02230,2026-03-10,13,Weekday,University,Walk-in,Card,1,3.25,6.1,4
R02231,2026-03-10,13,Weekday,University,Loyalty,App,1,4.5,9.2,3
R02232,2026-03-10,14,Weekday,Downtown,Walk-in,Card,2,7.45,3.7,5
R02233,2026-03-10,15,Weekday,Downtown,Walk-in,Card,1,4.75,3.5,3
R02234,2026-03-10,15,Weekday,Riverside,Loyalty,App,3,11.95,3.2,5
R02235,2026-03-10,15,Weekday,Riverside,Walk-in,App,2,8.0,10.7,1
R02236,2026-03-10,15,Weekday,University,Loyalty,App,1,3.0,4.5,5
R02237,2026-03-10,15,Weekday,University,Loyalty,App,3,12.0,4.9,3
R02238,2026-03-10,15,Weekday,University,Walk-in,App,2,6.2,7.2,3
R02239,2026-03-10,16,Weekday,Downtown,Loyalty,App,1,4.5,2.8,4
R02240,2026-03-10,17,Weekday,University,Walk-in,App,2,9.0,6.4,3
R02241,2026-03-10,18,Weekday,University,Walk-in,App,2,8.75,4.4,4
R02242,2026-03-11,7,Weekday,Downtown,Walk-in,App,1,4.5,6.3,4
R02243,2026-03-11,7,Weekday,Downtown,Walk-in,App,4,16.5,7.4,4
R02244,2026-03-11,7,Weekday,University,Walk-in,Card,2,5.95,3.8,4
R02245,2026-03-11,8,Weekday,Downtown,Walk-in,Card,1,2.95,6.2,4
R02246,2026-03-11,8,Weekday,Downtown,Walk-in,App,1,3.25,7.0,3
R02247,2026-03-11,8,Weekday,Downtown,Loyalty,Card,2,9.0,6.2,4
R02248,2026-03-11,8,Weekday,University,Loyalty,App,3,9.25,4.3,4
R02249,2026-03-11,9,Weekday,Downtown,Walk-in,Card,1,4.25,4.8,5
R02250,2026-03-11,9,Weekday,Downtown,Walk-in,Card,1,4.5,7.6,4
R02251,2026-03-11,9,Weekday,Downtown,Loyalty,App,3,11.95,6.5,4
R02252,2026-03-11,9,Weekday,Riverside,Loyalty,Card,1,4.25,3.7,4
R02253,2026-03-11,10,Weekday,Downtown,Walk-in,Card,3,9.45,4.3,5
R02254,2026-03-11,10,Weekday,Downtown,Walk-in,Card,1,4.5,5.3,4
R02255,2026-03-11,10,Weekday,University,Loyalty,App,1,3.25,7.7,4
R02256,2026-03-11,11,Weekday,Riverside,Loyalty,App,2,7.5,5.0,4
R02257,2026-03-11,12,Weekday,Downtown,Loyalty,Card,3,12.75,5.6,4
R02258,2026-03-11,12,Weekday,Downtown,Loyalty,Card,2,7.2,6.2,3
R02259,2026-03-11,12,Weekday,Downtown,Loyalty,App,1,3.0,4.8,4
R02260,2026-03-11,12,Weekday,University,Loyalty,Card,3,12.0,8.9,3
R02261,2026-03-11,13,Weekday,Downtown,Loyalty,Card,1,4.75,4.7,5
R02262,2026-03-11,13,Weekday,Downtown,Loyalty,App,2,7.5,5.9,5
R02263,2026-03-11,13,Weekday,Downtown,Walk-in,Cash,3,10.75,9.0,4
R02264,2026-03-11,13,Weekday,Downtown,Walk-in,Card,1,4.5,4.1,4
R02265,2026-03-11,13,Weekday,University,Loyalty,Card,3,10.5,7.3,3
R02266,2026-03-11,14,Weekday,Downtown,Walk-in,Card,2,7.75,4.2,4
R02267,2026-03-11,14,Weekday,Riverside,Loyalty,App,4,18.0,5.3,4
R02268,2026-03-11,14,Weekday,University,Walk-in,App,3,10.5,5.1,4
R02269,2026-03-11,15,Weekday,Downtown,Walk-in,Card,3,12.0,5.9,3
R02270,2026-03-11,15,Weekday,Riverside,Walk-in,Cash,3,12.25,4.9,4
R02271,2026-03-11,15,Weekday,University,Loyalty,App,2,7.45,6.3,3
R02272,2026-03-11,16,Weekday,Downtown,Loyalty,App,2,7.7,3.7,5
R02273,2026-03-11,17,Weekday,Downtown,Walk-in,App,1,4.5,3.0,3
R02274,2026-03-11,17,Weekday,University,Walk-in,Card,1,3.0,4.4,5
R02275,2026-03-11,18,Weekday,University,Loyalty,Cash,2,7.5,4.4,4
R02276,2026-03-12,8,Weekday,Downtown,Walk-in,Card,1,4.75,6.4,4
R02277,2026-03-12,8,Weekday,Downtown,Walk-in,Card,2,9.0,8.8,3
R02278,2026-03-12,8,Weekday,Downtown,Loyalty,Card,2,7.45,7.5,2
R02279,2026-03-12,8,Weekday,Downtown,Walk-in,App,1,3.0,7.4,4
R02280,2026-03-12,8,Weekday,Riverside,Walk-in,Card,2,7.5,5.2,4
R02281,2026-03-12,9,Weekday,Downtown,Loyalty,Cash,4,14.75,7.9,2
R02282,2026-03-12,9,Weekday,Downtown,Walk-in,Card,2,7.5,8.0,2
R02283,2026-03-12,9,Weekday,University,Walk-in,Card,4,13.75,5.3,3
R02284,2026-03-12,10,Weekday,Downtown,Walk-in,Card,2,7.75,4.0,4
R02285,2026-03-12,10,Weekday,Riverside,Loyalty,Card,2,6.0,3.5,4
R02286,2026-03-12,10,Weekday,Riverside,Loyalty,Card,4,14.25,4.3,4
R02287,2026-03-12,10,Weekday,University,Walk-in,App,2,7.25,7.0,3
R02288,2026-03-12,10,Weekday,University,Walk-in,App,1,4.25,6.1,3
R02289,2026-03-12,10,Weekday,University,Walk-in,Card,3,9.25,5.1,3
R02290,2026-03-12,11,Weekday,Downtown,Loyalty,App,1,4.25,4.6,4
R02291,2026-03-12,11,Weekday,Riverside,Loyalty,App,2,8.75,3.6,4
R02292,2026-03-12,11,Weekday,University,Walk-in,App,1,3.25,4.6,3
R02293,2026-03-12,11,Weekday,University,Loyalty,Card,3,10.45,5.8,3
R02294,2026-03-12,12,Weekday,Downtown,Walk-in,Cash,3,11.0,7.1,3
R02295,2026-03-12,12,Weekday,Downtown,Walk-in,Card,1,4.5,4.2,5
R02296,2026-03-12,12,Weekday,Downtown,Walk-in,Card,3,10.95,5.0,4
R02297,2026-03-12,12,Weekday,Riverside,Walk-in,Card,2,8.75,4.3,3
R02298,2026-03-12,12,Weekday,University,Walk-in,App,1,3.0,4.8,4
R02299,2026-03-12,12,Weekday,University,Loyalty,App,2,9.25,5.2,3
R02300,2026-03-12,12,Weekday,University,Walk-in,Card,2,9.0,5.0,5
R02301,2026-03-12,12,Weekday,University,Walk-in,App,2,7.25,5.5,4
R02302,2026-03-12,12,Weekday,University,Walk-in,Cash,2,7.75,5.1,3
R02303,2026-03-12,13,Weekday,Downtown,Loyalty,Card,2,7.75,5.3,3
R02304,2026-03-12,13,Weekday,Riverside,Walk-in,Card,1,4.5,3.4,5
R02305,2026-03-12,13,Weekday,University,Loyalty,App,2,7.75,4.7,4
R02306,2026-03-12,14,Weekday,University,Walk-in,Card,3,13.0,5.5,4
R02307,2026-03-12,15,Weekday,Downtown,Walk-in,Card,1,4.25,5.7,3
R02308,2026-03-12,16,Weekday,University,Walk-in,App,2,7.75,4.9,3
R02309,2026-03-12,16,Weekday,University,Loyalty,App,3,12.2,5.4,3
R02310,2026-03-12,16,Weekday,University,Walk-in,App,1,4.25,4.1,3
R02311,2026-03-12,17,Weekday,Downtown,Walk-in,Card,1,3.0,6.5,2
R02312,2026-03-12,17,Weekday,University,Walk-in,Card,1,4.5,3.8,4
R02313,2026-03-13,8,Weekday,Downtown,Loyalty,App,2,7.25,6.0,3
R02314,2026-03-13,8,Weekday,Downtown,Loyalty,App,2,6.2,7.9,3
R02315,2026-03-13,8,Weekday,Downtown,Walk-in,Card,4,15.25,7.2,4
R02316,2026-03-13,8,Weekday,Downtown,Walk-in,App,1,3.25,7.2,4
R02317,2026-03-13,8,Weekday,Downtown,Loyalty,Card,1,2.95,5.6,2
R02318,2026-03-13,8,Weekday,Downtown,Walk-in,Card,2,5.95,5.7,3
R02319,2026-03-13,9,Weekday,Downtown,Walk-in,App,1,3.25,5.5,4
R02320,2026-03-13,9,Weekday,Downtown,Walk-in,Card,1,3.0,6.9,4
R02321,2026-03-13,9,Weekday,Downtown,Loyalty,App,1,4.25,5.1,4
R02322,2026-03-13,9,Weekday,University,Walk-in,Card,1,4.5,4.0,3
R02323,2026-03-13,9,Weekday,University,Loyalty,Cash,3,13.25,5.0,4
R02324,2026-03-13,10,Weekday,Downtown,Walk-in,App,1,4.25,5.1,4
R02325,2026-03-13,10,Weekday,University,Loyalty,Card,2,7.75,4.6,4
R02326,2026-03-13,10,Weekday,University,Walk-in,Card,1,3.25,4.5,4
R02327,2026-03-13,11,Weekday,Downtown,Walk-in,Card,1,3.25,4.1,4
R02328,2026-03-13,11,Weekday,University,Walk-in,App,1,4.5,5.3,4
R02329,2026-03-13,12,Weekday,Downtown,Loyalty,Card,2,6.2,6.0,5
R02330,2026-03-13,12,Weekday,Downtown,Walk-in,App,1,4.5,5.3,5
R02331,2026-03-13,12,Weekday,University,Walk-in,App,3,10.45,5.0,3
R02332,2026-03-13,13,Weekday,Downtown,Loyalty,Card,1,2.95,4.8,4
R02333,2026-03-13,13,Weekday,Riverside,Loyalty,Card,4,15.0,3.9,4
R02334,2026-03-13,13,Weekday,Riverside,Loyalty,Cash,3,13.75,4.4,4
R02335,2026-03-13,14,Weekday,Downtown,Loyalty,App,3,10.95,6.4,3
R02336,2026-03-13,14,Weekday,Downtown,Walk-in,App,4,16.5,5.3,5
R02337,2026-03-13,14,Weekday,Riverside,Loyalty,Card,6,22.25,6.0,2
R02338,2026-03-13,15,Weekday,Riverside,Walk-in,Cash,2,6.5,2.7,5
R02339,2026-03-13,15,Weekday,University,Walk-in,Card,1,2.95,6.8,4
R02340,2026-03-13,15,Weekday,University,Loyalty,App,2,7.75,4.8,5
R02341,2026-03-13,16,Weekday,Riverside,Loyalty,Card,4,18.0,3.7,4
R02342,2026-03-13,16,Weekday,University,Loyalty,App,4,12.75,5.5,5
R02343,2026-03-13,16,Weekday,University,Walk-in,App,2,8.75,5.1,4
R02344,2026-03-13,18,Weekday,Downtown,Loyalty,Card,1,3.0,3.6,5
R02345,2026-03-13,18,Weekday,University,Loyalty,Card,3,11.0,4.1,5
R02346,2026-03-14,7,Weekend,Riverside,Loyalty,Card,3,12.25,3.7,4
R02347,2026-03-14,8,Weekend,Downtown,Walk-in,Card,2,9.25,4.7,4
R02348,2026-03-14,9,Weekend,Riverside,Walk-in,Cash,1,4.75,3.7,4
R02349,2026-03-14,9,Weekend,Riverside,Walk-in,Card,1,4.25,2.7,4
R02350,2026-03-14,9,Weekend,Riverside,Loyalty,Cash,2,7.25,5.6,4
R02351,2026-03-14,10,Weekend,Downtown,Loyalty,App,1,4.5,5.2,3
R02352,2026-03-14,10,Weekend,Downtown,Walk-in,App,3,11.75,7.3,3
R02353,2026-03-14,10,Weekend,Riverside,Loyalty,Cash,2,7.75,4.2,5
R02354,2026-03-14,10,Weekend,Riverside,Loyalty,App,3,13.5,4.2,5
R02355,2026-03-14,10,Weekend,Riverside,Walk-in,Card,1,4.5,5.1,4
R02356,2026-03-14,10,Weekend,University,Loyalty,App,3,12.0,6.2,3
R02357,2026-03-14,10,Weekend,University,Loyalty,App,1,3.25,5.0,5
R02358,2026-03-14,11,Weekend,Downtown,Walk-in,Card,1,3.25,6.6,4
R02359,2026-03-14,11,Weekend,Downtown,Loyalty,Card,3,12.5,7.1,3
R02360,2026-03-14,11,Weekend,Downtown,Walk-in,Card,1,4.75,6.9,4
R02361,2026-03-14,11,Weekend,Downtown,Walk-in,Card,3,12.75,8.9,4
R02362,2026-03-14,11,Weekend,University,Walk-in,App,2,7.75,6.0,2
R02363,2026-03-14,11,Weekend,University,Walk-in,App,3,11.75,5.8,4
R02364,2026-03-14,12,Weekend,Downtown,Walk-in,App,2,7.5,7.1,3
R02365,2026-03-14,12,Weekend,Downtown,Walk-in,Card,1,3.0,8.1,3
R02366,2026-03-14,12,Weekend,Riverside,Walk-in,App,1,3.25,4.8,5
R02367,2026-03-14,12,Weekend,University,Walk-in,App,1,3.25,4.2,4
R02368,2026-03-14,12,Weekend,University,Walk-in,Card,2,7.7,6.1,3
R02369,2026-03-14,12,Weekend,University,Loyalty,Card,3,10.7,8.6,3
R02370,2026-03-14,12,Weekend,University,Loyalty,App,1,2.95,4.6,5
R02371,2026-03-14,12,Weekend,University,Loyalty,Card,3,13.25,5.8,4
R02372,2026-03-14,12,Weekend,University,Loyalty,Card,1,2.95,5.9,5
R02373,2026-03-14,13,Weekend,Downtown,Walk-in,App,1,4.25,8.2,3
R02374,2026-03-14,13,Weekend,University,Walk-in,Cash,1,4.5,5.2,3
R02375,2026-03-14,14,Weekend,Downtown,Loyalty,App,1,3.25,6.7,3
R02376,2026-03-14,15,Weekend,Downtown,Walk-in,App,1,3.25,4.9,4
R02377,2026-03-14,15,Weekend,Downtown,Loyalty,Card,1,4.25,4.7,5
R02378,2026-03-14,15,Weekend,Riverside,Loyalty,Card,1,4.25,2.2,5
R02379,2026-03-14,15,Weekend,University,Loyalty,Card,2,9.0,5.7,4
R02380,2026-03-14,16,Weekend,Riverside,Loyalty,Cash,3,12.25,2.8,5
R02381,2026-03-14,17,Weekend,Downtown,Loyalty,App,2,7.5,3.4,4
R02382,2026-03-14,17,Weekend,University,Walk-in,App,1,4.5,3.2,4
R02383,2026-03-14,17,Weekend,University,Walk-in,App,2,9.0,6.6,3
R02384,2026-03-14,18,Weekend,Downtown,Walk-in,App,1,4.75,4.2,4
R02385,2026-03-15,7,Weekend,Downtown,Walk-in,Card,2,6.2,3.4,5
R02386,2026-03-15,7,Weekend,Downtown,Walk-in,Card,1,3.25,3.9,4
R02387,2026-03-15,8,Weekend,Riverside,Loyalty,Cash,2,9.25,6.6,5
R02388,2026-03-15,8,Weekend,University,Walk-in,Card,6,23.15,5.8,3
R02389,2026-03-15,9,Weekend,Riverside,Loyalty,Card,3,11.0,4.6,4
R02390,2026-03-15,9,Weekend,Riverside,Loyalty,App,2,7.5,4.1,4
R02391,2026-03-15,10,Weekend,Downtown,Loyalty,Cash,1,4.25,6.8,2
R02392,2026-03-15,10,Weekend,Downtown,Walk-in,App,3,10.5,8.3,3
R02393,2026-03-15,10,Weekend,Downtown,Walk-in,Card,3,10.7,11.0,2
R02394,2026-03-15,10,Weekend,Downtown,Loyalty,Card,3,12.5,7.5,4
R02395,2026-03-15,10,Weekend,Riverside,Walk-in,App,1,2.95,3.6,4
R02396,2026-03-15,10,Weekend,University,Walk-in,Cash,1,4.5,4.1,4
R02397,2026-03-15,10,Weekend,University,Walk-in,App,1,4.5,7.6,3
R02398,2026-03-15,11,Weekend,Downtown,Walk-in,App,1,4.5,8.4,3
R02399,2026-03-15,11,Weekend,Downtown,Walk-in,Card,1,4.75,5.6,4
R02400,2026-03-15,11,Weekend,Downtown,Walk-in,App,3,12.0,7.6,3
R02401,2026-03-15,11,Weekend,Downtown,Loyalty,App,3,12.0,7.2,3
R02402,2026-03-15,11,Weekend,Downtown,Loyalty,App,1,4.5,8.7,5
R02403,2026-03-15,11,Weekend,Downtown,Walk-in,Card,2,9.25,6.1,4
R02404,2026-03-15,11,Weekend,Downtown,Walk-in,Card,1,3.0,6.3,3
R02405,2026-03-15,11,Weekend,Riverside,Walk-in,Card,1,4.5,3.1,5
R02406,2026-03-15,11,Weekend,University,Loyalty,Card,1,4.25,4.4,5
R02407,2026-03-15,12,Weekend,Downtown,Walk-in,Card,2,7.25,7.2,3
R02408,2026-03-15,12,Weekend,Downtown,Walk-in,App,1,4.75,5.7,5
R02409,2026-03-15,12,Weekend,Downtown,Loyalty,Card,2,5.95,6.4,5
R02410,2026-03-15,12,Weekend,Downtown,Walk-in,Card,1,3.25,6.7,4
R02411,2026-03-15,12,Weekend,University,Loyalty,App,2,7.2,4.8,4
R02412,2026-03-15,13,Weekend,Downtown,Walk-in,App,1,3.0,5.4,4
R02413,2026-03-15,13,Weekend,Downtown,Walk-in,Card,1,4.5,9.1,4
R02414,2026-03-15,14,Weekend,Downtown,Loyalty,App,3,8.9,6.0,4
R02415,2026-03-15,14,Weekend,Downtown,Walk-in,Card,2,7.75,5.5,5
R02416,2026-03-15,14,Weekend,University,Walk-in,Card,2,7.25,5.0,3
R02417,2026-03-15,14,Weekend,University,Loyalty,Card,1,3.0,5.2,5
R02418,2026-03-15,15,Weekend,Downtown,Loyalty,Cash,2,8.75,6.7,5
R02419,2026-03-15,15,Weekend,University,Walk-in,App,3,11.45,4.3,4
R02420,2026-03-15,15,Weekend,University,Loyalty,App,2,9.0,5.3,3
R02421,2026-03-15,16,Weekend,Downtown,Loyalty,Card,2,6.0,4.2,4
R02422,2026-03-15,16,Weekend,Downtown,Walk-in,App,1,4.5,5.7,3
R02423,2026-03-15,16,Weekend,Downtown,Walk-in,App,2,8.75,4.6,5
R02424,2026-03-15,16,Weekend,University,Loyalty,App,2,6.2,4.5,5
R02425,2026-03-15,16,Weekend,University,Loyalty,App,1,4.25,4.8,4
R02426,2026-03-15,17,Weekend,Riverside,Walk-in,Cash,2,6.2,2.8,5
R02427,2026-03-15,17,Weekend,Riverside,Walk-in,Cash,1,3.0,1.8,5
R02428,2026-03-15,17,Weekend,University,Loyalty,App,2,9.5,3.8,5
R02429,2026-03-15,18,Weekend,Downtown,Loyalty,Card,4,13.7,4.9,4
R02430,2026-03-16,8,Weekday,Downtown,Loyalty,Card,2,6.5,6.9,4
R02431,2026-03-16,9,Weekday,Downtown,Walk-in,App,2,7.7,5.4,4
R02432,2026-03-16,9,Weekday,Downtown,Walk-in,Card,2,7.5,5.6,4
R02433,2026-03-16,9,Weekday,Downtown,Walk-in,Card,2,6.25,7.5,3
R02434,2026-03-16,9,Weekday,University,Loyalty,App,3,10.45,7.2,4
R02435,2026-03-16,10,Weekday,Downtown,Walk-in,App,1,3.25,3.6,4
R02436,2026-03-16,10,Weekday,Downtown,Walk-in,App,2,7.5,8.7,3
R02437,2026-03-16,10,Weekday,Riverside,Walk-in,Card,2,9.25,3.7,4
R02438,2026-03-16,10,Weekday,University,Walk-in,App,1,4.25,5.5,3
R02439,2026-03-16,11,Weekday,Downtown,Walk-in,Card,1,4.25,3.5,4
R02440,2026-03-16,11,Weekday,Riverside,Loyalty,Card,1,3.25,4.2,3
R02441,2026-03-16,11,Weekday,University,Loyalty,App,1,3.0,4.9,5
R02442,2026-03-16,11,Weekday,University,Loyalty,App,2,5.95,7.8,3
R02443,2026-03-16,12,Weekday,Downtown,Walk-in,Card,1,3.0,6.0,4
R02444,2026-03-16,12,Weekday,Riverside,Walk-in,Cash,2,7.5,3.9,4
R02445,2026-03-16,12,Weekday,Riverside,Walk-in,Cash,3,13.5,4.6,4
R02446,2026-03-16,12,Weekday,University,Loyalty,App,2,9.25,5.7,4
R02447,2026-03-16,12,Weekday,University,Walk-in,App,1,4.75,4.6,4
R02448,2026-03-16,13,Weekday,Riverside,Loyalty,Cash,2,8.5,4.4,3
R02449,2026-03-16,13,Weekday,Riverside,Walk-in,Card,3,12.25,3.3,4
R02450,2026-03-16,14,Weekday,Downtown,Walk-in,Cash,2,9.25,4.4,5
R02451,2026-03-16,14,Weekday,Downtown,Walk-in,Card,2,8.75,4.0,4
R02452,2026-03-16,14,Weekday,University,Walk-in,App,5,18.95,7.8,3
R02453,2026-03-16,14,Weekday,University,Walk-in,App,1,3.0,5.3,4
R02454,2026-03-16,15,Weekday,University,Loyalty,App,1,3.25,4.7,4
R02455,2026-03-16,15,Weekday,University,Walk-in,Card,2,9.0,4.7,3
R02456,2026-03-16,16,Weekday,University,Walk-in,App,1,2.95,5.2,4
R02457,2026-03-16,17,Weekday,Downtown,Loyalty,Card,1,4.25,3.6,5
R02458,2026-03-16,18,Weekday,Downtown,Walk-in,Card,2,6.25,3.4,4
R02459,2026-03-17,7,Weekday,University,Walk-in,App,3,11.75,5.3,5
R02460,2026-03-17,8,Weekday,Downtown,Walk-in,App,2,7.25,8.5,2
R02461,2026-03-17,8,Weekday,Downtown,Loyalty,Card,4,15.0,7.4,4
R02462,2026-03-17,8,Weekday,Riverside,Walk-in,Card,1,3.25,4.0,4
R02463,2026-03-17,9,Weekday,Downtown,Walk-in,Card,1,4.5,4.9,4
R02464,2026-03-17,9,Weekday,Riverside,Walk-in,Card,4,16.75,5.4,4
R02465,2026-03-17,10,Weekday,Downtown,Loyalty,App,1,4.25,3.7,4
R02466,2026-03-17,10,Weekday,Downtown,Walk-in,Cash,1,4.5,3.8,4
R02467,2026-03-17,10,Weekday,Riverside,Loyalty,Card,2,9.0,3.5,5
R02468,2026-03-17,10,Weekday,Riverside,Walk-in,Card,2,7.45,3.6,4
R02469,2026-03-17,10,Weekday,Riverside,Walk-in,Card,2,7.7,6.2,2
R02470,2026-03-17,10,Weekday,University,Loyalty,App,3,13.25,5.3,5
R02471,2026-03-17,11,Weekday,Downtown,Walk-in,Card,4,17.5,5.2,3
R02472,2026-03-17,11,Weekday,University,Loyalty,App,2,7.7,4.7,5
R02473,2026-03-17,12,Weekday,Downtown,Loyalty,App,3,12.2,5.4,4
R02474,2026-03-17,13,Weekday,Downtown,Walk-in,App,1,4.75,5.7,4
R02475,2026-03-17,13,Weekday,Downtown,Loyalty,App,1,3.25,4.9,5
R02476,2026-03-17,13,Weekday,University,Walk-in,Card,2,7.75,8.6,4
R02477,2026-03-17,14,Weekday,University,Walk-in,App,2,7.2,5.9,4
R02478,2026-03-17,14,Weekday,University,Loyalty,App,1,4.5,4.3,5
R02479,2026-03-17,15,Weekday,University,Loyalty,App,1,2.95,5.8,5
R02480,2026-03-17,16,Weekday,University,Walk-in,Card,1,3.25,4.3,3
R02481,2026-03-17,17,Weekday,Downtown,Loyalty,Card,2,7.2,5.8,3
R02482,2026-03-17,17,Weekday,Downtown,Walk-in,App,1,4.25,7.9,2
R02483,2026-03-17,18,Weekday,Downtown,Loyalty,App,2,9.0,5.7,3
R02484,2026-03-17,18,Weekday,Downtown,Walk-in,Card,2,6.2,3.4,4
R02485,2026-03-18,7,Weekday,Downtown,Walk-in,Card,1,4.25,5.3,3
R02486,2026-03-18,8,Weekday,Downtown,Walk-in,Card,2,7.45,6.1,4
R02487,2026-03-18,8,Weekday,Downtown,Loyalty,Card,2,6.5,6.7,4
R02488,2026-03-18,8,Weekday,Downtown,Loyalty,App,3,11.25,7.4,3
R02489,2026-03-18,9,Weekday,Downtown,Walk-in,Card,3,11.75,5.5,4
R02490,2026-03-18,9,Weekday,Downtown,Walk-in,App,1,2.95,5.4,4
R02491,2026-03-18,9,Weekday,Downtown,Loyalty,Card,1,4.5,5.0,5
R02492,2026-03-18,9,Weekday,Riverside,Loyalty,Cash,4,15.0,4.1,4
R02493,2026-03-18,9,Weekday,Riverside,Walk-in,App,2,8.75,4.6,4
R02494,2026-03-18,9,Weekday,Riverside,Walk-in,Card,3,12.25,5.2,5
R02495,2026-03-18,10,Weekday,Downtown,Walk-in,Card,2,6.5,6.3,3
R02496,2026-03-18,10,Weekday,Downtown,Walk-in,Card,2,7.25,5.2,3
R02497,2026-03-18,10,Weekday,University,Walk-in,App,1,3.0,6.0,4
R02498,2026-03-18,11,Weekday,Downtown,Walk-in,Card,1,2.95,4.7,3
R02499,2026-03-18,11,Weekday,Downtown,Walk-in,Card,2,5.95,5.3,3
R02500,2026-03-18,11,Weekday,Riverside,Loyalty,Card,3,9.25,4.8,4
R02501,2026-03-18,11,Weekday,University,Walk-in,Cash,2,8.75,5.2,4
R02502,2026-03-18,11,Weekday,University,Walk-in,Card,2,8.0,4.6,5
R02503,2026-03-18,12,Weekday,Downtown,Walk-in,App,1,4.25,5.5,4
R02504,2026-03-18,12,Weekday,Riverside,Walk-in,Cash,1,4.5,4.4,4
R02505,2026-03-18,12,Weekday,Riverside,Walk-in,Card,1,4.75,2.8,5
R02506,2026-03-18,12,Weekday,University,Loyalty,App,2,7.5,5.4,4
R02507,2026-03-18,12,Weekday,University,Loyalty,App,1,4.5,5.0,4
R02508,2026-03-18,13,Weekday,Downtown,Loyalty,Card,1,4.5,4.4,4
R02509,2026-03-18,13,Weekday,University,Loyalty,App,2,7.2,5.9,4
R02510,2026-03-18,14,Weekday,University,Walk-in,Card,1,4.75,5.1,4
R02511,2026-03-18,15,Weekday,Downtown,Walk-in,Cash,2,8.75,3.9,5
R02512,2026-03-18,15,Weekday,Riverside,Walk-in,Card,2,6.25,4.1,3
R02513,2026-03-18,16,Weekday,Riverside,Loyalty,Cash,2,7.75,4.8,3
R02514,2026-03-18,16,Weekday,University,Loyalty,Card,3,12.0,4.8,3
R02515,2026-03-18,16,Weekday,University,Loyalty,App,2,9.0,5.8,5
R02516,2026-03-18,17,Weekday,Downtown,Walk-in,Card,3,13.75,6.0,4
R02517,2026-03-18,17,Weekday,Riverside,Walk-in,App,2,8.0,3.9,4
R02518,2026-03-18,17,Weekday,Riverside,Loyalty,Card,3,13.0,5.2,4
R02519,2026-03-18,17,Weekday,University,Walk-in,Card,3,10.75,4.1,5
R02520,2026-03-19,7,Weekday,Downtown,Walk-in,Card,3,11.95,5.9,4
R02521,2026-03-19,7,Weekday,Downtown,Loyalty,App,1,4.5,5.8,3
R02522,2026-03-19,7,Weekday,Downtown,Walk-in,Card,2,7.5,5.3,4
R02523,2026-03-19,7,Weekday,Riverside,Loyalty,App,2,7.75,3.6,5
R02524,2026-03-19,7,Weekday,University,Loyalty,Cash,2,7.7,2.8,5
R02525,2026-03-19,8,Weekday,Downtown,Walk-in,Card,2,7.5,5.9,4
R02526,2026-03-19,8,Weekday,Downtown,Loyalty,App,1,4.5,10.6,3
R02527,2026-03-19,8,Weekday,Downtown,Loyalty,Cash,3,11.75,6.7,5
R02528,2026-03-19,8,Weekday,Downtown,Walk-in,Card,1,4.5,6.1,4
R02529,2026-03-19,8,Weekday,Downtown,Loyalty,Card,1,3.0,8.3,3
R02530,2026-03-19,8,Weekday,Downtown,Loyalty,App,2,7.75,9.0,3
R02531,2026-03-19,8,Weekday,Riverside,Loyalty,Card,4,15.25,6.7,4
R02532,2026-03-19,9,Weekday,Riverside,Walk-in,Card,3,9.2,7.9,3
R02533,2026-03-19,10,Weekday,University,Loyalty,App,1,2.95,8.4,2
R02534,2026-03-19,10,Weekday,University,Walk-in,App,2,7.2,5.2,2
R02535,2026-03-19,11,Weekday,University,Walk-in,Card,1,4.5,4.5,5
R02536,2026-03-19,11,Weekday,University,Loyalty,App,1,4.25,4.8,4
R02537,2026-03-19,12,Weekday,Riverside,Loyalty,App,2,7.45,3.8,5
R02538,2026-03-19,12,Weekday,University,Walk-in,App,2,8.0,5.7,3
R02539,2026-03-19,13,Weekday,Downtown,Walk-in,App,1,3.25,6.9,3
R02540,2026-03-19,13,Weekday,University,Loyalty,App,3,10.75,5.2,4
R02541,2026-03-19,14,Weekday,Riverside,Loyalty,Cash,2,7.45,3.3,4
R02542,2026-03-19,14,Weekday,Riverside,Loyalty,App,3,12.25,4.6,5
R02543,2026-03-19,14,Weekday,University,Loyalty,Card,3,11.95,5.0,4
R02544,2026-03-19,14,Weekday,University,Walk-in,App,3,10.7,5.8,4
R02545,2026-03-19,15,Weekday,University,Walk-in,Card,2,7.45,5.3,3
R02546,2026-03-19,16,Weekday,Downtown,Loyalty,App,5,21.7,5.7,5
R02547,2026-03-19,16,Weekday,Downtown,Loyalty,Card,4,17.25,5.3,4
R02548,2026-03-19,17,Weekday,Riverside,Walk-in,App,1,3.25,2.6,5
R02549,2026-03-19,18,Weekday,Riverside,Loyalty,App,2,7.5,3.5,4
R02550,2026-03-19,18,Weekday,University,Walk-in,Card,4,11.9,6.9,4
R02551,2026-03-19,18,Weekday,University,Walk-in,App,2,8.75,3.6,5
R02552,2026-03-20,7,Weekday,Downtown,Walk-in,Card,1,4.5,4.6,3
R02553,2026-03-20,7,Weekday,Downtown,Loyalty,Card,2,7.7,4.6,5
R02554,2026-03-20,7,Weekday,University,Loyalty,App,2,7.2,3.1,5
R02555,2026-03-20,8,Weekday,Downtown,Loyalty,App,1,4.25,5.3,4
R02556,2026-03-20,8,Weekday,Downtown,Walk-in,App,2,5.95,6.0,4
R02557,2026-03-20,8,Weekday,Downtown,Loyalty,App,3,13.25,8.2,3
R02558,2026-03-20,8,Weekday,Riverside,Loyalty,Card,1,4.5,3.3,5
R02559,2026-03-20,8,Weekday,University,Walk-in,Card,2,7.45,6.7,3
R02560,2026-03-20,9,Weekday,Downtown,Walk-in,Card,1,3.0,5.4,3
R02561,2026-03-20,9,Weekday,Downtown,Walk-in,Card,4,15.25,6.0,5
R02562,2026-03-20,9,Weekday,Downtown,Walk-in,Card,2,7.7,6.4,4
R02563,2026-03-20,9,Weekday,Downtown,Loyalty,Card,3,13.25,6.1,5
R02564,2026-03-20,9,Weekday,Downtown,Loyalty,App,3,8.95,6.3,3
R02565,2026-03-20,9,Weekday,Downtown,Walk-in,App,3,12.25,6.8,3
R02566,2026-03-20,9,Weekday,Downtown,Walk-in,Card,1,3.25,5.7,3
R02567,2026-03-20,10,Weekday,Riverside,Loyalty,Card,2,7.5,4.2,4
R02568,2026-03-20,10,Weekday,Riverside,Loyalty,Card,3,12.25,6.3,4
R02569,2026-03-20,10,Weekday,University,Walk-in,App,4,15.25,6.0,4
R02570,2026-03-20,10,Weekday,University,Loyalty,App,6,22.0,6.0,4
R02571,2026-03-20,11,Weekday,Riverside,Loyalty,Card,3,11.45,4.1,5
R02572,2026-03-20,11,Weekday,University,Walk-in,App,1,3.25,4.5,4
R02573,2026-03-20,12,Weekday,Downtown,Loyalty,App,2,7.45,5.2,4
R02574,2026-03-20,12,Weekday,Downtown,Loyalty,App,3,14.0,5.3,3
R02575,2026-03-20,12,Weekday,Riverside,Loyalty,Cash,2,7.25,3.7,4
R02576,2026-03-20,12,Weekday,University,Walk-in,App,4,15.75,6.7,3
R02577,2026-03-20,13,Weekday,Downtown,Walk-in,Card,1,4.75,4.5,4
R02578,2026-03-20,13,Weekday,Downtown,Walk-in,Card,1,4.25,4.8,4
R02579,2026-03-20,13,Weekday,University,Loyalty,Card,2,5.9,6.1,2
R02580,2026-03-20,13,Weekday,University,Walk-in,App,1,4.75,4.8,4
R02581,2026-03-20,13,Weekday,University,Walk-in,App,3,10.95,5.9,3
R02582,2026-03-20,13,Weekday,University,Walk-in,App,2,7.25,9.3,4
R02583,2026-03-20,14,Weekday,Downtown,Loyalty,App,2,7.45,4.4,4
R02584,2026-03-20,14,Weekday,University,Walk-in,App,3,9.75,8.7,2
R02585,2026-03-20,14,Weekday,University,Walk-in,App,2,8.75,4.6,4
R02586,2026-03-20,15,Weekday,Downtown,Walk-in,Card,1,4.5,4.1,3
R02587,2026-03-20,15,Weekday,Riverside,Loyalty,Cash,3,11.95,4.8,5
R02588,2026-03-20,15,Weekday,University,Loyalty,Card,1,4.5,4.5,4
R02589,2026-03-20,15,Weekday,University,Walk-in,App,1,2.95,4.2,3
R02590,2026-03-20,16,Weekday,Downtown,Walk-in,Cash,2,5.9,3.7,3
R02591,2026-03-20,16,Weekday,Downtown,Walk-in,App,2,6.0,5.4,4
R02592,2026-03-20,16,Weekday,Riverside,Walk-in,Card,1,4.5,4.6,3
R02593,2026-03-20,16,Weekday,University,Walk-in,Card,1,3.25,6.3,4
R02594,2026-03-20,16,Weekday,University,Walk-in,App,1,4.5,3.8,5
R02595,2026-03-20,17,Weekday,Downtown,Walk-in,Card,3,9.2,5.3,4
R02596,2026-03-20,18,Weekday,Riverside,Loyalty,Cash,2,9.0,3.4,5
R02597,2026-03-20,18,Weekday,Riverside,Loyalty,Cash,3,12.0,3.3,5
R02598,2026-03-20,18,Weekday,Riverside,Walk-in,Cash,1,3.0,2.0,5
R02599,2026-03-20,18,Weekday,University,Walk-in,App,1,4.25,5.1,3
R02600,2026-03-21,8,Weekend,University,Loyalty,App,2,7.45,3.9,5
R02601,2026-03-21,9,Weekend,Downtown,Walk-in,App,2,7.75,6.9,3
R02602,2026-03-21,9,Weekend,Downtown,Walk-in,Card,2,7.25,6.3,4
R02603,2026-03-21,9,Weekend,Riverside,Loyalty,Card,6,22.5,9.6,2
R02604,2026-03-21,9,Weekend,Riverside,Walk-in,Card,1,4.75,3.0,5
R02605,2026-03-21,9,Weekend,Riverside,Loyalty,App,3,9.15,4.7,3
R02606,2026-03-21,9,Weekend,University,Loyalty,App,2,8.5,3.7,4
R02607,2026-03-21,9,Weekend,University,Loyalty,App,1,3.25,5.0,4
R02608,2026-03-21,9,Weekend,University,Walk-in,App,2,9.0,3.5,4
R02609,2026-03-21,9,Weekend,University,Loyalty,Cash,2,9.25,3.9,4
R02610,2026-03-21,9,Weekend,University,Loyalty,App,3,11.0,4.9,4
R02611,2026-03-21,9,Weekend,University,Loyalty,Cash,1,3.0,4.9,3
R02612,2026-03-21,10,Weekend,Downtown,Walk-in,Card,1,2.95,8.0,3
R02613,2026-03-21,10,Weekend,Riverside,Loyalty,Card,4,16.5,4.8,3
R02614,2026-03-21,10,Weekend,Riverside,Loyalty,Card,1,3.25,4.1,5
R02615,2026-03-21,11,Weekend,Riverside,Walk-in,App,3,10.75,6.9,4
R02616,2026-03-21,11,Weekend,University,Walk-in,Card,2,7.5,7.1,4
R02617,2026-03-21,12,Weekend,Downtown,Loyalty,App,3,13.75,6.3,4
R02618,2026-03-21,12,Weekend,Downtown,Walk-in,App,1,4.25,5.6,3
R02619,2026-03-21,12,Weekend,Downtown,Walk-in,Cash,3,12.0,9.4,3
R02620,2026-03-21,12,Weekend,Riverside,Walk-in,App,2,8.75,4.2,3
R02621,2026-03-21,12,Weekend,University,Walk-in,Card,2,5.95,7.9,3
R02622,2026-03-21,12,Weekend,University,Walk-in,Card,4,15.25,7.4,3
R02623,2026-03-21,13,Weekend,Downtown,Walk-in,Card,1,3.0,5.3,4
R02624,2026-03-21,13,Weekend,Downtown,Loyalty,App,6,22.15,8.4,2
R02625,2026-03-21,13,Weekend,Downtown,Walk-in,Card,2,6.25,5.3,3
R02626,2026-03-21,13,Weekend,Downtown,Walk-in,Card,2,7.7,5.5,4
R02627,2026-03-21,13,Weekend,Riverside,Loyalty,Cash,3,12.0,3.4,4
R02628,2026-03-21,14,Weekend,Riverside,Walk-in,Cash,1,3.0,3.8,5
R02629,2026-03-21,14,Weekend,University,Loyalty,App,5,18.25,5.5,4
R02630,2026-03-21,14,Weekend,University,Walk-in,Card,1,3.25,5.1,4
R02631,2026-03-21,14,Weekend,University,Walk-in,App,2,7.75,6.4,2
R02632,2026-03-21,15,Weekend,Downtown,Walk-in,Card,3,13.25,6.1,4
R02633,2026-03-21,15,Weekend,Riverside,Loyalty,Cash,6,24.25,5.1,4
R02634,2026-03-21,16,Weekend,University,Loyalty,App,1,4.5,3.5,4
R02635,2026-03-21,17,Weekend,Downtown,Loyalty,App,2,7.45,3.9,4
R02636,2026-03-21,17,Weekend,Riverside,Walk-in,Card,2,6.2,3.0,5
R02637,2026-03-21,17,Weekend,University,Loyalty,Card,2,7.2,6.0,4
R02638,2026-03-21,17,Weekend,University,Walk-in,App,2,7.25,4.0,5
R02639,2026-03-21,18,Weekend,Downtown,Loyalty,App,1,4.5,5.5,4
R02640,2026-03-21,18,Weekend,Downtown,Walk-in,Card,1,2.95,3.5,4
R02641,2026-03-21,18,Weekend,Downtown,Loyalty,Card,2,6.5,4.0,5
R02642,2026-03-22,7,Weekend,Downtown,Walk-in,Card,1,4.75,4.6,4
R02643,2026-03-22,7,Weekend,Downtown,Walk-in,App,1,4.5,3.4,5
R02644,2026-03-22,8,Weekend,Downtown,Walk-in,Card,2,9.0,6.2,4
R02645,2026-03-22,8,Weekend,Riverside,Walk-in,App,1,4.5,3.8,3
R02646,2026-03-22,9,Weekend,Downtown,Walk-in,App,1,2.95,8.1,3
R02647,2026-03-22,9,Weekend,Downtown,Loyalty,Cash,1,2.95,5.1,5
R02648,2026-03-22,9,Weekend,Riverside,Walk-in,App,1,4.25,3.4,4
R02649,2026-03-22,9,Weekend,Riverside,Walk-in,Cash,1,4.25,2.8,5
R02650,2026-03-22,10,Weekend,Downtown,Loyalty,Card,1,4.75,5.4,4
R02651,2026-03-22,10,Weekend,Downtown,Walk-in,Card,1,3.25,5.5,4
R02652,2026-03-22,10,Weekend,Downtown,Loyalty,Card,1,3.25,6.8,3
R02653,2026-03-22,10,Weekend,Downtown,Loyalty,Card,2,6.2,9.2,4
R02654,2026-03-22,10,Weekend,Downtown,Walk-in,App,1,4.25,6.5,3
R02655,2026-03-22,10,Weekend,Riverside,Walk-in,Card,2,7.5,3.7,5
R02656,2026-03-22,10,Weekend,University,Walk-in,Card,1,4.25,4.4,4
R02657,2026-03-22,10,Weekend,University,Loyalty,App,1,4.5,4.5,4
R02658,2026-03-22,11,Weekend,Downtown,Loyalty,Card,3,13.5,6.6,2
R02659,2026-03-22,11,Weekend,Downtown,Walk-in,Cash,1,4.75,7.9,3
R02660,2026-03-22,11,Weekend,Downtown,Walk-in,Card,2,7.75,9.7,2
R02661,2026-03-22,11,Weekend,University,Walk-in,App,1,4.25,5.4,4
R02662,2026-03-22,11,Weekend,University,Loyalty,App,3,13.25,6.0,4
R02663,2026-03-22,12,Weekend,Downtown,Loyalty,App,2,9.0,9.3,2
R02664,2026-03-22,12,Weekend,Downtown,Loyalty,Card,1,2.95,6.1,4
R02665,2026-03-22,12,Weekend,Riverside,Walk-in,Cash,2,6.25,3.9,5
R02666,2026-03-22,12,Weekend,Riverside,Loyalty,Card,2,9.0,2.8,5
R02667,2026-03-22,12,Weekend,University,Walk-in,App,3,8.9,7.5,3
R02668,2026-03-22,12,Weekend,University,Loyalty,App,2,8.0,6.4,3
R02669,2026-03-22,13,Weekend,Downtown,Loyalty,App,1,3.0,5.0,5
R02670,2026-03-22,13,Weekend,University,Loyalty,Card,2,9.25,5.2,4
R02671,2026-03-22,13,Weekend,University,Walk-in,Card,2,7.75,4.9,4
R02672,2026-03-22,14,Weekend,Riverside,Walk-in,Cash,1,4.5,2.2,5
R02673,2026-03-22,14,Weekend,Riverside,Walk-in,Card,4,15.5,3.4,5
R02674,2026-03-22,14,Weekend,Riverside,Walk-in,Card,1,2.95,7.1,3
R02675,2026-03-22,15,Weekend,University,Loyalty,App,3,10.5,5.6,5
R02676,2026-03-22,17,Weekend,Riverside,Loyalty,Cash,2,8.0,5.3,5
R02677,2026-03-22,17,Weekend,University,Walk-in,Card,1,4.25,3.2,4
R02678,2026-03-22,17,Weekend,University,Walk-in,Card,1,2.95,3.8,4
R02679,2026-03-23,7,Weekday,Downtown,Loyalty,App,3,13.25,6.3,3
R02680,2026-03-23,7,Weekday,Downtown,Walk-in,Card,3,9.75,9.1,2
R02681,2026-03-23,7,Weekday,Riverside,Walk-in,Card,1,4.5,4.5,4
R02682,2026-03-23,7,Weekday,University,Loyalty,Card,2,7.5,2.7,5
R02683,2026-03-23,8,Weekday,Downtown,Walk-in,Card,1,4.25,6.0,3
R02684,2026-03-23,8,Weekday,Downtown,Loyalty,Card,2,7.75,5.9,3
R02685,2026-03-23,8,Weekday,Riverside,Loyalty,Card,3,10.4,3.5,4
R02686,2026-03-23,8,Weekday,University,Walk-in,Card,2,8.5,3.5,4
R02687,2026-03-23,9,Weekday,Downtown,Walk-in,Card,1,3.0,6.6,4
R02688,2026-03-23,9,Weekday,Downtown,Loyalty,App,2,7.5,7.3,3
R02689,2026-03-23,9,Weekday,Downtown,Walk-in,App,2,5.95,5.6,5
R02690,2026-03-23,9,Weekday,Downtown,Loyalty,App,1,4.5,6.2,4
R02691,2026-03-23,9,Weekday,Riverside,Loyalty,Card,1,4.75,5.0,5
R02692,2026-03-23,9,Weekday,University,Loyalty,Card,2,9.0,6.1,4
R02693,2026-03-23,10,Weekday,Downtown,Loyalty,Card,4,16.0,8.1,3
R02694,2026-03-23,10,Weekday,Downtown,Loyalty,App,3,10.7,5.2,5
R02695,2026-03-23,10,Weekday,University,Loyalty,App,2,7.75,4.7,3
R02696,2026-03-23,10,Weekday,University,Loyalty,Card,2,9.0,5.2,4
R02697,2026-03-23,11,Weekday,University,Walk-in,App,1,4.75,4.7,4
R02698,2026-03-23,12,Weekday,Downtown,Walk-in,Card,3,9.75,7.1,3
R02699,2026-03-23,12,Weekday,Downtown,Walk-in,App,1,4.75,6.3,4
R02700,2026-03-23,12,Weekday,Riverside,Loyalty,Card,4,14.7,4.9,4
R02701,2026-03-23,12,Weekday,Riverside,Loyalty,Cash,3,11.75,3.5,4
R02702,2026-03-23,13,Weekday,Riverside,Loyalty,Card,4,17.25,4.5,4
R02703,2026-03-23,14,Weekday,Downtown,Walk-in,Card,1,4.25,4.0,3
R02704,2026-03-23,14,Weekday,Downtown,Walk-in,Card,1,4.25,4.8,4
R02705,2026-03-23,14,Weekday,Riverside,Walk-in,Card,2,8.0,7.5,5
R02706,2026-03-23,14,Weekday,University,Loyalty,App,1,3.0,7.2,4
R02707,2026-03-23,14,Weekday,University,Walk-in,Cash,1,4.25,4.3,4
R02708,2026-03-23,15,Weekday,University,Walk-in,App,1,3.0,5.0,4
R02709,2026-03-23,16,Weekday,Riverside,Walk-in,Card,1,4.5,4.9,4
R02710,2026-03-23,16,Weekday,University,Walk-in,App,4,14.75,5.5,4
R02711,2026-03-23,16,Weekday,University,Walk-in,App,2,7.75,4.8,4
R02712,2026-03-23,17,Weekday,University,Loyalty,App,1,4.25,4.1,5
R02713,2026-03-23,18,Weekday,University,Loyalty,App,1,4.5,3.0,5
R02714,2026-03-24,7,Weekday,Downtown,Walk-in,Card,2,9.0,7.4,4
R02715,2026-03-24,7,Weekday,University,Walk-in,App,1,4.5,4.3,5
R02716,2026-03-24,8,Weekday,Downtown,Loyalty,Card,2,6.2,6.3,3
R02717,2026-03-24,8,Weekday,Downtown,Walk-in,Card,3,11.0,6.3,2
R02718,2026-03-24,8,Weekday,Riverside,Walk-in,Cash,1,4.5,5.6,5
R02719,2026-03-24,8,Weekday,Riverside,Loyalty,Card,1,4.25,3.1,5
R02720,2026-03-24,8,Weekday,University,Walk-in,Cash,2,7.45,4.1,4
R02721,2026-03-24,8,Weekday,University,Walk-in,App,1,3.0,6.5,2
R02722,2026-03-24,9,Weekday,Downtown,Loyalty,Card,3,12.0,7.7,3
R02723,2026-03-24,9,Weekday,Downtown,Walk-in,Card,1,2.95,5.1,5
R02724,2026-03-24,9,Weekday,Downtown,Walk-in,Card,2,9.25,6.3,4
R02725,2026-03-24,9,Weekday,Riverside,Walk-in,Card,1,4.25,3.2,4
R02726,2026-03-24,9,Weekday,University,Walk-in,Card,1,3.25,6.0,3
R02727,2026-03-24,10,Weekday,Downtown,Walk-in,Card,1,3.0,5.2,5
R02728,2026-03-24,10,Weekday,University,Walk-in,App,1,4.25,4.7,4
R02729,2026-03-24,10,Weekday,University,Walk-in,App,2,7.2,5.9,4
R02730,2026-03-24,10,Weekday,University,Walk-in,Card,2,9.0,7.7,4
R02731,2026-03-24,11,Weekday,Riverside,Loyalty,Card,2,7.5,3.8,4
R02732,2026-03-24,11,Weekday,Riverside,Loyalty,Cash,2,7.2,5.0,4
R02733,2026-03-24,11,Weekday,Riverside,Loyalty,Card,1,2.95,3.5,5
R02734,2026-03-24,12,Weekday,Downtown,Walk-in,Card,3,11.7,7.8,2
R02735,2026-03-24,13,Weekday,University,Walk-in,Card,2,7.75,7.1,4
R02736,2026-03-24,13,Weekday,University,Walk-in,App,2,7.45,7.1,4
R02737,2026-03-24,13,Weekday,University,Loyalty,App,4,17.5,7.2,3
R02738,2026-03-24,14,Weekday,University,Loyalty,App,3,10.45,5.2,3
R02739,2026-03-24,15,Weekday,Downtown,Walk-in,App,2,6.25,3.2,5
R02740,2026-03-24,15,Weekday,Downtown,Walk-in,Card,2,7.45,3.5,5
R02741,2026-03-24,15,Weekday,University,Walk-in,App,1,4.25,5.8,4
R02742,2026-03-24,16,Weekday,Downtown,Walk-in,App,3,12.25,3.9,5
R02743,2026-03-24,16,Weekday,Downtown,Walk-in,App,3,12.0,5.7,3
R02744,2026-03-24,16,Weekday,Riverside,Loyalty,App,2,7.5,3.3,5
R02745,2026-03-24,16,Weekday,University,Walk-in,Card,2,6.25,5.1,5
R02746,2026-03-24,16,Weekday,University,Loyalty,Card,3,12.0,6.2,5
R02747,2026-03-24,17,Weekday,University,Walk-in,Card,3,10.2,6.3,4
R02748,2026-03-24,17,Weekday,University,Walk-in,App,1,4.5,3.5,4
R02749,2026-03-24,18,Weekday,Downtown,Loyalty,Card,4,13.45,5.4,5
R02750,2026-03-24,18,Weekday,Downtown,Walk-in,Card,2,7.5,5.8,4
R02751,2026-03-25,8,Weekday,Downtown,Walk-in,App,2,8.0,7.6,2
R02752,2026-03-25,8,Weekday,Downtown,Walk-in,App,2,7.75,6.9,4
R02753,2026-03-25,8,Weekday,Riverside,Walk-in,App,2,7.75,3.6,3
R02754,2026-03-25,9,Weekday,Downtown,Loyalty,Card,2,6.25,6.3,5
R02755,2026-03-25,9,Weekday,Downtown,Walk-in,App,3,13.0,6.3,2
R02756,2026-03-25,9,Weekday,Riverside,Loyalty,Cash,1,4.75,3.3,5
R02757,2026-03-25,9,Weekday,Riverside,Loyalty,Card,2,9.0,3.7,5
R02758,2026-03-25,9,Weekday,Riverside,Walk-in,Cash,1,3.0,3.8,4
R02759,2026-03-25,9,Weekday,Riverside,Loyalty,Cash,2,9.0,3.7,4
R02760,2026-03-25,9,Weekday,University,Loyalty,App,1,4.5,4.0,4
R02761,2026-03-25,10,Weekday,Riverside,Walk-in,Card,2,7.5,3.8,3
R02762,2026-03-25,10,Weekday,Riverside,Walk-in,Cash,1,4.5,6.5,3
R02763,2026-03-25,10,Weekday,University,Loyalty,App,3,13.5,6.1,4
R02764,2026-03-25,11,Weekday,Downtown,Walk-in,Card,1,4.25,4.3,3
R02765,2026-03-25,11,Weekday,Downtown,Walk-in,Card,2,9.0,7.6,3
R02766,2026-03-25,11,Weekday,Downtown,Loyalty,Card,2,6.2,7.0,3
R02767,2026-03-25,12,Weekday,Downtown,Walk-in,Card,1,2.95,6.9,4
R02768,2026-03-25,12,Weekday,University,Loyalty,App,3,14.0,10.5,2
R02769,2026-03-25,13,Weekday,Downtown,Walk-in,Card,2,8.75,7.3,3
R02770,2026-03-25,13,Weekday,Downtown,Walk-in,Card,1,4.25,5.1,5
R02771,2026-03-25,13,Weekday,Downtown,Walk-in,Card,1,4.75,6.1,5
R02772,2026-03-25,13,Weekday,Downtown,Walk-in,App,2,9.25,5.0,4
R02773,2026-03-25,14,Weekday,Downtown,Walk-in,Card,2,9.25,7.4,2
R02774,2026-03-25,15,Weekday,Downtown,Walk-in,Card,2,9.0,5.2,2
R02775,2026-03-25,15,Weekday,Downtown,Walk-in,App,2,6.25,3.8,4
R02776,2026-03-25,15,Weekday,University,Loyalty,App,2,5.95,4.8,4
R02777,2026-03-25,15,Weekday,University,Loyalty,Card,2,7.5,5.2,3
R02778,2026-03-25,16,Weekday,Downtown,Walk-in,Cash,1,3.0,3.8,5
R02779,2026-03-25,16,Weekday,Downtown,Walk-in,App,2,9.0,3.7,4
R02780,2026-03-25,16,Weekday,Riverside,Walk-in,Cash,3,11.75,3.3,5
R02781,2026-03-25,17,Weekday,Downtown,Loyalty,App,2,8.0,3.8,5
R02782,2026-03-26,7,Weekday,Downtown,Walk-in,Card,1,4.5,7.8,3
R02783,2026-03-26,8,Weekday,Downtown,Walk-in,Card,1,3.0,7.2,3
R02784,2026-03-26,8,Weekday,Downtown,Walk-in,Card,1,4.75,5.6,5
R02785,2026-03-26,8,Weekday,Downtown,Walk-in,Card,2,6.25,7.2,2
R02786,2026-03-26,8,Weekday,Riverside,Walk-in,Card,1,4.5,3.7,5
R02787,2026-03-26,8,Weekday,Riverside,Loyalty,App,2,8.75,5.6,4
R02788,2026-03-26,9,Weekday,Downtown,Walk-in,App,2,7.75,5.7,3
R02789,2026-03-26,9,Weekday,Riverside,Walk-in,Card,2,7.25,4.1,4
R02790,2026-03-26,9,Weekday,Riverside,Loyalty,App,2,7.75,3.5,4
R02791,2026-03-26,9,Weekday,University,Walk-in,Card,1,4.5,5.6,3
R02792,2026-03-26,10,Weekday,Downtown,Loyalty,App,1,4.5,12.0,3
R02793,2026-03-26,10,Weekday,University,Loyalty,Card,2,9.25,8.7,3
R02794,2026-03-26,11,Weekday,Downtown,Walk-in,Card,5,18.7,5.3,4
R02795,2026-03-26,11,Weekday,Riverside,Loyalty,Card,5,17.95,5.5,4
R02796,2026-03-26,12,Weekday,Downtown,Loyalty,App,1,2.95,5.3,4
R02797,2026-03-26,12,Weekday,Riverside,Loyalty,Card,3,13.5,6.5,3
R02798,2026-03-26,12,Weekday,University,Walk-in,Card,1,3.0,4.7,4
R02799,2026-03-26,13,Weekday,Downtown,Loyalty,Card,2,7.7,5.3,4
R02800,2026-03-26,13,Weekday,Downtown,Walk-in,App,1,4.25,5.1,4
R02801,2026-03-26,13,Weekday,Downtown,Walk-in,Cash,3,10.7,5.3,3
R02802,2026-03-26,13,Weekday,Riverside,Loyalty,App,2,6.2,6.0,5
R02803,2026-03-26,13,Weekday,Riverside,Loyalty,Cash,4,16.75,7.4,3
R02804,2026-03-26,13,Weekday,University,Loyalty,App,2,7.7,8.2,1
R02805,2026-03-26,14,Weekday,Riverside,Loyalty,App,1,3.0,3.1,5
R02806,2026-03-26,14,Weekday,Riverside,Loyalty,Card,1,4.5,5.1,3
R02807,2026-03-26,14,Weekday,University,Loyalty,App,2,7.2,5.5,5
R02808,2026-03-26,16,Weekday,Downtown,Walk-in,Card,1,3.25,3.5,4
R02809,2026-03-26,16,Weekday,Riverside,Loyalty,Card,1,3.0,3.3,5
R02810,2026-03-26,16,Weekday,University,Walk-in,App,2,8.0,6.4,4
R02811,2026-03-26,16,Weekday,University,Walk-in,Card,1,4.5,6.0,5
R02812,2026-03-26,17,Weekday,University,Walk-in,App,2,7.45,5.3,5
R02813,2026-03-26,17,Weekday,University,Loyalty,App,5,21.5,6.1,3
R02814,2026-03-26,18,Weekday,Downtown,Loyalty,Card,1,2.95,4.4,4
R02815,2026-03-27,7,Weekday,Downtown,Loyalty,App,2,6.2,5.2,4
R02816,2026-03-27,8,Weekday,Downtown,Walk-in,App,1,3.25,5.9,5
R02817,2026-03-27,8,Weekday,Downtown,Walk-in,Card,1,3.25,5.7,5
R02818,2026-03-27,8,Weekday,Downtown,Walk-in,Card,3,12.25,7.3,3
R02819,2026-03-27,8,Weekday,Riverside,Walk-in,Card,2,8.0,7.0,5
R02820,2026-03-27,8,Weekday,University,Walk-in,Card,2,8.0,3.6,4
R02821,2026-03-27,8,Weekday,University,Walk-in,Card,1,4.5,3.6,4
R02822,2026-03-27,9,Weekday,Downtown,Walk-in,Card,1,4.5,6.5,5
R02823,2026-03-27,9,Weekday,Downtown,Loyalty,Card,4,13.75,10.8,2
R02824,2026-03-27,9,Weekday,Riverside,Walk-in,Card,3,13.5,4.0,4
R02825,2026-03-27,10,Weekday,Downtown,Walk-in,Card,1,4.5,4.2,4
R02826,2026-03-27,10,Weekday,Riverside,Walk-in,Cash,3,12.25,4.9,5
R02827,2026-03-27,12,Weekday,Downtown,Walk-in,App,3,13.5,5.8,4
R02828,2026-03-27,13,Weekday,Downtown,Walk-in,Card,2,7.75,5.7,4
R02829,2026-03-27,13,Weekday,Riverside,Walk-in,Card,4,17.75,3.9,4
R02830,2026-03-27,13,Weekday,University,Loyalty,Card,3,11.0,7.2,4
R02831,2026-03-27,13,Weekday,University,Walk-in,Card,2,6.2,7.6,4
R02832,2026-03-27,13,Weekday,University,Loyalty,App,1,3.25,4.8,5
R02833,2026-03-27,15,Weekday,Downtown,Walk-in,Card,2,7.5,7.8,3
R02834,2026-03-27,16,Weekday,Downtown,Walk-in,Card,4,16.25,4.6,4
R02835,2026-03-27,16,Weekday,Downtown,Walk-in,App,2,8.5,4.4,5
R02836,2026-03-27,16,Weekday,Riverside,Walk-in,Cash,2,7.7,3.0,4
R02837,2026-03-27,16,Weekday,University,Walk-in,App,1,3.25,5.1,5
R02838,2026-03-27,17,Weekday,Downtown,Walk-in,Card,1,3.25,3.2,4
R02839,2026-03-28,7,Weekend,Downtown,Loyalty,App,2,6.0,5.9,4
R02840,2026-03-28,8,Weekend,Downtown,Loyalty,Card,2,7.75,6.5,4
R02841,2026-03-28,8,Weekend,Downtown,Walk-in,Card,1,4.25,4.0,3
R02842,2026-03-28,8,Weekend,Downtown,Walk-in,App,3,11.7,7.3,5
R02843,2026-03-28,8,Weekend,Downtown,Walk-in,Card,1,4.5,4.0,3
R02844,2026-03-28,8,Weekend,Downtown,Loyalty,App,1,3.25,4.3,4
R02845,2026-03-28,8,Weekend,Riverside,Loyalty,App,1,4.5,6.1,4
R02846,2026-03-28,9,Weekend,Downtown,Loyalty,App,2,5.95,6.8,4
R02847,2026-03-28,9,Weekend,Downtown,Walk-in,Card,2,6.0,6.5,2
R02848,2026-03-28,9,Weekend,Downtown,Walk-in,App,1,4.75,7.0,4
R02849,2026-03-28,9,Weekend,Downtown,Loyalty,Card,5,19.75,9.6,2
R02850,2026-03-28,9,Weekend,Riverside,Loyalty,App,1,4.5,4.3,5
R02851,2026-03-28,9,Weekend,Riverside,Loyalty,App,1,3.0,4.5,5
R02852,2026-03-28,9,Weekend,University,Walk-in,Card,3,10.25,6.6,4
R02853,2026-03-28,9,Weekend,University,Walk-in,App,1,4.25,3.6,3
R02854,2026-03-28,9,Weekend,University,Loyalty,App,4,11.85,4.5,5
R02855,2026-03-28,10,Weekend,Downtown,Loyalty,Card,5,19.2,8.1,3
R02856,2026-03-28,10,Weekend,Downtown,Walk-in,Card,1,4.75,6.4,4
R02857,2026-03-28,10,Weekend,Downtown,Loyalty,Card,4,15.2,6.6,4
R02858,2026-03-28,10,Weekend,Downtown,Walk-in,Card,1,3.0,8.8,3
R02859,2026-03-28,10,Weekend,Riverside,Loyalty,App,3,11.7,5.0,4
R02860,2026-03-28,10,Weekend,Riverside,Loyalty,Card,2,7.2,6.2,4
R02861,2026-03-28,11,Weekend,Downtown,Walk-in,Card,2,7.5,6.8,4
R02862,2026-03-28,11,Weekend,Downtown,Walk-in,App,2,8.75,7.3,3
R02863,2026-03-28,11,Weekend,Downtown,Loyalty,App,3,10.5,11.3,2
R02864,2026-03-28,11,Weekend,Downtown,Loyalty,Card,3,13.0,9.1,3
R02865,2026-03-28,11,Weekend,Riverside,Loyalty,App,4,13.45,4.7,3
R02866,2026-03-28,11,Weekend,Riverside,Loyalty,Card,2,8.75,3.7,5
R02867,2026-03-28,11,Weekend,Riverside,Loyalty,Card,3,12.0,4.0,4
R02868,2026-03-28,11,Weekend,University,Walk-in,Card,2,9.0,6.9,4
R02869,2026-03-28,12,Weekend,Downtown,Walk-in,App,3,13.5,8.0,3
R02870,2026-03-28,12,Weekend,Downtown,Loyalty,Card,3,11.45,6.1,2
R02871,2026-03-28,12,Weekend,Downtown,Walk-in,Card,1,3.25,7.7,3
R02872,2026-03-28,12,Weekend,Downtown,Loyalty,App,4,16.25,6.6,4
R02873,2026-03-28,12,Weekend,Riverside,Loyalty,Cash,2,7.5,4.3,5
R02874,2026-03-28,12,Weekend,University,Walk-in,Card,2,7.25,6.4,3
R02875,2026-03-28,12,Weekend,University,Loyalty,App,1,4.25,5.2,4
R02876,2026-03-28,13,Weekend,Downtown,Walk-in,Card,1,2.95,8.3,3
R02877,2026-03-28,13,Weekend,University,Walk-in,Card,1,4.75,5.9,5
R02878,2026-03-28,13,Weekend,University,Loyalty,Card,2,7.45,6.2,4
R02879,2026-03-28,13,Weekend,University,Walk-in,App,1,4.25,5.3,3
R02880,2026-03-28,14,Weekend,Downtown,Loyalty,App,2,7.75,5.5,5
R02881,2026-03-28,14,Weekend,Downtown,Walk-in,Cash,2,9.0,6.1,4
R02882,2026-03-28,14,Weekend,University,Loyalty,App,4,14.95,5.8,4
R02883,2026-03-28,15,Weekend,Downtown,Walk-in,App,2,8.75,5.0,4
R02884,2026-03-28,15,Weekend,Riverside,Walk-in,Card,3,13.0,3.1,5
R02885,2026-03-28,17,Weekend,Riverside,Loyalty,App,5,21.75,5.8,4
R02886,2026-03-28,18,Weekend,Downtown,Walk-in,Card,1,2.95,3.9,5
R02887,2026-03-28,18,Weekend,University,Loyalty,App,3,10.75,4.2,3
R02888,2026-03-29,7,Weekend,Downtown,Loyalty,App,3,12.25,5.0,4
R02889,2026-03-29,8,Weekend,Riverside,Loyalty,App,2,9.0,2.9,5
R02890,2026-03-29,9,Weekend,Downtown,Loyalty,Card,1,3.0,6.6,3
R02891,2026-03-29,9,Weekend,Downtown,Walk-in,Card,3,12.2,5.9,4
R02892,2026-03-29,9,Weekend,Downtown,Walk-in,Cash,2,6.2,5.2,3
R02893,2026-03-29,9,Weekend,Riverside,Loyalty,Card,2,7.5,3.7,5
R02894,2026-03-29,9,Weekend,Riverside,Loyalty,Cash,2,8.0,4.3,5
R02895,2026-03-29,9,Weekend,University,Loyalty,App,1,4.5,5.2,4
R02896,2026-03-29,10,Weekend,Downtown,Loyalty,App,2,9.25,6.9,5
R02897,2026-03-29,10,Weekend,University,Loyalty,Card,1,2.95,4.7,5
R02898,2026-03-29,11,Weekend,Downtown,Walk-in,Card,2,7.25,7.6,3
R02899,2026-03-29,11,Weekend,Downtown,Walk-in,Card,3,11.25,8.9,2
R02900,2026-03-29,11,Weekend,Downtown,Walk-in,Card,3,11.75,7.0,3
R02901,2026-03-29,11,Weekend,Downtown,Walk-in,App,1,4.25,6.9,3
R02902,2026-03-29,11,Weekend,Riverside,Loyalty,App,4,16.2,7.6,3
R02903,2026-03-29,11,Weekend,Riverside,Walk-in,App,1,3.0,7.3,3
R02904,2026-03-29,11,Weekend,University,Walk-in,App,2,7.2,4.9,4
R02905,2026-03-29,12,Weekend,Downtown,Walk-in,App,1,3.0,5.3,3
R02906,2026-03-29,12,Weekend,Downtown,Walk-in,App,2,9.25,5.8,3
R02907,2026-03-29,12,Weekend,Downtown,Loyalty,Card,1,4.5,5.6,5
R02908,2026-03-29,12,Weekend,Riverside,Loyalty,Card,3,12.0,3.6,5
R02909,2026-03-29,12,Weekend,Riverside,Loyalty,Card,3,10.7,4.3,5
R02910,2026-03-29,12,Weekend,Riverside,Loyalty,Card,4,13.4,4.8,5
R02911,2026-03-29,13,Weekend,Downtown,Loyalty,Card,3,13.75,6.5,3
R02912,2026-03-29,13,Weekend,Downtown,Walk-in,App,2,8.75,5.4,5
R02913,2026-03-29,13,Weekend,Downtown,Loyalty,Card,1,4.5,7.2,4
R02914,2026-03-29,13,Weekend,Downtown,Walk-in,App,1,3.25,7.3,3
R02915,2026-03-29,13,Weekend,University,Loyalty,Card,3,11.95,5.4,5
R02916,2026-03-29,13,Weekend,University,Loyalty,App,3,10.7,5.0,4
R02917,2026-03-29,13,Weekend,University,Loyalty,App,1,3.25,4.7,5
R02918,2026-03-29,13,Weekend,University,Loyalty,App,3,12.2,6.2,3
R02919,2026-03-29,13,Weekend,University,Walk-in,Card,1,4.25,4.9,4
R02920,2026-03-29,14,Weekend,Downtown,Walk-in,App,2,7.5,6.1,2
R02921,2026-03-29,14,Weekend,Downtown,Walk-in,Card,1,3.0,6.7,4
R02922,2026-03-29,14,Weekend,Downtown,Walk-in,Cash,1,3.25,5.3,3
R02923,2026-03-29,14,Weekend,Riverside,Walk-in,Card,2,7.5,6.9,4
R02924,2026-03-29,14,Weekend,University,Walk-in,Card,2,5.9,5.1,4
R02925,2026-03-29,14,Weekend,University,Loyalty,App,2,7.45,5.6,4
R02926,2026-03-29,15,Weekend,University,Walk-in,App,1,2.95,4.0,4
R02927,2026-03-29,15,Weekend,University,Loyalty,App,2,7.2,4.5,3
R02928,2026-03-29,17,Weekend,Downtown,Walk-in,App,3,11.0,6.0,4
R02929,2026-03-29,17,Weekend,Riverside,Loyalty,Card,4,15.0,3.7,4
R02930,2026-03-29,17,Weekend,University,Walk-in,Card,1,4.75,4.3,4
R02931,2026-03-29,18,Weekend,Riverside,Walk-in,Card,2,7.75,2.8,5
R02932,2026-03-30,7,Weekday,Downtown,Walk-in,App,1,3.0,8.9,3
R02933,2026-03-30,7,Weekday,Downtown,Walk-in,Card,2,7.75,5.3,4
R02934,2026-03-30,7,Weekday,Riverside,Walk-in,Cash,1,3.25,3.1,5
R02935,2026-03-30,7,Weekday,University,Walk-in,App,2,9.25,3.5,4
R02936,2026-03-30,8,Weekday,Downtown,Walk-in,Card,2,9.25,8.3,2
R02937,2026-03-30,8,Weekday,Downtown,Loyalty,App,5,17.95,7.2,3
R02938,2026-03-30,8,Weekday,Riverside,Loyalty,App,4,13.2,4.5,4
R02939,2026-03-30,9,Weekday,Downtown,Walk-in,Card,1,4.5,6.0,3
R02940,2026-03-30,9,Weekday,Downtown,Walk-in,Card,3,10.45,6.1,4
R02941,2026-03-30,9,Weekday,University,Walk-in,App,2,7.75,4.0,4
R02942,2026-03-30,9,Weekday,University,Loyalty,Card,2,6.5,5.1,4
R02943,2026-03-30,10,Weekday,Downtown,Walk-in,Card,1,4.5,4.0,4
R02944,2026-03-30,10,Weekday,Riverside,Walk-in,Cash,2,7.5,3.4,4
R02945,2026-03-30,10,Weekday,Riverside,Loyalty,Card,2,9.0,5.9,4
R02946,2026-03-30,10,Weekday,Riverside,Walk-in,App,2,8.75,4.0,4
R02947,2026-03-30,11,Weekday,Downtown,Loyalty,App,1,2.95,3.5,5
R02948,2026-03-30,11,Weekday,Riverside,Loyalty,Card,3,10.45,3.9,5
R02949,2026-03-30,11,Weekday,Riverside,Loyalty,Cash,1,4.5,2.8,5
R02950,2026-03-30,12,Weekday,Downtown,Walk-in,App,2,8.75,5.6,5
R02951,2026-03-30,12,Weekday,Downtown,Loyalty,Card,2,6.5,7.7,3
R02952,2026-03-30,12,Weekday,Downtown,Loyalty,App,1,4.25,4.6,4
R02953,2026-03-30,12,Weekday,University,Loyalty,App,3,10.7,6.7,3
R02954,2026-03-30,12,Weekday,University,Loyalty,App,1,4.5,6.3,3
R02955,2026-03-30,13,Weekday,Downtown,Walk-in,Card,1,4.75,8.5,3
R02956,2026-03-30,13,Weekday,Riverside,Walk-in,Cash,2,9.5,5.3,4
R02957,2026-03-30,13,Weekday,Riverside,Loyalty,Cash,2,6.5,4.1,4
R02958,2026-03-30,13,Weekday,University,Walk-in,Card,1,2.95,6.4,3
R02959,2026-03-30,14,Weekday,Downtown,Loyalty,Card,3,12.75,4.7,5
R02960,2026-03-30,14,Weekday,Downtown,Walk-in,Card,3,12.0,3.9,4
R02961,2026-03-30,14,Weekday,University,Loyalty,App,1,4.5,6.9,4
R02962,2026-03-30,15,Weekday,University,Loyalty,App,1,3.25,5.5,4
R02963,2026-03-30,16,Weekday,Downtown,Loyalty,Card,2,8.75,3.6,4
R02964,2026-03-30,16,Weekday,Riverside,Walk-in,Card,2,6.25,3.3,5
R02965,2026-03-30,17,Weekday,University,Loyalty,App,3,11.7,4.0,4
R02966,2026-03-30,18,Weekday,University,Walk-in,App,1,4.25,3.9,5
R02967,2026-03-31,8,Weekday,Downtown,Walk-in,App,2,9.25,6.4,4
R02968,2026-03-31,8,Weekday,Downtown,Walk-in,Card,2,7.45,8.3,3
R02969,2026-03-31,8,Weekday,Downtown,Walk-in,Cash,1,4.5,6.7,4
R02970,2026-03-31,8,Weekday,University,Walk-in,App,1,3.25,4.2,4
R02971,2026-03-31,9,Weekday,Downtown,Loyalty,Card,4,16.0,6.5,4
R02972,2026-03-31,10,Weekday,Downtown,Walk-in,Card,2,7.25,4.5,4
R02973,2026-03-31,10,Weekday,Riverside,Loyalty,App,3,11.75,7.3,4
R02974,2026-03-31,11,Weekday,Downtown,Walk-in,Card,2,7.75,4.1,5
R02975,2026-03-31,11,Weekday,Downtown,Walk-in,Card,1,3.0,5.1,2
R02976,2026-03-31,11,Weekday,Riverside,Loyalty,Card,2,7.75,3.8,4
R02977,2026-03-31,11,Weekday,Riverside,Loyalty,App,4,15.7,4.9,3
R02978,2026-03-31,11,Weekday,Riverside,Walk-in,Card,4,16.7,4.7,4
R02979,2026-03-31,11,Weekday,University,Walk-in,Card,1,4.5,5.0,5
R02980,2026-03-31,11,Weekday,University,Loyalty,App,1,4.5,6.2,4
R02981,2026-03-31,11,Weekday,University,Walk-in,App,3,13.25,5.4,5
R02982,2026-03-31,12,Weekday,Downtown,Walk-in,App,2,7.5,5.4,3
R02983,2026-03-31,12,Weekday,Riverside,Loyalty,App,4,13.15,4.0,4
R02984,2026-03-31,12,Weekday,Riverside,Walk-in,Card,5,18.0,4.2,4
R02985,2026-03-31,12,Weekday,University,Walk-in,Card,2,6.5,8.7,2
R02986,2026-03-31,13,Weekday,Downtown,Walk-in,App,1,2.95,3.9,5
R02987,2026-03-31,13,Weekday,Downtown,Walk-in,App,2,8.75,4.8,3
R02988,2026-03-31,13,Weekday,Riverside,Loyalty,Card,2,7.5,3.0,5
R02989,2026-03-31,13,Weekday,University,Loyalty,App,2,7.5,7.4,4
R02990,2026-03-31,14,Weekday,Downtown,Walk-in,Card,1,3.25,6.3,4
R02991,2026-03-31,14,Weekday,Downtown,Walk-in,App,3,12.25,3.8,4
R02992,2026-03-31,14,Weekday,Downtown,Walk-in,App,2,6.2,5.1,4
R02993,2026-03-31,16,Weekday,Downtown,Walk-in,Cash,1,3.0,3.7,4
R02994,2026-03-31,16,Weekday,Downtown,Loyalty,App,2,9.0,4.5,5
R02995,2026-03-31,16,Weekday,Downtown,Loyalty,App,2,8.0,3.8,5
R02996,2026-03-31,16,Weekday,Riverside,Loyalty,Card,2,7.5,4.3,4
R02997,2026-03-31,17,Weekday,University,Loyalty,App,1,3.25,4.0,3
R02998,2026-03-31,17,Weekday,University,Loyalty,App,1,4.5,3.6,4
R02999,2026-03-31,18,Weekday,Riverside,Walk-in,App,2,6.2,2.6,5
R03000,2026-03-31,18,Weekday,Riverside,Walk-in,Card,1,4.25,1.9,5
