member_id,home_store,tenure_months,visits_90d,days_since_last_visit,avg_ticket,mobile_app,offers_redeemed_90d,winback_email_sent,churned
50001,University,19,29,3,9.47,1,2,0,0
50002,Riverside,37,2,23,7.03,1,0,0,0
50003,Downtown,53,9,6,5.56,0,2,0,0
50004,University,38,12,3,8.18,0,3,0,0
50005,Riverside,28,3,48,8.81,1,1,0,0
50006,Downtown,48,23,5,7.81,0,5,0,0
50007,University,50,15,27,6.82,1,1,0,0
50008,Downtown,39,11,3,6.74,1,3,0,0
50009,University,8,7,8,4.77,0,2,0,0
50010,Downtown,34,16,3,6.42,1,3,0,0
50011,Downtown,15,11,2,5.05,0,1,0,0
50012,Downtown,57,9,12,6.2,0,4,0,0
50013,University,18,11,12,8.23,0,2,1,0
50014,Downtown,11,7,36,6.38,1,1,0,0
50015,Riverside,51,9,4,8.5,1,2,0,0
50016,Riverside,49,14,5,7.91,0,0,0,0
50017,Downtown,50,9,5,7.83,1,1,0,0
50018,University,59,11,2,9.48,1,1,0,0
50019,University,9,26,4,6.97,1,2,0,0
50020,Downtown,12,8,44,3.07,1,2,0,0
50021,Downtown,41,10,11,7.25,1,4,1,0
50022,Downtown,49,6,10,6.53,0,2,0,0
50023,Downtown,4,1,32,6.12,1,1,1,1
50024,Riverside,20,1,30,4.24,0,1,1,1
50025,University,7,24,3,9.43,0,2,0,0
50026,Downtown,59,13,2,6.48,1,4,0,0
50027,Riverside,12,11,5,6.78,0,2,0,0
50028,Downtown,32,4,4,6.79,1,1,1,0
50029,University,55,32,3,7.08,1,3,0,0
50030,University,39,21,7,6.11,0,2,0,0
50031,Downtown,10,10,13,7.23,0,0,1,1
50032,Riverside,26,7,24,8.13,1,2,0,0
50033,University,26,0,144,8.49,1,0,1,1
50034,Downtown,24,6,25,5.75,0,3,1,1
50035,Downtown,15,2,50,5.65,1,1,0,0
50036,Riverside,15,21,10,11.15,0,2,0,0
50037,Riverside,1,8,23,8.25,1,2,1,0
50038,Downtown,17,2,19,7.67,0,1,0,0
50039,Riverside,5,9,5,7.25,0,0,1,1
50040,University,21,14,3,6.15,0,1,1,1
50041,Downtown,59,9,1,8.73,1,3,0,0
50042,University,35,18,2,9.09,1,2,0,0
50043,Downtown,60,3,20,7.82,1,0,1,1
50044,University,52,45,3,5.56,1,1,0,0
50045,Downtown,40,18,6,6.79,0,3,0,0
50046,University,26,6,4,8.06,0,5,0,0
50047,Downtown,35,11,18,6.56,1,4,0,0
50048,Riverside,32,1,49,8.97,0,0,1,1
50049,Downtown,14,40,11,7.37,0,2,0,0
50050,Downtown,38,1,9,7.46,1,0,0,0
50051,Downtown,53,2,2,7.29,0,0,1,0
50052,Downtown,41,11,16,6.19,0,2,1,1
50053,Riverside,50,44,0,7.16,0,1,0,0
50054,Downtown,36,4,34,7.49,1,2,0,0
50055,Downtown,7,20,7,8.38,0,1,1,1
50056,Riverside,58,4,0,6.64,0,1,0,0
50057,Downtown,25,15,7,3.99,1,3,0,0
50058,University,29,9,12,9.44,1,1,1,0
50059,University,18,17,7,7.25,0,3,0,0
50060,Riverside,58,5,39,6.65,1,3,0,0
50061,Riverside,49,6,12,7.27,1,3,0,0
50062,Riverside,22,6,19,9.62,1,3,0,0
50063,Downtown,17,26,7,8.41,0,4,0,0
50064,Downtown,49,12,14,8.85,1,2,0,0
50065,Downtown,60,38,1,5.33,0,4,0,0
50066,University,29,6,8,5.97,0,2,0,0
50067,Downtown,1,4,5,6.27,0,3,0,0
50068,Downtown,37,30,3,6.68,0,4,0,0
50069,Downtown,28,1,24,8.05,1,0,1,1
50070,University,28,18,7,6.41,1,3,0,0
50071,Riverside,46,6,17,5.38,0,3,1,1
50072,Downtown,52,15,10,7.34,1,1,1,0
50073,University,32,20,6,8.8,0,3,0,0
50074,University,38,14,7,6.18,0,1,1,0
50075,Downtown,38,7,11,8.17,1,1,0,0
50076,Downtown,16,18,4,5.75,1,3,0,0
50077,Riverside,43,5,11,7.52,0,1,1,1
50078,Downtown,51,11,7,4.64,1,1,0,0
50079,Riverside,12,2,48,7.74,0,2,0,0
50080,University,26,1,18,7.3,0,0,0,1
50081,University,14,16,3,7.73,0,4,0,0
50082,Downtown,17,14,25,6.72,0,2,0,0
50083,Downtown,46,24,4,6.85,1,2,0,0
50084,Downtown,8,6,1,4.66,0,2,0,1
50085,University,46,17,3,6.67,0,4,0,0
50086,Downtown,38,2,69,5.79,1,0,1,1
50087,University,10,14,0,7.99,0,3,0,0
50088,Riverside,44,3,14,5.03,1,0,0,0
50089,University,23,5,8,5.26,0,3,0,0
50090,Downtown,53,7,9,7.21,0,3,0,0
50091,University,2,10,3,6.9,1,2,0,0
50092,Downtown,10,57,6,8.16,0,2,0,0
50093,Downtown,24,14,3,5.92,1,1,0,0
50094,Riverside,19,11,11,7.59,0,2,0,0
50095,Riverside,59,10,31,6.37,1,2,1,1
50096,University,13,43,1,6.73,0,2,0,0
50097,Riverside,52,4,9,3.76,0,1,0,0
50098,Riverside,51,19,7,6.13,1,2,0,0
50099,Downtown,6,6,7,6.23,0,1,0,0
50100,Downtown,25,18,1,7.04,0,2,0,0
50101,Downtown,44,7,11,4.94,0,2,0,0
50102,Downtown,52,2,4,6.27,1,1,0,0
50103,Downtown,42,2,19,5.97,1,1,0,0
50104,University,41,35,2,8.31,1,3,0,0
50105,Downtown,2,10,6,7.6,0,1,0,0
50106,Downtown,54,3,27,7.46,1,1,1,1
50107,Downtown,26,6,30,6.06,1,2,0,0
50108,Downtown,12,5,19,4.16,1,3,1,0
50109,Downtown,13,23,2,4.93,0,1,0,0
50110,University,26,21,0,5.32,1,4,0,0
50111,University,44,9,2,7.07,0,4,0,0
50112,University,30,45,3,5.68,0,2,0,0
50113,University,2,10,6,7.7,1,1,0,0
50114,Downtown,18,4,11,6.6,0,2,1,1
50115,University,42,5,11,8.03,0,1,0,0
50116,Downtown,46,13,11,8.26,0,1,0,0
50117,Downtown,16,8,11,8.81,0,3,0,0
50118,University,23,1,1,4.88,1,0,1,1
50119,Riverside,13,6,18,7.01,0,2,0,0
50120,Riverside,23,3,33,5.79,0,0,0,0
50121,Riverside,42,14,11,6.24,1,0,0,0
50122,Downtown,17,1,22,6.0,0,0,1,1
50123,Downtown,27,30,1,4.75,0,2,0,0
50124,University,34,21,8,5.91,0,4,0,0
50125,Riverside,31,9,20,5.41,0,1,0,0
50126,Downtown,59,12,8,5.76,0,3,0,0
50127,University,5,9,19,6.75,0,0,1,1
50128,University,17,10,4,8.35,1,3,0,0
50129,University,37,18,2,7.08,1,3,0,0
50130,Downtown,40,19,10,5.0,1,3,0,0
50131,Downtown,49,9,4,7.98,0,4,0,0
50132,Riverside,56,9,6,8.61,1,1,0,0
50133,Downtown,53,3,4,7.28,1,1,0,0
50134,Downtown,16,1,29,5.34,1,0,1,1
50135,University,22,0,174,7.1,0,0,1,1
50136,Downtown,39,5,5,8.51,0,3,0,0
50137,Riverside,39,21,7,8.57,1,2,0,0
50138,Downtown,9,6,7,3.34,0,0,1,1
50139,University,23,7,0,7.45,0,3,0,0
50140,Downtown,36,51,1,7.79,0,3,1,0
50141,Downtown,20,10,12,6.26,1,5,0,0
50142,Downtown,46,13,2,6.39,1,2,0,0
50143,University,49,22,1,4.31,1,2,0,0
50144,Downtown,54,12,15,3.1,0,1,0,0
50145,University,32,7,1,6.6,1,4,1,1
50146,Downtown,24,4,39,6.41,0,2,1,1
50147,Downtown,7,14,2,7.74,1,1,0,0
50148,Riverside,14,4,5,7.63,1,1,0,0
50149,University,6,35,3,6.45,0,2,0,0
50150,University,12,7,4,7.45,1,2,0,0
50151,University,19,13,9,6.7,1,3,0,0
50152,Riverside,32,9,10,5.79,1,2,0,0
50153,Downtown,44,7,8,7.6,0,5,0,0
50154,Downtown,9,3,3,7.35,0,1,0,1
50155,Downtown,10,7,1,7.29,1,2,0,0
50156,Riverside,46,3,20,5.49,1,0,0,0
50157,Riverside,52,24,8,6.68,0,3,0,0
50158,Riverside,3,0,156,7.02,0,0,0,1
50159,University,4,5,5,5.57,0,1,0,0
50160,Riverside,46,25,2,7.38,0,2,0,0
50161,Downtown,57,3,5,7.7,0,1,0,0
50162,Riverside,23,14,13,6.1,0,1,1,1
50163,University,5,10,6,6.05,1,4,0,0
50164,Riverside,41,9,17,7.13,1,2,1,1
50165,Downtown,41,2,71,6.76,1,0,1,1
50166,Riverside,47,1,17,6.7,1,0,0,0
50167,Riverside,32,10,16,4.48,0,4,0,0
50168,University,42,21,2,7.92,1,3,0,0
50169,Downtown,30,6,2,6.18,1,3,0,0
50170,Riverside,24,4,14,7.25,0,2,0,0
50171,Riverside,55,15,8,7.11,0,1,0,0
50172,University,8,73,1,7.25,1,4,0,0
50173,Downtown,7,17,0,6.61,1,3,0,0
50174,University,44,7,24,6.63,0,1,0,0
50175,Downtown,29,13,27,8.11,0,1,0,0
50176,Downtown,4,6,23,8.46,1,3,0,0
50177,Downtown,51,17,6,7.36,1,3,0,0
50178,University,30,12,9,3.63,1,4,0,0
50179,Downtown,47,12,27,5.34,1,3,0,0
50180,Downtown,4,5,90,7.95,0,0,1,1
50181,Riverside,35,11,9,6.87,0,1,0,0
50182,Riverside,5,16,9,5.09,1,3,0,0
50183,Riverside,13,24,4,6.96,1,1,0,0
50184,Downtown,26,12,15,7.63,1,2,0,0
50185,University,51,12,6,8.89,1,3,0,0
50186,University,11,21,7,5.24,1,1,0,0
50187,Riverside,43,9,14,5.6,0,2,0,0
50188,Riverside,35,3,8,5.57,0,2,0,0
50189,Riverside,14,14,4,6.61,1,2,0,0
50190,Riverside,33,4,61,7.43,0,1,1,1
50191,Riverside,37,10,5,9.15,0,2,0,0
50192,University,29,10,1,8.23,0,2,1,1
50193,Riverside,31,4,6,5.22,0,2,0,0
50194,Downtown,49,12,4,4.82,0,4,0,0
50195,Downtown,45,2,53,7.68,1,0,1,1
50196,Downtown,15,29,2,5.18,0,0,0,0
50197,Riverside,7,9,27,5.02,0,1,0,0
50198,Downtown,46,10,13,7.96,1,2,0,0
50199,University,31,14,2,9.55,1,1,0,0
50200,Downtown,46,6,4,9.28,0,3,0,0
50201,Riverside,53,19,7,6.94,0,1,1,0
50202,Downtown,34,2,33,6.55,1,1,0,0
50203,Downtown,42,1,18,7.8,0,0,0,1
50204,Downtown,53,25,1,7.92,0,4,0,0
50205,Downtown,1,15,1,4.75,1,4,0,0
50206,University,16,9,1,6.27,0,1,1,1
50207,University,7,7,3,5.12,0,4,0,0
50208,Downtown,58,11,9,7.94,0,3,0,0
50209,Downtown,34,2,21,4.23,1,0,1,1
50210,University,27,6,1,7.96,1,3,0,0
50211,Downtown,46,1,12,7.18,0,0,0,0
50212,University,16,15,5,8.23,1,2,0,0
50213,Riverside,30,26,3,8.16,0,2,0,0
50214,University,28,4,24,8.28,1,1,0,0
50215,University,19,8,11,6.82,0,2,1,0
50216,Riverside,56,11,1,8.41,1,4,0,0
50217,Downtown,20,2,27,4.97,1,0,1,0
50218,Riverside,17,3,16,6.13,0,1,0,0
50219,Downtown,8,0,155,4.26,0,0,1,1
50220,Riverside,35,9,4,3.12,1,1,0,0
50221,Downtown,29,8,2,7.39,0,2,0,0
50222,Downtown,54,14,3,8.91,1,2,0,0
50223,Downtown,26,4,27,5.28,1,3,0,0
50224,Downtown,10,2,38,6.05,1,1,1,1
50225,University,32,28,5,7.42,0,2,0,0
50226,Downtown,37,39,3,5.77,1,2,0,0
50227,Riverside,27,12,15,9.16,0,1,0,0
50228,University,37,2,49,6.95,0,1,1,1
50229,University,6,10,1,4.89,1,3,0,0
50230,Riverside,17,15,18,6.53,0,3,0,0
50231,Riverside,16,13,21,5.78,0,3,0,0
50232,Riverside,42,30,1,5.91,1,3,0,0
50233,Riverside,23,18,2,9.18,1,0,0,0
50234,Riverside,55,12,4,7.87,0,2,0,0
50235,Riverside,37,15,11,6.99,0,3,0,0
50236,Downtown,4,9,15,7.55,0,3,0,0
50237,Riverside,45,4,10,5.92,1,2,0,0
50238,Downtown,8,1,11,7.75,0,1,1,1
50239,University,51,8,4,3.56,0,0,0,0
50240,Riverside,58,11,4,7.39,1,2,0,0
50241,Riverside,47,26,7,7.12,1,2,1,0
50242,Downtown,18,4,17,7.81,1,0,0,0
50243,Riverside,25,14,3,7.11,0,2,0,0
50244,Downtown,7,5,26,4.84,1,2,0,0
50245,University,59,20,5,6.81,1,4,0,0
50246,Downtown,24,0,143,9.06,0,0,1,1
50247,University,15,2,90,8.21,1,2,1,1
50248,Downtown,13,0,109,6.39,0,0,1,0
50249,Downtown,57,6,6,7.0,0,3,1,1
50250,Downtown,9,14,21,8.99,0,1,0,0
50251,Downtown,48,2,43,6.04,0,1,1,1
50252,University,11,19,1,5.25,0,2,0,0
50253,Downtown,18,7,18,5.89,0,4,0,0
50254,University,17,15,6,5.71,0,1,0,0
50255,Downtown,7,8,9,5.63,1,2,0,0
50256,Downtown,36,6,18,8.5,0,2,0,0
50257,Downtown,21,4,61,7.58,0,1,1,1
50258,Downtown,1,21,16,7.51,0,2,1,1
50259,Downtown,31,12,2,7.21,0,6,0,0
50260,Downtown,33,14,6,4.14,0,0,0,0
50261,University,54,19,2,8.44,1,1,0,0
50262,University,22,7,47,4.94,0,3,0,0
50263,University,17,12,4,7.39,0,0,0,0
50264,Downtown,36,28,1,7.21,1,1,0,0
50265,Downtown,32,7,1,8.66,0,1,0,0
50266,Riverside,24,4,13,7.52,1,0,0,0
50267,Riverside,42,4,4,4.93,0,0,0,0
50268,Riverside,29,11,5,6.62,1,2,1,0
50269,Riverside,53,25,7,6.95,1,3,0,0
50270,Downtown,3,0,162,7.4,0,0,1,1
50271,Downtown,23,4,22,8.42,0,1,0,0
50272,Downtown,41,18,14,6.16,0,4,0,0
50273,Downtown,5,1,23,5.67,0,0,0,0
50274,University,60,8,5,5.73,1,1,0,0
50275,Downtown,59,5,10,5.92,1,2,1,0
50276,Riverside,2,17,2,7.27,0,1,0,0
50277,Downtown,3,3,8,6.77,0,1,0,0
50278,University,12,9,37,6.74,0,1,0,1
50279,Downtown,15,13,2,6.49,1,3,0,0
50280,Downtown,59,9,6,8.5,0,1,0,0
50281,Riverside,31,4,24,7.07,0,1,1,0
50282,Downtown,19,5,6,6.05,0,3,1,1
50283,Riverside,49,4,40,8.62,0,3,1,1
50284,University,27,7,23,9.53,0,3,1,1
50285,Downtown,10,7,1,7.55,0,1,0,0
50286,Downtown,40,3,25,5.49,0,2,0,0
50287,University,50,16,4,7.17,0,4,0,0
50288,Downtown,47,7,14,5.78,0,3,0,0
50289,Downtown,2,9,4,6.02,1,1,1,0
50290,Riverside,55,5,39,7.92,0,2,0,0
50291,University,59,8,1,9.49,1,1,0,0
50292,Downtown,22,12,12,6.28,1,3,0,1
50293,Downtown,46,5,8,6.19,0,4,0,0
50294,Downtown,22,0,125,5.8,0,0,1,1
50295,University,26,9,5,4.76,0,2,0,0
50296,University,21,13,3,4.76,1,0,0,0
50297,Downtown,50,8,6,4.91,1,1,0,0
50298,University,9,24,4,9.94,1,1,0,0
50299,Downtown,12,9,5,5.99,0,5,0,0
50300,Downtown,17,0,158,5.48,1,0,1,1
50301,Riverside,4,27,0,5.35,1,3,0,0
50302,University,33,18,12,6.78,0,3,0,0
50303,University,14,18,2,8.62,1,3,0,0
50304,Downtown,17,3,11,5.58,1,1,0,0
50305,University,41,18,5,5.82,1,4,0,0
50306,University,53,8,10,7.65,0,4,0,0
50307,Riverside,7,16,3,5.34,0,2,0,0
50308,Riverside,40,1,7,5.13,1,1,0,0
50309,Riverside,30,19,4,5.2,1,3,0,0
50310,University,29,7,22,8.61,1,2,0,0
50311,Downtown,11,37,4,5.57,0,2,0,0
50312,Riverside,11,12,22,5.84,0,1,1,1
50313,University,2,11,2,6.58,1,1,0,0
50314,Downtown,58,16,1,7.42,1,2,0,0
50315,University,58,9,20,5.71,0,1,1,0
50316,University,8,11,3,9.37,1,3,0,0
50317,University,48,9,7,6.56,1,1,0,0
50318,Downtown,4,6,7,5.11,1,2,0,0
50319,University,3,9,2,7.44,0,1,1,1
50320,Downtown,56,6,19,5.28,0,3,0,0
50321,Riverside,9,12,6,8.25,0,2,0,0
50322,Riverside,22,20,2,7.98,0,2,0,0
50323,University,43,3,15,8.51,1,0,1,0
50324,Riverside,11,8,13,8.61,0,2,0,0
50325,University,17,2,9,4.21,0,2,1,1
50326,University,36,2,31,4.53,1,2,1,0
50327,Riverside,38,13,7,6.07,0,3,1,0
50328,University,49,1,31,7.14,0,0,1,1
50329,Downtown,5,20,4,5.69,0,2,0,0
50330,Riverside,18,6,7,5.97,0,3,0,1
50331,University,41,21,6,5.61,0,3,0,0
50332,Downtown,17,20,15,7.34,1,4,1,0
50333,University,5,67,2,7.47,0,1,0,0
50334,Riverside,1,24,4,7.36,0,1,0,0
50335,Downtown,1,2,21,6.82,1,0,0,0
50336,University,31,20,0,6.81,0,1,0,0
50337,Downtown,58,7,39,10.32,0,1,0,0
50338,Riverside,34,1,23,7.27,1,1,1,1
50339,University,21,13,16,6.63,1,3,0,0
50340,Downtown,33,1,70,6.32,0,1,0,0
50341,Downtown,20,22,2,7.37,0,2,0,0
50342,Downtown,41,18,2,5.94,0,1,0,0
50343,University,17,21,1,6.32,1,3,0,0
50344,University,52,18,2,5.46,1,1,0,0
50345,Downtown,9,24,6,7.4,1,1,0,0
50346,University,48,14,26,5.67,0,2,0,0
50347,Downtown,52,5,6,11.56,1,2,0,0
50348,Downtown,29,8,1,7.63,1,1,0,0
50349,Downtown,11,4,2,6.21,1,3,1,1
50350,Downtown,7,8,1,7.36,0,2,0,0
50351,University,54,4,22,6.52,0,2,0,0
50352,University,37,12,5,7.68,0,4,0,0
50353,Downtown,52,5,3,4.36,1,0,0,0
50354,University,43,30,9,7.1,1,3,0,0
50355,Downtown,27,3,14,6.63,0,2,0,0
50356,University,21,3,7,5.03,1,1,0,0
50357,Riverside,28,12,11,6.37,0,2,0,0
50358,University,43,8,9,7.28,1,3,0,0
50359,Riverside,12,4,21,8.69,0,2,0,0
50360,University,23,12,14,7.87,1,1,0,0
50361,Downtown,40,10,7,6.82,1,2,0,0
50362,Riverside,32,8,2,4.73,0,5,0,0
50363,University,11,1,45,6.86,1,1,0,0
50364,University,56,11,20,7.79,0,5,0,0
50365,Riverside,45,5,48,8.5,1,0,0,0
50366,Downtown,59,14,1,5.47,1,3,0,0
50367,Downtown,19,8,28,7.97,0,2,0,0
50368,Downtown,8,14,0,4.71,0,0,0,0
50369,Downtown,48,44,4,8.02,0,2,0,0
50370,Downtown,51,9,2,4.52,1,2,0,0
50371,Riverside,52,2,10,8.82,1,0,1,0
50372,Downtown,59,12,22,5.72,0,1,0,0
50373,Downtown,29,52,1,8.09,1,0,0,0
50374,Downtown,52,5,34,4.11,0,2,1,1
50375,Riverside,60,3,42,6.28,0,1,0,0
50376,University,52,11,5,5.01,0,1,1,1
50377,Riverside,55,10,5,6.84,1,3,0,0
50378,University,41,11,9,7.98,1,2,0,0
50379,Riverside,4,12,6,5.16,1,3,0,0
50380,Downtown,24,23,4,6.57,0,1,0,0
50381,Riverside,40,6,17,6.29,1,2,0,0
50382,University,32,4,8,7.76,1,1,0,0
50383,Downtown,45,10,10,7.84,1,2,0,0
50384,Riverside,25,8,44,6.89,0,2,0,0
50385,Downtown,35,7,2,6.79,0,1,0,0
50386,University,16,26,5,6.58,1,3,0,0
50387,Riverside,26,16,14,6.57,1,3,0,0
50388,Riverside,57,19,3,8.48,0,2,0,0
50389,Downtown,48,27,7,5.68,1,2,0,0
50390,University,34,7,15,5.65,0,2,1,1
50391,Downtown,22,7,6,7.27,1,4,0,0
50392,Downtown,54,3,5,7.85,0,0,1,0
50393,Downtown,18,5,57,7.35,1,2,1,1
50394,Riverside,56,18,11,8.79,0,2,0,0
50395,Riverside,55,13,1,6.85,1,2,0,0
50396,University,6,8,23,7.53,0,1,1,1
50397,Downtown,23,4,17,5.31,1,0,0,0
50398,University,45,4,42,5.44,1,3,0,0
50399,Downtown,17,12,5,7.22,0,1,0,0
50400,Riverside,60,6,38,3.92,1,2,0,0
50401,Riverside,10,0,117,4.92,0,0,1,1
50402,Downtown,18,4,13,6.51,1,3,0,0
50403,University,18,10,2,7.24,1,2,0,0
50404,University,12,5,5,7.06,0,3,1,1
50405,Riverside,32,16,2,8.04,1,1,0,0
50406,Downtown,3,5,22,5.84,0,1,0,0
50407,Downtown,58,16,3,9.0,0,1,0,0
50408,Downtown,32,15,7,9.55,1,3,0,0
50409,University,56,15,6,5.9,0,4,0,0
50410,University,56,4,18,6.52,0,1,0,0
50411,University,37,12,4,9.12,1,1,0,0
50412,University,54,10,4,6.32,0,0,0,0
50413,Riverside,2,8,6,5.35,0,1,0,0
50414,Downtown,2,25,2,5.38,0,3,0,0
50415,Downtown,22,26,0,7.64,1,2,0,0
50416,Downtown,26,5,20,5.6,0,3,0,0
50417,Downtown,22,4,39,6.2,0,1,0,0
50418,Downtown,29,19,6,7.56,0,0,0,0
50419,Downtown,38,25,2,8.65,0,2,0,0
50420,Riverside,15,8,22,5.54,0,0,1,1
50421,Downtown,58,3,8,6.72,0,0,0,0
50422,University,34,13,7,6.43,0,3,0,0
50423,University,39,3,71,6.63,0,2,1,1
50424,Riverside,37,4,3,5.68,0,2,1,1
50425,Riverside,41,8,9,8.16,1,3,0,0
50426,Downtown,41,10,8,7.76,0,1,0,0
50427,University,44,6,16,6.71,0,3,0,0
50428,Downtown,6,2,3,5.3,1,1,1,0
50429,University,50,14,7,9.57,0,2,1,1
50430,Downtown,57,5,3,5.26,0,2,0,0
50431,Downtown,22,12,7,6.84,0,2,1,1
50432,University,2,4,17,8.42,1,0,0,0
50433,Downtown,20,13,3,6.23,0,0,0,0
50434,University,36,15,0,7.85,0,0,0,0
50435,University,15,8,23,6.08,0,1,1,1
50436,Riverside,16,4,5,6.13,1,0,0,0
50437,Downtown,44,4,23,6.23,0,2,0,0
50438,University,57,16,11,6.36,0,2,0,0
50439,University,57,8,0,7.27,0,2,0,0
50440,Riverside,3,10,9,7.75,1,1,0,0
50441,Downtown,28,0,158,5.15,1,0,1,1
50442,Riverside,30,15,1,5.31,1,3,0,0
50443,Riverside,42,8,25,7.73,0,1,0,0
50444,Downtown,23,18,1,5.02,0,1,1,1
50445,University,21,17,9,5.89,1,3,0,0
50446,Downtown,5,15,4,7.29,1,2,0,0
50447,Downtown,28,0,119,5.17,1,0,0,0
50448,University,2,5,1,7.28,0,1,1,1
50449,Riverside,44,12,1,7.52,0,2,0,0
50450,University,2,4,15,6.73,1,0,1,0
50451,Downtown,2,31,6,6.6,0,4,0,0
50452,Riverside,1,11,4,5.81,0,1,0,0
50453,Riverside,54,7,8,8.07,0,1,0,0
50454,Riverside,5,5,70,5.61,0,2,1,1
50455,University,38,5,9,5.15,1,1,0,0
50456,Downtown,19,30,4,7.87,0,2,0,0
50457,Downtown,32,6,8,8.97,1,4,0,0
50458,Downtown,13,10,3,5.46,0,3,0,0
50459,Riverside,42,0,99,5.95,1,0,1,1
50460,Downtown,3,24,4,5.92,0,4,0,0
50461,Downtown,17,34,5,6.92,1,3,0,0
50462,Downtown,57,21,5,5.08,1,4,0,0
50463,Downtown,50,31,1,5.88,0,2,0,0
50464,University,1,12,5,9.71,0,3,0,0
50465,Downtown,19,4,1,5.35,1,2,1,1
50466,Downtown,20,8,10,6.36,0,0,0,0
50467,University,49,14,4,6.56,1,4,0,0
50468,University,15,10,4,5.22,0,2,1,0
50469,Riverside,57,5,71,5.28,1,1,0,0
50470,Riverside,26,14,18,7.75,1,3,0,0
50471,Riverside,44,8,23,7.3,0,3,0,0
50472,University,21,18,6,6.29,0,3,0,0
50473,University,29,8,1,6.65,1,1,0,0
50474,Downtown,40,23,3,9.17,0,4,0,0
50475,Downtown,1,19,8,5.61,0,4,0,0
50476,University,14,2,11,8.32,1,2,0,0
50477,Downtown,52,15,12,7.9,0,3,0,0
50478,Riverside,11,9,6,6.15,1,1,0,0
50479,University,46,4,88,6.4,0,1,1,1
50480,University,10,20,4,6.35,0,4,0,0
50481,Downtown,49,8,19,7.52,0,3,0,0
50482,University,22,28,1,7.0,1,3,0,0
50483,Downtown,28,3,13,6.45,0,0,1,1
50484,Riverside,7,14,2,7.13,0,3,0,0
50485,Downtown,57,0,199,6.53,0,0,1,1
50486,University,19,6,5,7.4,1,1,0,0
50487,Riverside,42,12,4,6.36,0,2,0,0
50488,Riverside,3,14,4,4.25,0,4,0,0
50489,Riverside,42,9,4,7.28,1,2,0,0
50490,Downtown,19,8,41,7.41,0,3,1,1
50491,Downtown,2,20,0,7.33,0,3,0,0
50492,University,8,10,6,6.72,1,1,0,0
50493,Downtown,15,9,12,8.28,0,2,0,0
50494,Downtown,28,7,17,7.82,1,2,0,0
50495,Riverside,46,2,29,5.56,0,1,0,0
50496,Riverside,47,4,17,7.7,0,2,0,0
50497,Riverside,2,5,24,7.44,1,1,0,0
50498,University,57,6,6,5.22,1,0,0,0
50499,Riverside,18,22,3,8.09,0,3,0,0
50500,Downtown,29,4,27,8.07,0,1,1,1
50501,Downtown,4,7,2,6.0,0,1,0,0
50502,Downtown,5,4,38,5.96,1,2,0,0
50503,Riverside,11,20,13,6.96,0,3,0,0
50504,University,1,7,5,4.31,1,1,0,0
50505,Downtown,5,4,17,8.95,1,3,1,1
50506,Riverside,44,13,11,7.37,0,0,0,0
50507,Downtown,3,0,118,7.6,0,0,1,1
50508,Downtown,40,26,6,8.02,1,3,0,0
50509,Downtown,45,6,7,7.21,0,2,0,0
50510,Riverside,42,16,5,8.39,0,2,0,0
50511,Riverside,39,13,11,5.5,1,2,0,0
50512,University,32,6,10,5.0,0,3,0,0
50513,University,10,40,1,4.24,1,2,0,0
50514,Downtown,26,28,2,7.65,1,1,1,0
50515,University,10,29,1,7.29,0,2,0,0
50516,Riverside,26,3,37,7.07,1,0,1,1
50517,University,5,33,3,10.19,1,2,0,0
50518,Downtown,33,2,9,9.74,1,1,0,0
50519,University,54,11,10,7.3,0,3,0,0
50520,Riverside,15,6,7,7.99,0,4,0,0
50521,University,24,13,10,5.33,1,2,0,0
50522,Downtown,54,3,4,3.9,0,0,0,0
50523,Downtown,2,12,13,11.05,0,1,0,0
50524,Downtown,17,25,3,5.59,1,1,0,0
50525,Downtown,1,18,8,8.48,0,3,0,0
50526,Downtown,40,3,8,3.28,0,1,0,0
50527,Downtown,35,18,21,7.54,1,1,0,0
50528,University,39,3,11,6.06,1,0,0,0
50529,University,49,2,21,4.72,1,0,0,0
50530,Riverside,47,39,0,7.81,1,1,0,0
50531,Riverside,23,26,3,8.81,1,2,0,0
50532,Downtown,23,25,7,5.24,0,1,0,0
50533,University,56,6,14,8.16,1,2,0,0
50534,Riverside,5,10,6,6.5,1,1,0,0
50535,Downtown,36,14,2,7.37,0,1,0,0
50536,University,48,21,2,4.85,0,2,0,0
50537,University,7,48,4,5.57,0,2,0,0
50538,Riverside,37,9,13,5.58,1,2,0,0
50539,University,59,21,7,7.88,0,4,0,0
50540,Downtown,54,24,5,6.53,0,1,0,0
50541,Riverside,1,6,5,8.31,0,1,1,0
50542,Downtown,18,8,36,6.69,0,4,0,0
50543,Downtown,22,4,21,7.34,1,1,0,0
50544,Downtown,34,3,28,7.63,0,1,0,0
50545,University,58,27,3,5.72,0,4,0,0
50546,Downtown,38,29,2,5.97,1,3,0,0
50547,University,22,32,1,4.77,0,1,0,0
50548,Riverside,6,8,5,8.21,0,2,1,1
50549,Downtown,57,12,2,9.99,0,2,1,1
50550,Downtown,33,14,8,6.05,1,4,0,0
50551,Riverside,43,2,83,6.93,0,0,1,1
50552,Downtown,27,27,1,6.8,1,2,0,0
50553,Downtown,10,11,16,5.6,1,3,1,0
50554,Riverside,55,17,0,8.1,0,3,0,0
50555,University,6,11,2,6.34,1,2,0,0
50556,Riverside,14,8,5,5.44,1,2,0,0
50557,Downtown,55,14,3,7.41,0,1,0,0
50558,Downtown,28,4,25,7.87,0,3,0,0
50559,Downtown,55,0,142,6.73,0,0,1,1
50560,Downtown,6,9,9,5.3,1,2,1,0
50561,Downtown,48,18,2,5.52,0,4,0,0
50562,University,32,4,19,7.21,0,3,1,1
50563,Downtown,54,16,26,9.71,1,4,0,0
50564,University,54,5,6,7.06,1,1,0,0
50565,Downtown,31,1,26,10.42,0,0,0,0
50566,University,20,1,40,7.26,1,1,1,1
50567,University,26,2,90,5.77,1,1,1,1
50568,Downtown,1,22,0,7.57,0,1,0,0
50569,Riverside,42,1,33,7.45,0,1,1,1
50570,Downtown,54,8,73,9.54,0,3,1,1
50571,University,7,13,16,6.48,1,3,0,0
50572,Downtown,38,20,0,7.31,1,3,0,0
50573,Downtown,35,5,3,8.83,0,1,0,0
50574,Riverside,41,32,12,6.59,1,0,0,0
50575,University,20,8,12,6.09,0,1,1,1
50576,Downtown,26,13,16,6.7,1,3,0,0
50577,Downtown,6,1,15,7.08,1,1,0,0
50578,Downtown,26,11,3,5.68,0,0,1,1
50579,Riverside,11,0,185,6.59,1,0,1,1
50580,University,21,8,6,8.54,1,1,0,0
50581,Downtown,13,22,4,7.97,1,3,0,0
50582,University,38,14,6,8.09,0,3,0,0
50583,Downtown,46,9,9,9.46,0,1,0,0
50584,Downtown,17,9,6,9.04,0,2,0,0
50585,Riverside,45,23,5,7.61,0,1,0,0
50586,University,1,5,4,6.28,1,0,0,0
50587,Downtown,2,12,6,6.24,1,2,0,0
50588,Downtown,27,12,24,8.93,0,2,0,0
50589,University,9,1,26,6.71,0,0,1,1
50590,Downtown,3,5,5,7.78,1,1,0,0
50591,Downtown,39,18,10,6.51,1,2,0,0
50592,Downtown,42,13,14,4.88,1,3,0,0
50593,University,2,12,1,6.64,1,3,0,0
50594,University,13,0,146,8.62,1,0,1,1
50595,Downtown,32,18,2,5.26,0,1,0,0
50596,Downtown,5,25,4,7.82,0,3,0,0
50597,Downtown,27,36,1,5.2,0,2,0,0
50598,Riverside,50,9,18,5.83,1,1,0,0
50599,Riverside,4,5,18,7.21,0,1,0,0
50600,Downtown,17,5,13,5.82,0,3,0,0
50601,University,36,6,2,9.9,0,3,0,0
50602,University,36,13,23,5.17,1,1,1,1
50603,Riverside,59,8,6,4.9,0,5,0,0
50604,Riverside,39,3,22,3.31,0,1,1,1
50605,Downtown,29,25,1,7.98,0,2,0,0
50606,University,20,16,12,4.09,1,2,0,0
50607,Riverside,23,18,1,7.72,1,1,0,0
50608,Riverside,48,17,15,4.98,0,3,1,0
50609,University,33,26,0,8.62,1,2,0,0
50610,Downtown,1,6,12,5.99,0,2,0,0
50611,Downtown,14,13,3,6.94,0,2,0,0
50612,Downtown,26,8,14,7.21,0,2,0,0
50613,Riverside,60,0,102,8.76,0,0,1,1
50614,University,41,6,21,5.95,1,1,0,0
50615,Downtown,56,5,30,7.19,0,3,0,0
50616,University,43,17,6,8.49,0,4,0,0
50617,Riverside,22,4,7,6.27,0,3,1,0
50618,University,52,10,17,6.94,0,1,0,0
50619,Riverside,10,1,6,7.64,1,0,0,0
50620,Downtown,1,30,4,7.21,1,3,0,0
50621,Riverside,40,8,0,6.18,1,3,0,0
50622,Downtown,22,2,29,8.22,0,1,0,0
50623,Downtown,55,5,14,7.91,1,0,0,0
50624,Downtown,52,2,19,6.88,1,0,0,0
50625,Downtown,60,9,26,4.18,0,2,0,0
50626,Riverside,27,6,3,5.54,0,2,0,0
50627,Downtown,25,5,23,9.09,1,0,1,1
50628,Downtown,27,3,15,6.12,1,0,1,1
50629,Downtown,12,2,53,6.76,1,1,1,1
50630,Downtown,36,15,5,4.39,1,2,0,0
50631,Downtown,38,26,2,6.2,0,2,0,0
50632,Downtown,8,10,5,7.08,1,2,1,1
50633,Downtown,20,14,3,6.5,0,2,0,0
50634,Downtown,33,40,2,6.32,1,2,0,0
50635,Downtown,21,8,5,4.3,0,3,1,1
50636,University,57,29,2,5.67,0,0,1,1
50637,University,15,13,5,7.33,1,4,0,0
50638,Downtown,44,15,9,8.6,1,2,0,0
50639,Riverside,35,10,2,7.03,1,1,0,0
50640,Downtown,28,5,45,6.9,1,2,1,0
50641,University,27,1,22,6.05,0,0,1,1
50642,Downtown,23,16,13,6.89,1,0,0,0
50643,University,32,5,33,7.69,0,3,0,0
50644,Downtown,40,14,5,5.39,0,5,0,0
50645,Downtown,27,4,7,7.89,0,2,1,1
50646,Downtown,33,3,34,6.01,0,0,1,1
50647,Downtown,38,18,3,3.12,0,2,0,0
50648,Downtown,10,4,29,7.68,0,2,0,0
50649,University,40,5,80,6.61,0,3,1,1
50650,Riverside,21,20,9,4.44,1,1,0,0
50651,Riverside,57,24,4,7.17,1,4,1,0
50652,Downtown,5,3,46,4.77,1,1,0,0
50653,University,6,10,12,5.3,0,3,0,0
50654,University,11,3,24,6.62,1,1,0,0
50655,University,55,12,6,6.86,1,2,0,0
50656,University,33,3,7,6.4,0,1,1,1
50657,University,40,11,7,7.31,0,1,0,0
50658,Downtown,18,35,5,8.84,1,2,0,0
50659,Riverside,4,9,17,7.43,1,2,0,0
50660,University,4,8,30,4.69,1,2,0,1
50661,Riverside,51,10,19,6.65,1,3,0,0
50662,Downtown,22,27,2,5.35,0,1,0,0
50663,Riverside,44,3,27,5.94,1,1,0,0
50664,Riverside,36,3,15,8.24,0,1,0,0
50665,Downtown,2,16,7,4.57,0,3,0,0
50666,Downtown,50,10,14,6.56,1,0,0,0
50667,Downtown,2,20,7,5.75,1,3,0,0
50668,University,36,20,8,5.5,0,3,0,0
50669,Riverside,14,6,1,7.56,0,3,0,0
50670,Riverside,27,0,189,6.82,0,0,1,1
50671,Riverside,32,9,2,7.33,0,2,1,1
50672,Downtown,45,1,90,6.23,0,0,1,1
50673,Downtown,48,19,8,8.65,0,4,0,0
50674,Riverside,29,9,1,5.7,0,2,0,0
50675,University,25,3,7,5.32,1,1,0,0
50676,Riverside,34,7,1,6.16,0,3,1,0
50677,Riverside,56,0,148,6.86,0,0,0,1
50678,Downtown,13,1,55,5.72,0,0,1,1
50679,Downtown,51,22,1,4.46,0,2,0,0
50680,Downtown,59,4,38,7.81,0,2,0,0
50681,Downtown,53,19,9,5.54,1,3,0,0
50682,Downtown,6,7,23,6.32,0,3,0,0
50683,Riverside,45,6,1,5.0,1,1,0,0
50684,University,59,5,23,5.19,0,2,0,0
50685,University,19,4,38,5.72,0,2,1,1
50686,Downtown,54,16,24,4.81,0,3,0,0
50687,Riverside,49,16,5,4.4,0,4,0,0
50688,Riverside,25,12,2,9.69,0,1,1,1
50689,University,26,7,27,6.63,0,4,1,0
50690,Downtown,38,7,16,6.32,0,2,0,0
50691,Riverside,59,11,10,5.24,1,3,0,0
50692,Riverside,25,4,14,3.68,0,1,0,0
50693,Downtown,46,17,3,4.75,0,2,0,0
50694,Riverside,23,7,23,5.44,0,0,0,0
50695,Downtown,9,12,13,6.06,0,2,0,0
50696,Riverside,19,12,1,6.58,0,1,0,0
50697,Downtown,13,9,0,6.19,0,0,0,0
50698,Downtown,59,5,38,5.81,0,0,1,1
50699,Downtown,14,29,1,5.03,0,2,0,0
50700,University,52,18,3,3.91,1,2,0,0
50701,Downtown,21,16,2,7.06,0,4,0,0
50702,Downtown,52,7,16,5.88,0,1,0,0
50703,University,5,11,5,8.07,0,1,0,0
50704,Downtown,19,4,14,6.57,1,1,0,0
50705,Riverside,20,8,11,7.1,1,1,0,0
50706,University,9,1,60,6.95,1,0,1,1
50707,Downtown,49,11,6,6.56,0,1,0,0
50708,University,11,4,8,6.22,0,2,0,0
50709,Downtown,9,20,14,7.04,1,2,0,0
50710,Downtown,10,24,3,5.48,1,1,1,1
50711,University,38,9,11,6.48,1,2,1,1
50712,University,25,21,5,7.04,0,4,0,0
50713,Riverside,34,6,29,6.88,0,2,0,0
50714,Downtown,60,19,8,7.26,0,2,0,0
50715,Downtown,46,25,3,6.93,0,0,0,0
50716,University,20,14,1,5.64,0,2,0,0
50717,Downtown,37,14,8,8.89,0,1,0,0
50718,Riverside,8,19,6,5.32,1,1,0,0
50719,Riverside,30,11,6,6.97,1,2,0,0
50720,University,34,16,3,7.4,1,1,0,0
50721,University,40,6,3,8.99,0,3,1,1
50722,Riverside,56,3,28,7.16,1,0,0,0
50723,University,58,26,1,3.03,0,3,0,0
50724,Riverside,15,6,13,5.71,1,2,0,0
50725,Riverside,28,9,6,7.14,1,1,0,0
50726,Downtown,21,1,59,6.15,1,0,0,0
50727,Downtown,20,7,0,5.98,0,2,1,1
50728,Downtown,41,8,8,5.3,0,2,1,1
50729,Downtown,6,17,2,6.91,0,2,1,1
50730,Riverside,18,29,1,6.61,0,2,0,0
50731,University,11,23,11,6.0,1,4,0,0
50732,University,7,16,9,3.0,1,2,0,0
50733,Riverside,11,24,2,4.88,0,0,0,0
50734,Riverside,15,28,7,5.12,1,4,0,0
50735,Riverside,39,2,5,5.75,1,0,0,0
50736,Downtown,21,5,28,7.06,1,2,0,0
50737,Riverside,38,9,12,6.63,0,1,1,0
50738,Downtown,4,8,5,7.58,0,2,1,1
50739,Riverside,4,18,3,8.69,0,4,0,0
50740,Riverside,58,6,3,5.07,1,0,0,0
50741,University,16,16,2,6.11,0,1,0,0
50742,Downtown,60,6,16,6.35,1,2,0,0
50743,University,4,9,3,8.12,0,3,0,0
50744,Riverside,40,11,6,6.78,0,2,0,0
50745,Downtown,6,0,198,7.09,0,0,1,1
50746,Downtown,51,9,12,6.41,0,1,0,0
50747,University,8,10,5,3.84,1,1,0,0
50748,Downtown,56,12,3,6.9,0,3,1,0
50749,University,43,14,8,8.7,1,3,0,0
50750,University,16,6,1,9.39,1,1,0,0
50751,Downtown,54,25,2,7.28,1,3,0,0
50752,Riverside,9,12,3,5.8,0,3,1,1
50753,Downtown,37,16,5,7.44,0,4,0,0
50754,University,47,6,20,8.41,0,3,0,0
50755,Downtown,37,6,25,8.6,0,5,0,0
50756,Riverside,34,8,26,6.39,0,2,1,1
50757,Riverside,51,6,8,7.31,0,2,1,0
50758,Downtown,14,22,4,6.45,1,2,0,0
50759,Downtown,57,2,40,9.04,0,0,1,1
50760,University,25,1,24,10.0,0,1,1,1
50761,University,29,31,1,8.93,1,4,0,0
50762,Downtown,55,5,12,7.39,0,0,0,0
50763,University,4,21,15,7.31,1,1,0,0
50764,Downtown,56,18,9,7.51,0,2,0,0
50765,Downtown,47,8,2,5.59,1,3,0,0
50766,Downtown,20,27,0,8.28,1,3,0,0
50767,University,12,4,6,6.93,0,2,1,1
50768,University,34,10,1,3.23,0,0,0,0
50769,Riverside,54,3,2,8.55,0,2,0,0
50770,Downtown,5,1,30,4.81,1,0,0,1
50771,University,31,10,14,5.37,0,1,0,0
50772,Riverside,20,7,5,7.62,1,1,0,0
50773,University,30,14,6,6.73,0,1,0,0
50774,Downtown,48,9,19,9.72,1,1,0,0
50775,Downtown,24,18,8,5.59,0,2,0,0
50776,Downtown,48,14,1,5.55,0,2,0,0
50777,Downtown,47,7,15,5.86,0,1,0,0
50778,Downtown,25,12,5,7.66,0,4,0,0
50779,Downtown,1,6,34,6.25,0,1,1,1
50780,Riverside,44,1,27,6.49,0,1,0,0
50781,Riverside,12,13,6,5.23,1,2,0,0
50782,Downtown,1,8,2,6.89,0,4,0,0
50783,Downtown,39,17,4,9.18,0,2,0,0
50784,Downtown,3,5,6,7.04,1,0,1,1
50785,University,49,7,31,8.22,1,3,0,0
50786,Riverside,35,10,4,7.22,0,1,1,1
50787,Riverside,12,20,6,6.57,0,3,0,0
50788,University,10,7,13,7.31,0,1,0,0
50789,Riverside,24,30,1,9.55,1,5,0,0
50790,Riverside,10,8,8,6.74,1,3,0,0
50791,Riverside,51,28,1,6.98,0,4,0,0
50792,University,28,7,11,6.95,0,2,1,1
50793,University,50,4,1,3.0,0,0,1,1
50794,Riverside,25,16,12,6.09,1,1,0,0
50795,Downtown,51,49,2,4.13,0,4,0,0
50796,Downtown,12,5,43,6.99,0,2,1,1
50797,Riverside,9,13,3,6.51,1,3,0,0
50798,University,7,2,32,9.06,0,0,1,1
50799,Riverside,24,14,2,6.9,0,1,1,1
50800,Downtown,33,17,3,5.77,1,2,1,1
50801,University,53,8,3,6.91,1,4,0,0
50802,Downtown,42,10,15,6.76,1,1,0,0
50803,Downtown,13,8,23,5.74,1,3,0,0
50804,University,21,30,4,6.98,0,3,0,0
50805,University,60,4,26,9.01,0,0,0,0
50806,Downtown,38,13,11,7.72,1,6,0,0
50807,Riverside,31,6,8,6.94,0,5,0,0
50808,Downtown,2,6,23,8.46,1,2,1,1
50809,Riverside,35,9,10,5.92,0,2,0,0
50810,University,35,15,2,6.55,1,1,1,0
50811,Downtown,33,22,11,9.71,1,3,0,0
50812,University,52,14,24,6.93,1,1,0,0
50813,Downtown,18,12,10,5.98,1,1,0,0
50814,Riverside,24,21,0,9.52,1,2,0,0
50815,University,26,9,11,4.07,1,1,0,0
50816,Riverside,4,42,2,5.17,0,2,0,0
50817,University,48,10,15,5.77,0,0,0,0
50818,Riverside,18,5,16,7.16,0,2,0,0
50819,Downtown,5,14,9,8.5,0,2,0,0
50820,University,48,3,7,4.35,0,0,0,0
50821,Downtown,7,26,7,7.08,1,2,0,0
50822,Riverside,46,5,20,8.67,0,0,1,1
50823,Downtown,19,5,34,8.9,0,0,1,1
50824,Downtown,24,23,6,9.49,1,2,0,0
50825,Riverside,56,11,0,5.11,0,3,0,0
50826,University,26,10,18,6.13,1,3,0,0
50827,Riverside,51,13,15,7.58,1,1,0,0
50828,University,43,13,7,7.42,0,2,1,1
50829,Riverside,21,5,6,7.01,0,3,0,0
50830,Riverside,10,29,0,6.74,0,2,0,0
50831,Downtown,6,12,19,6.42,0,1,0,0
50832,Downtown,3,15,12,6.18,0,4,0,0
50833,Downtown,24,3,18,6.3,0,2,1,1
50834,Riverside,15,9,8,6.44,0,1,0,0
50835,Downtown,22,12,4,9.09,0,1,0,0
50836,Downtown,29,4,11,6.99,1,0,0,0
50837,Downtown,31,19,12,4.81,0,1,0,0
50838,Downtown,7,13,5,4.34,0,1,0,0
50839,Downtown,12,10,2,6.76,0,3,0,0
50840,University,20,28,4,5.08,1,2,0,0
50841,Downtown,1,35,1,7.04,0,2,0,0
50842,Riverside,20,8,9,4.6,1,2,0,0
50843,Downtown,5,7,7,7.27,1,5,0,0
50844,Downtown,33,15,3,7.07,0,3,0,0
50845,Riverside,48,37,0,5.55,1,3,0,0
50846,Riverside,49,26,17,7.41,1,2,0,0
50847,Downtown,9,13,4,5.76,1,2,0,0
50848,University,25,0,183,6.48,0,0,1,1
50849,University,50,6,7,6.0,0,4,1,1
50850,University,30,5,3,7.94,1,0,1,0
50851,Downtown,55,14,3,5.63,1,5,0,0
50852,Downtown,34,16,1,5.2,1,2,0,0
50853,Downtown,23,16,10,6.95,0,2,0,0
50854,University,29,25,3,6.6,0,2,0,0
50855,University,11,12,9,5.97,0,2,0,0
50856,University,22,2,11,7.46,0,0,1,1
50857,University,19,18,5,7.5,1,3,0,0
50858,Downtown,52,9,2,5.67,0,2,0,0
50859,Riverside,55,17,11,6.69,0,0,0,0
50860,University,9,1,53,8.04,1,0,1,1
50861,Riverside,38,10,1,7.65,0,2,0,0
50862,Downtown,60,24,2,5.65,1,4,0,0
50863,University,45,14,0,8.6,1,2,0,0
50864,University,13,10,6,8.61,1,2,0,0
50865,University,56,11,12,5.58,1,1,0,0
50866,Downtown,39,13,0,7.64,0,3,0,1
50867,Downtown,49,4,24,7.81,0,1,0,0
50868,Downtown,57,3,4,9.13,0,3,0,0
50869,Riverside,32,9,25,6.04,0,1,0,0
50870,Downtown,47,20,8,5.77,1,2,0,0
50871,University,2,4,2,9.5,1,1,0,0
50872,University,53,5,21,5.88,1,1,0,0
50873,University,16,27,0,4.54,0,1,0,0
50874,University,44,8,9,5.91,0,2,1,1
50875,Riverside,59,23,6,5.83,0,5,0,0
50876,Downtown,11,7,32,8.38,0,0,0,0
50877,Downtown,37,13,3,6.08,1,3,0,0
50878,Downtown,47,16,4,6.34,1,2,1,1
50879,Downtown,50,4,50,5.51,0,2,1,1
50880,University,16,3,14,6.45,1,1,1,1
50881,Downtown,1,32,3,7.62,0,3,0,0
50882,University,17,6,36,8.84,0,1,0,0
50883,Downtown,57,6,14,6.19,0,1,1,1
50884,Downtown,1,0,113,6.27,0,0,1,1
50885,Downtown,4,23,4,7.75,1,1,0,0
50886,University,9,8,12,8.05,0,1,0,0
50887,Riverside,37,5,42,6.23,1,1,0,0
50888,Downtown,3,10,15,9.15,1,3,0,0
50889,University,9,7,18,5.99,0,1,0,0
50890,Downtown,49,9,14,5.62,1,2,1,0
50891,University,29,3,8,5.99,1,0,1,1
50892,University,17,8,2,5.48,0,1,0,0
50893,Riverside,30,13,26,4.73,0,3,0,0
50894,Downtown,39,14,7,5.73,0,3,0,0
50895,Riverside,60,16,5,9.73,0,0,0,0
50896,Riverside,6,8,7,8.1,1,2,0,0
50897,Downtown,49,1,3,7.05,0,0,0,0
50898,Downtown,21,6,20,5.81,1,1,1,1
50899,Riverside,1,3,16,10.11,1,0,0,0
50900,Riverside,38,1,28,6.02,0,1,1,1
50901,Downtown,48,26,0,5.68,1,1,0,0
50902,Riverside,38,9,3,5.39,1,3,1,0
50903,Downtown,10,7,8,6.82,0,1,1,1
50904,University,32,33,2,6.8,1,2,0,0
50905,University,53,6,10,6.72,0,3,0,0
50906,University,16,10,6,8.16,0,1,1,0
50907,Downtown,44,0,158,4.5,1,0,1,1
50908,Downtown,6,5,36,6.74,0,3,1,1
50909,University,25,2,68,9.36,0,0,1,1
50910,Riverside,42,1,4,4.87,0,1,0,0
50911,Downtown,55,30,0,6.11,1,3,0,0
50912,Downtown,2,9,5,7.57,0,1,0,0
50913,Riverside,28,8,6,7.22,0,0,0,0
50914,University,41,13,2,8.06,1,1,1,0
50915,Riverside,26,19,11,9.32,0,3,0,0
50916,Downtown,39,7,4,7.47,1,3,0,0
50917,University,34,19,1,8.0,1,2,0,0
50918,University,29,2,19,3.73,1,0,0,0
50919,Downtown,47,33,8,7.68,0,3,0,0
50920,Downtown,34,2,6,7.1,0,0,1,1
50921,Downtown,20,9,6,7.29,0,1,0,0
50922,Downtown,38,16,3,6.34,0,2,0,0
50923,Riverside,39,12,11,7.1,1,0,0,0
50924,Downtown,19,7,12,6.24,1,1,1,0
50925,Downtown,18,17,1,7.31,1,2,0,0
50926,University,44,7,13,5.94,1,2,1,1
50927,Riverside,15,20,13,5.25,1,0,0,0
50928,Downtown,8,4,17,5.23,1,2,0,0
50929,Downtown,35,2,6,6.53,0,1,0,0
50930,Downtown,46,2,7,5.06,1,1,0,0
50931,Riverside,41,5,5,6.95,0,1,0,0
50932,University,56,9,31,6.82,0,1,0,0
50933,Downtown,38,17,23,8.55,0,3,0,0
50934,University,49,23,3,6.6,0,2,0,0
50935,University,60,10,24,4.17,0,2,0,0
50936,Riverside,5,7,19,5.95,1,3,0,0
50937,University,28,22,3,4.98,0,4,0,0
50938,University,39,7,72,6.32,0,1,1,1
50939,Downtown,23,8,5,6.52,1,4,0,0
50940,Downtown,27,9,7,6.77,1,1,0,0
50941,University,23,5,26,7.02,0,1,1,1
50942,Riverside,21,20,1,4.11,0,1,1,1
50943,University,7,10,1,7.7,0,2,1,1
50944,Downtown,43,11,0,6.1,0,0,1,1
50945,Riverside,18,17,2,6.77,1,2,0,0
50946,Riverside,46,16,2,6.6,0,3,1,1
50947,University,40,7,15,7.21,0,1,0,0
50948,Downtown,28,17,3,6.71,1,2,0,0
50949,Riverside,49,52,1,6.37,1,1,0,0
50950,Downtown,6,11,3,7.71,0,3,0,0
50951,University,47,5,28,8.5,1,0,0,0
50952,Riverside,8,14,8,7.02,1,3,0,0
50953,Downtown,37,3,8,6.94,0,2,0,0
50954,Riverside,31,16,4,8.16,1,5,0,0
50955,Riverside,25,14,2,3.3,1,3,0,0
50956,Riverside,41,8,11,9.43,0,2,0,0
50957,University,3,2,64,4.94,0,0,1,1
50958,Downtown,42,4,64,7.01,0,2,1,1
50959,Riverside,6,23,2,8.38,0,2,0,0
50960,Downtown,10,5,27,3.37,1,2,0,0
50961,University,12,16,8,6.4,0,2,0,0
50962,Downtown,27,13,17,4.76,0,2,0,0
50963,Downtown,36,17,1,9.72,1,0,0,0
50964,Downtown,18,13,4,7.31,0,1,0,0
50965,University,21,14,30,5.65,0,2,0,0
50966,Downtown,39,11,3,7.38,1,2,0,0
50967,University,47,15,2,7.41,0,2,1,1
50968,Downtown,6,16,5,6.92,0,2,0,0
50969,Downtown,4,9,26,6.0,0,1,1,1
50970,University,48,14,9,8.48,0,3,0,0
50971,Riverside,54,20,1,6.01,0,1,1,0
50972,Downtown,38,19,1,4.51,0,2,1,0
50973,University,44,4,54,6.21,1,2,0,0
50974,Downtown,18,12,3,7.13,0,3,0,0
50975,Downtown,26,5,9,7.93,0,2,1,1
50976,Downtown,3,13,8,5.93,1,3,0,0
50977,Riverside,37,13,8,7.56,0,3,0,0
50978,Downtown,1,4,19,8.06,1,2,0,0
50979,University,59,13,2,6.08,0,0,0,0
50980,Riverside,14,9,5,7.02,0,2,1,1
50981,Downtown,13,20,4,7.05,1,1,1,1
50982,Riverside,43,0,193,5.52,0,0,1,1
50983,Downtown,10,6,2,7.57,0,1,1,1
50984,University,49,1,64,7.79,0,0,1,1
50985,University,17,42,4,6.49,0,2,0,0
50986,University,35,24,4,5.91,1,1,0,0
50987,Riverside,50,11,6,6.01,1,2,0,0
50988,Riverside,42,10,3,7.76,1,3,0,0
50989,Downtown,12,13,5,5.28,1,4,0,0
50990,Downtown,39,8,14,7.7,1,2,0,0
50991,University,27,12,8,7.05,0,0,0,0
50992,University,48,9,2,6.17,0,1,0,0
50993,University,22,8,0,7.5,1,1,1,1
50994,Downtown,23,15,11,5.11,1,3,0,0
50995,University,51,17,4,8.4,0,2,0,0
50996,University,48,1,4,3.66,1,1,1,1
50997,University,3,3,32,5.71,1,2,0,0
50998,Downtown,19,16,4,5.32,1,2,0,0
50999,University,54,2,36,3.69,1,0,0,0
51000,Riverside,28,9,14,6.46,0,2,0,0
51001,University,15,2,7,6.1,0,0,1,1
51002,Downtown,27,3,28,8.0,1,1,0,0
51003,University,52,0,94,5.76,0,0,1,1
51004,Riverside,5,9,7,7.73,0,1,0,0
51005,Downtown,46,5,5,10.15,0,3,0,0
51006,Downtown,18,13,24,8.49,0,4,0,0
51007,University,42,0,128,6.06,0,0,0,0
51008,Riverside,30,2,9,8.86,0,0,0,0
51009,Downtown,36,8,5,3.97,1,3,1,0
51010,University,6,8,3,3.0,1,4,0,0
51011,Riverside,1,4,31,8.97,1,0,1,1
51012,Riverside,18,20,2,6.57,1,2,0,0
51013,Riverside,55,6,4,5.11,0,1,1,0
51014,Downtown,46,1,2,4.92,0,0,0,0
51015,Downtown,48,8,11,7.94,0,1,1,1
51016,University,52,27,2,5.34,0,1,0,0
51017,University,24,7,6,8.62,1,2,0,0
51018,Downtown,43,12,6,4.18,1,4,0,0
51019,Downtown,21,25,2,8.2,1,0,0,0
51020,Riverside,9,17,5,6.2,0,2,0,0
51021,Riverside,17,16,3,7.83,0,1,0,0
51022,University,11,1,5,5.5,1,0,0,0
51023,University,49,18,10,7.25,0,3,0,0
51024,Riverside,59,12,11,5.94,0,3,0,0
51025,Riverside,27,11,10,8.26,1,1,0,0
51026,Downtown,16,7,6,5.69,1,3,0,0
51027,Downtown,3,7,8,8.16,1,3,0,0
51028,University,40,7,27,6.36,0,5,0,0
51029,Downtown,42,10,5,4.3,1,5,0,0
51030,Downtown,13,5,11,6.83,0,3,0,0
51031,Riverside,29,29,5,5.6,0,2,0,0
51032,University,25,12,3,8.67,1,2,0,0
51033,Downtown,7,12,4,4.97,0,4,0,0
51034,University,49,4,37,7.23,0,3,1,1
51035,University,24,12,21,5.91,0,4,0,0
51036,University,5,9,9,5.4,0,4,0,0
51037,Riverside,3,20,4,5.74,0,2,0,0
51038,Downtown,41,1,35,7.28,0,0,1,1
51039,Downtown,53,5,33,7.23,1,2,0,0
51040,Riverside,47,3,4,4.17,0,1,0,0
51041,Riverside,49,3,32,3.57,1,0,0,0
51042,Riverside,57,1,1,6.4,1,0,0,0
51043,Downtown,40,10,7,9.05,0,3,0,0
51044,Downtown,3,2,7,5.94,1,2,0,0
51045,Downtown,49,14,1,6.06,1,4,0,0
51046,Downtown,54,14,6,5.33,1,2,0,0
51047,Downtown,24,9,13,5.8,0,1,0,0
51048,Downtown,33,12,15,6.35,0,2,0,0
51049,University,58,24,5,5.93,1,1,0,0
51050,Downtown,21,22,7,9.18,1,0,0,0
51051,Riverside,27,11,2,6.94,1,1,1,1
51052,University,33,8,6,7.4,1,2,1,1
51053,University,22,25,3,10.1,1,0,0,0
51054,Downtown,55,8,11,7.34,1,4,0,0
51055,Downtown,24,19,4,6.89,0,1,1,1
51056,Riverside,58,5,32,5.59,1,0,0,0
51057,Riverside,35,10,3,6.58,0,4,0,0
51058,University,32,3,38,6.66,0,0,1,1
51059,Downtown,36,16,6,7.73,0,1,0,0
51060,University,26,9,11,5.17,0,3,1,0
51061,Downtown,24,9,3,7.06,1,3,0,0
51062,University,55,11,4,6.99,1,3,0,0
51063,Riverside,44,16,1,6.26,1,1,0,0
51064,Riverside,44,6,0,4.79,0,2,0,0
51065,University,16,11,10,7.73,0,2,0,0
51066,Downtown,3,1,57,5.71,1,0,1,1
51067,Riverside,10,5,21,6.1,0,3,0,0
51068,Downtown,12,1,76,6.82,0,1,1,1
51069,Riverside,27,19,1,7.7,1,1,0,0
51070,University,7,5,7,9.2,1,2,1,1
51071,Riverside,12,6,3,6.88,1,1,0,0
51072,Downtown,31,5,10,7.47,1,3,0,0
51073,Downtown,4,6,9,6.74,0,0,0,0
51074,Downtown,24,5,43,7.1,0,3,0,0
51075,Downtown,22,3,16,6.08,0,1,1,1
51076,University,16,19,9,4.43,1,1,0,0
51077,University,17,16,4,7.76,1,3,0,0
51078,Riverside,16,4,4,6.47,1,3,0,0
51079,University,19,3,12,7.53,0,1,0,0
51080,Downtown,6,17,3,8.9,1,4,0,0
51081,University,48,12,1,7.49,1,2,0,0
51082,Downtown,55,3,7,9.51,1,2,0,0
51083,University,42,12,8,6.31,1,3,0,0
51084,Riverside,35,26,12,3.55,0,0,0,0
51085,Downtown,13,12,5,6.84,0,2,0,0
51086,Riverside,11,18,16,5.48,0,2,1,1
51087,Downtown,27,14,6,5.99,1,0,0,0
51088,University,37,13,0,6.63,1,2,0,0
51089,Downtown,14,19,1,9.37,0,2,0,0
51090,University,12,29,1,7.85,1,2,0,0
51091,Riverside,11,4,10,6.16,0,0,0,0
51092,University,40,3,5,8.23,0,0,0,0
51093,Riverside,17,14,2,6.03,0,1,0,0
51094,Riverside,12,16,7,6.62,1,3,0,0
51095,Riverside,2,0,165,7.38,1,0,1,1
51096,Riverside,21,2,10,6.76,0,0,1,1
51097,Downtown,33,7,15,3.0,1,1,0,0
51098,Downtown,55,7,7,7.21,0,1,0,0
51099,University,7,11,5,5.23,0,3,0,0
51100,Downtown,36,15,17,5.37,1,0,0,0
51101,Downtown,40,36,4,8.23,0,1,0,0
51102,Riverside,15,15,2,5.52,1,2,0,0
51103,University,37,23,2,7.95,0,2,0,0
51104,University,6,20,11,8.0,0,4,1,1
51105,Riverside,38,21,6,6.86,1,0,0,0
51106,University,41,8,22,7.52,1,1,0,0
51107,Downtown,29,2,41,7.31,1,0,0,0
51108,Downtown,36,10,5,8.11,0,3,0,0
51109,Downtown,11,17,2,5.79,1,2,0,0
51110,Riverside,48,8,23,6.14,1,1,0,0
51111,University,13,16,16,5.12,1,1,1,1
51112,Downtown,43,24,4,6.48,0,3,1,1
51113,Downtown,24,43,2,6.13,1,3,0,0
51114,Downtown,29,0,128,8.03,1,0,1,1
51115,Riverside,22,14,3,10.11,1,3,0,0
51116,University,32,9,23,5.93,0,1,1,1
51117,University,41,12,21,6.32,1,1,0,0
51118,Downtown,2,9,1,3.94,1,2,1,0
51119,University,12,16,10,8.12,0,2,0,0
51120,Riverside,6,2,5,6.12,0,1,1,1
51121,Downtown,7,16,4,6.9,1,1,0,0
51122,University,25,10,16,8.07,0,4,0,0
51123,University,51,2,3,8.08,1,0,0,0
51124,University,7,11,2,6.12,1,2,0,0
51125,University,7,15,4,4.88,0,4,0,0
51126,Downtown,21,2,22,6.38,1,2,0,0
51127,Riverside,2,6,11,5.86,1,2,0,0
51128,Riverside,44,1,34,6.22,1,0,0,0
51129,Downtown,10,10,6,8.63,0,2,0,0
51130,Riverside,60,17,6,3.42,0,2,0,0
51131,University,57,7,17,7.09,0,1,0,0
51132,Downtown,7,18,12,8.01,0,2,0,0
51133,University,29,9,10,7.86,0,3,0,0
51134,University,58,4,8,9.08,0,1,1,1
51135,Riverside,54,8,3,6.73,0,2,0,0
51136,Downtown,34,4,5,5.65,1,1,0,0
51137,University,53,17,8,6.22,0,2,0,0
51138,Downtown,45,7,4,7.87,1,1,1,1
51139,Riverside,12,4,16,5.85,1,2,0,0
51140,University,50,11,10,5.73,1,1,0,0
51141,University,46,2,23,5.46,1,1,0,0
51142,Riverside,51,12,19,5.66,1,1,0,0
51143,University,25,9,9,6.33,0,1,0,0
51144,Downtown,25,15,8,7.91,1,2,0,0
51145,Riverside,46,21,6,8.04,0,3,0,0
51146,Downtown,21,4,26,5.33,0,1,0,0
51147,University,11,10,8,6.35,1,2,0,0
51148,University,17,18,2,8.15,1,1,0,0
51149,Downtown,49,1,90,6.25,1,1,0,0
51150,Riverside,53,2,62,6.49,0,1,1,1
51151,Downtown,40,14,8,7.6,0,1,0,0
51152,University,19,18,2,5.57,0,1,1,1
51153,University,1,9,6,6.04,0,1,1,1
51154,University,12,3,67,7.3,1,1,0,1
51155,Downtown,22,7,3,5.73,1,3,0,0
51156,Downtown,23,4,18,6.01,1,0,0,0
51157,Downtown,27,4,23,6.5,0,2,0,0
51158,Downtown,34,15,1,5.99,1,3,0,0
51159,Riverside,10,27,2,7.38,1,3,0,0
51160,University,27,15,3,6.01,0,1,0,0
51161,University,58,4,17,7.5,0,3,0,0
51162,Riverside,7,12,19,9.27,0,3,1,1
51163,University,14,6,22,7.55,0,3,1,0
51164,Downtown,56,8,10,5.5,1,4,0,0
51165,University,1,5,4,4.22,0,2,0,0
51166,Downtown,53,6,2,7.75,0,1,1,1
51167,Downtown,47,7,13,5.31,1,2,0,0
51168,Downtown,30,14,19,3.07,1,0,1,0
51169,University,60,15,9,9.23,0,0,0,0
51170,University,41,3,12,5.02,0,1,1,1
51171,Downtown,26,34,1,8.11,0,1,0,0
51172,University,27,11,4,6.54,0,2,1,1
51173,Riverside,37,17,1,5.3,0,2,0,0
51174,Downtown,25,7,17,5.76,0,1,0,0
51175,Downtown,41,8,5,3.85,1,3,0,0
51176,University,7,14,10,5.36,0,4,0,0
51177,University,5,7,2,6.26,0,2,0,0
51178,Downtown,33,15,9,7.43,0,2,0,0
51179,University,57,0,117,8.03,0,0,1,1
51180,Downtown,60,17,9,7.41,1,3,1,0
51181,Riverside,35,4,26,6.72,1,2,0,0
51182,University,32,6,6,7.56,1,1,0,0
51183,Downtown,60,5,30,4.89,0,2,0,0
51184,Downtown,44,23,8,4.81,1,4,0,0
51185,University,51,8,78,8.94,0,0,1,1
51186,University,58,16,16,6.89,0,3,0,0
51187,Downtown,9,0,184,7.93,0,0,1,1
51188,University,55,0,158,7.29,0,0,1,1
51189,Downtown,38,14,4,4.78,1,1,0,0
51190,University,55,6,9,8.51,1,1,1,0
51191,Downtown,55,7,28,6.84,0,2,0,0
51192,Downtown,11,23,2,6.85,0,3,0,0
51193,University,29,4,11,7.29,0,1,1,1
51194,Downtown,50,3,18,3.85,0,2,1,0
51195,Downtown,16,17,2,7.35,0,3,0,0
51196,Downtown,44,2,8,5.01,1,0,0,0
51197,University,42,13,0,6.06,1,2,0,0
51198,Downtown,55,3,58,3.0,0,2,0,0
51199,Downtown,10,24,1,6.95,0,4,0,0
51200,Riverside,45,0,131,6.46,0,0,1,1
51201,University,45,21,6,4.35,0,2,0,0
51202,Riverside,33,3,20,6.14,1,2,0,0
51203,Downtown,42,8,17,5.65,0,4,0,0
51204,Downtown,34,4,1,4.03,0,2,0,0
51205,University,1,2,46,9.09,0,0,1,1
51206,Downtown,17,6,22,3.01,1,1,1,1
51207,Downtown,26,22,2,7.2,1,2,0,0
51208,Downtown,26,13,13,7.12,0,2,0,0
51209,Riverside,1,10,20,6.2,0,1,1,1
51210,Riverside,41,10,11,8.47,0,1,0,0
51211,Downtown,11,1,4,5.97,0,0,0,1
51212,University,24,9,11,5.39,0,3,0,0
51213,Riverside,50,35,1,4.71,0,2,0,0
51214,Downtown,13,12,11,5.77,0,3,0,0
51215,University,49,9,7,9.57,0,2,0,0
51216,Riverside,13,16,4,7.71,0,3,0,0
51217,Riverside,41,24,11,7.66,0,1,0,0
51218,Downtown,50,8,45,7.76,1,4,0,0
51219,University,53,26,8,6.26,1,2,0,0
51220,Downtown,22,38,2,3.94,0,2,0,0
51221,Riverside,59,11,2,7.41,1,2,0,0
51222,University,35,6,14,7.35,0,2,0,0
51223,Riverside,58,11,14,9.12,0,1,0,0
51224,Downtown,27,14,7,5.37,0,1,0,0
51225,Downtown,5,9,20,4.89,1,1,1,1
51226,University,11,20,6,7.24,1,3,0,0
51227,University,35,16,10,4.96,1,3,0,0
51228,University,24,6,11,7.77,0,0,0,0
51229,University,37,13,9,9.48,0,2,0,0
51230,Downtown,25,7,7,7.97,0,2,0,0
51231,Riverside,13,10,15,8.09,0,1,1,1
51232,Downtown,20,17,1,5.63,1,3,0,0
51233,Downtown,31,21,12,4.68,0,5,0,0
51234,University,35,20,4,6.8,0,4,0,0
51235,Downtown,44,17,17,6.4,0,1,0,0
51236,Riverside,50,9,10,5.81,1,3,0,0
51237,Downtown,5,1,2,8.33,0,0,0,0
51238,University,7,6,4,7.14,0,1,0,0
51239,Riverside,31,22,12,7.83,1,1,1,0
51240,Downtown,44,1,6,8.15,0,0,1,1
51241,University,16,0,197,8.69,0,0,1,1
51242,Riverside,45,3,23,10.14,0,0,0,0
51243,University,3,9,25,6.71,1,2,1,1
51244,Riverside,26,18,0,6.09,0,2,0,0
51245,Riverside,6,15,6,5.36,0,2,0,0
51246,Downtown,54,0,174,9.78,0,0,1,1
51247,Downtown,51,13,7,5.66,1,1,0,0
51248,Downtown,11,0,178,4.31,0,0,1,1
51249,University,56,16,2,6.57,0,2,0,0
51250,University,25,5,2,4.02,1,3,0,0
51251,Downtown,38,11,4,7.64,1,4,1,0
51252,Riverside,3,11,10,7.8,0,2,0,0
51253,Downtown,13,22,7,8.34,1,3,0,0
51254,Downtown,34,0,147,6.61,0,0,1,1
51255,Downtown,29,14,4,10.14,1,1,1,1
51256,University,7,19,4,6.44,0,2,0,0
51257,University,41,3,21,4.93,1,2,0,0
51258,University,60,3,20,6.26,1,2,0,0
51259,Downtown,19,5,21,4.86,0,1,0,0
51260,Downtown,3,5,4,4.87,0,2,0,0
51261,Downtown,30,11,4,6.57,0,2,0,0
51262,Downtown,60,36,3,5.84,0,0,0,0
51263,Riverside,54,7,6,5.3,1,4,0,0
51264,Downtown,35,20,0,8.1,1,3,0,0
51265,University,15,4,7,5.07,1,2,0,0
51266,Riverside,35,6,3,5.71,0,1,1,1
51267,University,56,14,5,9.41,0,2,0,0
51268,University,53,24,1,6.85,1,1,0,0
51269,Downtown,31,15,2,10.23,0,3,1,0
51270,Riverside,46,8,5,7.28,1,5,0,0
51271,University,26,11,1,7.39,0,1,0,0
51272,University,29,25,11,7.37,0,0,0,0
51273,Downtown,12,1,12,6.77,0,1,1,1
51274,Riverside,27,6,19,5.16,0,1,1,1
51275,University,50,6,15,5.33,1,2,0,0
51276,Downtown,42,5,24,7.72,0,3,0,0
51277,Downtown,5,16,3,7.12,0,2,0,0
51278,Riverside,60,6,4,7.42,1,2,0,0
51279,Downtown,36,29,2,5.17,0,4,0,0
51280,University,16,10,9,7.21,0,1,0,0
51281,Downtown,15,19,3,8.11,1,3,0,0
51282,Downtown,25,11,19,7.22,0,2,1,1
51283,University,58,17,2,5.74,1,1,0,0
51284,Downtown,17,8,15,9.33,1,3,0,0
51285,Riverside,28,1,13,8.0,0,0,1,1
51286,University,52,1,40,7.02,0,0,1,1
51287,Downtown,18,1,29,4.98,0,0,1,1
51288,Riverside,47,9,11,7.41,0,2,0,0
51289,University,1,8,17,6.24,0,1,1,1
51290,Downtown,55,3,15,6.62,1,1,0,0
51291,Downtown,47,10,9,8.1,1,3,0,0
51292,Riverside,60,13,8,8.07,0,2,0,0
51293,Downtown,31,8,1,6.48,1,2,0,0
51294,Riverside,15,3,0,6.62,0,1,0,0
51295,Downtown,34,36,4,5.43,1,1,0,0
51296,Riverside,25,10,18,6.31,1,2,0,0
51297,Riverside,21,6,2,7.79,0,2,0,0
51298,University,50,4,1,7.26,0,2,1,1
51299,Downtown,4,34,4,7.09,0,4,0,0
51300,Downtown,47,2,90,6.18,1,0,1,1
51301,Downtown,16,19,8,7.56,0,1,0,0
51302,University,10,6,22,9.42,0,3,0,0
51303,Riverside,12,9,17,7.04,1,3,0,0
51304,Riverside,23,20,9,7.9,0,0,1,0
51305,University,22,3,8,6.53,0,1,0,0
51306,University,1,20,5,9.97,0,4,0,0
51307,University,55,1,3,3.62,0,0,0,0
51308,University,31,14,8,5.44,0,4,0,0
51309,Downtown,60,26,4,6.21,0,3,0,0
51310,Downtown,33,21,2,8.58,0,1,0,0
51311,Downtown,36,5,33,6.29,1,3,0,1
51312,Downtown,12,11,11,6.12,1,1,0,0
51313,Downtown,15,4,29,8.33,0,0,0,0
51314,Downtown,7,34,1,5.78,1,1,0,0
51315,Downtown,44,5,8,3.53,1,1,0,0
51316,Downtown,40,26,2,6.72,1,2,0,0
51317,Riverside,55,56,1,7.48,1,1,0,0
51318,Downtown,33,21,7,7.25,0,3,0,0
51319,Downtown,13,10,23,3.83,0,3,1,1
51320,Riverside,11,27,1,8.61,0,2,0,0
51321,Downtown,17,7,20,4.51,1,3,0,0
51322,University,54,20,0,7.2,0,2,1,0
51323,University,10,3,6,6.03,0,1,0,0
51324,University,47,16,11,5.71,1,1,0,0
51325,Riverside,53,8,5,7.34,1,2,0,0
51326,Riverside,37,28,5,5.63,1,1,0,0
51327,Riverside,34,18,6,8.23,0,2,1,1
51328,Downtown,1,11,3,4.29,0,2,0,0
51329,University,51,17,4,3.36,0,4,0,0
51330,Downtown,57,3,13,5.06,1,0,0,1
51331,University,18,20,1,6.07,1,1,0,0
51332,University,57,2,27,8.2,1,0,0,1
51333,University,8,5,36,5.23,1,1,1,1
51334,Downtown,55,28,1,6.56,1,4,1,0
51335,University,48,12,10,7.37,1,3,0,0
51336,University,53,10,6,6.81,1,0,0,0
51337,Downtown,42,5,25,4.2,0,4,0,0
51338,Downtown,1,5,54,4.46,1,2,0,0
51339,Downtown,28,7,2,6.77,0,3,0,0
51340,Riverside,42,7,42,5.01,1,5,0,0
51341,Downtown,42,3,34,4.73,0,1,1,1
51342,Downtown,50,8,5,4.89,1,3,0,0
51343,Downtown,34,4,6,7.42,1,1,0,0
51344,University,5,4,26,7.83,0,0,1,1
51345,Downtown,49,10,2,9.76,0,2,0,0
51346,Downtown,59,12,2,6.72,0,2,1,0
51347,Downtown,11,9,19,6.78,0,2,0,0
51348,University,4,17,3,5.43,0,1,0,0
51349,University,60,7,35,5.37,1,1,0,0
51350,Riverside,27,8,20,6.43,0,2,0,0
51351,Riverside,33,22,5,7.02,0,3,0,0
51352,Riverside,20,4,14,7.02,1,2,0,0
51353,Downtown,57,2,10,6.49,0,1,1,1
51354,Downtown,39,15,2,8.86,0,2,0,0
51355,Riverside,16,29,1,6.41,1,1,0,0
51356,Downtown,45,6,57,5.86,0,1,1,1
51357,Downtown,21,15,4,8.1,1,4,0,0
51358,Downtown,59,8,9,7.68,1,0,1,1
51359,Downtown,40,18,3,6.08,0,2,0,0
51360,University,26,1,11,5.04,1,1,0,0
51361,Downtown,31,4,6,5.89,0,2,1,1
51362,Downtown,36,14,2,6.22,1,3,0,0
51363,University,10,18,4,6.11,0,4,0,0
51364,University,47,2,6,6.58,0,1,0,0
51365,Downtown,51,8,17,6.29,0,2,1,1
51366,Riverside,45,21,10,6.95,0,4,0,0
51367,Downtown,48,2,2,7.12,1,0,1,1
51368,Riverside,10,36,3,7.46,1,3,0,0
51369,University,37,11,2,6.99,1,1,0,0
51370,Downtown,60,25,2,5.49,0,4,0,0
51371,Riverside,20,15,5,8.98,0,1,0,0
51372,Downtown,2,14,15,4.94,0,1,0,0
51373,University,32,10,5,5.34,0,1,0,0
51374,Riverside,27,8,3,6.63,0,4,0,0
51375,Downtown,7,2,28,7.9,1,1,1,1
51376,University,37,10,4,4.65,0,3,0,0
51377,Downtown,45,5,24,5.66,1,1,0,0
51378,Riverside,58,10,5,5.12,1,1,0,0
51379,Riverside,31,13,28,6.58,1,2,0,0
51380,Downtown,15,6,35,6.72,0,1,1,0
51381,University,35,5,14,8.86,1,0,0,0
51382,University,42,2,5,4.67,0,0,0,0
51383,Downtown,30,10,2,7.75,0,1,0,0
51384,University,41,4,8,4.68,0,2,1,1
51385,Riverside,39,24,1,7.38,1,1,0,0
51386,Downtown,9,10,9,7.3,1,2,0,0
51387,Downtown,52,15,2,7.99,0,2,0,0
51388,Downtown,9,5,19,5.75,0,3,1,1
51389,University,9,5,7,7.1,0,3,1,1
51390,Downtown,30,0,194,5.77,1,0,1,1
51391,Downtown,56,11,3,5.44,0,1,0,0
51392,University,2,9,7,5.82,0,3,0,0
51393,Downtown,51,12,7,5.13,1,1,0,0
51394,Downtown,22,3,1,7.38,1,1,0,0
51395,University,41,7,9,6.66,1,3,0,0
51396,Downtown,29,14,9,8.5,0,3,0,0
51397,University,29,25,1,7.9,1,1,0,0
51398,Riverside,8,6,17,7.92,0,2,0,0
51399,Downtown,18,4,44,6.78,1,1,0,0
51400,Downtown,5,5,29,5.11,1,1,1,1
51401,Downtown,22,21,2,4.28,0,2,1,1
51402,Downtown,52,20,9,7.0,0,1,0,0
51403,Downtown,5,13,5,6.27,0,1,0,0
51404,University,4,8,2,6.75,1,2,0,0
51405,University,49,11,26,4.57,0,1,1,0
51406,Riverside,35,7,10,5.55,0,0,0,0
51407,Downtown,48,5,2,6.46,0,1,0,0
51408,Riverside,30,12,4,9.23,0,4,0,0
51409,Riverside,50,9,9,5.78,1,1,0,0
51410,Downtown,18,18,19,6.1,1,1,0,0
51411,Riverside,16,16,1,6.88,0,3,0,0
51412,Downtown,8,13,19,6.81,0,2,1,1
51413,Riverside,52,17,23,9.49,0,2,0,0
51414,University,12,12,1,8.62,1,2,0,0
51415,Riverside,23,16,6,6.78,1,0,0,0
51416,University,42,7,1,7.16,1,2,0,0
51417,Downtown,43,30,1,5.11,1,4,0,0
51418,Downtown,18,2,46,8.6,0,2,1,1
51419,University,10,7,2,9.6,0,2,0,0
51420,University,9,13,3,6.5,0,0,0,0
51421,Riverside,52,21,5,7.24,0,3,0,0
51422,Downtown,37,35,1,6.55,1,1,0,0
51423,Downtown,21,25,2,6.59,1,3,0,0
51424,University,46,32,4,6.28,0,2,0,0
51425,Riverside,59,13,17,4.97,1,2,0,0
51426,Downtown,39,5,38,6.3,1,0,0,0
51427,University,50,5,17,5.62,0,1,1,1
51428,University,9,4,20,6.69,1,0,1,1
51429,Riverside,44,5,1,6.68,0,3,1,1
51430,University,22,4,10,6.74,1,1,0,0
51431,Downtown,12,7,5,5.91,1,4,0,0
51432,Downtown,59,21,1,5.59,0,2,0,0
51433,University,47,7,37,5.66,1,2,0,0
51434,University,9,18,1,7.6,1,1,0,0
51435,Riverside,42,10,3,5.18,1,2,0,0
51436,Downtown,19,26,8,6.19,0,3,0,0
51437,Riverside,10,0,128,7.37,0,0,1,1
51438,Downtown,2,14,6,5.03,0,2,0,0
51439,Riverside,42,14,3,6.13,0,3,0,0
51440,Downtown,41,24,8,8.31,1,4,0,0
51441,Downtown,12,1,35,8.0,0,1,1,1
51442,Downtown,19,26,16,5.88,0,4,0,0
51443,Downtown,31,4,21,7.45,1,1,0,0
51444,University,4,2,33,6.61,0,1,1,1
51445,Downtown,17,9,9,6.75,1,2,0,0
51446,University,34,9,14,5.38,0,3,0,0
51447,University,57,9,8,5.2,0,0,0,0
51448,University,38,10,6,6.91,1,3,0,0
51449,Downtown,46,10,6,6.54,1,2,0,0
51450,University,25,7,0,9.11,0,3,1,1
51451,University,9,2,9,4.42,1,0,0,0
51452,Riverside,52,4,31,5.11,1,2,0,0
51453,Downtown,8,12,12,5.38,0,2,1,1
51454,Riverside,42,5,8,6.63,0,2,0,0
51455,University,25,28,3,6.56,1,4,0,0
51456,Downtown,19,15,3,7.94,1,3,0,0
51457,Riverside,11,9,16,8.3,1,1,0,0
51458,Riverside,16,7,18,8.73,0,1,1,1
51459,University,21,2,55,4.52,0,1,1,1
51460,Riverside,57,12,8,9.74,0,0,0,0
51461,University,43,13,6,7.88,0,3,0,0
51462,University,43,26,1,6.44,0,3,0,0
51463,Downtown,31,17,4,7.51,0,2,0,0
51464,Downtown,26,8,4,6.78,0,3,0,0
51465,Downtown,26,7,14,4.05,1,2,1,1
51466,Downtown,34,3,6,7.26,1,0,0,0
51467,Riverside,46,26,11,6.72,1,3,0,0
51468,Downtown,36,8,1,4.92,1,3,0,0
51469,University,39,13,18,5.7,0,2,0,0
51470,Riverside,9,20,13,7.53,1,3,0,0
51471,Downtown,15,11,11,6.15,1,2,0,0
51472,Riverside,55,8,6,4.88,0,1,0,0
51473,University,27,4,12,4.88,0,2,0,0
51474,Riverside,56,1,66,5.77,1,0,1,1
51475,University,35,4,10,5.55,0,1,0,0
51476,Downtown,41,3,6,8.53,1,2,1,1
51477,Downtown,41,11,7,5.54,0,1,0,0
51478,Downtown,51,6,20,5.35,1,2,0,0
51479,Downtown,22,33,3,6.92,0,3,0,0
51480,Downtown,43,23,1,8.88,1,1,0,0
51481,Riverside,27,13,10,9.67,0,1,0,0
51482,Downtown,26,32,2,6.28,0,3,1,0
51483,Riverside,32,6,16,7.05,0,4,0,0
51484,University,45,14,10,6.62,0,3,0,0
51485,Riverside,35,9,7,6.01,1,2,0,0
51486,Downtown,32,21,8,7.63,1,1,0,0
51487,Riverside,15,8,7,5.07,0,4,1,0
51488,University,16,9,17,6.58,1,1,0,0
51489,Downtown,29,1,14,6.76,1,0,0,0
51490,University,33,15,17,6.29,1,1,0,0
51491,University,50,1,44,7.0,0,1,1,1
51492,Riverside,46,11,9,6.66,1,3,0,0
51493,Downtown,35,13,6,7.79,0,3,0,0
51494,Downtown,17,3,31,6.12,0,0,1,1
51495,Riverside,42,1,9,9.1,1,1,0,0
51496,Downtown,55,3,29,9.07,0,1,0,0
51497,Downtown,52,2,7,8.64,0,0,1,1
51498,Downtown,9,16,7,7.1,1,2,0,0
51499,Downtown,55,21,4,7.78,0,3,0,0
51500,University,43,10,1,4.34,0,4,0,0
51501,Downtown,52,22,1,6.31,0,1,0,0
51502,Downtown,8,1,90,7.21,1,1,1,1
51503,Downtown,48,8,1,5.89,1,2,1,0
51504,Downtown,34,7,2,7.67,1,1,0,0
51505,Downtown,22,17,2,7.47,1,2,0,0
51506,Riverside,52,5,3,3.9,0,3,0,0
51507,University,33,2,72,6.74,1,1,0,0
51508,Riverside,55,5,11,8.63,1,1,0,0
51509,Downtown,56,3,1,8.62,0,0,0,0
51510,Riverside,9,36,2,8.96,1,2,0,0
51511,University,15,33,1,5.52,0,4,0,0
51512,Downtown,2,8,21,7.41,0,1,1,1
51513,University,25,5,24,6.32,0,4,0,0
51514,Riverside,16,11,2,6.96,0,1,0,0
51515,Downtown,25,1,24,7.62,1,0,1,1
51516,Riverside,60,7,7,6.75,1,3,0,0
51517,University,45,6,2,5.36,1,1,1,1
51518,Downtown,38,6,11,5.4,0,2,0,0
51519,Downtown,24,5,18,3.37,0,3,1,1
51520,University,42,10,0,7.6,1,3,0,0
51521,Downtown,56,18,4,6.26,1,2,0,0
51522,University,58,2,49,7.98,1,1,0,0
51523,University,4,17,0,8.12,1,1,0,0
51524,Downtown,17,14,4,6.55,1,4,0,0
51525,Downtown,38,25,2,8.84,0,4,0,0
51526,University,42,5,22,8.52,1,4,0,0
51527,Downtown,33,8,3,9.17,0,1,0,0
51528,University,51,7,24,6.87,0,3,0,0
51529,Riverside,20,11,2,8.2,0,3,0,0
51530,Downtown,22,7,12,8.09,1,1,0,0
51531,Riverside,22,3,21,8.6,1,0,1,1
51532,University,13,41,3,8.88,0,1,0,0
51533,Downtown,11,28,7,6.68,1,1,0,0
51534,Riverside,52,18,6,5.34,0,3,0,0
51535,University,31,12,15,7.32,1,3,1,0
51536,University,56,4,79,8.5,0,2,1,1
51537,University,53,4,3,4.07,1,1,0,0
51538,University,18,7,10,7.05,0,4,0,0
51539,Riverside,26,9,0,10.06,1,4,0,0
51540,University,10,11,17,8.68,1,1,0,0
51541,University,57,0,166,5.13,1,0,1,1
51542,University,24,7,3,6.91,1,1,0,0
51543,Downtown,57,19,2,7.67,0,2,0,0
51544,Downtown,53,8,8,4.94,0,1,0,0
51545,University,34,11,10,4.25,0,3,0,0
51546,Downtown,59,5,31,7.53,1,2,0,0
51547,Riverside,11,10,1,8.49,1,2,0,0
51548,University,12,21,2,6.27,1,3,0,0
51549,Riverside,52,11,16,7.81,0,1,0,0
51550,Riverside,5,25,3,5.92,1,4,0,0
51551,Riverside,4,14,4,3.53,1,2,0,0
51552,Riverside,8,13,4,6.77,0,1,1,1
51553,Downtown,53,16,6,4.53,0,1,1,1
51554,Downtown,3,2,3,6.56,1,1,1,1
51555,University,29,13,3,4.35,1,3,0,0
51556,Downtown,40,32,5,7.99,1,4,0,0
51557,Downtown,22,9,3,8.83,1,2,0,0
51558,University,8,17,7,6.06,1,3,1,1
51559,Riverside,10,9,21,6.5,0,4,1,1
51560,Downtown,36,2,28,7.23,0,0,1,1
51561,University,45,11,8,5.54,0,4,1,1
51562,Riverside,32,14,2,6.59,1,2,0,1
51563,Downtown,23,2,29,8.23,0,1,0,0
51564,University,55,22,3,7.22,0,3,0,0
51565,University,38,16,12,6.89,1,1,0,0
51566,Riverside,51,15,3,8.07,0,3,0,0
51567,Downtown,59,6,27,7.0,1,3,0,0
51568,Downtown,24,31,2,7.26,0,3,0,0
51569,Riverside,25,18,2,5.25,0,2,0,0
51570,Downtown,15,19,5,4.77,1,1,0,0
51571,University,55,17,5,9.6,1,2,0,0
51572,Riverside,57,2,11,4.14,1,2,0,0
51573,University,13,6,9,7.1,1,1,1,1
51574,Riverside,9,13,15,7.58,1,1,0,0
51575,Riverside,9,8,15,6.5,1,3,0,0
51576,Riverside,29,12,24,7.31,1,2,0,0
51577,Riverside,35,8,6,7.51,1,4,0,0
51578,Downtown,54,12,2,8.66,0,2,0,0
51579,Riverside,10,8,1,6.46,1,2,0,0
51580,Riverside,32,1,33,7.67,1,0,1,1
51581,Downtown,5,27,5,6.71,0,3,1,0
51582,Riverside,49,22,18,7.01,0,2,0,0
51583,University,30,19,2,7.09,1,3,0,0
51584,Downtown,31,5,23,7.85,0,3,0,0
51585,University,33,12,1,7.45,1,0,1,0
51586,Downtown,34,12,5,6.51,0,3,0,0
51587,Riverside,56,39,3,7.48,1,4,0,0
51588,Downtown,55,8,13,4.94,1,3,0,0
51589,Downtown,27,34,1,6.92,1,4,0,0
51590,Riverside,14,16,2,6.84,0,2,0,0
51591,University,46,7,14,7.52,1,1,0,0
51592,University,6,2,7,8.21,0,0,1,1
51593,Riverside,52,3,20,3.0,1,1,1,0
51594,Riverside,43,19,4,6.58,1,3,0,0
51595,Downtown,21,8,22,7.22,1,2,1,0
51596,Downtown,34,2,12,7.11,0,1,0,0
51597,Downtown,24,15,1,7.56,0,1,0,0
51598,Downtown,27,12,19,7.53,1,3,0,0
51599,Downtown,17,24,1,9.29,0,4,0,0
51600,Downtown,9,21,18,6.28,0,2,0,0
51601,Riverside,21,7,10,8.25,1,1,0,0
51602,Downtown,14,30,2,7.23,0,3,0,0
51603,Riverside,40,7,15,6.46,0,2,0,0
51604,Downtown,32,2,27,6.43,1,1,0,0
51605,Riverside,22,7,5,7.49,0,1,1,0
51606,Downtown,11,8,14,3.0,0,3,1,1
51607,Downtown,35,3,1,5.93,0,1,1,1
51608,Downtown,37,5,4,6.01,1,1,0,0
51609,University,49,7,5,7.08,0,0,0,0
51610,Downtown,59,6,23,5.18,0,2,0,0
51611,Riverside,9,9,3,7.31,0,2,0,0
51612,University,58,0,96,6.16,1,0,1,1
51613,Downtown,3,7,14,7.47,0,2,0,0
51614,Downtown,20,2,10,5.27,1,0,0,0
51615,Downtown,24,9,13,6.64,1,4,0,0
51616,University,11,13,1,9.56,1,2,0,0
51617,Downtown,46,4,4,5.03,0,1,0,0
51618,Riverside,54,12,1,8.83,0,1,0,0
51619,Riverside,18,4,32,5.5,0,2,1,0
51620,Riverside,45,2,3,9.59,0,0,0,0
51621,Downtown,47,2,17,7.89,0,1,0,0
51622,Downtown,33,47,2,7.84,0,2,1,0
51623,Downtown,38,5,17,7.46,0,4,0,0
51624,Downtown,2,11,16,7.73,0,2,0,0
51625,University,18,1,15,5.87,0,0,1,1
51626,Downtown,20,16,23,5.64,1,3,0,0
51627,Downtown,3,31,9,7.63,1,2,0,0
51628,Downtown,21,11,11,9.07,0,4,0,0
51629,Downtown,51,10,7,6.92,1,0,0,0
51630,University,21,7,5,4.36,0,3,0,0
51631,Riverside,30,3,9,9.03,0,1,0,0
51632,Downtown,28,26,9,6.31,0,2,1,1
51633,Downtown,56,6,46,6.95,0,0,0,0
51634,Riverside,44,11,2,7.7,1,1,0,0
51635,Downtown,7,2,41,8.7,0,0,1,1
51636,University,39,24,2,7.16,1,4,0,0
51637,Riverside,25,16,21,8.01,0,2,0,0
51638,Downtown,44,11,18,5.75,1,4,0,0
51639,University,36,3,2,5.15,1,1,0,0
51640,Downtown,50,13,3,7.79,1,5,0,0
51641,University,31,9,12,4.95,0,3,0,0
51642,Downtown,59,27,0,4.3,0,2,0,0
51643,University,10,13,11,8.83,0,2,0,0
51644,Downtown,27,45,2,6.76,1,3,0,0
51645,Downtown,56,5,4,7.49,0,2,0,0
51646,University,28,12,2,10.16,0,1,0,0
51647,Riverside,22,6,15,7.14,1,2,0,0
51648,Riverside,48,6,10,6.28,1,2,0,0
51649,University,51,7,7,5.68,1,1,0,0
51650,Downtown,18,9,24,9.77,0,3,0,0
51651,University,53,7,49,10.48,1,2,1,1
51652,Downtown,53,28,3,8.37,0,1,0,0
51653,Downtown,42,9,10,5.21,1,4,0,0
51654,University,33,38,1,8.9,1,1,1,0
51655,Riverside,23,7,3,7.41,0,4,0,0
51656,Downtown,25,5,60,8.1,0,0,0,0
51657,Riverside,12,29,4,6.7,0,1,0,0
51658,Downtown,5,7,7,5.83,0,0,0,0
51659,Downtown,40,7,12,6.36,0,2,0,0
51660,University,43,0,125,5.75,1,0,1,1
51661,University,52,9,14,6.9,1,2,0,0
51662,Downtown,19,31,5,8.02,0,3,0,0
51663,Downtown,43,1,23,9.58,0,1,1,1
51664,University,2,8,9,8.16,0,1,1,1
51665,Riverside,53,9,16,10.47,1,3,0,0
51666,Riverside,29,4,1,6.11,1,3,0,0
51667,Downtown,41,14,7,5.0,0,2,0,0
51668,University,8,19,2,5.97,0,2,0,0
51669,Riverside,47,16,1,6.68,0,1,0,0
51670,University,27,10,8,5.89,0,1,0,0
51671,Riverside,11,14,13,4.91,1,2,1,0
51672,University,6,8,3,9.01,0,3,1,1
51673,Downtown,8,3,11,9.13,1,0,0,0
51674,University,21,6,11,7.88,1,4,1,0
51675,University,50,26,0,7.07,0,1,0,0
51676,Downtown,14,23,2,7.84,0,2,0,0
51677,Riverside,28,16,5,4.55,1,3,0,0
51678,Riverside,48,5,14,5.16,0,1,0,0
51679,Downtown,40,31,1,8.08,1,2,0,0
51680,University,51,6,45,5.74,1,1,1,1
51681,University,14,19,4,8.54,0,0,0,0
51682,Downtown,45,8,5,6.85,1,4,0,0
51683,University,28,24,8,9.67,1,2,0,0
51684,University,16,14,1,7.13,1,0,0,0
51685,Downtown,24,10,2,6.19,1,3,0,0
51686,Riverside,13,15,4,8.05,1,2,0,0
51687,Riverside,52,14,15,5.85,0,3,0,0
51688,Downtown,53,14,15,5.57,0,3,0,0
51689,Riverside,24,6,20,8.2,0,2,0,0
51690,Downtown,17,11,3,4.09,1,3,0,0
51691,Downtown,39,15,0,6.33,0,6,1,1
51692,Downtown,4,13,6,5.75,1,3,0,0
51693,Riverside,23,12,6,6.61,1,1,0,0
51694,University,12,16,2,10.73,0,3,0,0
51695,Riverside,39,10,34,6.26,0,1,0,0
51696,University,48,13,12,7.16,0,3,0,0
51697,Downtown,44,11,16,7.53,0,2,0,0
51698,Riverside,39,22,6,6.94,0,1,1,1
51699,Downtown,53,28,1,5.93,0,2,0,0
51700,Downtown,6,1,12,6.9,1,0,1,1
51701,Riverside,20,11,6,7.42,1,5,0,0
51702,Downtown,35,3,30,5.47,1,0,0,0
51703,Downtown,51,3,5,7.13,0,1,0,0
51704,University,52,30,8,7.77,1,2,0,0
51705,Downtown,44,5,28,7.08,0,0,1,1
51706,Downtown,31,14,19,8.39,0,1,0,0
51707,Riverside,19,20,6,6.18,1,1,0,0
51708,University,43,13,9,6.69,0,2,0,0
51709,Downtown,49,12,7,7.41,0,2,0,0
51710,Riverside,16,7,21,5.45,0,1,0,0
51711,Downtown,24,22,3,7.65,0,0,0,0
51712,University,31,5,14,8.55,1,2,0,0
51713,Downtown,11,13,19,7.0,1,3,0,0
51714,University,32,11,8,4.65,0,1,0,0
51715,Riverside,44,8,12,7.5,0,4,0,0
51716,Downtown,40,11,1,6.75,1,1,1,0
51717,University,17,3,9,6.39,1,1,0,0
51718,University,59,16,1,7.39,0,2,0,0
51719,Riverside,9,3,49,6.08,1,1,0,0
51720,Downtown,14,6,14,5.98,0,2,1,1
51721,Downtown,44,7,1,6.62,1,2,0,0
51722,University,26,26,4,8.52,0,1,0,0
51723,Riverside,31,27,1,6.29,0,3,0,0
51724,Downtown,42,3,5,8.33,1,0,0,0
51725,Downtown,58,4,12,7.07,0,1,0,0
51726,Downtown,47,5,3,7.41,0,1,1,1
51727,Downtown,10,6,2,6.94,0,2,1,1
51728,University,22,6,15,9.71,0,3,1,1
51729,Downtown,1,4,90,5.97,1,3,1,1
51730,Downtown,45,10,25,7.84,1,1,0,0
51731,Downtown,51,32,3,8.35,1,1,0,0
51732,Riverside,32,2,7,5.44,1,1,0,0
51733,University,35,11,9,5.55,0,2,0,0
51734,University,51,10,4,5.43,1,4,0,0
51735,Downtown,38,20,3,6.9,0,3,0,0
51736,University,37,9,5,9.42,1,1,0,0
51737,Riverside,54,13,28,4.94,0,2,0,0
51738,Downtown,60,3,1,6.07,1,2,0,0
51739,Downtown,28,24,1,4.62,1,1,0,0
51740,Downtown,54,17,5,4.25,1,3,0,0
51741,University,50,2,19,7.19,0,0,0,0
51742,Downtown,13,7,26,6.92,0,4,1,1
51743,Riverside,14,9,7,6.46,0,3,0,0
51744,University,15,21,3,8.04,0,1,0,0
51745,University,59,5,1,5.45,1,1,0,0
51746,University,40,7,12,4.37,0,2,0,0
51747,Riverside,34,10,1,8.77,1,4,0,0
51748,Downtown,8,7,6,8.42,1,0,0,0
51749,Downtown,15,9,7,3.15,1,0,0,0
51750,Riverside,1,4,2,6.66,0,1,1,0
51751,Downtown,58,2,49,7.65,0,0,0,0
51752,Riverside,4,5,2,7.25,1,2,0,0
51753,University,25,14,1,6.76,1,2,0,0
51754,Riverside,10,21,26,5.04,1,3,0,0
51755,Downtown,42,12,6,4.89,0,3,1,0
51756,University,23,2,6,6.17,1,1,0,0
51757,University,33,15,2,5.89,1,3,0,0
51758,Riverside,2,3,26,6.85,1,1,0,0
51759,University,55,3,2,7.28,1,1,0,0
51760,University,51,7,18,9.07,0,0,0,0
51761,Downtown,46,5,32,6.73,0,1,0,0
51762,Riverside,42,6,19,6.72,1,0,0,0
51763,Downtown,19,7,14,7.52,0,0,0,0
51764,Riverside,39,7,8,7.27,1,3,0,0
51765,Riverside,25,5,11,6.73,0,0,0,0
51766,University,18,6,11,4.95,1,2,0,0
51767,Riverside,34,6,10,5.47,0,3,1,1
51768,Downtown,55,16,9,7.27,0,2,0,0
51769,University,7,1,24,7.12,1,0,0,0
51770,University,41,9,17,9.21,1,1,0,0
51771,University,55,9,24,4.66,0,3,0,0
51772,Downtown,39,11,14,7.31,1,2,0,0
51773,Riverside,43,14,1,7.63,0,1,0,0
51774,University,45,3,20,6.0,1,1,1,1
51775,Downtown,3,11,1,5.5,0,3,1,0
51776,University,2,15,5,8.04,0,2,0,0
51777,Downtown,54,10,15,4.87,1,3,0,0
51778,Downtown,35,4,2,9.15,0,2,0,0
51779,University,37,5,8,7.79,0,4,0,0
51780,Downtown,21,14,4,7.13,0,2,0,0
51781,Downtown,41,5,27,6.78,1,0,0,0
51782,Downtown,17,3,17,5.2,0,1,1,1
51783,Riverside,31,10,13,8.3,0,2,0,0
51784,Downtown,18,17,10,6.36,0,3,0,0
51785,Riverside,5,2,23,6.48,0,0,1,1
51786,University,46,0,171,9.12,1,0,1,1
51787,Riverside,16,9,28,5.59,0,2,0,0
51788,Riverside,4,8,4,6.91,1,2,0,0
51789,University,47,5,7,10.07,1,1,0,0
51790,Downtown,43,1,24,6.08,0,0,0,0
51791,Riverside,34,17,4,6.35,1,2,0,0
51792,University,44,3,13,6.93,0,0,1,1
51793,Downtown,16,7,2,5.27,0,2,0,0
51794,Downtown,31,15,4,5.59,1,1,0,0
51795,University,7,24,4,5.97,0,3,0,0
51796,Downtown,23,15,16,6.05,0,1,0,0
51797,Downtown,50,17,3,6.23,1,1,0,0
51798,Riverside,13,15,10,7.27,0,2,0,0
51799,University,51,9,8,6.42,0,1,1,0
51800,Downtown,46,16,9,8.93,1,0,0,0
51801,Downtown,13,21,5,3.18,1,1,0,0
51802,Riverside,33,4,46,8.13,0,2,0,0
51803,Downtown,37,5,24,5.51,0,2,0,0
51804,Downtown,14,9,13,8.5,0,2,0,0
51805,University,1,22,8,5.39,0,0,0,0
51806,Downtown,5,3,21,6.24,1,2,0,0
51807,Riverside,24,4,12,10.37,0,1,1,1
51808,Riverside,32,6,4,8.09,0,2,0,0
51809,University,53,11,5,7.83,0,3,0,0
51810,Downtown,46,11,10,3.51,0,4,0,0
51811,Riverside,52,25,10,7.13,0,3,0,0
51812,Downtown,27,24,3,5.92,0,1,0,0
51813,University,46,41,1,9.07,1,3,0,0
51814,Downtown,10,16,10,6.79,0,3,0,0
51815,Riverside,53,1,19,5.34,0,0,0,0
51816,Downtown,25,1,34,8.34,1,1,0,0
51817,Downtown,8,7,31,6.08,0,2,0,0
51818,Riverside,60,4,5,7.48,0,0,0,0
51819,Downtown,17,5,7,5.1,1,2,0,0
51820,Riverside,34,2,71,7.63,1,0,1,1
51821,Downtown,17,20,25,5.86,1,1,0,0
51822,University,37,19,3,6.67,1,2,0,0
51823,Downtown,33,25,11,8.8,0,2,0,0
51824,Riverside,14,21,2,6.7,0,3,0,0
51825,Riverside,41,7,2,7.52,0,2,0,0
51826,Downtown,24,9,11,5.26,1,3,0,0
51827,Downtown,11,13,10,6.72,1,1,0,0
51828,Riverside,40,3,18,5.4,1,0,1,1
51829,University,10,12,9,7.58,1,1,0,0
51830,Downtown,40,3,10,8.35,0,1,1,1
51831,University,1,5,10,7.5,0,4,0,0
51832,Downtown,23,19,1,3.12,0,0,0,0
51833,University,42,13,5,5.28,0,1,0,0
51834,University,7,1,30,4.89,1,0,1,1
51835,Riverside,58,22,3,3.72,1,3,0,0
51836,University,12,2,53,5.76,0,0,1,1
51837,Riverside,25,15,3,5.6,1,2,0,0
51838,Downtown,18,3,8,9.84,1,1,0,0
51839,University,46,5,14,4.34,1,2,0,0
51840,Riverside,23,5,13,9.03,0,2,1,1
51841,University,58,7,4,7.77,0,1,1,1
51842,Downtown,38,11,5,5.77,0,1,0,0
51843,Downtown,44,5,18,6.82,1,1,0,0
51844,Riverside,18,13,9,5.55,0,1,0,0
51845,Downtown,37,10,1,6.89,0,1,0,0
51846,Riverside,16,4,90,5.51,0,1,1,1
51847,University,27,2,30,9.86,0,0,0,0
51848,University,28,17,5,10.17,1,2,0,0
51849,University,28,18,11,8.43,0,3,0,0
51850,University,7,5,5,7.58,1,0,0,0
51851,Downtown,55,5,15,5.43,1,2,0,0
51852,Riverside,21,19,2,7.43,1,3,0,0
51853,Downtown,44,12,1,5.98,1,1,0,0
51854,University,9,19,4,5.66,0,0,1,1
51855,Riverside,55,25,2,5.58,0,1,0,0
51856,Downtown,58,14,0,7.08,1,2,0,0
51857,University,31,11,5,5.4,0,3,0,0
51858,Riverside,35,12,5,6.24,0,1,0,0
51859,Riverside,22,0,104,6.6,0,0,1,1
51860,Downtown,8,2,1,6.9,0,1,1,1
51861,Downtown,9,17,1,7.28,1,1,0,0
51862,Downtown,31,2,16,6.61,0,1,0,0
51863,Downtown,57,13,2,7.0,1,2,0,0
51864,Riverside,19,4,19,4.78,0,2,1,0
51865,University,14,12,25,5.12,0,1,0,0
51866,University,19,1,14,8.59,0,0,1,1
51867,Downtown,4,15,11,6.01,0,3,0,0
51868,Riverside,12,3,18,6.62,0,1,0,0
51869,Downtown,25,2,35,4.09,1,1,1,1
51870,University,49,9,12,5.46,0,5,0,0
51871,Downtown,27,9,7,9.83,0,3,1,1
51872,University,22,16,8,7.74,0,5,0,0
51873,University,37,12,10,7.27,0,0,0,0
51874,Riverside,43,28,2,9.06,0,2,0,0
51875,Downtown,45,2,8,8.36,0,1,1,1
51876,Riverside,51,2,18,7.15,1,1,0,0
51877,University,22,22,3,6.25,1,1,0,0
51878,Riverside,38,6,7,6.04,0,3,0,0
51879,Riverside,27,7,7,6.44,1,2,0,0
51880,Riverside,28,5,21,8.18,1,2,1,0
51881,Downtown,41,37,7,8.64,1,3,0,0
51882,Riverside,11,5,1,4.52,0,2,0,0
51883,Downtown,29,8,7,9.28,0,1,0,0
51884,University,24,12,27,6.28,0,1,0,0
51885,Downtown,22,1,51,7.14,1,0,1,1
51886,Riverside,31,15,5,7.81,1,2,0,0
51887,Downtown,6,31,2,7.82,1,2,0,0
51888,Downtown,44,6,33,8.47,0,2,1,1
51889,University,49,6,12,8.51,1,1,0,0
51890,University,24,6,27,5.68,0,1,0,0
51891,Riverside,6,2,33,10.91,0,1,0,0
51892,University,26,11,0,7.28,0,3,0,0
51893,Riverside,35,7,4,7.56,0,1,1,1
51894,Riverside,33,4,2,4.85,1,0,0,0
51895,Downtown,1,24,4,4.76,0,2,0,0
51896,University,30,17,2,5.96,0,2,0,0
51897,Downtown,35,8,8,7.2,1,1,0,0
51898,Riverside,53,3,62,6.76,0,2,0,0
51899,Downtown,41,13,12,8.58,0,3,0,0
51900,Downtown,26,8,6,6.82,1,0,1,0
51901,Riverside,34,6,10,8.61,0,1,0,0
51902,Downtown,57,4,7,6.66,1,0,0,0
51903,Downtown,59,11,6,7.9,0,3,0,0
51904,University,9,18,1,5.6,0,3,0,0
51905,Downtown,34,12,3,7.49,1,1,1,1
51906,Downtown,10,4,14,6.99,1,0,1,1
51907,Riverside,45,10,5,6.63,0,3,1,0
51908,Downtown,40,10,16,5.56,0,2,0,0
51909,Downtown,10,3,3,9.02,0,2,0,0
51910,University,43,7,12,6.52,1,2,0,0
51911,Riverside,17,10,7,5.92,1,3,0,0
51912,Riverside,10,10,4,5.85,1,2,0,0
51913,University,20,25,6,5.8,0,1,0,0
51914,Downtown,20,3,18,6.68,0,2,0,0
51915,Riverside,54,9,11,7.63,0,1,0,0
51916,Riverside,25,13,4,5.96,1,0,0,0
51917,Riverside,19,6,21,8.3,0,4,0,0
51918,Riverside,48,3,4,3.9,1,0,0,0
51919,University,59,9,3,7.92,1,2,0,0
51920,University,10,14,9,7.28,0,2,0,0
51921,Riverside,57,5,2,7.29,1,0,0,0
51922,Downtown,52,9,22,5.48,0,3,0,0
51923,University,13,11,11,3.96,1,3,0,0
51924,Riverside,54,22,1,5.89,0,2,0,0
51925,Downtown,14,14,7,6.58,1,1,0,0
51926,Riverside,56,18,1,5.57,1,2,0,0
51927,Downtown,60,23,4,6.27,0,0,1,0
51928,Downtown,32,14,11,6.4,0,2,0,0
51929,University,13,10,16,6.81,1,3,1,1
51930,University,60,4,45,8.2,0,2,1,1
51931,Downtown,15,10,5,5.71,0,2,0,0
51932,Downtown,22,1,22,6.36,0,0,1,1
51933,University,28,7,14,7.85,0,1,1,1
51934,Downtown,54,13,3,9.79,1,1,0,0
51935,Riverside,22,17,6,6.86,1,3,0,0
51936,Riverside,22,12,6,8.6,1,3,0,0
51937,Downtown,46,8,5,6.01,0,1,0,0
51938,Downtown,4,6,5,7.88,0,2,1,1
51939,Downtown,24,29,3,8.21,0,2,0,0
51940,University,43,8,10,6.4,0,4,0,0
51941,Downtown,12,7,3,6.6,1,1,0,0
51942,Downtown,11,10,12,5.18,0,1,0,0
51943,University,22,21,8,5.08,1,2,0,0
51944,University,48,17,3,6.2,1,1,0,0
51945,Riverside,46,4,11,7.05,0,0,1,1
51946,Riverside,46,5,13,7.6,0,2,0,0
51947,Downtown,40,18,2,8.82,0,3,0,0
51948,University,5,3,9,7.43,1,3,1,1
51949,Riverside,19,5,3,8.27,1,3,0,0
51950,Downtown,42,13,5,4.93,1,2,0,0
51951,University,54,16,10,6.41,1,4,0,0
51952,Downtown,5,14,3,7.94,0,1,0,0
51953,University,55,20,3,3.79,0,3,0,0
51954,Riverside,13,1,5,5.74,0,0,1,1
51955,University,56,8,26,8.58,0,0,0,0
51956,Downtown,31,6,51,4.96,1,1,1,1
51957,University,55,3,67,7.77,0,0,1,1
51958,University,11,25,10,4.08,0,1,0,0
51959,Downtown,4,11,19,7.26,0,3,1,0
51960,University,40,4,10,10.37,0,1,1,1
51961,Downtown,20,8,9,7.5,0,0,1,0
51962,Downtown,51,20,3,6.89,1,3,0,0
51963,University,48,16,38,6.53,1,1,0,0
51964,Riverside,39,20,7,6.93,0,2,0,0
51965,Riverside,16,9,6,6.75,0,3,0,0
51966,University,15,12,9,5.34,1,2,0,0
51967,University,24,13,6,5.64,1,1,0,0
51968,Riverside,14,22,2,7.01,0,1,0,0
51969,Riverside,31,1,30,8.35,0,0,1,1
51970,University,29,9,21,6.0,1,3,0,0
51971,University,18,10,12,10.14,0,0,0,0
51972,Downtown,48,10,1,4.97,0,3,0,0
51973,University,36,6,3,8.76,1,2,0,0
51974,Downtown,18,2,29,5.74,0,0,1,0
51975,Riverside,1,17,8,6.61,0,2,0,0
51976,Riverside,49,27,1,9.32,1,2,0,0
51977,University,44,2,11,7.12,1,2,0,0
51978,Downtown,34,14,0,6.15,0,1,0,1
51979,Riverside,32,8,10,6.76,1,0,0,0
51980,University,49,7,5,7.84,1,2,1,1
51981,Riverside,18,8,9,5.93,0,2,1,1
51982,University,11,2,90,5.82,0,0,1,1
51983,University,38,10,10,6.32,0,2,0,0
51984,University,49,23,3,8.51,0,4,0,0
51985,University,3,29,7,6.01,0,3,0,0
51986,Downtown,60,14,4,5.57,1,1,0,0
51987,Downtown,57,7,23,6.16,1,2,1,1
51988,Downtown,18,10,13,6.83,0,3,0,0
51989,Riverside,11,11,10,4.92,1,1,1,1
51990,Riverside,51,4,16,5.19,0,0,0,0
51991,University,57,20,4,7.15,1,1,1,0
51992,Downtown,11,20,3,6.85,1,2,0,0
51993,University,33,4,15,5.71,1,3,0,0
51994,University,51,13,9,6.05,1,1,0,0
51995,Downtown,14,6,13,7.99,0,3,1,1
51996,University,12,15,8,6.01,0,2,0,0
51997,University,15,56,2,8.7,1,4,0,0
51998,Downtown,15,13,28,6.64,0,2,0,0
51999,Downtown,40,6,16,5.79,1,2,0,0
52000,University,56,18,1,8.33,1,3,0,0
52001,Downtown,46,24,4,4.75,1,3,0,0
52002,Downtown,37,14,12,4.8,1,3,0,0
52003,Riverside,59,9,16,3.79,0,0,1,0
52004,Riverside,13,13,18,7.39,0,3,0,0
52005,Downtown,24,5,29,5.41,1,1,0,0
52006,Downtown,42,0,163,7.32,0,0,1,1
52007,Riverside,12,11,42,4.25,0,0,1,1
52008,University,24,15,22,7.66,0,3,0,0
52009,Riverside,14,13,2,6.34,0,3,0,0
52010,Riverside,43,4,7,5.29,1,0,0,0
52011,Downtown,38,10,2,7.05,1,3,0,0
52012,University,46,11,22,5.74,1,3,0,0
52013,University,31,7,29,6.51,1,3,0,0
52014,Downtown,60,11,11,3.7,0,1,0,0
52015,Downtown,8,1,66,4.69,1,0,1,1
52016,University,33,20,2,4.37,0,3,0,0
52017,Downtown,27,6,29,7.36,0,1,1,1
52018,Downtown,4,8,27,5.31,1,2,0,0
52019,Riverside,15,3,14,6.53,1,0,0,0
52020,Downtown,51,9,2,5.35,0,1,0,0
52021,Riverside,30,4,20,6.29,0,1,1,1
52022,University,15,9,9,9.19,1,3,0,0
52023,Downtown,55,8,8,6.03,0,2,1,1
52024,Downtown,56,13,16,7.91,1,2,1,1
52025,Downtown,10,6,12,7.62,1,5,0,0
52026,Downtown,30,19,1,3.0,1,1,0,0
52027,University,38,24,3,6.28,1,2,0,0
52028,Riverside,38,2,9,5.88,0,1,0,0
52029,University,22,6,4,7.48,1,2,0,0
52030,Downtown,50,14,15,4.88,0,2,0,0
52031,University,59,13,0,6.63,1,0,1,0
52032,University,59,5,12,6.45,1,3,0,0
52033,University,49,7,4,10.37,1,3,0,0
52034,Riverside,55,16,13,6.76,0,3,0,0
52035,Riverside,47,1,25,3.92,1,0,1,1
52036,Downtown,34,10,2,5.42,0,1,0,0
52037,University,12,3,32,7.56,1,0,1,1
52038,University,38,10,6,6.82,1,2,1,1
52039,University,15,7,5,8.71,1,0,1,0
52040,Downtown,12,12,25,6.34,1,2,0,0
52041,University,7,2,45,4.97,0,2,1,1
52042,Riverside,45,16,0,7.6,0,1,0,0
52043,Downtown,34,1,19,7.87,0,1,0,1
52044,Riverside,9,16,5,6.09,0,1,0,0
52045,University,51,8,0,4.57,1,1,0,0
52046,University,41,9,11,4.61,0,1,1,0
52047,University,3,44,1,5.68,1,1,0,0
52048,Riverside,33,6,13,5.51,0,1,0,0
52049,Downtown,19,4,2,7.92,1,1,0,0
52050,Riverside,29,3,8,5.99,0,1,0,0
52051,Downtown,31,7,16,7.7,1,2,0,0
52052,Riverside,14,13,18,7.38,0,3,0,0
52053,Riverside,2,3,28,7.34,0,1,1,1
52054,Downtown,34,7,2,8.45,0,3,0,0
52055,Riverside,32,7,11,6.79,0,1,0,0
52056,Downtown,43,2,90,7.65,1,0,0,0
52057,University,40,9,7,4.28,0,1,0,0
52058,University,6,7,16,6.89,1,0,0,0
52059,University,40,21,2,6.95,1,3,0,0
52060,University,51,5,6,5.68,1,2,0,0
52061,Riverside,24,2,4,6.09,1,2,1,1
52062,University,12,12,13,7.89,1,1,0,0
52063,Riverside,31,7,10,10.09,1,2,0,0
52064,University,35,21,4,8.82,0,3,0,0
52065,Downtown,22,17,1,5.75,1,1,0,0
52066,Downtown,23,14,1,7.63,0,4,0,0
52067,Riverside,52,12,1,6.01,0,4,0,0
52068,Downtown,25,13,18,7.38,1,0,0,0
52069,Downtown,26,21,1,7.59,1,1,0,0
52070,Downtown,9,13,1,4.91,1,2,0,0
52071,Downtown,36,3,5,5.84,1,1,0,0
52072,Riverside,7,7,8,8.33,0,4,0,0
52073,University,17,58,1,6.54,1,3,0,0
52074,Downtown,28,19,5,9.85,0,3,0,0
52075,Downtown,36,8,11,8.27,0,1,0,0
52076,University,44,10,4,6.67,1,3,0,0
52077,Downtown,13,16,4,6.14,0,1,0,0
52078,Riverside,56,7,31,7.47,0,0,0,0
52079,University,28,24,5,9.26,1,1,0,0
52080,University,28,39,10,9.73,1,3,0,0
52081,Riverside,49,3,5,7.56,0,1,1,0
52082,University,51,21,2,7.25,0,1,0,0
52083,Downtown,59,21,1,3.85,1,3,1,0
52084,Downtown,39,8,2,6.05,1,2,0,0
52085,Riverside,50,3,8,6.7,0,2,0,0
52086,Downtown,1,21,11,8.16,1,1,0,0
52087,Downtown,9,13,13,6.3,1,1,1,0
52088,Riverside,36,13,14,8.48,1,3,0,0
52089,Downtown,60,1,39,6.3,0,0,0,0
52090,Downtown,4,8,2,7.73,0,1,1,1
52091,Downtown,55,2,74,5.95,0,1,1,1
52092,Riverside,7,19,2,7.21,1,3,0,0
52093,University,5,15,1,4.98,1,1,0,0
52094,University,57,21,1,5.6,0,1,0,0
52095,Riverside,5,8,26,4.95,0,3,1,1
52096,Riverside,34,7,12,6.15,0,4,0,0
52097,University,42,7,58,3.92,0,1,1,1
52098,Riverside,51,8,5,7.22,1,2,0,0
52099,Riverside,8,2,4,7.13,0,0,1,1
52100,Downtown,56,15,5,6.23,0,3,0,0
52101,University,24,26,2,10.35,0,1,1,0
52102,Downtown,45,3,90,9.25,1,1,1,1
52103,Downtown,25,7,3,7.78,0,3,0,0
52104,Riverside,13,18,6,9.81,0,3,0,0
52105,Downtown,15,6,11,6.4,1,1,0,0
52106,Downtown,3,5,12,8.45,0,2,0,0
52107,Downtown,57,0,93,6.11,1,0,1,1
52108,Downtown,8,14,4,8.54,1,3,0,0
52109,Downtown,30,9,5,7.12,1,1,0,0
52110,Riverside,37,12,14,7.97,0,0,0,0
52111,University,57,6,3,8.44,1,2,1,1
52112,University,23,20,9,5.44,0,4,1,0
52113,University,2,10,25,6.1,0,1,1,1
52114,University,47,19,1,7.78,1,1,0,0
52115,University,2,7,7,4.66,1,2,0,0
52116,Riverside,9,7,16,7.75,1,2,0,0
52117,Downtown,29,12,14,9.52,0,1,0,0
52118,Downtown,34,2,4,6.53,0,0,1,1
52119,University,11,3,32,7.63,0,0,0,0
52120,University,29,28,0,8.04,1,0,0,0
52121,University,7,13,3,7.18,0,2,0,0
52122,University,18,22,1,5.4,0,1,0,0
52123,Downtown,55,23,2,8.55,1,3,0,0
52124,University,13,14,2,3.6,1,1,0,0
52125,Downtown,24,13,15,6.97,0,0,0,0
52126,Downtown,42,9,4,8.38,1,1,0,0
52127,University,35,3,3,7.9,1,2,0,0
52128,Riverside,13,10,6,7.1,0,2,0,0
52129,University,7,10,18,4.84,1,2,0,0
52130,Downtown,21,9,18,6.22,1,3,0,1
52131,Downtown,18,7,44,8.06,0,2,1,0
52132,Riverside,39,26,2,6.05,1,4,0,0
52133,Downtown,4,9,14,5.87,0,3,0,0
52134,University,47,17,7,9.79,0,3,1,1
52135,Downtown,1,6,9,7.5,0,2,0,0
52136,Downtown,17,10,7,5.67,1,3,0,0
52137,Downtown,60,8,8,6.05,0,4,0,0
52138,University,29,19,6,11.77,0,1,0,0
52139,University,50,7,20,5.74,0,2,1,1
52140,University,50,1,89,9.31,1,1,1,1
52141,Downtown,47,12,3,8.98,0,2,0,0
52142,Riverside,50,22,4,8.56,0,3,0,0
52143,Downtown,39,4,3,4.95,0,2,0,0
52144,Riverside,24,13,16,8.27,0,3,0,0
52145,Downtown,8,5,3,8.74,0,4,1,1
52146,Riverside,15,28,12,6.83,0,1,0,0
52147,University,55,0,183,6.79,1,0,1,1
52148,University,28,9,15,7.43,0,3,1,1
52149,Downtown,27,1,33,7.79,1,0,0,0
52150,University,35,11,4,6.56,0,2,0,0
52151,Downtown,12,12,3,7.19,0,3,0,0
52152,University,28,18,7,6.76,0,1,0,0
52153,Downtown,6,7,3,3.95,0,3,1,1
52154,Riverside,55,2,24,5.41,0,1,1,1
52155,University,23,11,5,5.58,1,2,0,0
52156,Downtown,7,6,41,7.22,1,3,0,0
52157,University,37,8,3,7.47,1,5,0,0
52158,Riverside,27,1,59,4.67,0,1,1,1
52159,Downtown,31,15,2,6.46,0,2,0,0
52160,University,6,4,21,5.69,0,1,1,1
52161,Downtown,17,11,2,9.83,1,1,0,0
52162,Downtown,20,7,25,7.16,0,3,0,0
52163,Riverside,17,13,9,8.02,0,2,0,0
52164,Riverside,29,9,24,3.75,1,1,0,0
52165,Riverside,52,26,7,5.47,1,2,0,0
52166,University,16,44,15,6.92,1,0,0,0
52167,Downtown,25,10,4,5.68,1,3,0,0
52168,Downtown,35,22,4,8.27,1,4,0,0
52169,University,26,14,5,7.99,1,1,0,0
52170,University,49,10,4,5.11,0,1,0,0
52171,Downtown,60,78,2,8.41,0,1,0,0
52172,Downtown,8,6,6,8.86,1,2,0,0
52173,University,48,26,5,6.61,1,2,0,0
52174,University,1,4,13,6.31,1,2,1,0
52175,Downtown,49,2,2,5.99,0,0,0,0
52176,University,48,14,1,5.0,1,2,0,0
52177,University,15,14,3,3.45,0,2,0,0
52178,University,22,3,2,7.61,0,1,0,0
52179,University,31,6,8,5.93,0,2,1,1
52180,University,31,10,9,8.17,1,2,0,0
52181,Downtown,38,7,15,6.2,1,2,0,0
52182,Riverside,27,3,16,3.21,1,1,0,0
52183,Downtown,23,6,3,6.02,0,2,1,1
52184,University,36,5,14,7.01,0,2,0,0
52185,Downtown,45,17,5,7.39,0,5,0,0
52186,University,36,14,3,5.74,0,2,0,0
52187,Downtown,38,35,0,6.46,1,0,0,0
52188,Downtown,31,14,20,7.25,0,3,1,0
52189,University,17,8,10,7.5,0,0,0,0
52190,Downtown,26,20,3,8.76,1,0,0,0
52191,Riverside,35,4,31,8.4,1,1,0,0
52192,Riverside,56,17,1,5.41,1,4,0,0
52193,University,22,11,31,6.18,1,0,0,0
52194,Downtown,33,0,177,9.64,1,0,1,1
52195,Downtown,57,5,15,6.0,0,2,0,0
52196,Riverside,25,13,7,9.16,0,3,0,0
52197,Downtown,23,4,11,5.44,0,1,0,0
52198,Downtown,32,28,3,8.1,0,3,0,0
52199,Downtown,16,9,22,5.93,1,2,0,0
52200,University,58,5,1,4.93,1,0,0,0
52201,Downtown,13,5,1,5.77,1,2,0,0
52202,Riverside,4,17,4,6.39,1,3,0,0
52203,Downtown,42,6,18,5.97,1,2,0,0
52204,Downtown,2,13,0,6.43,1,4,0,0
52205,Downtown,53,3,12,7.16,0,1,0,0
52206,Downtown,35,13,23,7.72,1,1,0,0
52207,Downtown,20,16,2,7.53,1,2,0,0
52208,Riverside,47,6,10,6.45,0,1,0,0
52209,University,60,1,43,7.46,1,0,1,1
52210,Downtown,37,5,25,8.82,1,1,0,0
52211,Downtown,16,2,26,5.42,1,0,1,1
52212,Downtown,23,38,4,6.54,0,1,1,0
52213,Riverside,3,12,4,6.41,0,2,0,0
52214,Downtown,52,2,50,7.14,1,1,1,1
52215,University,58,30,1,9.08,1,3,0,0
52216,Riverside,53,20,5,5.97,1,3,0,0
52217,University,37,9,11,4.55,0,2,1,1
52218,Downtown,22,3,31,8.29,0,0,1,1
52219,Downtown,32,19,0,8.57,0,2,0,0
52220,Downtown,2,36,0,3.69,1,3,0,0
52221,Downtown,25,5,4,8.24,0,2,1,1
52222,Downtown,31,20,0,6.91,0,1,0,0
52223,Downtown,37,18,4,5.98,0,1,0,0
52224,Downtown,53,9,10,6.31,0,2,0,0
52225,Downtown,13,8,32,7.88,0,2,1,1
52226,University,1,1,31,9.58,1,0,1,1
52227,Downtown,24,12,8,5.22,0,3,0,0
52228,Downtown,43,31,3,5.54,0,2,0,0
52229,University,20,2,71,6.29,0,1,1,1
52230,Downtown,13,24,0,5.4,1,2,0,0
52231,Downtown,9,9,15,7.95,1,1,1,1
52232,Downtown,51,8,29,6.32,0,2,0,0
52233,Downtown,46,1,11,7.81,0,0,0,0
52234,Riverside,7,2,2,5.9,1,1,1,1
52235,Downtown,17,11,3,6.92,1,3,0,0
52236,University,45,4,24,4.55,1,3,0,0
52237,Downtown,21,4,64,6.91,1,1,1,1
52238,Downtown,28,12,1,8.12,1,2,0,0
52239,Downtown,2,7,10,7.83,0,2,1,1
52240,University,60,19,4,5.71,1,0,0,0
52241,University,29,16,27,7.49,0,2,0,0
52242,Downtown,10,5,8,7.82,1,1,0,0
52243,Riverside,27,10,7,5.28,0,1,0,0
52244,Downtown,54,13,15,7.51,1,1,0,0
52245,University,8,8,15,6.72,1,3,0,0
52246,Downtown,37,17,1,4.02,1,1,0,0
52247,Riverside,5,6,16,5.59,1,0,1,1
52248,Riverside,53,6,0,7.45,0,1,0,0
52249,Downtown,33,10,15,6.67,1,2,0,0
52250,University,41,20,8,6.51,0,2,0,0
52251,University,55,19,2,7.35,1,1,0,0
52252,Riverside,38,8,23,9.37,1,2,0,0
52253,Downtown,26,7,6,6.67,1,1,0,0
52254,Downtown,58,12,16,8.38,0,3,0,0
52255,Downtown,43,9,11,7.2,0,2,0,0
52256,University,23,26,3,8.53,0,3,0,0
52257,Riverside,9,11,0,7.4,1,2,0,0
52258,Downtown,9,23,2,5.73,1,1,0,0
52259,Riverside,57,16,7,5.31,0,2,0,0
52260,Downtown,45,3,32,7.09,1,2,0,0
52261,University,12,9,4,6.37,1,2,0,0
52262,University,51,11,4,4.83,1,1,0,0
52263,Downtown,18,5,10,6.32,0,2,1,1
52264,Downtown,20,6,6,7.1,1,5,0,0
52265,University,32,3,2,5.62,0,2,0,0
52266,Downtown,59,10,3,3.66,0,4,0,0
52267,Downtown,17,8,10,8.38,0,2,0,0
52268,Downtown,24,3,8,5.39,1,0,1,1
52269,Downtown,1,5,8,6.36,1,2,0,0
52270,Downtown,36,22,3,8.65,0,1,1,0
52271,Riverside,21,5,2,7.59,0,2,1,1
52272,Downtown,57,38,3,4.87,0,1,0,0
52273,Riverside,31,6,10,8.61,1,3,0,0
52274,Riverside,4,36,8,7.61,0,1,0,0
52275,Riverside,29,7,9,5.2,1,2,0,0
52276,Downtown,2,12,7,5.79,0,2,0,0
52277,University,57,6,26,7.5,1,2,0,0
52278,Riverside,36,6,25,5.35,0,5,0,0
52279,University,25,8,18,4.18,0,1,0,0
52280,Downtown,34,1,6,6.55,1,0,0,0
52281,Downtown,44,13,3,10.15,1,1,1,1
52282,Riverside,22,11,2,5.91,0,4,0,0
52283,University,12,2,44,7.54,0,0,1,1
52284,University,2,3,16,8.19,0,1,1,1
52285,Riverside,48,9,10,5.54,0,1,0,0
52286,University,57,16,14,4.04,0,1,0,0
52287,Riverside,56,27,1,6.95,0,1,0,0
52288,University,22,21,6,7.55,1,4,0,0
52289,University,40,11,7,6.78,1,3,1,1
52290,Riverside,32,3,19,5.51,1,2,0,0
52291,University,28,13,25,6.66,0,3,0,0
52292,Riverside,9,22,7,5.82,0,2,1,0
52293,Riverside,28,10,16,7.59,0,2,0,0
52294,University,51,0,125,5.4,1,0,1,1
52295,University,23,17,3,4.97,1,2,0,0
52296,Downtown,4,14,7,6.35,0,2,0,0
52297,University,41,16,9,8.01,1,4,1,0
52298,Downtown,4,2,6,7.51,1,1,0,0
52299,Riverside,22,23,5,7.09,0,2,0,0
52300,University,22,9,6,8.95,0,3,0,0
52301,University,25,4,9,7.32,1,3,0,0
52302,University,19,3,36,6.73,0,1,0,0
52303,University,10,9,23,3.74,0,4,1,1
52304,Riverside,32,12,11,5.83,0,2,1,1
52305,Riverside,48,38,1,7.34,0,0,0,0
52306,University,44,20,3,8.52,0,3,0,0
52307,Downtown,51,13,8,5.54,1,3,0,0
52308,Downtown,25,6,8,7.12,1,2,0,0
52309,University,4,0,107,7.55,0,0,1,1
52310,University,42,17,19,7.62,0,2,0,0
52311,University,9,3,19,4.81,1,2,0,0
52312,University,18,15,14,5.27,0,0,0,0
52313,Downtown,19,2,68,6.69,0,0,1,1
52314,Downtown,15,16,4,8.25,0,2,0,0
52315,Riverside,41,37,0,8.58,0,1,0,0
52316,Downtown,22,12,2,7.01,0,2,0,0
52317,Downtown,60,0,110,8.49,0,0,0,1
52318,Riverside,60,29,3,9.94,0,3,0,0
52319,Riverside,39,4,35,6.11,1,1,1,0
52320,University,4,14,5,8.61,1,2,0,0
52321,Downtown,31,0,142,5.78,1,0,1,1
52322,Downtown,40,2,30,8.43,1,0,0,0
52323,Downtown,23,12,3,5.15,0,1,0,0
52324,Riverside,28,16,16,6.38,0,2,0,0
52325,University,38,21,3,8.9,0,2,0,0
52326,Downtown,32,5,9,8.9,0,3,0,0
52327,Downtown,50,6,41,6.95,0,2,0,0
52328,University,28,32,7,6.13,1,1,0,0
52329,Downtown,57,9,6,3.78,0,3,0,0
52330,Downtown,2,8,22,8.33,0,2,0,0
52331,Riverside,32,6,14,7.82,0,1,0,0
52332,University,30,10,3,10.23,0,0,1,1
52333,Downtown,40,9,1,7.04,0,3,0,0
52334,Riverside,34,4,30,5.98,0,3,1,1
52335,Riverside,30,29,0,5.89,1,4,1,0
52336,Downtown,3,18,0,4.22,0,4,0,0
52337,Riverside,11,37,0,7.68,1,3,0,0
52338,Downtown,27,4,22,5.72,1,2,0,0
52339,University,21,33,2,7.53,1,1,0,0
52340,University,45,18,13,5.97,0,0,0,0
52341,Downtown,46,27,1,5.27,1,1,0,0
52342,Riverside,43,10,8,3.19,0,2,0,0
52343,Downtown,23,13,5,8.04,0,3,0,0
52344,University,22,11,0,5.06,1,3,0,0
52345,Riverside,25,8,1,7.09,1,4,1,1
52346,University,53,1,14,8.67,1,1,0,0
52347,Downtown,25,14,4,5.68,1,3,0,0
52348,Downtown,49,2,50,7.32,0,1,0,0
52349,University,4,5,16,6.92,0,3,1,1
52350,Riverside,38,8,6,7.63,0,2,0,0
52351,University,56,10,1,6.86,0,2,0,0
52352,Downtown,5,0,140,9.32,0,0,1,1
52353,Downtown,9,4,23,6.42,0,2,1,1
52354,Downtown,60,14,3,8.19,1,2,1,0
52355,Riverside,30,11,3,7.51,0,0,0,0
52356,Riverside,48,2,19,6.05,1,1,0,0
52357,Riverside,52,14,4,8.78,0,1,0,0
52358,University,59,14,2,7.45,1,2,0,0
52359,Downtown,51,0,174,6.79,0,0,1,1
52360,Downtown,3,4,26,8.31,1,0,0,0
52361,Downtown,21,6,10,6.6,0,3,0,0
52362,University,30,7,16,3.5,1,2,0,1
52363,University,25,2,61,8.78,0,1,1,1
52364,Downtown,2,6,9,5.7,0,0,0,0
52365,Riverside,55,26,4,4.2,0,3,0,0
52366,Riverside,33,6,22,6.72,1,0,1,1
52367,Downtown,21,0,164,7.29,0,0,1,1
52368,University,30,6,6,5.49,1,2,1,1
52369,Downtown,17,7,17,4.71,1,2,0,0
52370,Downtown,10,9,11,6.63,1,0,1,1
52371,Riverside,27,9,20,6.5,1,2,0,0
52372,University,33,5,12,4.64,1,1,0,0
52373,Riverside,24,15,7,5.15,0,4,0,0
52374,University,11,10,52,5.51,1,3,0,0
52375,Riverside,54,24,2,5.02,0,2,0,0
52376,University,46,7,10,6.02,0,1,0,0
52377,Riverside,20,11,12,8.13,0,1,1,1
52378,Riverside,8,30,8,6.46,0,1,1,0
52379,Riverside,12,11,7,6.09,1,2,0,0
52380,Downtown,28,4,6,6.5,1,1,0,0
52381,Downtown,37,2,1,6.62,0,0,1,0
52382,University,18,9,4,7.33,0,2,0,0
52383,Riverside,47,4,14,7.04,1,1,0,0
52384,University,51,33,5,6.65,1,0,0,0
52385,Downtown,4,10,4,6.08,0,2,0,0
52386,Downtown,48,5,42,5.3,0,1,1,1
52387,Riverside,22,10,6,8.08,0,2,0,0
52388,University,53,7,1,3.47,1,2,1,1
52389,Riverside,48,12,24,4.37,0,3,0,0
52390,Downtown,21,4,20,8.03,1,1,0,0
52391,Downtown,30,10,21,7.88,1,1,0,0
52392,University,9,20,8,8.76,0,3,0,0
52393,Downtown,51,8,29,8.75,0,1,0,0
52394,Riverside,4,0,103,7.49,0,0,1,1
52395,University,57,5,6,6.08,1,1,0,0
52396,University,6,10,5,4.83,0,1,0,0
52397,University,32,2,3,7.69,1,1,1,1
52398,University,46,9,5,5.15,0,4,0,0
52399,Downtown,23,9,9,5.82,0,3,0,0
52400,Downtown,10,9,31,4.01,1,2,0,0
52401,Downtown,42,14,8,6.67,1,2,0,0
52402,Riverside,15,1,4,7.53,1,0,1,1
52403,Downtown,16,9,32,5.06,0,1,0,0
52404,Downtown,24,31,4,5.51,1,3,1,0
52405,University,55,21,5,5.05,1,2,0,0
52406,University,1,41,4,7.11,1,2,1,0
52407,Riverside,41,13,8,6.76,0,3,0,0
52408,University,21,3,21,7.44,1,0,1,1
52409,Downtown,15,6,9,7.58,1,3,0,0
52410,Downtown,42,20,4,7.67,0,2,0,0
52411,University,25,18,33,5.7,0,0,0,0
52412,Riverside,42,8,2,5.68,0,2,0,0
52413,University,24,16,6,4.15,1,1,0,0
52414,Downtown,12,49,2,7.46,0,2,0,0
52415,Downtown,25,2,44,5.68,1,0,1,1
52416,University,31,4,0,5.34,1,2,0,0
52417,University,35,10,3,8.22,0,2,0,0
52418,Downtown,22,0,166,6.63,0,0,1,1
52419,Downtown,26,5,15,3.67,1,2,1,1
52420,University,30,5,5,6.49,1,3,0,0
52421,Downtown,58,5,45,6.79,1,2,0,0
52422,University,38,5,15,7.39,1,1,0,0
52423,Riverside,33,9,14,5.48,0,3,0,0
52424,Downtown,52,16,37,7.11,0,0,0,0
52425,University,48,3,3,5.18,1,1,0,0
52426,Riverside,26,0,132,7.71,0,0,1,1
52427,University,32,8,6,9.45,1,3,0,0
52428,University,2,7,15,8.48,1,2,0,0
52429,University,31,8,2,6.99,1,0,0,1
52430,Downtown,24,2,22,6.41,0,1,0,1
52431,Downtown,41,8,3,6.09,0,1,0,0
52432,Downtown,50,19,4,6.37,0,5,0,0
52433,Riverside,36,11,28,6.78,1,3,0,0
52434,Downtown,10,25,2,8.09,0,3,1,0
52435,Downtown,14,18,3,7.7,0,3,0,0
52436,Riverside,45,9,19,4.11,0,4,0,0
52437,Riverside,37,8,10,4.13,0,1,0,0
52438,Riverside,59,10,2,6.71,0,2,0,0
52439,University,44,12,2,9.33,0,6,0,0
52440,University,57,4,17,7.71,0,3,1,1
52441,University,10,33,2,6.8,0,1,0,0
52442,Downtown,55,2,40,8.9,0,2,1,1
52443,Downtown,57,8,16,5.37,0,1,1,1
52444,Downtown,33,13,7,6.44,1,2,0,0
52445,University,28,10,14,6.32,0,1,1,1
52446,University,32,15,4,7.54,0,1,0,0
52447,Downtown,16,7,21,9.15,0,3,0,0
52448,Downtown,18,14,2,7.08,1,2,0,0
52449,Downtown,55,9,3,6.24,1,1,0,0
52450,Downtown,50,10,13,8.01,1,0,0,0
52451,Downtown,46,2,21,6.87,0,1,1,1
52452,Riverside,55,22,1,6.34,0,1,0,0
52453,University,33,20,20,6.3,1,3,0,0
52454,Downtown,8,15,3,5.93,0,3,0,0
52455,University,31,24,2,5.34,1,5,0,0
52456,Downtown,57,3,4,7.06,1,1,0,0
52457,Downtown,49,16,7,6.23,0,2,0,0
52458,Downtown,42,7,0,8.22,0,2,0,0
52459,Downtown,3,13,9,6.41,0,4,0,0
52460,Downtown,1,5,6,7.38,0,1,0,0
52461,Downtown,19,7,12,4.96,1,2,0,0
52462,Downtown,13,24,3,8.39,0,1,0,0
52463,Downtown,38,4,29,8.08,1,1,0,0
52464,Riverside,33,17,1,7.4,1,3,0,0
52465,University,44,5,8,5.07,0,2,0,0
52466,Downtown,17,15,2,6.71,1,2,0,0
52467,Downtown,45,3,9,7.57,1,2,0,0
52468,University,25,2,40,8.06,0,1,1,0
52469,Riverside,39,6,10,8.02,0,0,0,0
52470,University,45,14,9,7.36,0,2,1,1
52471,Downtown,57,11,5,5.02,0,1,0,0
52472,Downtown,20,10,17,6.8,0,2,0,0
52473,University,52,21,2,7.72,1,2,0,0
52474,University,51,4,20,5.44,0,0,0,0
52475,University,44,7,1,7.86,1,2,1,1
52476,Downtown,22,16,4,8.02,1,3,0,0
52477,Downtown,59,1,55,5.38,0,0,1,1
52478,Riverside,48,14,3,8.07,0,3,0,0
52479,Downtown,54,7,17,5.69,1,2,0,0
52480,Riverside,32,12,7,5.16,1,2,0,0
52481,Downtown,1,19,3,8.14,0,2,0,0
52482,Downtown,13,2,17,6.23,1,1,0,0
52483,Riverside,17,6,22,6.18,0,2,1,0
52484,University,12,16,1,7.98,1,1,0,0
52485,Downtown,18,12,20,6.35,0,2,1,1
52486,Downtown,42,4,3,5.37,1,3,0,0
52487,Downtown,38,21,4,6.77,1,3,0,0
52488,Downtown,28,19,4,8.72,1,3,0,0
52489,University,24,8,12,8.92,1,3,1,1
52490,University,10,4,17,5.05,1,1,0,0
52491,University,2,5,28,6.69,0,3,0,0
52492,Downtown,28,4,19,7.66,0,1,1,1
52493,University,35,1,20,4.87,0,0,1,1
52494,Downtown,52,4,43,8.24,0,2,1,1
52495,University,17,23,4,7.31,1,2,0,0
52496,University,52,5,9,7.03,1,0,1,1
52497,University,23,10,2,6.9,0,1,0,0
52498,University,49,45,9,4.17,1,2,0,0
52499,University,39,13,31,6.32,0,1,0,0
52500,Riverside,36,2,1,9.42,0,0,0,0
52501,Riverside,29,0,136,5.61,1,0,0,0
52502,University,29,5,12,7.77,0,2,1,1
52503,Downtown,11,13,2,5.28,1,3,0,0
52504,Downtown,2,10,10,7.38,1,1,0,0
52505,Downtown,17,3,54,4.2,1,2,1,1
52506,Riverside,34,7,19,7.19,0,2,0,0
52507,Riverside,13,18,14,5.47,1,1,0,0
52508,Riverside,11,26,0,6.41,0,2,0,0
52509,University,54,7,11,8.31,0,2,0,0
52510,Downtown,40,13,15,6.14,0,2,0,0
52511,Downtown,57,14,5,6.58,0,3,0,0
52512,Downtown,5,18,12,7.93,1,2,0,0
52513,Downtown,44,8,10,5.91,1,4,1,0
52514,Riverside,42,5,4,4.13,1,3,0,0
52515,Downtown,27,7,10,7.59,0,1,0,0
52516,Downtown,53,35,0,5.14,1,2,0,0
52517,University,25,4,6,3.63,1,2,0,0
52518,Downtown,36,5,24,7.05,1,3,0,0
52519,University,56,15,3,6.8,1,5,1,1
52520,University,10,15,10,5.96,1,1,1,0
52521,Downtown,57,10,6,10.07,0,1,0,0
52522,Downtown,14,15,18,5.88,1,3,1,0
52523,Downtown,48,4,82,4.65,0,2,1,1
52524,Downtown,10,20,3,7.62,0,3,0,0
52525,Downtown,58,1,25,8.58,1,0,0,0
52526,University,20,15,36,6.08,1,2,0,0
52527,University,36,10,8,7.6,1,1,0,0
52528,University,21,4,12,6.0,1,1,1,1
52529,Downtown,34,18,3,7.14,0,2,0,0
52530,Riverside,10,11,1,6.68,1,1,0,0
52531,Downtown,30,14,3,6.48,1,2,0,0
52532,Riverside,5,11,1,6.69,0,2,0,0
52533,University,41,26,12,8.53,1,3,0,0
52534,Downtown,21,6,4,7.36,0,2,0,0
52535,Downtown,11,13,0,6.86,1,2,0,0
52536,Downtown,48,9,18,8.88,1,2,0,0
52537,Downtown,30,6,12,4.77,0,1,0,0
52538,Riverside,17,10,12,7.19,0,3,0,0
52539,Riverside,33,3,62,6.21,1,0,0,0
52540,Downtown,27,3,13,7.4,1,0,0,0
52541,Downtown,18,3,33,7.51,0,1,1,1
52542,University,12,20,2,5.19,0,2,0,0
52543,University,35,12,11,4.13,1,3,1,0
52544,Downtown,28,15,9,5.99,1,0,0,0
52545,University,23,2,41,6.1,0,2,0,0
52546,University,44,6,21,7.92,0,2,0,0
52547,Riverside,16,2,3,8.36,0,0,1,0
52548,University,35,11,3,7.65,1,2,0,0
52549,Downtown,31,13,22,7.01,1,2,0,0
52550,Downtown,4,12,4,5.87,0,2,0,0
52551,Downtown,6,36,9,3.53,1,0,0,0
52552,University,4,2,12,8.44,1,1,1,1
52553,Downtown,54,9,0,7.65,0,1,0,0
52554,Downtown,11,2,41,7.52,0,1,1,1
52555,University,3,14,20,5.59,1,1,1,0
52556,University,49,14,1,4.52,1,2,0,0
52557,Downtown,30,4,5,5.24,0,1,1,1
52558,University,37,12,7,3.56,0,2,0,0
52559,Downtown,28,10,12,6.38,0,6,1,1
52560,Riverside,14,9,14,6.61,1,0,0,0
52561,University,57,20,5,6.02,0,2,0,0
52562,Riverside,50,0,104,7.12,1,0,1,1
52563,University,37,11,29,5.48,1,1,1,1
52564,Riverside,1,5,3,8.49,0,1,0,0
52565,University,9,10,7,4.11,1,2,0,0
52566,Downtown,34,11,2,7.03,0,0,0,0
52567,Downtown,6,15,2,7.09,0,5,0,0
52568,University,25,16,4,8.75,1,3,0,0
52569,University,15,7,21,3.7,1,3,0,0
52570,Downtown,20,26,0,6.81,1,2,0,0
52571,University,51,6,3,4.15,0,3,1,0
52572,University,7,28,8,4.4,0,2,0,0
52573,Riverside,42,6,12,8.27,1,1,0,0
52574,University,50,10,4,6.27,1,4,0,0
52575,Riverside,28,21,5,4.46,0,1,0,0
52576,Riverside,45,4,3,8.73,0,2,0,0
52577,Riverside,1,20,10,7.64,1,2,0,0
52578,Downtown,52,5,72,6.9,1,1,0,0
52579,University,18,15,2,7.68,0,3,0,0
52580,Downtown,37,4,1,6.31,0,1,0,0
52581,Downtown,28,0,110,6.7,1,0,1,1
52582,Downtown,4,6,1,8.7,0,3,0,0
52583,Downtown,54,0,165,5.99,0,0,1,1
52584,University,22,4,90,6.1,0,2,1,1
52585,Downtown,22,13,9,5.47,0,1,1,1
52586,Riverside,1,17,2,7.77,1,1,0,0
52587,University,44,22,4,3.49,0,2,0,0
52588,Riverside,35,6,23,11.13,1,3,1,1
52589,Riverside,8,15,6,9.18,1,4,0,0
52590,Downtown,55,4,9,4.55,0,2,0,0
52591,University,48,7,19,5.98,0,4,0,0
52592,University,46,18,2,7.27,0,1,0,0
52593,Downtown,19,4,14,5.29,0,2,0,0
52594,Riverside,20,14,3,6.82,0,1,0,0
52595,Riverside,21,6,2,6.31,1,2,0,0
52596,Riverside,46,14,7,4.46,1,2,0,0
52597,Downtown,32,7,8,6.7,1,1,0,0
52598,Riverside,29,4,5,6.07,1,1,1,1
52599,Downtown,54,12,13,7.46,0,2,0,0
52600,Downtown,16,2,64,6.08,0,1,1,1
52601,University,35,11,25,7.28,0,2,1,0
52602,Downtown,21,9,2,8.11,0,4,0,0
52603,University,31,4,17,8.32,0,1,0,0
52604,Riverside,41,25,6,7.63,1,1,0,0
52605,Riverside,3,0,194,6.57,0,0,1,1
52606,Downtown,28,2,21,9.44,0,1,0,0
52607,Riverside,43,5,31,5.71,0,0,0,0
52608,Downtown,7,21,1,4.09,1,0,0,0
52609,University,46,17,3,5.82,0,3,0,0
52610,University,57,5,18,6.87,1,1,0,0
52611,Riverside,42,17,2,7.22,1,4,0,0
52612,Downtown,22,12,16,5.59,1,2,0,0
52613,Downtown,17,4,12,4.14,0,2,0,0
52614,Downtown,59,5,14,4.82,1,1,1,0
52615,Riverside,51,1,38,3.29,0,0,1,1
52616,Downtown,34,18,4,6.17,0,2,0,0
52617,Downtown,4,21,8,7.4,0,3,1,1
52618,Riverside,10,12,2,8.32,0,0,0,0
52619,Downtown,47,3,9,7.31,0,1,1,0
52620,Riverside,15,4,17,9.24,1,0,1,0
52621,Riverside,9,24,14,5.61,0,3,0,0
52622,University,43,0,112,4.38,0,0,1,1
52623,Riverside,9,7,14,6.69,1,1,0,0
52624,Downtown,7,16,3,7.11,0,0,0,0
52625,Downtown,10,8,2,7.66,0,1,1,1
52626,Downtown,32,3,20,5.53,0,2,0,0
52627,Downtown,13,5,10,5.75,1,0,1,1
52628,Riverside,1,4,24,7.62,0,2,0,0
52629,University,33,25,11,7.98,1,1,0,0
52630,University,60,4,10,6.49,0,0,1,1
52631,University,55,13,1,6.59,0,3,0,0
52632,University,27,1,76,4.38,0,1,1,1
52633,Downtown,21,4,8,7.69,1,0,0,0
52634,Downtown,32,5,0,6.03,0,2,1,1
52635,Downtown,30,1,33,6.49,1,0,0,0
52636,Downtown,29,16,10,4.65,0,1,1,1
52637,University,8,5,19,6.93,0,1,0,0
52638,Downtown,9,5,9,7.71,0,0,1,1
52639,University,59,4,45,6.59,1,1,1,1
52640,Downtown,25,2,2,7.99,0,1,1,1
52641,Downtown,35,3,30,4.72,0,0,1,1
52642,Downtown,35,13,5,6.65,1,0,1,1
52643,University,34,28,10,4.52,0,1,0,0
52644,Downtown,20,5,67,5.49,1,3,0,0
52645,Riverside,49,5,12,7.47,1,1,0,0
52646,Riverside,41,11,5,7.95,0,4,0,0
52647,Downtown,5,10,29,5.94,0,2,0,0
52648,Downtown,22,20,2,6.53,1,0,0,0
52649,Downtown,26,4,1,6.67,0,1,0,0
52650,University,32,40,3,6.89,1,1,0,0
52651,Downtown,42,1,89,7.83,0,1,1,1
52652,Riverside,13,14,1,7.67,1,1,0,0
52653,Downtown,18,5,8,6.16,1,1,0,0
52654,Riverside,20,3,25,5.8,0,2,0,0
52655,Downtown,45,10,17,7.65,1,2,0,0
52656,Riverside,31,13,1,6.36,0,1,1,0
52657,Riverside,16,12,12,7.72,0,3,0,0
52658,Downtown,54,11,29,6.21,1,1,0,0
52659,Downtown,8,15,4,10.17,0,2,0,0
52660,University,42,13,19,6.03,0,2,1,0
52661,Downtown,37,4,19,6.44,0,1,1,0
52662,University,2,6,24,7.05,1,1,0,0
52663,University,26,13,2,7.65,0,2,0,0
52664,University,10,16,30,5.4,0,2,0,0
52665,University,59,2,11,7.11,0,1,0,0
52666,Downtown,31,6,4,7.54,1,0,1,0
52667,Downtown,17,3,59,7.67,0,1,1,1
52668,University,51,1,31,9.95,1,1,0,1
52669,Downtown,38,4,46,5.41,0,1,0,0
52670,Riverside,38,5,43,8.1,0,3,0,0
52671,University,11,5,5,7.22,1,2,0,0
52672,Downtown,11,14,14,7.19,0,1,0,0
52673,University,41,1,44,7.96,1,0,0,1
52674,Riverside,47,9,7,7.7,1,0,0,0
52675,Downtown,39,11,2,5.65,0,2,0,0
52676,Downtown,54,33,2,6.23,0,2,0,0
52677,Riverside,53,2,8,5.91,0,0,1,1
52678,Riverside,30,4,63,8.3,1,2,1,1
52679,Downtown,19,10,12,8.64,0,3,0,0
52680,Downtown,31,26,2,5.87,1,2,0,0
52681,Riverside,42,29,3,8.17,0,3,0,0
52682,Downtown,24,1,41,5.86,0,0,1,1
52683,Downtown,38,15,1,8.51,0,2,0,0
52684,Downtown,40,26,2,8.19,1,2,0,0
52685,University,8,12,4,5.25,1,3,0,0
52686,Downtown,45,6,7,7.96,1,2,0,0
52687,Downtown,48,0,191,7.64,0,0,1,1
52688,Downtown,54,3,16,7.1,0,1,0,0
52689,Downtown,7,3,13,8.23,0,0,1,1
52690,University,52,10,9,6.46,1,3,0,0
52691,University,29,8,11,7.33,0,3,0,0
52692,Downtown,18,12,15,6.1,1,0,0,0
52693,Downtown,11,6,3,9.16,0,2,0,0
52694,Downtown,52,9,7,4.96,0,2,0,0
52695,Riverside,54,15,1,6.22,0,2,0,0
52696,Downtown,31,16,4,7.88,0,2,0,0
52697,Downtown,9,2,69,3.66,1,0,1,1
52698,Riverside,1,9,20,6.29,1,3,0,0
52699,Downtown,54,4,8,5.83,1,2,0,0
52700,Downtown,46,25,2,7.42,1,3,0,0
52701,Downtown,58,4,6,7.05,0,2,0,0
52702,Downtown,24,21,1,6.45,1,1,0,0
52703,University,5,21,23,6.28,1,3,0,0
52704,University,38,11,3,6.13,0,1,1,1
52705,Riverside,26,4,35,7.62,0,4,0,0
52706,University,46,0,130,5.87,0,0,1,1
52707,University,48,4,11,6.0,1,1,1,1
52708,Riverside,6,26,7,7.72,1,0,0,0
52709,Downtown,34,8,0,5.36,0,2,0,0
52710,Downtown,31,17,3,7.89,1,1,0,0
52711,Downtown,58,11,3,4.95,1,3,0,0
52712,University,33,9,26,5.37,1,2,0,0
52713,University,4,12,6,7.39,1,2,0,0
52714,Downtown,53,19,4,7.37,1,2,0,0
52715,Riverside,42,11,5,5.49,1,2,0,0
52716,Downtown,52,11,20,5.27,0,0,0,0
52717,Downtown,5,33,9,5.22,1,3,0,0
52718,Downtown,20,15,9,7.54,1,3,0,0
52719,Riverside,17,10,22,6.36,0,2,1,1
52720,University,60,13,7,4.64,1,4,1,0
52721,University,36,25,7,5.27,0,1,0,0
52722,University,27,3,49,6.5,0,1,1,0
52723,Downtown,37,15,4,5.72,1,1,0,0
52724,University,12,17,3,8.03,1,3,0,0
52725,Riverside,56,13,7,4.47,1,4,0,0
52726,Downtown,31,18,2,9.67,1,3,0,0
52727,Riverside,30,12,9,6.12,1,3,0,0
52728,University,20,4,50,5.76,0,3,0,0
52729,Downtown,53,18,3,5.58,1,0,0,0
52730,Riverside,37,16,5,7.75,1,1,0,0
52731,University,2,13,3,5.46,1,2,0,0
52732,University,48,0,186,4.98,0,0,1,1
52733,Downtown,44,20,12,7.88,1,4,0,0
52734,University,3,3,27,7.16,1,0,0,0
52735,University,55,11,6,5.65,1,2,0,0
52736,University,36,20,3,7.4,0,4,1,0
52737,Riverside,5,11,13,8.14,1,2,1,0
52738,Downtown,52,6,21,4.97,0,3,0,0
52739,Riverside,27,16,1,7.32,1,2,0,0
52740,University,21,25,18,7.4,1,0,0,0
52741,Downtown,30,13,16,6.75,0,2,0,0
52742,Downtown,27,0,92,6.77,0,0,0,0
52743,University,37,12,4,3.0,1,2,0,0
52744,University,27,16,3,9.09,0,4,0,0
52745,Downtown,16,11,6,4.49,1,3,0,0
52746,Riverside,10,9,3,9.52,1,1,0,0
52747,Downtown,52,7,2,4.89,0,1,1,1
52748,Riverside,25,5,19,6.28,0,4,0,0
52749,Downtown,47,17,2,8.29,0,1,0,0
52750,Downtown,39,9,3,6.5,0,2,0,0
52751,Downtown,14,5,1,7.97,1,0,0,0
52752,Downtown,6,18,1,7.14,1,2,1,0
52753,University,23,4,14,6.78,1,3,0,0
52754,Downtown,36,16,3,6.34,1,2,0,0
52755,Downtown,6,12,15,5.9,1,1,0,0
52756,University,39,4,31,7.69,0,2,1,1
52757,Downtown,38,33,2,4.0,0,4,0,0
52758,University,9,8,6,9.19,1,1,0,0
52759,University,39,22,2,4.81,0,3,1,0
52760,Downtown,41,10,16,6.88,0,4,0,0
52761,Downtown,44,5,27,6.84,0,0,0,0
52762,Downtown,26,20,15,7.75,0,3,0,0
52763,Downtown,15,14,4,8.54,1,2,0,0
52764,Downtown,56,12,5,6.98,0,3,0,0
52765,Downtown,1,19,2,7.04,0,1,0,0
52766,University,14,10,10,5.03,0,2,1,1
52767,Downtown,28,11,3,6.26,1,4,0,0
52768,Downtown,57,16,11,5.26,1,2,0,0
52769,Downtown,10,26,1,5.3,1,3,0,0
52770,Downtown,32,9,8,5.66,1,2,0,0
52771,Downtown,12,5,31,5.62,0,1,0,0
52772,University,42,3,1,8.46,1,1,0,0
52773,University,18,9,35,7.82,1,1,0,0
52774,Riverside,13,2,5,5.8,0,0,0,0
52775,Downtown,23,15,6,7.87,0,1,0,0
52776,University,9,3,10,6.48,1,2,1,1
52777,University,32,7,1,6.55,0,2,1,1
52778,University,6,12,9,8.36,0,3,0,0
52779,Downtown,28,15,1,7.86,0,1,0,0
52780,Downtown,8,5,28,6.36,1,1,1,0
52781,University,22,26,3,7.14,0,1,0,0
52782,Downtown,59,2,55,5.74,1,2,0,0
52783,Riverside,14,14,5,6.99,0,3,0,0
52784,University,20,26,10,5.03,1,3,0,0
52785,University,56,8,19,5.73,1,3,0,0
52786,Downtown,21,21,11,7.27,1,3,0,0
52787,Downtown,54,2,60,5.96,0,1,1,1
52788,Downtown,46,18,12,4.86,1,2,0,0
52789,Downtown,8,14,4,5.76,0,3,1,1
52790,Downtown,1,6,29,8.02,0,2,0,0
52791,Downtown,30,12,1,5.01,0,3,0,0
52792,University,33,10,21,8.21,1,4,0,0
52793,Riverside,13,53,5,8.55,1,4,0,0
52794,Downtown,7,2,16,5.21,0,0,1,1
52795,Riverside,54,3,4,5.65,0,0,0,0
52796,Riverside,41,0,92,4.08,1,0,0,0
52797,University,58,11,7,6.24,1,2,0,0
52798,University,25,38,3,5.12,0,3,0,0
52799,Riverside,58,12,5,5.64,1,2,0,0
52800,Downtown,42,7,1,6.09,0,0,0,0
52801,University,3,2,35,8.95,1,1,1,1
52802,Riverside,33,0,190,7.31,1,0,1,1
52803,Downtown,13,11,6,7.53,0,4,0,0
52804,Downtown,29,14,4,8.92,0,2,0,0
52805,Downtown,28,10,9,7.2,1,2,0,0
52806,Downtown,55,23,2,6.23,1,1,0,0
52807,Downtown,34,4,10,7.53,0,2,1,1
52808,Riverside,55,19,8,6.1,1,3,1,0
52809,Downtown,60,8,3,3.44,0,4,1,1
52810,Downtown,9,5,11,6.24,0,5,0,0
52811,University,28,6,5,6.46,0,1,0,0
52812,Riverside,48,6,21,6.83,0,1,1,1
52813,University,24,6,34,7.14,0,1,1,1
52814,Riverside,31,15,4,5.27,1,2,0,0
52815,University,42,3,14,6.73,1,1,0,0
52816,Downtown,1,4,7,7.14,0,2,0,0
52817,University,40,1,71,8.95,0,1,1,1
52818,University,2,11,9,7.08,0,2,0,0
52819,University,26,7,39,7.4,1,2,0,0
52820,Downtown,39,3,32,5.79,0,0,1,1
52821,Downtown,53,6,1,4.06,0,2,0,0
52822,Riverside,29,14,10,7.64,0,1,0,0
52823,University,49,3,6,6.82,1,1,0,0
52824,Downtown,27,16,7,6.36,0,3,0,0
52825,Riverside,23,30,6,5.43,0,2,0,0
52826,University,8,13,13,9.07,0,3,0,0
52827,Riverside,24,9,11,4.48,0,2,0,0
52828,University,51,0,111,8.08,0,0,1,1
52829,Riverside,41,11,13,6.0,1,3,0,0
52830,Riverside,56,18,4,3.0,0,2,1,1
52831,Downtown,11,13,7,5.22,0,1,0,0
52832,University,24,18,10,4.89,1,2,0,0
52833,Downtown,17,9,10,4.92,0,0,0,0
52834,University,21,4,0,6.63,0,2,1,1
52835,Riverside,38,12,29,4.99,0,2,1,1
52836,Downtown,24,3,5,8.01,0,1,0,0
52837,Downtown,38,4,8,6.04,1,2,1,0
52838,Riverside,21,5,9,6.63,0,2,0,0
52839,Downtown,32,7,3,6.54,1,3,0,0
52840,University,13,24,5,5.7,1,1,0,0
52841,University,4,19,2,9.32,1,1,0,0
52842,University,31,3,40,6.44,1,0,0,0
52843,Downtown,4,10,10,7.36,1,1,0,0
52844,University,44,12,6,8.27,1,2,0,0
52845,Downtown,3,12,2,8.04,1,4,0,0
52846,Downtown,56,6,6,4.37,1,3,0,0
52847,University,29,16,4,5.9,1,3,0,0
52848,Downtown,9,15,5,6.72,0,3,0,0
52849,Downtown,47,18,6,8.51,1,4,0,0
52850,Riverside,22,8,14,7.44,0,2,0,0
52851,Riverside,43,8,1,6.86,0,1,0,0
52852,Downtown,27,2,32,5.47,1,1,0,0
52853,Downtown,3,3,14,7.18,0,0,0,0
52854,Downtown,43,2,28,6.19,1,1,0,0
52855,Riverside,48,4,14,4.87,0,3,0,0
52856,Downtown,14,11,5,7.98,0,3,0,0
52857,University,54,12,15,8.4,0,2,1,0
52858,Downtown,60,29,4,8.52,0,2,0,0
52859,Downtown,59,14,7,7.51,0,4,0,0
52860,Downtown,48,4,5,7.56,1,0,0,0
52861,Downtown,48,11,2,6.69,0,2,0,0
52862,University,59,4,15,5.9,1,0,0,0
52863,Downtown,52,17,2,5.6,0,0,0,0
52864,University,44,5,24,8.03,1,1,1,1
52865,Riverside,17,11,18,6.51,0,2,0,0
52866,Downtown,58,6,6,7.48,1,0,0,0
52867,University,15,28,1,8.51,0,5,0,0
52868,Riverside,44,6,16,8.49,1,3,0,0
52869,University,1,28,7,4.78,0,1,0,0
52870,Downtown,3,9,11,8.83,1,2,0,0
52871,University,31,10,5,6.86,0,2,0,0
52872,Downtown,21,3,14,4.92,1,1,0,0
52873,Downtown,34,20,1,6.21,0,2,0,0
52874,University,24,3,15,6.15,1,1,1,1
52875,Downtown,39,14,2,6.99,0,2,0,0
52876,Riverside,58,16,4,5.55,1,1,0,0
52877,University,60,2,10,7.62,0,0,0,0
52878,University,43,2,34,8.81,1,0,0,0
52879,University,12,21,2,7.83,1,0,0,0
52880,University,22,3,8,6.69,0,1,1,1
52881,Downtown,39,15,7,7.85,0,5,0,0
52882,Downtown,60,9,11,6.6,0,1,0,0
52883,Downtown,18,10,12,6.18,0,3,0,0
52884,University,9,2,19,7.88,0,0,0,1
52885,Riverside,42,5,25,7.46,1,3,0,0
52886,Downtown,2,4,14,4.87,0,1,0,0
52887,University,16,35,4,5.01,0,1,0,0
52888,Downtown,3,3,10,6.49,1,2,0,0
52889,University,52,22,4,4.87,1,4,0,0
52890,Downtown,7,1,24,3.87,0,0,1,1
52891,Riverside,39,1,39,6.65,0,1,0,0
52892,Downtown,42,2,22,5.97,1,0,1,1
52893,University,31,18,8,7.02,1,3,0,0
52894,Downtown,10,8,7,6.72,0,2,0,0
52895,University,38,24,3,8.17,1,3,0,0
52896,University,40,10,24,7.15,1,0,0,0
52897,Downtown,14,5,32,4.69,0,1,1,1
52898,University,56,20,1,6.99,0,0,0,0
52899,University,36,8,21,7.97,0,3,0,0
52900,Downtown,20,23,2,5.61,1,2,0,0
52901,Riverside,52,21,5,9.03,0,2,0,0
52902,University,55,14,14,7.88,0,1,0,0
52903,Downtown,35,11,3,6.87,0,2,0,0
52904,Downtown,51,20,6,8.37,0,4,1,0
52905,Downtown,36,35,0,4.2,1,0,1,0
52906,Downtown,41,11,11,4.81,0,3,0,0
52907,Downtown,5,4,26,8.6,0,2,0,0
52908,University,60,0,105,8.44,1,0,1,1
52909,University,42,4,35,7.59,1,2,1,0
52910,Downtown,10,10,18,5.48,1,2,0,0
52911,Downtown,5,5,8,6.7,1,4,0,0
52912,University,45,8,11,6.6,1,1,0,0
52913,Downtown,45,10,1,6.08,1,0,0,0
52914,Downtown,12,2,34,5.46,1,2,1,1
52915,Downtown,59,11,1,6.21,0,2,0,0
52916,University,38,16,2,6.09,1,3,0,0
52917,Downtown,11,3,5,6.73,0,2,1,0
52918,University,33,15,13,8.74,0,4,0,0
52919,Riverside,16,22,9,8.0,0,2,0,0
52920,Downtown,17,6,5,6.62,1,3,1,0
52921,University,37,4,29,6.14,0,0,1,1
52922,Downtown,8,4,22,6.95,0,1,1,1
52923,Downtown,16,23,10,9.69,1,4,0,0
52924,Riverside,57,20,2,4.17,0,2,0,0
52925,Riverside,23,28,12,7.05,1,1,0,0
52926,Downtown,31,8,6,7.07,0,4,0,0
52927,University,25,10,5,9.0,1,0,0,0
52928,Downtown,41,5,12,6.41,1,2,0,0
52929,Downtown,46,4,16,4.88,0,1,0,0
52930,University,43,11,9,5.75,0,5,0,0
52931,Riverside,51,8,13,8.6,0,2,1,1
52932,Downtown,41,9,2,4.98,1,1,1,0
52933,Downtown,35,4,35,7.55,1,1,1,1
52934,Riverside,27,18,6,5.9,0,3,0,0
52935,Riverside,52,3,28,7.29,0,2,0,0
52936,Riverside,18,16,15,4.82,0,3,0,0
52937,Downtown,19,7,29,7.45,0,1,0,0
52938,University,23,6,15,7.3,1,2,1,1
52939,Downtown,49,10,19,7.48,1,2,0,0
52940,Riverside,7,7,0,8.72,0,3,0,0
52941,University,26,40,3,5.92,1,4,1,0
52942,Downtown,25,9,17,3.93,0,3,0,0
52943,Riverside,48,19,0,7.95,0,2,0,0
52944,Downtown,32,4,24,6.52,0,2,0,0
52945,Downtown,1,17,4,4.71,0,2,0,0
52946,University,28,7,20,7.88,0,3,1,1
52947,University,34,13,2,6.55,1,1,0,0
52948,Downtown,20,29,2,7.3,0,1,0,0
52949,Downtown,39,13,14,4.5,1,2,0,0
52950,Downtown,4,8,16,8.88,0,3,0,0
52951,University,52,1,58,5.58,1,0,0,0
52952,Downtown,41,2,72,7.4,0,0,1,1
52953,University,12,8,18,8.44,0,2,1,1
52954,Riverside,14,13,20,5.36,1,3,0,0
52955,Downtown,13,9,4,10.52,0,1,0,0
52956,Downtown,44,5,31,7.38,0,1,0,0
52957,University,44,9,12,5.36,0,2,0,0
52958,Riverside,24,2,25,5.11,1,0,0,0
52959,Riverside,45,5,13,3.0,0,2,1,1
52960,Riverside,55,13,44,9.51,1,2,0,0
52961,Downtown,17,7,4,6.52,0,2,1,1
52962,University,42,17,7,6.71,1,2,0,0
52963,University,57,9,5,7.86,0,3,0,0
52964,Downtown,23,10,29,7.12,0,2,0,0
52965,Downtown,13,11,6,5.76,0,3,0,0
52966,Downtown,51,11,1,3.84,0,2,1,0
52967,University,8,3,33,7.95,0,2,0,0
52968,Downtown,51,4,11,8.15,0,0,0,0
52969,Downtown,45,20,7,4.68,1,1,0,0
52970,Riverside,60,1,90,6.31,1,1,0,0
52971,Riverside,49,10,3,4.12,0,3,0,0
52972,Downtown,21,5,22,8.68,0,3,1,1
52973,Riverside,39,7,10,8.53,1,3,1,0
52974,Downtown,38,7,13,6.08,0,2,0,0
52975,University,51,8,0,7.66,0,4,1,1
52976,University,4,10,2,5.7,0,0,0,0
52977,Riverside,57,5,20,5.88,1,3,0,0
52978,Downtown,39,12,5,6.47,1,2,0,0
52979,Downtown,27,35,2,7.83,0,0,0,0
52980,University,17,13,21,6.22,1,1,0,0
52981,University,26,10,1,6.15,1,2,0,0
52982,Downtown,14,9,5,5.77,0,2,1,1
52983,University,7,18,1,7.18,0,2,0,0
52984,Downtown,34,13,6,5.82,1,1,0,0
52985,University,55,7,9,8.3,1,1,0,0
52986,Downtown,54,20,3,9.23,0,0,0,0
52987,Riverside,10,13,4,6.1,0,4,0,0
52988,Downtown,46,3,7,4.8,1,3,0,0
52989,University,22,6,13,8.64,0,2,1,1
52990,University,26,7,17,6.21,0,2,0,0
52991,Downtown,29,15,6,7.27,0,3,0,0
52992,Downtown,29,10,16,7.31,0,3,0,0
52993,Downtown,40,21,8,3.32,1,2,0,0
52994,Downtown,25,2,20,5.2,1,0,1,1
52995,Downtown,10,14,53,5.77,1,1,1,1
52996,Riverside,26,26,5,6.82,0,4,0,0
52997,Downtown,52,20,9,6.18,0,1,0,0
52998,Downtown,21,26,1,7.96,0,2,0,0
52999,Riverside,26,8,11,3.91,1,2,0,0
53000,Downtown,24,6,26,10.02,0,4,0,0
