date,store,product,quantity,unit_price,revenue,category,unit_cost,cost,gross_profit,month
2025-01-01,Downtown,Blueberry Muffin,23,2.95,67.85,Bakery,1.1,25.3,42.55,1
2025-01-01,Downtown,Cappuccino,37,4.25,157.25,Coffee,1.0,37.0,120.25,1
2025-01-01,Downtown,Cold Brew,6,4.75,28.5,Coffee,0.95,5.699999999999999,22.8,1
2025-01-01,Downtown,Croissant,31,3.25,100.75,Bakery,1.3,40.300000000000004,60.449999999999996,1
2025-01-01,Downtown,Espresso,24,3.0,72.0,Coffee,0.55,13.200000000000001,58.8,1
2025-01-01,Downtown,Latte,51,4.5,229.5,Coffee,1.1,56.1,173.4,1
2025-01-01,Riverside,Blueberry Muffin,12,2.95,35.4,Bakery,1.1,13.200000000000001,22.199999999999996,1
2025-01-01,Riverside,Cappuccino,21,4.25,89.25,Coffee,1.0,21.0,68.25,1
2025-01-01,Riverside,Cold Brew,5,4.75,23.75,Coffee,0.95,4.75,19.0,1
2025-01-01,Riverside,Croissant,16,3.25,52.0,Bakery,1.3,20.8,31.2,1
2025-01-01,Riverside,Espresso,15,3.0,45.0,Coffee,0.55,8.25,36.75,1
2025-01-01,Riverside,Latte,30,4.5,135.0,Coffee,1.1,33.0,102.0,1
2025-01-01,University,Blueberry Muffin,14,2.95,41.3,Bakery,1.1,15.400000000000002,25.899999999999995,1
2025-01-01,University,Cappuccino,19,4.25,80.75,Coffee,1.0,19.0,61.75,1
2025-01-01,University,Cold Brew,5,4.75,23.75,Coffee,0.95,4.75,19.0,1
2025-01-01,University,Croissant,17,3.25,55.25,Bakery,1.3,22.1,33.15,1
2025-01-01,University,Espresso,15,3.0,45.0,Coffee,0.55,8.25,36.75,1
2025-01-01,University,Latte,33,4.5,148.5,Coffee,1.1,36.300000000000004,112.19999999999999,1
2025-01-02,Downtown,Blueberry Muffin,25,2.95,73.75,Bakery,1.1,27.500000000000004,46.25,1
2025-01-02,Downtown,Cappuccino,39,4.25,165.75,Coffee,1.0,39.0,126.75,1
2025-01-02,Downtown,Cold Brew,6,4.75,28.5,Coffee,0.95,5.699999999999999,22.8,1
2025-01-02,Downtown,Croissant,28,3.25,91.0,Bakery,1.3,36.4,54.6,1
2025-01-02,Downtown,Espresso,24,3.0,72.0,Coffee,0.55,13.200000000000001,58.8,1
2025-01-02,Downtown,Latte,62,4.5,279.0,Coffee,1.1,68.2,210.8,1
2025-01-02,Riverside,Blueberry Muffin,11,2.95,32.45,Bakery,1.1,12.100000000000001,20.35,1
2025-01-02,Riverside,Cappuccino,23,4.25,97.75,Coffee,1.0,23.0,74.75,1
2025-01-02,Riverside,Cold Brew,3,4.75,14.25,Coffee,0.95,2.8499999999999996,11.4,1
2025-01-02,Riverside,Croissant,16,3.25,52.0,Bakery,1.3,20.8,31.2,1
2025-01-02,Riverside,Espresso,15,3.0,45.0,Coffee,0.55,8.25,36.75,1
2025-01-02,Riverside,Latte,30,4.5,135.0,Coffee,1.1,33.0,102.0,1
2025-01-02,University,Blueberry Muffin,15,2.95,44.25,Bakery,1.1,16.5,27.75,1
2025-01-02,University,Cappuccino,22,4.25,93.5,Coffee,1.0,22.0,71.5,1
2025-01-02,University,Cold Brew,3,4.75,14.25,Coffee,0.95,2.8499999999999996,11.4,1
2025-01-02,University,Croissant,21,3.25,68.25,Bakery,1.3,27.3,40.95,1
2025-01-02,University,Espresso,14,3.0,42.0,Coffee,0.55,7.700000000000001,34.3,1
2025-01-02,University,Latte,34,4.5,153.0,Coffee,1.1,37.400000000000006,115.6,1
2025-01-03,Downtown,Blueberry Muffin,23,2.95,67.85,Bakery,1.1,25.3,42.55,1
2025-01-03,Downtown,Cappuccino,34,4.25,144.5,Coffee,1.0,34.0,110.5,1
2025-01-03,Downtown,Cold Brew,6,4.75,28.5,Coffee,0.95,5.699999999999999,22.8,1
2025-01-03,Downtown,Croissant,28,3.25,91.0,Bakery,1.3,36.4,54.6,1
2025-01-03,Downtown,Espresso,26,3.0,78.0,Coffee,0.55,14.3,63.7,1
2025-01-03,Downtown,Latte,54,4.5,243.0,Coffee,1.1,59.400000000000006,183.6,1
2025-01-03,Riverside,Blueberry Muffin,14,2.95,41.3,Bakery,1.1,15.400000000000002,25.899999999999995,1
2025-01-03,Riverside,Cappuccino,24,4.25,102.0,Coffee,1.0,24.0,78.0,1
2025-01-03,Riverside,Cold Brew,2,4.75,9.5,Coffee,0.95,1.9,7.6,1
2025-01-03,Riverside,Croissant,17,3.25,55.25,Bakery,1.3,22.1,33.15,1
2025-01-03,Riverside,Espresso,17,3.0,51.0,Coffee,0.55,9.350000000000001,41.65,1
2025-01-03,Riverside,Latte,30,4.5,135.0,Coffee,1.1,33.0,102.0,1
2025-01-03,University,Blueberry Muffin,15,2.95,44.25,Bakery,1.1,16.5,27.75,1
2025-01-03,University,Cappuccino,20,4.25,85.0,Coffee,1.0,20.0,65.0,1
2025-01-03,University,Cold Brew,5,4.75,23.75,Coffee,0.95,4.75,19.0,1
2025-01-03,University,Croissant,16,3.25,52.0,Bakery,1.3,20.8,31.2,1
2025-01-03,University,Espresso,14,3.0,42.0,Coffee,0.55,7.700000000000001,34.3,1
2025-01-03,University,Latte,29,4.5,130.5,Coffee,1.1,31.900000000000002,98.6,1
2025-01-04,Downtown,Blueberry Muffin,28,2.95,82.6,Bakery,1.1,30.800000000000004,51.79999999999999,1
2025-01-04,Downtown,Cappuccino,55,4.25,233.75,Coffee,1.0,55.0,178.75,1
2025-01-04,Downtown,Cold Brew,12,4.75,57.0,Coffee,0.95,11.399999999999999,45.6,1
2025-01-04,Downtown,Croissant,41,3.25,133.25,Bakery,1.3,53.300000000000004,79.94999999999999,1
2025-01-04,Downtown,Espresso,37,3.0,111.0,Coffee,0.55,20.35,90.65,1
2025-01-04,Downtown,Latte,78,4.5,351.0,Coffee,1.1,85.80000000000001,265.2,1
2025-01-04,Riverside,Blueberry Muffin,19,2.95,56.05,Bakery,1.1,20.900000000000002,35.14999999999999,1
2025-01-04,Riverside,Cappuccino,28,4.25,119.0,Coffee,1.0,28.0,91.0,1
2025-01-04,Riverside,Cold Brew,6,4.75,28.5,Coffee,0.95,5.699999999999999,22.8,1
2025-01-04,Riverside,Croissant,20,3.25,65.0,Bakery,1.3,26.0,39.0,1
2025-01-04,Riverside,Espresso,22,3.0,66.0,Coffee,0.55,12.100000000000001,53.9,1
2025-01-04,Riverside,Latte,41,4.5,184.5,Coffee,1.1,45.1,139.4,1
2025-01-04,University,Blueberry Muffin,8,2.95,23.6,Bakery,1.1,8.8,14.8,1
2025-01-04,University,Cappuccino,17,4.25,72.25,Coffee,1.0,17.0,55.25,1
2025-01-04,University,Cold Brew,4,4.75,19.0,Coffee,0.95,3.8,15.2,1
2025-01-04,University,Croissant,13,3.25,42.25,Bakery,1.3,16.900000000000002,25.349999999999998,1
2025-01-04,University,Espresso,14,3.0,42.0,Coffee,0.55,7.700000000000001,34.3,1
2025-01-04,University,Latte,24,4.5,108.0,Coffee,1.1,26.400000000000002,81.6,1
2025-01-05,Downtown,Blueberry Muffin,26,2.95,76.7,Bakery,1.1,28.6,48.1,1
2025-01-05,Downtown,Cappuccino,48,4.25,204.0,Coffee,1.0,48.0,156.0,1
2025-01-05,Downtown,Cold Brew,9,4.75,42.75,Coffee,0.95,8.549999999999999,34.2,1
2025-01-05,Downtown,Croissant,38,3.25,123.5,Bakery,1.3,49.4,74.1,1
2025-01-05,Downtown,Espresso,32,3.0,96.0,Coffee,0.55,17.6,78.4,1
2025-01-05,Downtown,Latte,71,4.5,319.5,Coffee,1.1,78.10000000000001,241.39999999999998,1
2025-01-05,Riverside,Blueberry Muffin,16,2.95,47.2,Bakery,1.1,17.6,29.6,1
2025-01-05,Riverside,Cappuccino,26,4.25,110.5,Coffee,1.0,26.0,84.5,1
2025-01-05,Riverside,Cold Brew,5,4.75,23.75,Coffee,0.95,4.75,19.0,1
2025-01-05,Riverside,Croissant,23,3.25,74.75,Bakery,1.3,29.900000000000002,44.849999999999994,1
2025-01-05,Riverside,Espresso,20,3.0,60.0,Coffee,0.55,11.0,49.0,1
2025-01-05,Riverside,Latte,40,4.5,180.0,Coffee,1.1,44.0,136.0,1
2025-01-05,University,Blueberry Muffin,8,2.95,23.6,Bakery,1.1,8.8,14.8,1
2025-01-05,University,Cappuccino,13,4.25,55.25,Coffee,1.0,13.0,42.25,1
2025-01-05,University,Cold Brew,2,4.75,9.5,Coffee,0.95,1.9,7.6,1
2025-01-05,University,Croissant,11,3.25,35.75,Bakery,1.3,14.3,21.45,1
2025-01-05,University,Espresso,12,3.0,36.0,Coffee,0.55,6.6000000000000005,29.4,1
2025-01-05,University,Latte,21,4.5,94.5,Coffee,1.1,23.1,71.4,1
2025-01-06,Downtown,Blueberry Muffin,30,2.95,88.5,Bakery,1.1,33.0,55.5,1
2025-01-06,Downtown,Cappuccino,48,4.25,204.0,Coffee,1.0,48.0,156.0,1
2025-01-06,Downtown,Cold Brew,6,4.75,28.5,Coffee,0.95,5.699999999999999,22.8,1
2025-01-06,Downtown,Croissant,34,3.25,110.5,Bakery,1.3,44.2,66.3,1
2025-01-06,Downtown,Espresso,33,3.0,99.0,Coffee,0.55,18.150000000000002,80.85,1
2025-01-06,Downtown,Latte,63,4.5,283.5,Coffee,1.1,69.30000000000001,214.2,1
2025-01-06,Riverside,Blueberry Muffin,11,2.95,32.45,Bakery,1.1,12.100000000000001,20.35,1
2025-01-06,Riverside,Cappuccino,24,4.25,102.0,Coffee,1.0,24.0,78.0,1
2025-01-06,Riverside,Cold Brew,4,4.75,19.0,Coffee,0.95,3.8,15.2,1
2025-01-06,Riverside,Croissant,15,3.25,48.75,Bakery,1.3,19.5,29.25,1
2025-01-06,Riverside,Espresso,17,3.0,51.0,Coffee,0.55,9.350000000000001,41.65,1
2025-01-06,Riverside,Latte,32,4.5,144.0,Coffee,1.1,35.2,108.8,1
2025-01-06,University,Blueberry Muffin,11,2.95,32.45,Bakery,1.1,12.100000000000001,20.35,1
2025-01-06,University,Cappuccino,23,4.25,97.75,Coffee,1.0,23.0,74.75,1
2025-01-06,University,Cold Brew,3,4.75,14.25,Coffee,0.95,2.8499999999999996,11.4,1
2025-01-06,University,Croissant,18,3.25,58.5,Bakery,1.3,23.400000000000002,35.099999999999994,1
2025-01-06,University,Espresso,14,3.0,42.0,Coffee,0.55,7.700000000000001,34.3,1
2025-01-06,University,Latte,32,4.5,144.0,Coffee,1.1,35.2,108.8,1
2025-01-07,Downtown,Blueberry Muffin,18,2.95,53.1,Bakery,1.1,19.8,33.3,1
2025-01-07,Downtown,Cappuccino,33,4.25,140.25,Coffee,1.0,33.0,107.25,1
2025-01-07,Downtown,Cold Brew,6,4.75,28.5,Coffee,0.95,5.699999999999999,22.8,1
2025-01-07,Downtown,Croissant,28,3.25,91.0,Bakery,1.3,36.4,54.6,1
2025-01-07,Downtown,Espresso,25,3.0,75.0,Coffee,0.55,13.750000000000002,61.25,1
2025-01-07,Downtown,Latte,49,4.5,220.5,Coffee,1.1,53.900000000000006,166.6,1
2025-01-07,Riverside,Blueberry Muffin,14,2.95,41.3,Bakery,1.1,15.400000000000002,25.899999999999995,1
2025-01-07,Riverside,Cappuccino,20,4.25,85.0,Coffee,1.0,20.0,65.0,1
2025-01-07,Riverside,Cold Brew,5,4.75,23.75,Coffee,0.95,4.75,19.0,1
2025-01-07,Riverside,Croissant,18,3.25,58.5,Bakery,1.3,23.400000000000002,35.099999999999994,1
2025-01-07,Riverside,Espresso,18,3.0,54.0,Coffee,0.55,9.9,44.1,1
2025-01-07,Riverside,Latte,32,4.5,144.0,Coffee,1.1,35.2,108.8,1
2025-01-07,University,Blueberry Muffin,14,2.95,41.3,Bakery,1.1,15.400000000000002,25.899999999999995,1
2025-01-07,University,Cappuccino,24,4.25,102.0,Coffee,1.0,24.0,78.0,1
2025-01-07,University,Cold Brew,3,4.75,14.25,Coffee,0.95,2.8499999999999996,11.4,1
2025-01-07,University,Croissant,18,3.25,58.5,Bakery,1.3,23.400000000000002,35.099999999999994,1
2025-01-07,University,Espresso,17,3.0,51.0,Coffee,0.55,9.350000000000001,41.65,1
2025-01-07,University,Latte,33,4.5,148.5,Coffee,1.1,36.300000000000004,112.19999999999999,1
2025-01-08,Downtown,Blueberry Muffin,25,2.95,73.75,Bakery,1.1,27.500000000000004,46.25,1
2025-01-08,Downtown,Cappuccino,33,4.25,140.25,Coffee,1.0,33.0,107.25,1
2025-01-08,Downtown,Cold Brew,6,4.75,28.5,Coffee,0.95,5.699999999999999,22.8,1
2025-01-08,Downtown,Croissant,28,3.25,91.0,Bakery,1.3,36.4,54.6,1
2025-01-08,Downtown,Espresso,24,3.0,72.0,Coffee,0.55,13.200000000000001,58.8,1
2025-01-08,Downtown,Latte,53,4.5,238.5,Coffee,1.1,58.300000000000004,180.2,1
2025-01-08,Riverside,Blueberry Muffin,16,2.95,47.2,Bakery,1.1,17.6,29.6,1
2025-01-08,Riverside,Cappuccino,22,4.25,93.5,Coffee,1.0,22.0,71.5,1
2025-01-08,Riverside,Cold Brew,4,4.75,19.0,Coffee,0.95,3.8,15.2,1
2025-01-08,Riverside,Croissant,16,3.25,52.0,Bakery,1.3,20.8,31.2,1
2025-01-08,Riverside,Espresso,16,3.0,48.0,Coffee,0.55,8.8,39.2,1
2025-01-08,Riverside,Latte,33,4.5,148.5,Coffee,1.1,36.300000000000004,112.19999999999999,1
2025-01-08,University,Blueberry Muffin,15,2.95,44.25,Bakery,1.1,16.5,27.75,1
2025-01-08,University,Cappuccino,23,4.25,97.75,Coffee,1.0,23.0,74.75,1
2025-01-08,University,Cold Brew,4,4.75,19.0,Coffee,0.95,3.8,15.2,1
2025-01-08,University,Croissant,16,3.25,52.0,Bakery,1.3,20.8,31.2,1
2025-01-08,University,Espresso,16,3.0,48.0,Coffee,0.55,8.8,39.2,1
2025-01-08,University,Latte,33,4.5,148.5,Coffee,1.1,36.300000000000004,112.19999999999999,1
2025-01-09,Downtown,Blueberry Muffin,20,2.95,59.0,Bakery,1.1,22.0,37.0,1
2025-01-09,Downtown,Cappuccino,33,4.25,140.25,Coffee,1.0,33.0,107.25,1
2025-01-09,Downtown,Cold Brew,9,4.75,42.75,Coffee,0.95,8.549999999999999,34.2,1
2025-01-09,Downtown,Croissant,28,3.25,91.0,Bakery,1.3,36.4,54.6,1
2025-01-09,Downtown,Espresso,24,3.0,72.0,Coffee,0.55,13.200000000000001,58.8,1
2025-01-09,Downtown,Latte,61,4.5,274.5,Coffee,1.1,67.10000000000001,207.39999999999998,1
2025-01-09,Riverside,Blueberry Muffin,11,2.95,32.45,Bakery,1.1,12.100000000000001,20.35,1
2025-01-09,Riverside,Cappuccino,20,4.25,85.0,Coffee,1.0,20.0,65.0,1
2025-01-09,Riverside,Cold Brew,4,4.75,19.0,Coffee,0.95,3.8,15.2,1
2025-01-09,Riverside,Croissant,16,3.25,52.0,Bakery,1.3,20.8,31.2,1
2025-01-09,Riverside,Espresso,14,3.0,42.0,Coffee,0.55,7.700000000000001,34.3,1
2025-01-09,Riverside,Latte,30,4.5,135.0,Coffee,1.1,33.0,102.0,1
2025-01-09,University,Blueberry Muffin,20,2.95,59.0,Bakery,1.1,22.0,37.0,1
2025-01-09,University,Cappuccino,32,4.25,136.0,Coffee,1.0,32.0,104.0,1
2025-01-09,University,Cold Brew,7,4.75,33.25,Coffee,0.95,6.6499999999999995,26.6,1
2025-01-09,University,Croissant,29,3.25,94.25,Bakery,1.3,37.7,56.55,1
2025-01-09,University,Espresso,22,3.0,66.0,Coffee,0.55,12.100000000000001,53.9,1
2025-01-09,University,Latte,50,4.5,225.0,Coffee,1.1,55.00000000000001,170.0,1
2025-01-10,Downtown,Blueberry Muffin,26,2.95,76.7,Bakery,1.1,28.6,48.1,1
2025-01-10,Downtown,Cappuccino,42,4.25,178.5,Coffee,1.0,42.0,136.5,1
2025-01-10,Downtown,Cold Brew,11,4.75,52.25,Coffee,0.95,10.45,41.8,1
2025-01-10,Downtown,Croissant,31,3.25,100.75,Bakery,1.3,40.300000000000004,60.449999999999996,1
2025-01-10,Downtown,Espresso,28,3.0,84.0,Coffee,0.55,15.400000000000002,68.6,1
2025-01-10,Downtown,Latte,57,4.5,256.5,Coffee,1.1,62.7,193.8,1
2025-01-10,Riverside,Blueberry Muffin,16,2.95,47.2,Bakery,1.1,17.6,29.6,1
2025-01-10,Riverside,Cappuccino,21,4.25,89.25,Coffee,1.0,21.0,68.25,1
2025-01-10,Riverside,Cold Brew,11,4.75,52.25,Coffee,0.95,10.45,41.8,1
2025-01-10,Riverside,Croissant,21,3.25,68.25,Bakery,1.3,27.3,40.95,1
2025-01-10,Riverside,Espresso,19,3.0,57.0,Coffee,0.55,10.450000000000001,46.55,1
2025-01-10,Riverside,Latte,37,4.5,166.5,Coffee,1.1,40.7,125.8,1
2025-01-10,University,Blueberry Muffin,20,2.95,59.0,Bakery,1.1,22.0,37.0,1
2025-01-10,University,Cappuccino,31,4.25,131.75,Coffee,1.0,31.0,100.75,1
2025-01-10,University,Cold Brew,9,4.75,42.75,Coffee,0.95,8.549999999999999,34.2,1
2025-01-10,University,Croissant,25,3.25,81.25,Bakery,1.3,32.5,48.75,1
2025-01-10,University,Espresso,23,3.0,69.0,Coffee,0.55,12.65,56.35,1
2025-01-10,University,Latte,48,4.5,216.0,Coffee,1.1,52.800000000000004,163.2,1
2025-01-11,Downtown,Blueberry Muffin,27,2.95,79.65,Bakery,1.1,29.700000000000003,49.95,1
2025-01-11,Downtown,Cappuccino,44,4.25,187.0,Coffee,1.0,44.0,143.0,1
2025-01-11,Downtown,Cold Brew,12,4.75,57.0,Coffee,0.95,11.399999999999999,45.6,1
2025-01-11,Downtown,Croissant,38,3.25,123.5,Bakery,1.3,49.4,74.1,1
2025-01-11,Downtown,Espresso,28,3.0,84.0,Coffee,0.55,15.400000000000002,68.6,1
2025-01-11,Downtown,Latte,61,4.5,274.5,Coffee,1.1,67.10000000000001,207.39999999999998,1
2025-01-11,Riverside,Blueberry Muffin,17,2.95,50.15,Bakery,1.1,18.700000000000003,31.449999999999996,1
2025-01-11,Riverside,Cappuccino,22,4.25,93.5,Coffee,1.0,22.0,71.5,1
2025-01-11,Riverside,Cold Brew,9,4.75,42.75,Coffee,0.95,8.549999999999999,34.2,1
2025-01-11,Riverside,Croissant,20,3.25,65.0,Bakery,1.3,26.0,39.0,1
2025-01-11,Riverside,Espresso,16,3.0,48.0,Coffee,0.55,8.8,39.2,1
2025-01-11,Riverside,Latte,35,4.5,157.5,Coffee,1.1,38.5,119.0,1
2025-01-11,University,Blueberry Muffin,13,2.95,38.35,Bakery,1.1,14.3,24.05,1
2025-01-11,University,Cappuccino,22,4.25,93.5,Coffee,1.0,22.0,71.5,1
2025-01-11,University,Cold Brew,9,4.75,42.75,Coffee,0.95,8.549999999999999,34.2,1
2025-01-11,University,Croissant,17,3.25,55.25,Bakery,1.3,22.1,33.15,1
2025-01-11,University,Espresso,17,3.0,51.0,Coffee,0.55,9.350000000000001,41.65,1
2025-01-11,University,Latte,33,4.5,148.5,Coffee,1.1,36.300000000000004,112.19999999999999,1
2025-01-12,Downtown,Blueberry Muffin,25,2.95,73.75,Bakery,1.1,27.500000000000004,46.25,1
2025-01-12,Downtown,Cappuccino,40,4.25,170.0,Coffee,1.0,40.0,130.0,1
2025-01-12,Downtown,Cold Brew,12,4.75,57.0,Coffee,0.95,11.399999999999999,45.6,1
2025-01-12,Downtown,Croissant,36,3.25,117.0,Bakery,1.3,46.800000000000004,70.19999999999999,1
2025-01-12,Downtown,Espresso,26,3.0,78.0,Coffee,0.55,14.3,63.7,1
2025-01-12,Downtown,Latte,63,4.5,283.5,Coffee,1.1,69.30000000000001,214.2,1
2025-01-12,Riverside,Blueberry Muffin,12,2.95,35.4,Bakery,1.1,13.200000000000001,22.199999999999996,1
2025-01-12,Riverside,Cappuccino,26,4.25,110.5,Coffee,1.0,26.0,84.5,1
2025-01-12,Riverside,Cold Brew,6,4.75,28.5,Coffee,0.95,5.699999999999999,22.8,1
2025-01-12,Riverside,Croissant,20,3.25,65.0,Bakery,1.3,26.0,39.0,1
2025-01-12,Riverside,Espresso,17,3.0,51.0,Coffee,0.55,9.350000000000001,41.65,1
2025-01-12,Riverside,Latte,34,4.5,153.0,Coffee,1.1,37.400000000000006,115.6,1
2025-01-12,University,Blueberry Muffin,13,2.95,38.35,Bakery,1.1,14.3,24.05,1
2025-01-12,University,Cappuccino,27,4.25,114.75,Coffee,1.0,27.0,87.75,1
2025-01-12,University,Cold Brew,8,4.75,38.0,Coffee,0.95,7.6,30.4,1
2025-01-12,University,Croissant,17,3.25,55.25,Bakery,1.3,22.1,33.15,1
2025-01-12,University,Espresso,18,3.0,54.0,Coffee,0.55,9.9,44.1,1
2025-01-12,University,Latte,31,4.5,139.5,Coffee,1.1,34.1,105.4,1
2025-01-13,Downtown,Blueberry Muffin,21,2.95,61.95,Bakery,1.1,23.1,38.85,1
2025-01-13,Downtown,Cappuccino,32,4.25,136.0,Coffee,1.0,32.0,104.0,1
2025-01-13,Downtown,Cold Brew,11,4.75,52.25,Coffee,0.95,10.45,41.8,1
2025-01-13,Downtown,Croissant,29,3.25,94.25,Bakery,1.3,37.7,56.55,1
2025-01-13,Downtown,Espresso,26,3.0,78.0,Coffee,0.55,14.3,63.7,1
2025-01-13,Downtown,Latte,50,4.5,225.0,Coffee,1.1,55.00000000000001,170.0,1
2025-01-13,Riverside,Blueberry Muffin,12,2.95,35.4,Bakery,1.1,13.200000000000001,22.199999999999996,1
2025-01-13,Riverside,Cappuccino,22,4.25,93.5,Coffee,1.0,22.0,71.5,1
2025-01-13,Riverside,Cold Brew,6,4.75,28.5,Coffee,0.95,5.699999999999999,22.8,1
2025-01-13,Riverside,Croissant,16,3.25,52.0,Bakery,1.3,20.8,31.2,1
2025-01-13,Riverside,Espresso,18,3.0,54.0,Coffee,0.55,9.9,44.1,1
2025-01-13,Riverside,Latte,34,4.5,153.0,Coffee,1.1,37.400000000000006,115.6,1
2025-01-13,University,Blueberry Muffin,16,2.95,47.2,Bakery,1.1,17.6,29.6,1
2025-01-13,University,Cappuccino,34,4.25,144.5,Coffee,1.0,34.0,110.5,1
2025-01-13,University,Cold Brew,10,4.75,47.5,Coffee,0.95,9.5,38.0,1
2025-01-13,University,Croissant,25,3.25,81.25,Bakery,1.3,32.5,48.75,1
2025-01-13,University,Espresso,22,3.0,66.0,Coffee,0.55,12.100000000000001,53.9,1
2025-01-13,University,Latte,48,4.5,216.0,Coffee,1.1,52.800000000000004,163.2,1
2025-01-14,Downtown,Blueberry Muffin,21,2.95,61.95,Bakery,1.1,23.1,38.85,1
2025-01-14,Downtown,Cappuccino,33,4.25,140.25,Coffee,1.0,33.0,107.25,1
2025-01-14,Downtown,Cold Brew,13,4.75,61.75,Coffee,0.95,12.35,49.4,1
2025-01-14,Downtown,Croissant,28,3.25,91.0,Bakery,1.3,36.4,54.6,1
2025-01-14,Downtown,Espresso,26,3.0,78.0,Coffee,0.55,14.3,63.7,1
2025-01-14,Downtown,Latte,49,4.5,220.5,Coffee,1.1,53.900000000000006,166.6,1
2025-01-14,Riverside,Blueberry Muffin,14,2.95,41.3,Bakery,1.1,15.400000000000002,25.899999999999995,1
2025-01-14,Riverside,Cappuccino,18,4.25,76.5,Coffee,1.0,18.0,58.5,1
2025-01-14,Riverside,Cold Brew,6,4.75,28.5,Coffee,0.95,5.699999999999999,22.8,1
2025-01-14,Riverside,Croissant,14,3.25,45.5,Bakery,1.3,18.2,27.3,1
2025-01-14,Riverside,Espresso,14,3.0,42.0,Coffee,0.55,7.700000000000001,34.3,1
2025-01-14,Riverside,Latte,25,4.5,112.5,Coffee,1.1,27.500000000000004,85.0,1
2025-01-14,University,Blueberry Muffin,18,2.95,53.1,Bakery,1.1,19.8,33.3,1
2025-01-14,University,Cappuccino,28,4.25,119.0,Coffee,1.0,28.0,91.0,1
2025-01-14,University,Cold Brew,8,4.75,38.0,Coffee,0.95,7.6,30.4,1
2025-01-14,University,Croissant,21,3.25,68.25,Bakery,1.3,27.3,40.95,1
2025-01-14,University,Espresso,22,3.0,66.0,Coffee,0.55,12.100000000000001,53.9,1
2025-01-14,University,Latte,42,4.5,189.0,Coffee,1.1,46.2,142.8,1
2025-01-15,Downtown,Blueberry Muffin,23,2.95,67.85,Bakery,1.1,25.3,42.55,1
2025-01-15,Downtown,Cappuccino,34,4.25,144.5,Coffee,1.0,34.0,110.5,1
2025-01-15,Downtown,Cold Brew,13,4.75,61.75,Coffee,0.95,12.35,49.4,1
2025-01-15,Downtown,Croissant,28,3.25,91.0,Bakery,1.3,36.4,54.6,1
2025-01-15,Downtown,Espresso,22,3.0,66.0,Coffee,0.55,12.100000000000001,53.9,1
2025-01-15,Downtown,Latte,57,4.5,256.5,Coffee,1.1,62.7,193.8,1
2025-01-15,Riverside,Blueberry Muffin,11,2.95,32.45,Bakery,1.1,12.100000000000001,20.35,1
2025-01-15,Riverside,Cappuccino,20,4.25,85.0,Coffee,1.0,20.0,65.0,1
2025-01-15,Riverside,Cold Brew,6,4.75,28.5,Coffee,0.95,5.699999999999999,22.8,1
2025-01-15,Riverside,Croissant,19,3.25,61.75,Bakery,1.3,24.7,37.05,1
2025-01-15,Riverside,Espresso,15,3.0,45.0,Coffee,0.55,8.25,36.75,1
2025-01-15,Riverside,Latte,28,4.5,126.0,Coffee,1.1,30.800000000000004,95.19999999999999,1
2025-01-15,University,Blueberry Muffin,19,2.95,56.05,Bakery,1.1,20.900000000000002,35.14999999999999,1
2025-01-15,University,Cappuccino,34,4.25,144.5,Coffee,1.0,34.0,110.5,1
2025-01-15,University,Cold Brew,14,4.75,66.5,Coffee,0.95,13.299999999999999,53.2,1
2025-01-15,University,Croissant,25,3.25,81.25,Bakery,1.3,32.5,48.75,1
2025-01-15,University,Espresso,22,3.0,66.0,Coffee,0.55,12.100000000000001,53.9,1
2025-01-15,University,Latte,45,4.5,202.5,Coffee,1.1,49.50000000000001,153.0,1
2025-01-16,Downtown,Blueberry Muffin,23,2.95,67.85,Bakery,1.1,25.3,42.55,1
2025-01-16,Downtown,Cappuccino,33,4.25,140.25,Coffee,1.0,33.0,107.25,1
2025-01-16,Downtown,Cold Brew,7,4.75,33.25,Coffee,0.95,6.6499999999999995,26.6,1
2025-01-16,Downtown,Croissant,28,3.25,91.0,Bakery,1.3,36.4,54.6,1
2025-01-16,Downtown,Espresso,24,3.0,72.0,Coffee,0.55,13.200000000000001,58.8,1
2025-01-16,Downtown,Latte,44,4.5,198.0,Coffee,1.1,48.400000000000006,149.6,1
2025-01-16,Riverside,Blueberry Muffin,13,2.95,38.35,Bakery,1.1,14.3,24.05,1
2025-01-16,Riverside,Cappuccino,26,4.25,110.5,Coffee,1.0,26.0,84.5,1
2025-01-16,Riverside,Cold Brew,4,4.75,19.0,Coffee,0.95,3.8,15.2,1
2025-01-16,Riverside,Croissant,20,3.25,65.0,Bakery,1.3,26.0,39.0,1
2025-01-16,Riverside,Espresso,17,3.0,51.0,Coffee,0.55,9.350000000000001,41.65,1
2025-01-16,Riverside,Latte,34,4.5,153.0,Coffee,1.1,37.400000000000006,115.6,1
2025-01-16,University,Blueberry Muffin,18,2.95,53.1,Bakery,1.1,19.8,33.3,1
2025-01-16,University,Cappuccino,33,4.25,140.25,Coffee,1.0,33.0,107.25,1
2025-01-16,University,Cold Brew,7,4.75,33.25,Coffee,0.95,6.6499999999999995,26.6,1
2025-01-16,University,Croissant,31,3.25,100.75,Bakery,1.3,40.300000000000004,60.449999999999996,1
2025-01-16,University,Espresso,24,3.0,72.0,Coffee,0.55,13.200000000000001,58.8,1
2025-01-16,University,Latte,51,4.5,229.5,Coffee,1.1,56.1,173.4,1
2025-01-17,Downtown,Blueberry Muffin,27,2.95,79.65,Bakery,1.1,29.700000000000003,49.95,1
2025-01-17,Downtown,Cappuccino,39,4.25,165.75,Coffee,1.0,39.0,126.75,1
2025-01-17,Downtown,Cold Brew,7,4.75,33.25,Coffee,0.95,6.6499999999999995,26.6,1
2025-01-17,Downtown,Croissant,33,3.25,107.25,Bakery,1.3,42.9,64.35,1
2025-01-17,Downtown,Espresso,32,3.0,96.0,Coffee,0.55,17.6,78.4,1
2025-01-17,Downtown,Latte,58,4.5,261.0,Coffee,1.1,63.800000000000004,197.2,1
2025-01-17,Riverside,Blueberry Muffin,11,2.95,32.45,Bakery,1.1,12.100000000000001,20.35,1
2025-01-17,Riverside,Cappuccino,19,4.25,80.75,Coffee,1.0,19.0,61.75,1
2025-01-17,Riverside,Cold Brew,7,4.75,33.25,Coffee,0.95,6.6499999999999995,26.6,1
2025-01-17,Riverside,Croissant,16,3.25,52.0,Bakery,1.3,20.8,31.2,1
2025-01-17,Riverside,Espresso,16,3.0,48.0,Coffee,0.55,8.8,39.2,1
2025-01-17,Riverside,Latte,28,4.5,126.0,Coffee,1.1,30.800000000000004,95.19999999999999,1
2025-01-17,University,Blueberry Muffin,14,2.95,41.3,Bakery,1.1,15.400000000000002,25.899999999999995,1
2025-01-17,University,Cappuccino,25,4.25,106.25,Coffee,1.0,25.0,81.25,1
2025-01-17,University,Cold Brew,6,4.75,28.5,Coffee,0.95,5.699999999999999,22.8,1
2025-01-17,University,Croissant,18,3.25,58.5,Bakery,1.3,23.400000000000002,35.099999999999994,1
2025-01-17,University,Espresso,18,3.0,54.0,Coffee,0.55,9.9,44.1,1
2025-01-17,University,Latte,38,4.5,171.0,Coffee,1.1,41.800000000000004,129.2,1
2025-01-18,Downtown,Blueberry Muffin,25,2.95,73.75,Bakery,1.1,27.500000000000004,46.25,1
2025-01-18,Downtown,Cappuccino,41,4.25,174.25,Coffee,1.0,41.0,133.25,1
2025-01-18,Downtown,Cold Brew,9,4.75,42.75,Coffee,0.95,8.549999999999999,34.2,1
2025-01-18,Downtown,Croissant,38,3.25,123.5,Bakery,1.3,49.4,74.1,1
2025-01-18,Downtown,Espresso,33,3.0,99.0,Coffee,0.55,18.150000000000002,80.85,1
2025-01-18,Downtown,Latte,61,4.5,274.5,Coffee,1.1,67.10000000000001,207.39999999999998,1
2025-01-18,Riverside,Blueberry Muffin,12,2.95,35.4,Bakery,1.1,13.200000000000001,22.199999999999996,1
2025-01-18,Riverside,Cappuccino,27,4.25,114.75,Coffee,1.0,27.0,87.75,1
2025-01-18,Riverside,Cold Brew,6,4.75,28.5,Coffee,0.95,5.699999999999999,22.8,1
2025-01-18,Riverside,Croissant,24,3.25,78.0,Bakery,1.3,31.200000000000003,46.8,1
2025-01-18,Riverside,Espresso,21,3.0,63.0,Coffee,0.55,11.55,51.45,1
2025-01-18,Riverside,Latte,37,4.5,166.5,Coffee,1.1,40.7,125.8,1
2025-01-18,University,Blueberry Muffin,10,2.95,29.5,Bakery,1.1,11.0,18.5,1
2025-01-18,University,Cappuccino,21,4.25,89.25,Coffee,1.0,21.0,68.25,1
2025-01-18,University,Cold Brew,3,4.75,14.25,Coffee,0.95,2.8499999999999996,11.4,1
2025-01-18,University,Croissant,15,3.25,48.75,Bakery,1.3,19.5,29.25,1
2025-01-18,University,Espresso,14,3.0,42.0,Coffee,0.55,7.700000000000001,34.3,1
2025-01-18,University,Latte,29,4.5,130.5,Coffee,1.1,31.900000000000002,98.6,1
2025-01-19,Downtown,Blueberry Muffin,26,2.95,76.7,Bakery,1.1,28.6,48.1,1
2025-01-19,Downtown,Cappuccino,43,4.25,182.75,Coffee,1.0,43.0,139.75,1
2025-01-19,Downtown,Cold Brew,17,4.75,80.75,Coffee,0.95,16.15,64.6,1
2025-01-19,Downtown,Croissant,34,3.25,110.5,Bakery,1.3,44.2,66.3,1
2025-01-19,Downtown,Espresso,31,3.0,93.0,Coffee,0.55,17.05,75.95,1
2025-01-19,Downtown,Latte,57,4.5,256.5,Coffee,1.1,62.7,193.8,1
2025-01-19,Riverside,Blueberry Muffin,18,2.95,53.1,Bakery,1.1,19.8,33.3,1
2025-01-19,Riverside,Cappuccino,31,4.25,131.75,Coffee,1.0,31.0,100.75,1
2025-01-19,Riverside,Cold Brew,10,4.75,47.5,Coffee,0.95,9.5,38.0,1
2025-01-19,Riverside,Croissant,24,3.25,78.0,Bakery,1.3,31.200000000000003,46.8,1
2025-01-19,Riverside,Espresso,20,3.0,60.0,Coffee,0.55,11.0,49.0,1
2025-01-19,Riverside,Latte,41,4.5,184.5,Coffee,1.1,45.1,139.4,1
2025-01-19,University,Blueberry Muffin,12,2.95,35.4,Bakery,1.1,13.200000000000001,22.199999999999996,1
2025-01-19,University,Cappuccino,20,4.25,85.0,Coffee,1.0,20.0,65.0,1
2025-01-19,University,Cold Brew,7,4.75,33.25,Coffee,0.95,6.6499999999999995,26.6,1
2025-01-19,University,Croissant,14,3.25,45.5,Bakery,1.3,18.2,27.3,1
2025-01-19,University,Espresso,16,3.0,48.0,Coffee,0.55,8.8,39.2,1
2025-01-19,University,Latte,27,4.5,121.5,Coffee,1.1,29.700000000000003,91.8,1
2025-01-20,Downtown,Blueberry Muffin,21,2.95,61.95,Bakery,1.1,23.1,38.85,1
2025-01-20,Downtown,Cappuccino,33,4.25,140.25,Coffee,1.0,33.0,107.25,1
2025-01-20,Downtown,Cold Brew,10,4.75,47.5,Coffee,0.95,9.5,38.0,1
2025-01-20,Downtown,Croissant,30,3.25,97.5,Bakery,1.3,39.0,58.5,1
2025-01-20,Downtown,Espresso,26,3.0,78.0,Coffee,0.55,14.3,63.7,1
2025-01-20,Downtown,Latte,50,4.5,225.0,Coffee,1.1,55.00000000000001,170.0,1
2025-01-20,Riverside,Blueberry Muffin,13,2.95,38.35,Bakery,1.1,14.3,24.05,1
2025-01-20,Riverside,Cappuccino,20,4.25,85.0,Coffee,1.0,20.0,65.0,1
2025-01-20,Riverside,Cold Brew,6,4.75,28.5,Coffee,0.95,5.699999999999999,22.8,1
2025-01-20,Riverside,Croissant,15,3.25,48.75,Bakery,1.3,19.5,29.25,1
2025-01-20,Riverside,Espresso,15,3.0,45.0,Coffee,0.55,8.25,36.75,1
2025-01-20,Riverside,Latte,28,4.5,126.0,Coffee,1.1,30.800000000000004,95.19999999999999,1
2025-01-20,University,Blueberry Muffin,17,2.95,50.15,Bakery,1.1,18.700000000000003,31.449999999999996,1
2025-01-20,University,Cappuccino,29,4.25,123.25,Coffee,1.0,29.0,94.25,1
2025-01-20,University,Cold Brew,10,4.75,47.5,Coffee,0.95,9.5,38.0,1
2025-01-20,University,Croissant,25,3.25,81.25,Bakery,1.3,32.5,48.75,1
2025-01-20,University,Espresso,21,3.0,63.0,Coffee,0.55,11.55,51.45,1
2025-01-20,University,Latte,44,4.5,198.0,Coffee,1.1,48.400000000000006,149.6,1
2025-01-21,Downtown,Blueberry Muffin,26,2.95,76.7,Bakery,1.1,28.6,48.1,1
2025-01-21,Downtown,Cappuccino,36,4.25,153.0,Coffee,1.0,36.0,117.0,1
2025-01-21,Downtown,Cold Brew,12,4.75,57.0,Coffee,0.95,11.399999999999999,45.6,1
2025-01-21,Downtown,Croissant,33,3.25,107.25,Bakery,1.3,42.9,64.35,1
2025-01-21,Downtown,Espresso,27,3.0,81.0,Coffee,0.55,14.850000000000001,66.15,1
2025-01-21,Downtown,Latte,62,4.5,279.0,Coffee,1.1,68.2,210.8,1
2025-01-21,Riverside,Blueberry Muffin,13,2.95,38.35,Bakery,1.1,14.3,24.05,1
2025-01-21,Riverside,Cappuccino,23,4.25,97.75,Coffee,1.0,23.0,74.75,1
2025-01-21,Riverside,Cold Brew,11,4.75,52.25,Coffee,0.95,10.45,41.8,1
2025-01-21,Riverside,Croissant,21,3.25,68.25,Bakery,1.3,27.3,40.95,1
2025-01-21,Riverside,Espresso,20,3.0,60.0,Coffee,0.55,11.0,49.0,1
2025-01-21,Riverside,Latte,33,4.5,148.5,Coffee,1.1,36.300000000000004,112.19999999999999,1
2025-01-21,University,Blueberry Muffin,18,2.95,53.1,Bakery,1.1,19.8,33.3,1
2025-01-21,University,Cappuccino,28,4.25,119.0,Coffee,1.0,28.0,91.0,1
2025-01-21,University,Cold Brew,10,4.75,47.5,Coffee,0.95,9.5,38.0,1
2025-01-21,University,Croissant,26,3.25,84.5,Bakery,1.3,33.800000000000004,50.699999999999996,1
2025-01-21,University,Espresso,24,3.0,72.0,Coffee,0.55,13.200000000000001,58.8,1
2025-01-21,University,Latte,45,4.5,202.5,Coffee,1.1,49.50000000000001,153.0,1
2025-01-22,Downtown,Blueberry Muffin,22,2.95,64.9,Bakery,1.1,24.200000000000003,40.7,1
2025-01-22,Downtown,Cappuccino,34,4.25,144.5,Coffee,1.0,34.0,110.5,1
2025-01-22,Downtown,Cold Brew,10,4.75,47.5,Coffee,0.95,9.5,38.0,1
2025-01-22,Downtown,Croissant,28,3.25,91.0,Bakery,1.3,36.4,54.6,1
2025-01-22,Downtown,Espresso,22,3.0,66.0,Coffee,0.55,12.100000000000001,53.9,1
2025-01-22,Downtown,Latte,48,4.5,216.0,Coffee,1.1,52.800000000000004,163.2,1
2025-01-22,Riverside,Blueberry Muffin,13,2.95,38.35,Bakery,1.1,14.3,24.05,1
2025-01-22,Riverside,Cappuccino,18,4.25,76.5,Coffee,1.0,18.0,58.5,1
2025-01-22,Riverside,Cold Brew,3,4.75,14.25,Coffee,0.95,2.8499999999999996,11.4,1
2025-01-22,Riverside,Croissant,15,3.25,48.75,Bakery,1.3,19.5,29.25,1
2025-01-22,Riverside,Espresso,13,3.0,39.0,Coffee,0.55,7.15,31.85,1
2025-01-22,Riverside,Latte,29,4.5,130.5,Coffee,1.1,31.900000000000002,98.6,1
2025-01-22,University,Blueberry Muffin,14,2.95,41.3,Bakery,1.1,15.400000000000002,25.899999999999995,1
2025-01-22,University,Cappuccino,28,4.25,119.0,Coffee,1.0,28.0,91.0,1
2025-01-22,University,Cold Brew,6,4.75,28.5,Coffee,0.95,5.699999999999999,22.8,1
2025-01-22,University,Croissant,21,3.25,68.25,Bakery,1.3,27.3,40.95,1
2025-01-22,University,Espresso,22,3.0,66.0,Coffee,0.55,12.100000000000001,53.9,1
2025-01-22,University,Latte,47,4.5,211.5,Coffee,1.1,51.7,159.8,1
2025-01-23,Downtown,Blueberry Muffin,24,2.95,70.8,Bakery,1.1,26.400000000000002,44.39999999999999,1
2025-01-23,Downtown,Cappuccino,37,4.25,157.25,Coffee,1.0,37.0,120.25,1
2025-01-23,Downtown,Cold Brew,8,4.75,38.0,Coffee,0.95,7.6,30.4,1
2025-01-23,Downtown,Croissant,29,3.25,94.25,Bakery,1.3,37.7,56.55,1
2025-01-23,Downtown,Espresso,26,3.0,78.0,Coffee,0.55,14.3,63.7,1
2025-01-23,Downtown,Latte,53,4.5,238.5,Coffee,1.1,58.300000000000004,180.2,1
2025-01-23,Riverside,Blueberry Muffin,12,2.95,35.4,Bakery,1.1,13.200000000000001,22.199999999999996,1
2025-01-23,Riverside,Cappuccino,21,4.25,89.25,Coffee,1.0,21.0,68.25,1
2025-01-23,Riverside,Cold Brew,4,4.75,19.0,Coffee,0.95,3.8,15.2,1
2025-01-23,Riverside,Croissant,16,3.25,52.0,Bakery,1.3,20.8,31.2,1
2025-01-23,Riverside,Espresso,14,3.0,42.0,Coffee,0.55,7.700000000000001,34.3,1
2025-01-23,Riverside,Latte,28,4.5,126.0,Coffee,1.1,30.800000000000004,95.19999999999999,1
2025-01-23,University,Blueberry Muffin,20,2.95,59.0,Bakery,1.1,22.0,37.0,1
2025-01-23,University,Cappuccino,35,4.25,148.75,Coffee,1.0,35.0,113.75,1
2025-01-23,University,Cold Brew,8,4.75,38.0,Coffee,0.95,7.6,30.4,1
2025-01-23,University,Croissant,27,3.25,87.75,Bakery,1.3,35.1,52.65,1
2025-01-23,University,Espresso,26,3.0,78.0,Coffee,0.55,14.3,63.7,1
2025-01-23,University,Latte,51,4.5,229.5,Coffee,1.1,56.1,173.4,1
2025-01-24,Downtown,Blueberry Muffin,23,2.95,67.85,Bakery,1.1,25.3,42.55,1
2025-01-24,Downtown,Cappuccino,39,4.25,165.75,Coffee,1.0,39.0,126.75,1
2025-01-24,Downtown,Cold Brew,7,4.75,33.25,Coffee,0.95,6.6499999999999995,26.6,1
2025-01-24,Downtown,Croissant,28,3.25,91.0,Bakery,1.3,36.4,54.6,1
2025-01-24,Downtown,Espresso,29,3.0,87.0,Coffee,0.55,15.950000000000001,71.05,1
2025-01-24,Downtown,Latte,56,4.5,252.0,Coffee,1.1,61.60000000000001,190.39999999999998,1
2025-01-24,Riverside,Blueberry Muffin,14,2.95,41.3,Bakery,1.1,15.400000000000002,25.899999999999995,1
2025-01-24,Riverside,Cappuccino,22,4.25,93.5,Coffee,1.0,22.0,71.5,1
2025-01-24,Riverside,Cold Brew,2,4.75,9.5,Coffee,0.95,1.9,7.6,1
2025-01-24,Riverside,Croissant,18,3.25,58.5,Bakery,1.3,23.400000000000002,35.099999999999994,1
2025-01-24,Riverside,Espresso,16,3.0,48.0,Coffee,0.55,8.8,39.2,1
2025-01-24,Riverside,Latte,33,4.5,148.5,Coffee,1.1,36.300000000000004,112.19999999999999,1
2025-01-24,University,Blueberry Muffin,17,2.95,50.15,Bakery,1.1,18.700000000000003,31.449999999999996,1
2025-01-24,University,Cappuccino,33,4.25,140.25,Coffee,1.0,33.0,107.25,1
2025-01-24,University,Cold Brew,5,4.75,23.75,Coffee,0.95,4.75,19.0,1
2025-01-24,University,Croissant,26,3.25,84.5,Bakery,1.3,33.800000000000004,50.699999999999996,1
2025-01-24,University,Espresso,23,3.0,69.0,Coffee,0.55,12.65,56.35,1
2025-01-24,University,Latte,45,4.5,202.5,Coffee,1.1,49.50000000000001,153.0,1
2025-01-25,Downtown,Blueberry Muffin,24,2.95,70.8,Bakery,1.1,26.400000000000002,44.39999999999999,1
2025-01-25,Downtown,Cappuccino,48,4.25,204.0,Coffee,1.0,48.0,156.0,1
2025-01-25,Downtown,Cold Brew,11,4.75,52.25,Coffee,0.95,10.45,41.8,1
2025-01-25,Downtown,Croissant,34,3.25,110.5,Bakery,1.3,44.2,66.3,1
2025-01-25,Downtown,Espresso,33,3.0,99.0,Coffee,0.55,18.150000000000002,80.85,1
2025-01-25,Downtown,Latte,69,4.5,310.5,Coffee,1.1,75.9,234.6,1
2025-01-25,Riverside,Blueberry Muffin,15,2.95,44.25,Bakery,1.1,16.5,27.75,1
2025-01-25,Riverside,Cappuccino,25,4.25,106.25,Coffee,1.0,25.0,81.25,1
2025-01-25,Riverside,Cold Brew,4,4.75,19.0,Coffee,0.95,3.8,15.2,1
2025-01-25,Riverside,Croissant,22,3.25,71.5,Bakery,1.3,28.6,42.9,1
2025-01-25,Riverside,Espresso,19,3.0,57.0,Coffee,0.55,10.450000000000001,46.55,1
2025-01-25,Riverside,Latte,39,4.5,175.5,Coffee,1.1,42.900000000000006,132.6,1
2025-01-25,University,Blueberry Muffin,14,2.95,41.3,Bakery,1.1,15.400000000000002,25.899999999999995,1
2025-01-25,University,Cappuccino,24,4.25,102.0,Coffee,1.0,24.0,78.0,1
2025-01-25,University,Cold Brew,7,4.75,33.25,Coffee,0.95,6.6499999999999995,26.6,1
2025-01-25,University,Croissant,15,3.25,48.75,Bakery,1.3,19.5,29.25,1
2025-01-25,University,Espresso,16,3.0,48.0,Coffee,0.55,8.8,39.2,1
2025-01-25,University,Latte,31,4.5,139.5,Coffee,1.1,34.1,105.4,1
2025-01-26,Downtown,Blueberry Muffin,25,2.95,73.75,Bakery,1.1,27.500000000000004,46.25,1
2025-01-26,Downtown,Cappuccino,37,4.25,157.25,Coffee,1.0,37.0,120.25,1
2025-01-26,Downtown,Cold Brew,12,4.75,57.0,Coffee,0.95,11.399999999999999,45.6,1
2025-01-26,Downtown,Croissant,32,3.25,104.0,Bakery,1.3,41.6,62.4,1
2025-01-26,Downtown,Espresso,26,3.0,78.0,Coffee,0.55,14.3,63.7,1
2025-01-26,Downtown,Latte,54,4.5,243.0,Coffee,1.1,59.400000000000006,183.6,1
2025-01-26,Riverside,Blueberry Muffin,14,2.95,41.3,Bakery,1.1,15.400000000000002,25.899999999999995,1
2025-01-26,Riverside,Cappuccino,26,4.25,110.5,Coffee,1.0,26.0,84.5,1
2025-01-26,Riverside,Cold Brew,6,4.75,28.5,Coffee,0.95,5.699999999999999,22.8,1
2025-01-26,Riverside,Croissant,21,3.25,68.25,Bakery,1.3,27.3,40.95,1
2025-01-26,Riverside,Espresso,20,3.0,60.0,Coffee,0.55,11.0,49.0,1
2025-01-26,Riverside,Latte,35,4.5,157.5,Coffee,1.1,38.5,119.0,1
2025-01-26,University,Blueberry Muffin,14,2.95,41.3,Bakery,1.1,15.400000000000002,25.899999999999995,1
2025-01-26,University,Cappuccino,20,4.25,85.0,Coffee,1.0,20.0,65.0,1
2025-01-26,University,Cold Brew,10,4.75,47.5,Coffee,0.95,9.5,38.0,1
2025-01-26,University,Croissant,17,3.25,55.25,Bakery,1.3,22.1,33.15,1
2025-01-26,University,Espresso,17,3.0,51.0,Coffee,0.55,9.350000000000001,41.65,1
2025-01-26,University,Latte,31,4.5,139.5,Coffee,1.1,34.1,105.4,1
2025-01-27,Downtown,Blueberry Muffin,21,2.95,61.95,Bakery,1.1,23.1,38.85,1
2025-01-27,Downtown,Cappuccino,36,4.25,153.0,Coffee,1.0,36.0,117.0,1
2025-01-27,Downtown,Cold Brew,9,4.75,42.75,Coffee,0.95,8.549999999999999,34.2,1
2025-01-27,Downtown,Croissant,31,3.25,100.75,Bakery,1.3,40.300000000000004,60.449999999999996,1
2025-01-27,Downtown,Espresso,27,3.0,81.0,Coffee,0.55,14.850000000000001,66.15,1
2025-01-27,Downtown,Latte,53,4.5,238.5,Coffee,1.1,58.300000000000004,180.2,1
2025-01-27,Riverside,Blueberry Muffin,14,2.95,41.3,Bakery,1.1,15.400000000000002,25.899999999999995,1
2025-01-27,Riverside,Cappuccino,24,4.25,102.0,Coffee,1.0,24.0,78.0,1
2025-01-27,Riverside,Cold Brew,6,4.75,28.5,Coffee,0.95,5.699999999999999,22.8,1
2025-01-27,Riverside,Croissant,18,3.25,58.5,Bakery,1.3,23.400000000000002,35.099999999999994,1
2025-01-27,Riverside,Espresso,16,3.0,48.0,Coffee,0.55,8.8,39.2,1
2025-01-27,Riverside,Latte,36,4.5,162.0,Coffee,1.1,39.6,122.4,1
2025-01-27,University,Blueberry Muffin,18,2.95,53.1,Bakery,1.1,19.8,33.3,1
2025-01-27,University,Cappuccino,29,4.25,123.25,Coffee,1.0,29.0,94.25,1
2025-01-27,University,Cold Brew,8,4.75,38.0,Coffee,0.95,7.6,30.4,1
2025-01-27,University,Croissant,25,3.25,81.25,Bakery,1.3,32.5,48.75,1
2025-01-27,University,Espresso,22,3.0,66.0,Coffee,0.55,12.100000000000001,53.9,1
2025-01-27,University,Latte,43,4.5,193.5,Coffee,1.1,47.300000000000004,146.2,1
2025-01-28,Downtown,Blueberry Muffin,26,2.95,76.7,Bakery,1.1,28.6,48.1,1
2025-01-28,Downtown,Cappuccino,41,4.25,174.25,Coffee,1.0,41.0,133.25,1
2025-01-28,Downtown,Cold Brew,13,4.75,61.75,Coffee,0.95,12.35,49.4,1
2025-01-28,Downtown,Croissant,33,3.25,107.25,Bakery,1.3,42.9,64.35,1
2025-01-28,Downtown,Espresso,30,3.0,90.0,Coffee,0.55,16.5,73.5,1
2025-01-28,Downtown,Latte,61,4.5,274.5,Coffee,1.1,67.10000000000001,207.39999999999998,1
2025-01-28,Riverside,Blueberry Muffin,12,2.95,35.4,Bakery,1.1,13.200000000000001,22.199999999999996,1
2025-01-28,Riverside,Cappuccino,20,4.25,85.0,Coffee,1.0,20.0,65.0,1
2025-01-28,Riverside,Cold Brew,8,4.75,38.0,Coffee,0.95,7.6,30.4,1
2025-01-28,Riverside,Croissant,19,3.25,61.75,Bakery,1.3,24.7,37.05,1
2025-01-28,Riverside,Espresso,13,3.0,39.0,Coffee,0.55,7.15,31.85,1
2025-01-28,Riverside,Latte,31,4.5,139.5,Coffee,1.1,34.1,105.4,1
2025-01-28,University,Blueberry Muffin,24,2.95,70.8,Bakery,1.1,26.400000000000002,44.39999999999999,1
2025-01-28,University,Cappuccino,33,4.25,140.25,Coffee,1.0,33.0,107.25,1
2025-01-28,University,Cold Brew,16,4.75,76.0,Coffee,0.95,15.2,60.8,1
2025-01-28,University,Croissant,28,3.25,91.0,Bakery,1.3,36.4,54.6,1
2025-01-28,University,Espresso,30,3.0,90.0,Coffee,0.55,16.5,73.5,1
2025-01-28,University,Latte,43,4.5,193.5,Coffee,1.1,47.300000000000004,146.2,1
2025-01-29,Downtown,Blueberry Muffin,19,2.95,56.05,Bakery,1.1,20.900000000000002,35.14999999999999,1
2025-01-29,Downtown,Cappuccino,36,4.25,153.0,Coffee,1.0,36.0,117.0,1
2025-01-29,Downtown,Cold Brew,9,4.75,42.75,Coffee,0.95,8.549999999999999,34.2,1
2025-01-29,Downtown,Croissant,27,3.25,87.75,Bakery,1.3,35.1,52.65,1
2025-01-29,Downtown,Espresso,25,3.0,75.0,Coffee,0.55,13.750000000000002,61.25,1
2025-01-29,Downtown,Latte,47,4.5,211.5,Coffee,1.1,51.7,159.8,1
2025-01-29,Riverside,Blueberry Muffin,14,2.95,41.3,Bakery,1.1,15.400000000000002,25.899999999999995,1
2025-01-29,Riverside,Cappuccino,20,4.25,85.0,Coffee,1.0,20.0,65.0,1
2025-01-29,Riverside,Cold Brew,8,4.75,38.0,Coffee,0.95,7.6,30.4,1
2025-01-29,Riverside,Croissant,19,3.25,61.75,Bakery,1.3,24.7,37.05,1
2025-01-29,Riverside,Espresso,13,3.0,39.0,Coffee,0.55,7.15,31.85,1
2025-01-29,Riverside,Latte,32,4.5,144.0,Coffee,1.1,35.2,108.8,1
2025-01-29,University,Blueberry Muffin,22,2.95,64.9,Bakery,1.1,24.200000000000003,40.7,1
2025-01-29,University,Cappuccino,31,4.25,131.75,Coffee,1.0,31.0,100.75,1
2025-01-29,University,Cold Brew,8,4.75,38.0,Coffee,0.95,7.6,30.4,1
2025-01-29,University,Croissant,26,3.25,84.5,Bakery,1.3,33.800000000000004,50.699999999999996,1
2025-01-29,University,Espresso,22,3.0,66.0,Coffee,0.55,12.100000000000001,53.9,1
2025-01-29,University,Latte,42,4.5,189.0,Coffee,1.1,46.2,142.8,1
2025-01-30,Downtown,Blueberry Muffin,18,2.95,53.1,Bakery,1.1,19.8,33.3,1
2025-01-30,Downtown,Cappuccino,36,4.25,153.0,Coffee,1.0,36.0,117.0,1
2025-01-30,Downtown,Cold Brew,7,4.75,33.25,Coffee,0.95,6.6499999999999995,26.6,1
2025-01-30,Downtown,Croissant,26,3.25,84.5,Bakery,1.3,33.800000000000004,50.699999999999996,1
2025-01-30,Downtown,Espresso,25,3.0,75.0,Coffee,0.55,13.750000000000002,61.25,1
2025-01-30,Downtown,Latte,48,4.5,216.0,Coffee,1.1,52.800000000000004,163.2,1
2025-01-30,Riverside,Blueberry Muffin,15,2.95,44.25,Bakery,1.1,16.5,27.75,1
2025-01-30,Riverside,Cappuccino,23,4.25,97.75,Coffee,1.0,23.0,74.75,1
2025-01-30,Riverside,Cold Brew,7,4.75,33.25,Coffee,0.95,6.6499999999999995,26.6,1
2025-01-30,Riverside,Croissant,16,3.25,52.0,Bakery,1.3,20.8,31.2,1
2025-01-30,Riverside,Espresso,14,3.0,42.0,Coffee,0.55,7.700000000000001,34.3,1
2025-01-30,Riverside,Latte,31,4.5,139.5,Coffee,1.1,34.1,105.4,1
2025-01-30,University,Blueberry Muffin,18,2.95,53.1,Bakery,1.1,19.8,33.3,1
2025-01-30,University,Cappuccino,31,4.25,131.75,Coffee,1.0,31.0,100.75,1
2025-01-30,University,Cold Brew,9,4.75,42.75,Coffee,0.95,8.549999999999999,34.2,1
2025-01-30,University,Croissant,19,3.25,61.75,Bakery,1.3,24.7,37.05,1
2025-01-30,University,Espresso,20,3.0,60.0,Coffee,0.55,11.0,49.0,1
2025-01-30,University,Latte,40,4.5,180.0,Coffee,1.1,44.0,136.0,1
2025-01-31,Downtown,Blueberry Muffin,25,2.95,73.75,Bakery,1.1,27.500000000000004,46.25,1
2025-01-31,Downtown,Cappuccino,35,4.25,148.75,Coffee,1.0,35.0,113.75,1
2025-01-31,Downtown,Cold Brew,11,4.75,52.25,Coffee,0.95,10.45,41.8,1
2025-01-31,Downtown,Croissant,35,3.25,113.75,Bakery,1.3,45.5,68.25,1
2025-01-31,Downtown,Espresso,30,3.0,90.0,Coffee,0.55,16.5,73.5,1
2025-01-31,Downtown,Latte,53,4.5,238.5,Coffee,1.1,58.300000000000004,180.2,1
2025-01-31,Riverside,Blueberry Muffin,13,2.95,38.35,Bakery,1.1,14.3,24.05,1
2025-01-31,Riverside,Cappuccino,23,4.25,97.75,Coffee,1.0,23.0,74.75,1
2025-01-31,Riverside,Cold Brew,6,4.75,28.5,Coffee,0.95,5.699999999999999,22.8,1
2025-01-31,Riverside,Croissant,15,3.25,48.75,Bakery,1.3,19.5,29.25,1
2025-01-31,Riverside,Espresso,15,3.0,45.0,Coffee,0.55,8.25,36.75,1
2025-01-31,Riverside,Latte,28,4.5,126.0,Coffee,1.1,30.800000000000004,95.19999999999999,1
2025-01-31,University,Blueberry Muffin,19,2.95,56.05,Bakery,1.1,20.900000000000002,35.14999999999999,1
2025-01-31,University,Cappuccino,29,4.25,123.25,Coffee,1.0,29.0,94.25,1
2025-01-31,University,Cold Brew,11,4.75,52.25,Coffee,0.95,10.45,41.8,1
2025-01-31,University,Croissant,22,3.25,71.5,Bakery,1.3,28.6,42.9,1
2025-01-31,University,Espresso,20,3.0,60.0,Coffee,0.55,11.0,49.0,1
2025-01-31,University,Latte,42,4.5,189.0,Coffee,1.1,46.2,142.8,1
2025-02-01,Downtown,Blueberry Muffin,29,2.95,85.55,Bakery,1.1,31.900000000000002,53.64999999999999,2
2025-02-01,Downtown,Cappuccino,50,4.25,212.5,Coffee,1.0,50.0,162.5,2
2025-02-01,Downtown,Cold Brew,12,4.75,57.0,Coffee,0.95,11.399999999999999,45.6,2
2025-02-01,Downtown,Croissant,38,3.25,123.5,Bakery,1.3,49.4,74.1,2
2025-02-01,Downtown,Espresso,34,3.0,102.0,Coffee,0.55,18.700000000000003,83.3,2
2025-02-01,Downtown,Latte,75,4.5,337.5,Coffee,1.1,82.5,255.0,2
2025-02-01,Riverside,Blueberry Muffin,18,2.95,53.1,Bakery,1.1,19.8,33.3,2
2025-02-01,Riverside,Cappuccino,24,4.25,102.0,Coffee,1.0,24.0,78.0,2
2025-02-01,Riverside,Cold Brew,8,4.75,38.0,Coffee,0.95,7.6,30.4,2
2025-02-01,Riverside,Croissant,22,3.25,71.5,Bakery,1.3,28.6,42.9,2
2025-02-01,Riverside,Espresso,16,3.0,48.0,Coffee,0.55,8.8,39.2,2
2025-02-01,Riverside,Latte,43,4.5,193.5,Coffee,1.1,47.300000000000004,146.2,2
2025-02-01,University,Blueberry Muffin,10,2.95,29.5,Bakery,1.1,11.0,18.5,2
2025-02-01,University,Cappuccino,19,4.25,80.75,Coffee,1.0,19.0,61.75,2
2025-02-01,University,Cold Brew,5,4.75,23.75,Coffee,0.95,4.75,19.0,2
2025-02-01,University,Croissant,14,3.25,45.5,Bakery,1.3,18.2,27.3,2
2025-02-01,University,Espresso,16,3.0,48.0,Coffee,0.55,8.8,39.2,2
2025-02-01,University,Latte,32,4.5,144.0,Coffee,1.1,35.2,108.8,2
2025-02-02,Downtown,Blueberry Muffin,30,2.95,88.5,Bakery,1.1,33.0,55.5,2
2025-02-02,Downtown,Cappuccino,46,4.25,195.5,Coffee,1.0,46.0,149.5,2
2025-02-02,Downtown,Cold Brew,16,4.75,76.0,Coffee,0.95,15.2,60.8,2
2025-02-02,Downtown,Croissant,40,3.25,130.0,Bakery,1.3,52.0,78.0,2
2025-02-02,Downtown,Espresso,36,3.0,108.0,Coffee,0.55,19.8,88.2,2
2025-02-02,Downtown,Latte,65,4.5,292.5,Coffee,1.1,71.5,221.0,2
2025-02-02,Riverside,Blueberry Muffin,17,2.95,50.15,Bakery,1.1,18.700000000000003,31.449999999999996,2
2025-02-02,Riverside,Cappuccino,26,4.25,110.5,Coffee,1.0,26.0,84.5,2
2025-02-02,Riverside,Cold Brew,8,4.75,38.0,Coffee,0.95,7.6,30.4,2
2025-02-02,Riverside,Croissant,19,3.25,61.75,Bakery,1.3,24.7,37.05,2
2025-02-02,Riverside,Espresso,16,3.0,48.0,Coffee,0.55,8.8,39.2,2
2025-02-02,Riverside,Latte,38,4.5,171.0,Coffee,1.1,41.800000000000004,129.2,2
2025-02-02,University,Blueberry Muffin,11,2.95,32.45,Bakery,1.1,12.100000000000001,20.35,2
2025-02-02,University,Cappuccino,22,4.25,93.5,Coffee,1.0,22.0,71.5,2
2025-02-02,University,Cold Brew,9,4.75,42.75,Coffee,0.95,8.549999999999999,34.2,2
2025-02-02,University,Croissant,20,3.25,65.0,Bakery,1.3,26.0,39.0,2
2025-02-02,University,Espresso,16,3.0,48.0,Coffee,0.55,8.8,39.2,2
2025-02-02,University,Latte,35,4.5,157.5,Coffee,1.1,38.5,119.0,2
2025-02-03,Downtown,Blueberry Muffin,21,2.95,61.95,Bakery,1.1,23.1,38.85,2
2025-02-03,Downtown,Cappuccino,36,4.25,153.0,Coffee,1.0,36.0,117.0,2
2025-02-03,Downtown,Cold Brew,8,4.75,38.0,Coffee,0.95,7.6,30.4,2
2025-02-03,Downtown,Croissant,28,3.25,91.0,Bakery,1.3,36.4,54.6,2
2025-02-03,Downtown,Espresso,25,3.0,75.0,Coffee,0.55,13.750000000000002,61.25,2
2025-02-03,Downtown,Latte,48,4.5,216.0,Coffee,1.1,52.800000000000004,163.2,2
2025-02-03,Riverside,Blueberry Muffin,14,2.95,41.3,Bakery,1.1,15.400000000000002,25.899999999999995,2
2025-02-03,Riverside,Cappuccino,22,4.25,93.5,Coffee,1.0,22.0,71.5,2
2025-02-03,Riverside,Cold Brew,8,4.75,38.0,Coffee,0.95,7.6,30.4,2
2025-02-03,Riverside,Croissant,19,3.25,61.75,Bakery,1.3,24.7,37.05,2
2025-02-03,Riverside,Espresso,16,3.0,48.0,Coffee,0.55,8.8,39.2,2
2025-02-03,Riverside,Latte,32,4.5,144.0,Coffee,1.1,35.2,108.8,2
2025-02-03,University,Blueberry Muffin,17,2.95,50.15,Bakery,1.1,18.700000000000003,31.449999999999996,2
2025-02-03,University,Cappuccino,30,4.25,127.5,Coffee,1.0,30.0,97.5,2
2025-02-03,University,Cold Brew,8,4.75,38.0,Coffee,0.95,7.6,30.4,2
2025-02-03,University,Croissant,24,3.25,78.0,Bakery,1.3,31.200000000000003,46.8,2
2025-02-03,University,Espresso,20,3.0,60.0,Coffee,0.55,11.0,49.0,2
2025-02-03,University,Latte,42,4.5,189.0,Coffee,1.1,46.2,142.8,2
2025-02-04,Downtown,Blueberry Muffin,20,2.95,59.0,Bakery,1.1,22.0,37.0,2
2025-02-04,Downtown,Cappuccino,33,4.25,140.25,Coffee,1.0,33.0,107.25,2
2025-02-04,Downtown,Cold Brew,11,4.75,52.25,Coffee,0.95,10.45,41.8,2
2025-02-04,Downtown,Croissant,27,3.25,87.75,Bakery,1.3,35.1,52.65,2
2025-02-04,Downtown,Espresso,20,3.0,60.0,Coffee,0.55,11.0,49.0,2
2025-02-04,Downtown,Latte,46,4.5,207.0,Coffee,1.1,50.6,156.4,2
2025-02-04,Riverside,Blueberry Muffin,9,2.95,26.55,Bakery,1.1,9.9,16.65,2
2025-02-04,Riverside,Cappuccino,18,4.25,76.5,Coffee,1.0,18.0,58.5,2
2025-02-04,Riverside,Cold Brew,7,4.75,33.25,Coffee,0.95,6.6499999999999995,26.6,2
2025-02-04,Riverside,Croissant,15,3.25,48.75,Bakery,1.3,19.5,29.25,2
2025-02-04,Riverside,Espresso,14,3.0,42.0,Coffee,0.55,7.700000000000001,34.3,2
2025-02-04,Riverside,Latte,26,4.5,117.0,Coffee,1.1,28.6,88.4,2
2025-02-04,University,Blueberry Muffin,23,2.95,67.85,Bakery,1.1,25.3,42.55,2
2025-02-04,University,Cappuccino,31,4.25,131.75,Coffee,1.0,31.0,100.75,2
2025-02-04,University,Cold Brew,9,4.75,42.75,Coffee,0.95,8.549999999999999,34.2,2
2025-02-04,University,Croissant,26,3.25,84.5,Bakery,1.3,33.800000000000004,50.699999999999996,2
2025-02-04,University,Espresso,22,3.0,66.0,Coffee,0.55,12.100000000000001,53.9,2
2025-02-04,University,Latte,44,4.5,198.0,Coffee,1.1,48.400000000000006,149.6,2
2025-02-05,Downtown,Blueberry Muffin,21,2.95,61.95,Bakery,1.1,23.1,38.85,2
2025-02-05,Downtown,Cappuccino,36,4.25,153.0,Coffee,1.0,36.0,117.0,2
2025-02-05,Downtown,Cold Brew,10,4.75,47.5,Coffee,0.95,9.5,38.0,2
2025-02-05,Downtown,Croissant,25,3.25,81.25,Bakery,1.3,32.5,48.75,2
2025-02-05,Downtown,Espresso,27,3.0,81.0,Coffee,0.55,14.850000000000001,66.15,2
2025-02-05,Downtown,Latte,47,4.5,211.5,Coffee,1.1,51.7,159.8,2
2025-02-05,Riverside,Blueberry Muffin,13,2.95,38.35,Bakery,1.1,14.3,24.05,2
2025-02-05,Riverside,Cappuccino,20,4.25,85.0,Coffee,1.0,20.0,65.0,2
2025-02-05,Riverside,Cold Brew,7,4.75,33.25,Coffee,0.95,6.6499999999999995,26.6,2
2025-02-05,Riverside,Croissant,15,3.25,48.75,Bakery,1.3,19.5,29.25,2
2025-02-05,Riverside,Espresso,16,3.0,48.0,Coffee,0.55,8.8,39.2,2
2025-02-05,Riverside,Latte,32,4.5,144.0,Coffee,1.1,35.2,108.8,2
2025-02-05,University,Blueberry Muffin,15,2.95,44.25,Bakery,1.1,16.5,27.75,2
2025-02-05,University,Cappuccino,30,4.25,127.5,Coffee,1.0,30.0,97.5,2
2025-02-05,University,Cold Brew,11,4.75,52.25,Coffee,0.95,10.45,41.8,2
2025-02-05,University,Croissant,24,3.25,78.0,Bakery,1.3,31.200000000000003,46.8,2
2025-02-05,University,Espresso,22,3.0,66.0,Coffee,0.55,12.100000000000001,53.9,2
2025-02-05,University,Latte,42,4.5,189.0,Coffee,1.1,46.2,142.8,2
2025-02-06,Downtown,Blueberry Muffin,17,2.95,50.15,Bakery,1.1,18.700000000000003,31.449999999999996,2
2025-02-06,Downtown,Cappuccino,33,4.25,140.25,Coffee,1.0,33.0,107.25,2
2025-02-06,Downtown,Cold Brew,11,4.75,52.25,Coffee,0.95,10.45,41.8,2
2025-02-06,Downtown,Croissant,31,3.25,100.75,Bakery,1.3,40.300000000000004,60.449999999999996,2
2025-02-06,Downtown,Espresso,23,3.0,69.0,Coffee,0.55,12.65,56.35,2
2025-02-06,Downtown,Latte,50,4.5,225.0,Coffee,1.1,55.00000000000001,170.0,2
2025-02-06,Riverside,Blueberry Muffin,11,2.95,32.45,Bakery,1.1,12.100000000000001,20.35,2
2025-02-06,Riverside,Cappuccino,20,4.25,85.0,Coffee,1.0,20.0,65.0,2
2025-02-06,Riverside,Cold Brew,6,4.75,28.5,Coffee,0.95,5.699999999999999,22.8,2
2025-02-06,Riverside,Croissant,15,3.25,48.75,Bakery,1.3,19.5,29.25,2
2025-02-06,Riverside,Espresso,12,3.0,36.0,Coffee,0.55,6.6000000000000005,29.4,2
2025-02-06,Riverside,Latte,28,4.5,126.0,Coffee,1.1,30.800000000000004,95.19999999999999,2
2025-02-06,University,Blueberry Muffin,19,2.95,56.05,Bakery,1.1,20.900000000000002,35.14999999999999,2
2025-02-06,University,Cappuccino,33,4.25,140.25,Coffee,1.0,33.0,107.25,2
2025-02-06,University,Cold Brew,7,4.75,33.25,Coffee,0.95,6.6499999999999995,26.6,2
2025-02-06,University,Croissant,23,3.25,74.75,Bakery,1.3,29.900000000000002,44.849999999999994,2
2025-02-06,University,Espresso,25,3.0,75.0,Coffee,0.55,13.750000000000002,61.25,2
2025-02-06,University,Latte,44,4.5,198.0,Coffee,1.1,48.400000000000006,149.6,2
2025-02-07,Downtown,Blueberry Muffin,19,2.95,56.05,Bakery,1.1,20.900000000000002,35.14999999999999,2
2025-02-07,Downtown,Cappuccino,40,4.25,170.0,Coffee,1.0,40.0,130.0,2
2025-02-07,Downtown,Cold Brew,16,4.75,76.0,Coffee,0.95,15.2,60.8,2
2025-02-07,Downtown,Croissant,29,3.25,94.25,Bakery,1.3,37.7,56.55,2
2025-02-07,Downtown,Espresso,27,3.0,81.0,Coffee,0.55,14.850000000000001,66.15,2
2025-02-07,Downtown,Latte,52,4.5,234.0,Coffee,1.1,57.2,176.8,2
2025-02-07,Riverside,Blueberry Muffin,13,2.95,38.35,Bakery,1.1,14.3,24.05,2
2025-02-07,Riverside,Cappuccino,20,4.25,85.0,Coffee,1.0,20.0,65.0,2
2025-02-07,Riverside,Cold Brew,6,4.75,28.5,Coffee,0.95,5.699999999999999,22.8,2
2025-02-07,Riverside,Croissant,17,3.25,55.25,Bakery,1.3,22.1,33.15,2
2025-02-07,Riverside,Espresso,14,3.0,42.0,Coffee,0.55,7.700000000000001,34.3,2
2025-02-07,Riverside,Latte,31,4.5,139.5,Coffee,1.1,34.1,105.4,2
2025-02-07,University,Blueberry Muffin,19,2.95,56.05,Bakery,1.1,20.900000000000002,35.14999999999999,2
2025-02-07,University,Cappuccino,29,4.25,123.25,Coffee,1.0,29.0,94.25,2
2025-02-07,University,Cold Brew,9,4.75,42.75,Coffee,0.95,8.549999999999999,34.2,2
2025-02-07,University,Croissant,23,3.25,74.75,Bakery,1.3,29.900000000000002,44.849999999999994,2
2025-02-07,University,Espresso,23,3.0,69.0,Coffee,0.55,12.65,56.35,2
2025-02-07,University,Latte,41,4.5,184.5,Coffee,1.1,45.1,139.4,2
2025-02-08,Downtown,Blueberry Muffin,25,2.95,73.75,Bakery,1.1,27.500000000000004,46.25,2
2025-02-08,Downtown,Cappuccino,42,4.25,178.5,Coffee,1.0,42.0,136.5,2
2025-02-08,Downtown,Cold Brew,17,4.75,80.75,Coffee,0.95,16.15,64.6,2
2025-02-08,Downtown,Croissant,34,3.25,110.5,Bakery,1.3,44.2,66.3,2
2025-02-08,Downtown,Espresso,30,3.0,90.0,Coffee,0.55,16.5,73.5,2
2025-02-08,Downtown,Latte,58,4.5,261.0,Coffee,1.1,63.800000000000004,197.2,2
2025-02-08,Riverside,Blueberry Muffin,16,2.95,47.2,Bakery,1.1,17.6,29.6,2
2025-02-08,Riverside,Cappuccino,30,4.25,127.5,Coffee,1.0,30.0,97.5,2
2025-02-08,Riverside,Cold Brew,7,4.75,33.25,Coffee,0.95,6.6499999999999995,26.6,2
2025-02-08,Riverside,Croissant,23,3.25,74.75,Bakery,1.3,29.900000000000002,44.849999999999994,2
2025-02-08,Riverside,Espresso,20,3.0,60.0,Coffee,0.55,11.0,49.0,2
2025-02-08,Riverside,Latte,37,4.5,166.5,Coffee,1.1,40.7,125.8,2
2025-02-08,University,Blueberry Muffin,9,2.95,26.55,Bakery,1.1,9.9,16.65,2
2025-02-08,University,Cappuccino,20,4.25,85.0,Coffee,1.0,20.0,65.0,2
2025-02-08,University,Cold Brew,7,4.75,33.25,Coffee,0.95,6.6499999999999995,26.6,2
2025-02-08,University,Croissant,17,3.25,55.25,Bakery,1.3,22.1,33.15,2
2025-02-08,University,Espresso,13,3.0,39.0,Coffee,0.55,7.15,31.85,2
2025-02-08,University,Latte,29,4.5,130.5,Coffee,1.1,31.900000000000002,98.6,2
2025-02-09,Downtown,Blueberry Muffin,30,2.95,88.5,Bakery,1.1,33.0,55.5,2
2025-02-09,Downtown,Cappuccino,52,4.25,221.0,Coffee,1.0,52.0,169.0,2
2025-02-09,Downtown,Cold Brew,12,4.75,57.0,Coffee,0.95,11.399999999999999,45.6,2
2025-02-09,Downtown,Croissant,42,3.25,136.5,Bakery,1.3,54.6,81.9,2
2025-02-09,Downtown,Espresso,34,3.0,102.0,Coffee,0.55,18.700000000000003,83.3,2
2025-02-09,Downtown,Latte,69,4.5,310.5,Coffee,1.1,75.9,234.6,2
2025-02-09,Riverside,Blueberry Muffin,17,2.95,50.15,Bakery,1.1,18.700000000000003,31.449999999999996,2
2025-02-09,Riverside,Cappuccino,26,4.25,110.5,Coffee,1.0,26.0,84.5,2
2025-02-09,Riverside,Cold Brew,7,4.75,33.25,Coffee,0.95,6.6499999999999995,26.6,2
2025-02-09,Riverside,Croissant,20,3.25,65.0,Bakery,1.3,26.0,39.0,2
2025-02-09,Riverside,Espresso,16,3.0,48.0,Coffee,0.55,8.8,39.2,2
2025-02-09,Riverside,Latte,39,4.5,175.5,Coffee,1.1,42.900000000000006,132.6,2
2025-02-09,University,Blueberry Muffin,14,2.95,41.3,Bakery,1.1,15.400000000000002,25.899999999999995,2
2025-02-09,University,Cappuccino,29,4.25,123.25,Coffee,1.0,29.0,94.25,2
2025-02-09,University,Cold Brew,4,4.75,19.0,Coffee,0.95,3.8,15.2,2
2025-02-09,University,Croissant,19,3.25,61.75,Bakery,1.3,24.7,37.05,2
2025-02-09,University,Espresso,19,3.0,57.0,Coffee,0.55,10.450000000000001,46.55,2
2025-02-09,University,Latte,36,4.5,162.0,Coffee,1.1,39.6,122.4,2
2025-02-10,Downtown,Blueberry Muffin,27,2.95,79.65,Bakery,1.1,29.700000000000003,49.95,2
2025-02-10,Downtown,Cappuccino,43,4.25,182.75,Coffee,1.0,43.0,139.75,2
2025-02-10,Downtown,Cold Brew,12,4.75,57.0,Coffee,0.95,11.399999999999999,45.6,2
2025-02-10,Downtown,Croissant,35,3.25,113.75,Bakery,1.3,45.5,68.25,2
2025-02-10,Downtown,Espresso,31,3.0,93.0,Coffee,0.55,17.05,75.95,2
2025-02-10,Downtown,Latte,55,4.5,247.5,Coffee,1.1,60.50000000000001,187.0,2
2025-02-10,Riverside,Blueberry Muffin,10,2.95,29.5,Bakery,1.1,11.0,18.5,2
2025-02-10,Riverside,Cappuccino,21,4.25,89.25,Coffee,1.0,21.0,68.25,2
2025-02-10,Riverside,Cold Brew,5,4.75,23.75,Coffee,0.95,4.75,19.0,2
2025-02-10,Riverside,Croissant,16,3.25,52.0,Bakery,1.3,20.8,31.2,2
2025-02-10,Riverside,Espresso,15,3.0,45.0,Coffee,0.55,8.25,36.75,2
2025-02-10,Riverside,Latte,29,4.5,130.5,Coffee,1.1,31.900000000000002,98.6,2
2025-02-10,University,Blueberry Muffin,18,2.95,53.1,Bakery,1.1,19.8,33.3,2
2025-02-10,University,Cappuccino,33,4.25,140.25,Coffee,1.0,33.0,107.25,2
2025-02-10,University,Cold Brew,5,4.75,23.75,Coffee,0.95,4.75,19.0,2
2025-02-10,University,Croissant,26,3.25,84.5,Bakery,1.3,33.800000000000004,50.699999999999996,2
2025-02-10,University,Espresso,22,3.0,66.0,Coffee,0.55,12.100000000000001,53.9,2
2025-02-10,University,Latte,46,4.5,207.0,Coffee,1.1,50.6,156.4,2
2025-02-11,Downtown,Blueberry Muffin,23,2.95,67.85,Bakery,1.1,25.3,42.55,2
2025-02-11,Downtown,Cappuccino,39,4.25,165.75,Coffee,1.0,39.0,126.75,2
2025-02-11,Downtown,Cold Brew,10,4.75,47.5,Coffee,0.95,9.5,38.0,2
2025-02-11,Downtown,Croissant,31,3.25,100.75,Bakery,1.3,40.300000000000004,60.449999999999996,2
2025-02-11,Downtown,Espresso,30,3.0,90.0,Coffee,0.55,16.5,73.5,2
2025-02-11,Downtown,Latte,57,4.5,256.5,Coffee,1.1,62.7,193.8,2
2025-02-11,Riverside,Blueberry Muffin,11,2.95,32.45,Bakery,1.1,12.100000000000001,20.35,2
2025-02-11,Riverside,Cappuccino,21,4.25,89.25,Coffee,1.0,21.0,68.25,2
2025-02-11,Riverside,Cold Brew,8,4.75,38.0,Coffee,0.95,7.6,30.4,2
2025-02-11,Riverside,Croissant,18,3.25,58.5,Bakery,1.3,23.400000000000002,35.099999999999994,2
2025-02-11,Riverside,Espresso,13,3.0,39.0,Coffee,0.55,7.15,31.85,2
2025-02-11,Riverside,Latte,29,4.5,130.5,Coffee,1.1,31.900000000000002,98.6,2
2025-02-11,University,Blueberry Muffin,16,2.95,47.2,Bakery,1.1,17.6,29.6,2
2025-02-11,University,Cappuccino,28,4.25,119.0,Coffee,1.0,28.0,91.0,2
2025-02-11,University,Cold Brew,7,4.75,33.25,Coffee,0.95,6.6499999999999995,26.6,2
2025-02-11,University,Croissant,21,3.25,68.25,Bakery,1.3,27.3,40.95,2
2025-02-11,University,Espresso,21,3.0,63.0,Coffee,0.55,11.55,51.45,2
2025-02-11,University,Latte,42,4.5,189.0,Coffee,1.1,46.2,142.8,2
2025-02-12,Downtown,Blueberry Muffin,26,2.95,76.7,Bakery,1.1,28.6,48.1,2
2025-02-12,Downtown,Cappuccino,46,4.25,195.5,Coffee,1.0,46.0,149.5,2
2025-02-12,Downtown,Cold Brew,18,4.75,85.5,Coffee,0.95,17.099999999999998,68.4,2
2025-02-12,Downtown,Croissant,32,3.25,104.0,Bakery,1.3,41.6,62.4,2
2025-02-12,Downtown,Espresso,32,3.0,96.0,Coffee,0.55,17.6,78.4,2
2025-02-12,Downtown,Latte,61,4.5,274.5,Coffee,1.1,67.10000000000001,207.39999999999998,2
2025-02-12,Riverside,Blueberry Muffin,14,2.95,41.3,Bakery,1.1,15.400000000000002,25.899999999999995,2
2025-02-12,Riverside,Cappuccino,21,4.25,89.25,Coffee,1.0,21.0,68.25,2
2025-02-12,Riverside,Cold Brew,7,4.75,33.25,Coffee,0.95,6.6499999999999995,26.6,2
2025-02-12,Riverside,Croissant,16,3.25,52.0,Bakery,1.3,20.8,31.2,2
2025-02-12,Riverside,Espresso,18,3.0,54.0,Coffee,0.55,9.9,44.1,2
2025-02-12,Riverside,Latte,30,4.5,135.0,Coffee,1.1,33.0,102.0,2
2025-02-12,University,Blueberry Muffin,17,2.95,50.15,Bakery,1.1,18.700000000000003,31.449999999999996,2
2025-02-12,University,Cappuccino,29,4.25,123.25,Coffee,1.0,29.0,94.25,2
2025-02-12,University,Cold Brew,10,4.75,47.5,Coffee,0.95,9.5,38.0,2
2025-02-12,University,Croissant,24,3.25,78.0,Bakery,1.3,31.200000000000003,46.8,2
2025-02-12,University,Espresso,20,3.0,60.0,Coffee,0.55,11.0,49.0,2
2025-02-12,University,Latte,42,4.5,189.0,Coffee,1.1,46.2,142.8,2
2025-02-13,Downtown,Blueberry Muffin,17,2.95,50.15,Bakery,1.1,18.700000000000003,31.449999999999996,2
2025-02-13,Downtown,Cappuccino,34,4.25,144.5,Coffee,1.0,34.0,110.5,2
2025-02-13,Downtown,Cold Brew,12,4.75,57.0,Coffee,0.95,11.399999999999999,45.6,2
2025-02-13,Downtown,Croissant,29,3.25,94.25,Bakery,1.3,37.7,56.55,2
2025-02-13,Downtown,Espresso,24,3.0,72.0,Coffee,0.55,13.200000000000001,58.8,2
2025-02-13,Downtown,Latte,51,4.5,229.5,Coffee,1.1,56.1,173.4,2
2025-02-13,Riverside,Blueberry Muffin,13,2.95,38.35,Bakery,1.1,14.3,24.05,2
2025-02-13,Riverside,Cappuccino,22,4.25,93.5,Coffee,1.0,22.0,71.5,2
2025-02-13,Riverside,Cold Brew,10,4.75,47.5,Coffee,0.95,9.5,38.0,2
2025-02-13,Riverside,Croissant,19,3.25,61.75,Bakery,1.3,24.7,37.05,2
2025-02-13,Riverside,Espresso,16,3.0,48.0,Coffee,0.55,8.8,39.2,2
2025-02-13,Riverside,Latte,32,4.5,144.0,Coffee,1.1,35.2,108.8,2
2025-02-13,University,Blueberry Muffin,18,2.95,53.1,Bakery,1.1,19.8,33.3,2
2025-02-13,University,Cappuccino,31,4.25,131.75,Coffee,1.0,31.0,100.75,2
2025-02-13,University,Cold Brew,13,4.75,61.75,Coffee,0.95,12.35,49.4,2
2025-02-13,University,Croissant,25,3.25,81.25,Bakery,1.3,32.5,48.75,2
2025-02-13,University,Espresso,22,3.0,66.0,Coffee,0.55,12.100000000000001,53.9,2
2025-02-13,University,Latte,42,4.5,189.0,Coffee,1.1,46.2,142.8,2
2025-02-14,Downtown,Blueberry Muffin,16,2.95,47.2,Bakery,1.1,17.6,29.6,2
2025-02-14,Downtown,Cappuccino,38,4.25,161.5,Coffee,1.0,38.0,123.5,2
2025-02-14,Downtown,Cold Brew,8,4.75,38.0,Coffee,0.95,7.6,30.4,2
2025-02-14,Downtown,Croissant,26,3.25,84.5,Bakery,1.3,33.800000000000004,50.699999999999996,2
2025-02-14,Downtown,Espresso,23,3.0,69.0,Coffee,0.55,12.65,56.35,2
2025-02-14,Downtown,Latte,52,4.5,234.0,Coffee,1.1,57.2,176.8,2
2025-02-14,Riverside,Blueberry Muffin,12,2.95,35.4,Bakery,1.1,13.200000000000001,22.199999999999996,2
2025-02-14,Riverside,Cappuccino,24,4.25,102.0,Coffee,1.0,24.0,78.0,2
2025-02-14,Riverside,Cold Brew,5,4.75,23.75,Coffee,0.95,4.75,19.0,2
2025-02-14,Riverside,Croissant,21,3.25,68.25,Bakery,1.3,27.3,40.95,2
2025-02-14,Riverside,Espresso,18,3.0,54.0,Coffee,0.55,9.9,44.1,2
2025-02-14,Riverside,Latte,31,4.5,139.5,Coffee,1.1,34.1,105.4,2
2025-02-14,University,Blueberry Muffin,19,2.95,56.05,Bakery,1.1,20.900000000000002,35.14999999999999,2
2025-02-14,University,Cappuccino,30,4.25,127.5,Coffee,1.0,30.0,97.5,2
2025-02-14,University,Cold Brew,6,4.75,28.5,Coffee,0.95,5.699999999999999,22.8,2
2025-02-14,University,Croissant,21,3.25,68.25,Bakery,1.3,27.3,40.95,2
2025-02-14,University,Espresso,21,3.0,63.0,Coffee,0.55,11.55,51.45,2
2025-02-14,University,Latte,43,4.5,193.5,Coffee,1.1,47.300000000000004,146.2,2
2025-02-15,Downtown,Blueberry Muffin,23,2.95,67.85,Bakery,1.1,25.3,42.55,2
2025-02-15,Downtown,Cappuccino,36,4.25,153.0,Coffee,1.0,36.0,117.0,2
2025-02-15,Downtown,Cold Brew,13,4.75,61.75,Coffee,0.95,12.35,49.4,2
2025-02-15,Downtown,Croissant,35,3.25,113.75,Bakery,1.3,45.5,68.25,2
2025-02-15,Downtown,Espresso,26,3.0,78.0,Coffee,0.55,14.3,63.7,2
2025-02-15,Downtown,Latte,60,4.5,270.0,Coffee,1.1,66.0,204.0,2
2025-02-15,Riverside,Blueberry Muffin,15,2.95,44.25,Bakery,1.1,16.5,27.75,2
2025-02-15,Riverside,Cappuccino,28,4.25,119.0,Coffee,1.0,28.0,91.0,2
2025-02-15,Riverside,Cold Brew,5,4.75,23.75,Coffee,0.95,4.75,19.0,2
2025-02-15,Riverside,Croissant,24,3.25,78.0,Bakery,1.3,31.200000000000003,46.8,2
2025-02-15,Riverside,Espresso,20,3.0,60.0,Coffee,0.55,11.0,49.0,2
2025-02-15,Riverside,Latte,41,4.5,184.5,Coffee,1.1,45.1,139.4,2
2025-02-15,University,Blueberry Muffin,15,2.95,44.25,Bakery,1.1,16.5,27.75,2
2025-02-15,University,Cappuccino,25,4.25,106.25,Coffee,1.0,25.0,81.25,2
2025-02-15,University,Cold Brew,7,4.75,33.25,Coffee,0.95,6.6499999999999995,26.6,2
2025-02-15,University,Croissant,18,3.25,58.5,Bakery,1.3,23.400000000000002,35.099999999999994,2
2025-02-15,University,Espresso,20,3.0,60.0,Coffee,0.55,11.0,49.0,2
2025-02-15,University,Latte,38,4.5,171.0,Coffee,1.1,41.800000000000004,129.2,2
2025-02-16,Downtown,Blueberry Muffin,30,2.95,88.5,Bakery,1.1,33.0,55.5,2
2025-02-16,Downtown,Cappuccino,53,4.25,225.25,Coffee,1.0,53.0,172.25,2
2025-02-16,Downtown,Cold Brew,9,4.75,42.75,Coffee,0.95,8.549999999999999,34.2,2
2025-02-16,Downtown,Croissant,39,3.25,126.75,Bakery,1.3,50.7,76.05,2
2025-02-16,Downtown,Espresso,36,3.0,108.0,Coffee,0.55,19.8,88.2,2
2025-02-16,Downtown,Latte,76,4.5,342.0,Coffee,1.1,83.60000000000001,258.4,2
2025-02-16,Riverside,Blueberry Muffin,14,2.95,41.3,Bakery,1.1,15.400000000000002,25.899999999999995,2
2025-02-16,Riverside,Cappuccino,25,4.25,106.25,Coffee,1.0,25.0,81.25,2
2025-02-16,Riverside,Cold Brew,5,4.75,23.75,Coffee,0.95,4.75,19.0,2
2025-02-16,Riverside,Croissant,21,3.25,68.25,Bakery,1.3,27.3,40.95,2
2025-02-16,Riverside,Espresso,17,3.0,51.0,Coffee,0.55,9.350000000000001,41.65,2
2025-02-16,Riverside,Latte,38,4.5,171.0,Coffee,1.1,41.800000000000004,129.2,2
2025-02-16,University,Blueberry Muffin,14,2.95,41.3,Bakery,1.1,15.400000000000002,25.899999999999995,2
2025-02-16,University,Cappuccino,20,4.25,85.0,Coffee,1.0,20.0,65.0,2
2025-02-16,University,Cold Brew,4,4.75,19.0,Coffee,0.95,3.8,15.2,2
2025-02-16,University,Croissant,18,3.25,58.5,Bakery,1.3,23.400000000000002,35.099999999999994,2
2025-02-16,University,Espresso,16,3.0,48.0,Coffee,0.55,8.8,39.2,2
2025-02-16,University,Latte,31,4.5,139.5,Coffee,1.1,34.1,105.4,2
2025-02-17,Downtown,Blueberry Muffin,25,2.95,73.75,Bakery,1.1,27.500000000000004,46.25,2
2025-02-17,Downtown,Cappuccino,37,4.25,157.25,Coffee,1.0,37.0,120.25,2
2025-02-17,Downtown,Cold Brew,10,4.75,47.5,Coffee,0.95,9.5,38.0,2
2025-02-17,Downtown,Croissant,23,3.25,74.75,Bakery,1.3,29.900000000000002,44.849999999999994,2
2025-02-17,Downtown,Espresso,27,3.0,81.0,Coffee,0.55,14.850000000000001,66.15,2
2025-02-17,Downtown,Latte,51,4.5,229.5,Coffee,1.1,56.1,173.4,2
2025-02-17,Riverside,Blueberry Muffin,13,2.95,38.35,Bakery,1.1,14.3,24.05,2
2025-02-17,Riverside,Cappuccino,22,4.25,93.5,Coffee,1.0,22.0,71.5,2
2025-02-17,Riverside,Cold Brew,5,4.75,23.75,Coffee,0.95,4.75,19.0,2
2025-02-17,Riverside,Croissant,20,3.25,65.0,Bakery,1.3,26.0,39.0,2
2025-02-17,Riverside,Espresso,18,3.0,54.0,Coffee,0.55,9.9,44.1,2
2025-02-17,Riverside,Latte,36,4.5,162.0,Coffee,1.1,39.6,122.4,2
2025-02-17,University,Blueberry Muffin,17,2.95,50.15,Bakery,1.1,18.700000000000003,31.449999999999996,2
2025-02-17,University,Cappuccino,35,4.25,148.75,Coffee,1.0,35.0,113.75,2
2025-02-17,University,Cold Brew,9,4.75,42.75,Coffee,0.95,8.549999999999999,34.2,2
2025-02-17,University,Croissant,24,3.25,78.0,Bakery,1.3,31.200000000000003,46.8,2
2025-02-17,University,Espresso,23,3.0,69.0,Coffee,0.55,12.65,56.35,2
2025-02-17,University,Latte,46,4.5,207.0,Coffee,1.1,50.6,156.4,2
2025-02-18,Downtown,Blueberry Muffin,18,2.95,53.1,Bakery,1.1,19.8,33.3,2
2025-02-18,Downtown,Cappuccino,37,4.25,157.25,Coffee,1.0,37.0,120.25,2
2025-02-18,Downtown,Cold Brew,5,4.75,23.75,Coffee,0.95,4.75,19.0,2
2025-02-18,Downtown,Croissant,30,3.25,97.5,Bakery,1.3,39.0,58.5,2
2025-02-18,Downtown,Espresso,27,3.0,81.0,Coffee,0.55,14.850000000000001,66.15,2
2025-02-18,Downtown,Latte,59,4.5,265.5,Coffee,1.1,64.9,200.6,2
2025-02-18,Riverside,Blueberry Muffin,16,2.95,47.2,Bakery,1.1,17.6,29.6,2
2025-02-18,Riverside,Cappuccino,25,4.25,106.25,Coffee,1.0,25.0,81.25,2
2025-02-18,Riverside,Cold Brew,4,4.75,19.0,Coffee,0.95,3.8,15.2,2
2025-02-18,Riverside,Croissant,23,3.25,74.75,Bakery,1.3,29.900000000000002,44.849999999999994,2
2025-02-18,Riverside,Espresso,18,3.0,54.0,Coffee,0.55,9.9,44.1,2
2025-02-18,Riverside,Latte,41,4.5,184.5,Coffee,1.1,45.1,139.4,2
2025-02-18,University,Blueberry Muffin,23,2.95,67.85,Bakery,1.1,25.3,42.55,2
2025-02-18,University,Cappuccino,37,4.25,157.25,Coffee,1.0,37.0,120.25,2
2025-02-18,University,Cold Brew,4,4.75,19.0,Coffee,0.95,3.8,15.2,2
2025-02-18,University,Croissant,27,3.25,87.75,Bakery,1.3,35.1,52.65,2
2025-02-18,University,Espresso,26,3.0,78.0,Coffee,0.55,14.3,63.7,2
2025-02-18,University,Latte,55,4.5,247.5,Coffee,1.1,60.50000000000001,187.0,2
2025-02-19,Downtown,Blueberry Muffin,20,2.95,59.0,Bakery,1.1,22.0,37.0,2
2025-02-19,Downtown,Cappuccino,41,4.25,174.25,Coffee,1.0,41.0,133.25,2
2025-02-19,Downtown,Cold Brew,9,4.75,42.75,Coffee,0.95,8.549999999999999,34.2,2
2025-02-19,Downtown,Croissant,29,3.25,94.25,Bakery,1.3,37.7,56.55,2
2025-02-19,Downtown,Espresso,29,3.0,87.0,Coffee,0.55,15.950000000000001,71.05,2
2025-02-19,Downtown,Latte,47,4.5,211.5,Coffee,1.1,51.7,159.8,2
2025-02-19,Riverside,Blueberry Muffin,15,2.95,44.25,Bakery,1.1,16.5,27.75,2
2025-02-19,Riverside,Cappuccino,21,4.25,89.25,Coffee,1.0,21.0,68.25,2
2025-02-19,Riverside,Cold Brew,8,4.75,38.0,Coffee,0.95,7.6,30.4,2
2025-02-19,Riverside,Croissant,19,3.25,61.75,Bakery,1.3,24.7,37.05,2
2025-02-19,Riverside,Espresso,17,3.0,51.0,Coffee,0.55,9.350000000000001,41.65,2
2025-02-19,Riverside,Latte,30,4.5,135.0,Coffee,1.1,33.0,102.0,2
2025-02-19,University,Blueberry Muffin,19,2.95,56.05,Bakery,1.1,20.900000000000002,35.14999999999999,2
2025-02-19,University,Cappuccino,30,4.25,127.5,Coffee,1.0,30.0,97.5,2
2025-02-19,University,Cold Brew,8,4.75,38.0,Coffee,0.95,7.6,30.4,2
2025-02-19,University,Croissant,23,3.25,74.75,Bakery,1.3,29.900000000000002,44.849999999999994,2
2025-02-19,University,Espresso,19,3.0,57.0,Coffee,0.55,10.450000000000001,46.55,2
2025-02-19,University,Latte,39,4.5,175.5,Coffee,1.1,42.900000000000006,132.6,2
2025-02-20,Downtown,Blueberry Muffin,26,2.95,76.7,Bakery,1.1,28.6,48.1,2
2025-02-20,Downtown,Cappuccino,42,4.25,178.5,Coffee,1.0,42.0,136.5,2
2025-02-20,Downtown,Cold Brew,7,4.75,33.25,Coffee,0.95,6.6499999999999995,26.6,2
2025-02-20,Downtown,Croissant,34,3.25,110.5,Bakery,1.3,44.2,66.3,2
2025-02-20,Downtown,Espresso,34,3.0,102.0,Coffee,0.55,18.700000000000003,83.3,2
2025-02-20,Downtown,Latte,59,4.5,265.5,Coffee,1.1,64.9,200.6,2
2025-02-20,Riverside,Blueberry Muffin,9,2.95,26.55,Bakery,1.1,9.9,16.65,2
2025-02-20,Riverside,Cappuccino,22,4.25,93.5,Coffee,1.0,22.0,71.5,2
2025-02-20,Riverside,Cold Brew,7,4.75,33.25,Coffee,0.95,6.6499999999999995,26.6,2
2025-02-20,Riverside,Croissant,20,3.25,65.0,Bakery,1.3,26.0,39.0,2
2025-02-20,Riverside,Espresso,15,3.0,45.0,Coffee,0.55,8.25,36.75,2
2025-02-20,Riverside,Latte,31,4.5,139.5,Coffee,1.1,34.1,105.4,2
2025-02-20,University,Blueberry Muffin,19,2.95,56.05,Bakery,1.1,20.900000000000002,35.14999999999999,2
2025-02-20,University,Cappuccino,33,4.25,140.25,Coffee,1.0,33.0,107.25,2
2025-02-20,University,Cold Brew,8,4.75,38.0,Coffee,0.95,7.6,30.4,2
2025-02-20,University,Croissant,26,3.25,84.5,Bakery,1.3,33.800000000000004,50.699999999999996,2
2025-02-20,University,Espresso,23,3.0,69.0,Coffee,0.55,12.65,56.35,2
2025-02-20,University,Latte,47,4.5,211.5,Coffee,1.1,51.7,159.8,2
2025-02-21,Downtown,Blueberry Muffin,23,2.95,67.85,Bakery,1.1,25.3,42.55,2
2025-02-21,Downtown,Cappuccino,35,4.25,148.75,Coffee,1.0,35.0,113.75,2
2025-02-21,Downtown,Cold Brew,15,4.75,71.25,Coffee,0.95,14.25,57.0,2
2025-02-21,Downtown,Croissant,33,3.25,107.25,Bakery,1.3,42.9,64.35,2
2025-02-21,Downtown,Espresso,24,3.0,72.0,Coffee,0.55,13.200000000000001,58.8,2
2025-02-21,Downtown,Latte,50,4.5,225.0,Coffee,1.1,55.00000000000001,170.0,2
2025-02-21,Riverside,Blueberry Muffin,16,2.95,47.2,Bakery,1.1,17.6,29.6,2
2025-02-21,Riverside,Cappuccino,19,4.25,80.75,Coffee,1.0,19.0,61.75,2
2025-02-21,Riverside,Cold Brew,9,4.75,42.75,Coffee,0.95,8.549999999999999,34.2,2
2025-02-21,Riverside,Croissant,16,3.25,52.0,Bakery,1.3,20.8,31.2,2
2025-02-21,Riverside,Espresso,13,3.0,39.0,Coffee,0.55,7.15,31.85,2
2025-02-21,Riverside,Latte,28,4.5,126.0,Coffee,1.1,30.800000000000004,95.19999999999999,2
2025-02-21,University,Blueberry Muffin,17,2.95,50.15,Bakery,1.1,18.700000000000003,31.449999999999996,2
2025-02-21,University,Cappuccino,27,4.25,114.75,Coffee,1.0,27.0,87.75,2
2025-02-21,University,Cold Brew,14,4.75,66.5,Coffee,0.95,13.299999999999999,53.2,2
2025-02-21,University,Croissant,28,3.25,91.0,Bakery,1.3,36.4,54.6,2
2025-02-21,University,Espresso,21,3.0,63.0,Coffee,0.55,11.55,51.45,2
2025-02-21,University,Latte,41,4.5,184.5,Coffee,1.1,45.1,139.4,2
2025-02-22,Downtown,Blueberry Muffin,30,2.95,88.5,Bakery,1.1,33.0,55.5,2
2025-02-22,Downtown,Cappuccino,49,4.25,208.25,Coffee,1.0,49.0,159.25,2
2025-02-22,Downtown,Cold Brew,23,4.75,109.25,Coffee,0.95,21.849999999999998,87.4,2
2025-02-22,Downtown,Croissant,37,3.25,120.25,Bakery,1.3,48.1,72.15,2
2025-02-22,Downtown,Espresso,37,3.0,111.0,Coffee,0.55,20.35,90.65,2
2025-02-22,Downtown,Latte,63,4.5,283.5,Coffee,1.1,69.30000000000001,214.2,2
2025-02-22,Riverside,Blueberry Muffin,19,2.95,56.05,Bakery,1.1,20.900000000000002,35.14999999999999,2
2025-02-22,Riverside,Cappuccino,29,4.25,123.25,Coffee,1.0,29.0,94.25,2
2025-02-22,Riverside,Cold Brew,12,4.75,57.0,Coffee,0.95,11.399999999999999,45.6,2
2025-02-22,Riverside,Croissant,23,3.25,74.75,Bakery,1.3,29.900000000000002,44.849999999999994,2
2025-02-22,Riverside,Espresso,23,3.0,69.0,Coffee,0.55,12.65,56.35,2
2025-02-22,Riverside,Latte,35,4.5,157.5,Coffee,1.1,38.5,119.0,2
2025-02-22,University,Blueberry Muffin,12,2.95,35.4,Bakery,1.1,13.200000000000001,22.199999999999996,2
2025-02-22,University,Cappuccino,22,4.25,93.5,Coffee,1.0,22.0,71.5,2
2025-02-22,University,Cold Brew,11,4.75,52.25,Coffee,0.95,10.45,41.8,2
2025-02-22,University,Croissant,18,3.25,58.5,Bakery,1.3,23.400000000000002,35.099999999999994,2
2025-02-22,University,Espresso,17,3.0,51.0,Coffee,0.55,9.350000000000001,41.65,2
2025-02-22,University,Latte,33,4.5,148.5,Coffee,1.1,36.300000000000004,112.19999999999999,2
2025-02-23,Downtown,Blueberry Muffin,27,2.95,79.65,Bakery,1.1,29.700000000000003,49.95,2
2025-02-23,Downtown,Cappuccino,43,4.25,182.75,Coffee,1.0,43.0,139.75,2
2025-02-23,Downtown,Cold Brew,23,4.75,109.25,Coffee,0.95,21.849999999999998,87.4,2
2025-02-23,Downtown,Croissant,30,3.25,97.5,Bakery,1.3,39.0,58.5,2
2025-02-23,Downtown,Espresso,32,3.0,96.0,Coffee,0.55,17.6,78.4,2
2025-02-23,Downtown,Latte,64,4.5,288.0,Coffee,1.1,70.4,217.6,2
2025-02-23,Riverside,Blueberry Muffin,18,2.95,53.1,Bakery,1.1,19.8,33.3,2
2025-02-23,Riverside,Cappuccino,25,4.25,106.25,Coffee,1.0,25.0,81.25,2
2025-02-23,Riverside,Cold Brew,11,4.75,52.25,Coffee,0.95,10.45,41.8,2
2025-02-23,Riverside,Croissant,23,3.25,74.75,Bakery,1.3,29.900000000000002,44.849999999999994,2
2025-02-23,Riverside,Espresso,26,3.0,78.0,Coffee,0.55,14.3,63.7,2
2025-02-23,Riverside,Latte,38,4.5,171.0,Coffee,1.1,41.800000000000004,129.2,2
2025-02-23,University,Blueberry Muffin,11,2.95,32.45,Bakery,1.1,12.100000000000001,20.35,2
2025-02-23,University,Cappuccino,20,4.25,85.0,Coffee,1.0,20.0,65.0,2
2025-02-23,University,Cold Brew,13,4.75,61.75,Coffee,0.95,12.35,49.4,2
2025-02-23,University,Croissant,18,3.25,58.5,Bakery,1.3,23.400000000000002,35.099999999999994,2
2025-02-23,University,Espresso,17,3.0,51.0,Coffee,0.55,9.350000000000001,41.65,2
2025-02-23,University,Latte,29,4.5,130.5,Coffee,1.1,31.900000000000002,98.6,2
2025-02-24,Downtown,Blueberry Muffin,24,2.95,70.8,Bakery,1.1,26.400000000000002,44.39999999999999,2
2025-02-24,Downtown,Cappuccino,43,4.25,182.75,Coffee,1.0,43.0,139.75,2
2025-02-24,Downtown,Cold Brew,20,4.75,95.0,Coffee,0.95,19.0,76.0,2
2025-02-24,Downtown,Croissant,33,3.25,107.25,Bakery,1.3,42.9,64.35,2
2025-02-24,Downtown,Espresso,34,3.0,102.0,Coffee,0.55,18.700000000000003,83.3,2
2025-02-24,Downtown,Latte,58,4.5,261.0,Coffee,1.1,63.800000000000004,197.2,2
2025-02-24,Riverside,Blueberry Muffin,16,2.95,47.2,Bakery,1.1,17.6,29.6,2
2025-02-24,Riverside,Cappuccino,18,4.25,76.5,Coffee,1.0,18.0,58.5,2
2025-02-24,Riverside,Cold Brew,8,4.75,38.0,Coffee,0.95,7.6,30.4,2
2025-02-24,Riverside,Croissant,15,3.25,48.75,Bakery,1.3,19.5,29.25,2
2025-02-24,Riverside,Espresso,15,3.0,45.0,Coffee,0.55,8.25,36.75,2
2025-02-24,Riverside,Latte,29,4.5,130.5,Coffee,1.1,31.900000000000002,98.6,2
2025-02-24,University,Blueberry Muffin,20,2.95,59.0,Bakery,1.1,22.0,37.0,2
2025-02-24,University,Cappuccino,34,4.25,144.5,Coffee,1.0,34.0,110.5,2
2025-02-24,University,Cold Brew,17,4.75,80.75,Coffee,0.95,16.15,64.6,2
2025-02-24,University,Croissant,26,3.25,84.5,Bakery,1.3,33.800000000000004,50.699999999999996,2
2025-02-24,University,Espresso,23,3.0,69.0,Coffee,0.55,12.65,56.35,2
2025-02-24,University,Latte,44,4.5,198.0,Coffee,1.1,48.400000000000006,149.6,2
2025-02-25,Downtown,Blueberry Muffin,19,2.95,56.05,Bakery,1.1,20.900000000000002,35.14999999999999,2
2025-02-25,Downtown,Cappuccino,29,4.25,123.25,Coffee,1.0,29.0,94.25,2
2025-02-25,Downtown,Cold Brew,23,4.75,109.25,Coffee,0.95,21.849999999999998,87.4,2
2025-02-25,Downtown,Croissant,25,3.25,81.25,Bakery,1.3,32.5,48.75,2
2025-02-25,Downtown,Espresso,20,3.0,60.0,Coffee,0.55,11.0,49.0,2
2025-02-25,Downtown,Latte,43,4.5,193.5,Coffee,1.1,47.300000000000004,146.2,2
2025-02-25,Riverside,Blueberry Muffin,10,2.95,29.5,Bakery,1.1,11.0,18.5,2
2025-02-25,Riverside,Cappuccino,19,4.25,80.75,Coffee,1.0,19.0,61.75,2
2025-02-25,Riverside,Cold Brew,10,4.75,47.5,Coffee,0.95,9.5,38.0,2
2025-02-25,Riverside,Croissant,20,3.25,65.0,Bakery,1.3,26.0,39.0,2
2025-02-25,Riverside,Espresso,15,3.0,45.0,Coffee,0.55,8.25,36.75,2
2025-02-25,Riverside,Latte,27,4.5,121.5,Coffee,1.1,29.700000000000003,91.8,2
2025-02-25,University,Blueberry Muffin,17,2.95,50.15,Bakery,1.1,18.700000000000003,31.449999999999996,2
2025-02-25,University,Cappuccino,27,4.25,114.75,Coffee,1.0,27.0,87.75,2
2025-02-25,University,Cold Brew,12,4.75,57.0,Coffee,0.95,11.399999999999999,45.6,2
2025-02-25,University,Croissant,23,3.25,74.75,Bakery,1.3,29.900000000000002,44.849999999999994,2
2025-02-25,University,Espresso,22,3.0,66.0,Coffee,0.55,12.100000000000001,53.9,2
2025-02-25,University,Latte,38,4.5,171.0,Coffee,1.1,41.800000000000004,129.2,2
2025-02-26,Downtown,Blueberry Muffin,22,2.95,64.9,Bakery,1.1,24.200000000000003,40.7,2
2025-02-26,Downtown,Cappuccino,40,4.25,170.0,Coffee,1.0,40.0,130.0,2
2025-02-26,Downtown,Cold Brew,18,4.75,85.5,Coffee,0.95,17.099999999999998,68.4,2
2025-02-26,Downtown,Croissant,32,3.25,104.0,Bakery,1.3,41.6,62.4,2
2025-02-26,Downtown,Espresso,31,3.0,93.0,Coffee,0.55,17.05,75.95,2
2025-02-26,Downtown,Latte,58,4.5,261.0,Coffee,1.1,63.800000000000004,197.2,2
2025-02-26,Riverside,Blueberry Muffin,11,2.95,32.45,Bakery,1.1,12.100000000000001,20.35,2
2025-02-26,Riverside,Cappuccino,20,4.25,85.0,Coffee,1.0,20.0,65.0,2
2025-02-26,Riverside,Cold Brew,11,4.75,52.25,Coffee,0.95,10.45,41.8,2
2025-02-26,Riverside,Croissant,17,3.25,55.25,Bakery,1.3,22.1,33.15,2
2025-02-26,Riverside,Espresso,15,3.0,45.0,Coffee,0.55,8.25,36.75,2
2025-02-26,Riverside,Latte,31,4.5,139.5,Coffee,1.1,34.1,105.4,2
2025-02-26,University,Blueberry Muffin,16,2.95,47.2,Bakery,1.1,17.6,29.6,2
2025-02-26,University,Cappuccino,23,4.25,97.75,Coffee,1.0,23.0,74.75,2
2025-02-26,University,Cold Brew,10,4.75,47.5,Coffee,0.95,9.5,38.0,2
2025-02-26,University,Croissant,21,3.25,68.25,Bakery,1.3,27.3,40.95,2
2025-02-26,University,Espresso,19,3.0,57.0,Coffee,0.55,10.450000000000001,46.55,2
2025-02-26,University,Latte,34,4.5,153.0,Coffee,1.1,37.400000000000006,115.6,2
2025-02-27,Downtown,Blueberry Muffin,25,2.95,73.75,Bakery,1.1,27.500000000000004,46.25,2
2025-02-27,Downtown,Cappuccino,41,4.25,174.25,Coffee,1.0,41.0,133.25,2
2025-02-27,Downtown,Cold Brew,10,4.75,47.5,Coffee,0.95,9.5,38.0,2
2025-02-27,Downtown,Croissant,34,3.25,110.5,Bakery,1.3,44.2,66.3,2
2025-02-27,Downtown,Espresso,29,3.0,87.0,Coffee,0.55,15.950000000000001,71.05,2
2025-02-27,Downtown,Latte,70,4.5,315.0,Coffee,1.1,77.0,238.0,2
2025-02-27,Riverside,Blueberry Muffin,10,2.95,29.5,Bakery,1.1,11.0,18.5,2
2025-02-27,Riverside,Cappuccino,20,4.25,85.0,Coffee,1.0,20.0,65.0,2
2025-02-27,Riverside,Cold Brew,8,4.75,38.0,Coffee,0.95,7.6,30.4,2
2025-02-27,Riverside,Croissant,18,3.25,58.5,Bakery,1.3,23.400000000000002,35.099999999999994,2
2025-02-27,Riverside,Espresso,16,3.0,48.0,Coffee,0.55,8.8,39.2,2
2025-02-27,Riverside,Latte,32,4.5,144.0,Coffee,1.1,35.2,108.8,2
2025-02-27,University,Blueberry Muffin,19,2.95,56.05,Bakery,1.1,20.900000000000002,35.14999999999999,2
2025-02-27,University,Cappuccino,26,4.25,110.5,Coffee,1.0,26.0,84.5,2
2025-02-27,University,Cold Brew,10,4.75,47.5,Coffee,0.95,9.5,38.0,2
2025-02-27,University,Croissant,27,3.25,87.75,Bakery,1.3,35.1,52.65,2
2025-02-27,University,Espresso,24,3.0,72.0,Coffee,0.55,13.200000000000001,58.8,2
2025-02-27,University,Latte,44,4.5,198.0,Coffee,1.1,48.400000000000006,149.6,2
2025-02-28,Downtown,Blueberry Muffin,23,2.95,67.85,Bakery,1.1,25.3,42.55,2
2025-02-28,Downtown,Cappuccino,36,4.25,153.0,Coffee,1.0,36.0,117.0,2
2025-02-28,Downtown,Cold Brew,8,4.75,38.0,Coffee,0.95,7.6,30.4,2
2025-02-28,Downtown,Croissant,31,3.25,100.75,Bakery,1.3,40.300000000000004,60.449999999999996,2
2025-02-28,Downtown,Espresso,25,3.0,75.0,Coffee,0.55,13.750000000000002,61.25,2
2025-02-28,Downtown,Latte,54,4.5,243.0,Coffee,1.1,59.400000000000006,183.6,2
2025-02-28,Riverside,Blueberry Muffin,13,2.95,38.35,Bakery,1.1,14.3,24.05,2
2025-02-28,Riverside,Cappuccino,21,4.25,89.25,Coffee,1.0,21.0,68.25,2
2025-02-28,Riverside,Cold Brew,5,4.75,23.75,Coffee,0.95,4.75,19.0,2
2025-02-28,Riverside,Croissant,16,3.25,52.0,Bakery,1.3,20.8,31.2,2
2025-02-28,Riverside,Espresso,16,3.0,48.0,Coffee,0.55,8.8,39.2,2
2025-02-28,Riverside,Latte,28,4.5,126.0,Coffee,1.1,30.800000000000004,95.19999999999999,2
2025-02-28,University,Blueberry Muffin,20,2.95,59.0,Bakery,1.1,22.0,37.0,2
2025-02-28,University,Cappuccino,34,4.25,144.5,Coffee,1.0,34.0,110.5,2
2025-02-28,University,Cold Brew,11,4.75,52.25,Coffee,0.95,10.45,41.8,2
2025-02-28,University,Croissant,28,3.25,91.0,Bakery,1.3,36.4,54.6,2
2025-02-28,University,Espresso,27,3.0,81.0,Coffee,0.55,14.850000000000001,66.15,2
2025-02-28,University,Latte,49,4.5,220.5,Coffee,1.1,53.900000000000006,166.6,2
2025-03-01,Downtown,Blueberry Muffin,29,2.95,85.55,Bakery,1.1,31.900000000000002,53.64999999999999,3
2025-03-01,Downtown,Cappuccino,50,4.25,212.5,Coffee,1.0,50.0,162.5,3
2025-03-01,Downtown,Cold Brew,13,4.75,61.75,Coffee,0.95,12.35,49.4,3
2025-03-01,Downtown,Croissant,36,3.25,117.0,Bakery,1.3,46.800000000000004,70.19999999999999,3
2025-03-01,Downtown,Espresso,32,3.0,96.0,Coffee,0.55,17.6,78.4,3
2025-03-01,Downtown,Latte,64,4.5,288.0,Coffee,1.1,70.4,217.6,3
2025-03-01,Riverside,Blueberry Muffin,16,2.95,47.2,Bakery,1.1,17.6,29.6,3
2025-03-01,Riverside,Cappuccino,24,4.25,102.0,Coffee,1.0,24.0,78.0,3
2025-03-01,Riverside,Cold Brew,7,4.75,33.25,Coffee,0.95,6.6499999999999995,26.6,3
2025-03-01,Riverside,Croissant,19,3.25,61.75,Bakery,1.3,24.7,37.05,3
2025-03-01,Riverside,Espresso,16,3.0,48.0,Coffee,0.55,8.8,39.2,3
2025-03-01,Riverside,Latte,37,4.5,166.5,Coffee,1.1,40.7,125.8,3
2025-03-01,University,Blueberry Muffin,10,2.95,29.5,Bakery,1.1,11.0,18.5,3
2025-03-01,University,Cappuccino,23,4.25,97.75,Coffee,1.0,23.0,74.75,3
2025-03-01,University,Cold Brew,7,4.75,33.25,Coffee,0.95,6.6499999999999995,26.6,3
2025-03-01,University,Croissant,17,3.25,55.25,Bakery,1.3,22.1,33.15,3
2025-03-01,University,Espresso,18,3.0,54.0,Coffee,0.55,9.9,44.1,3
2025-03-01,University,Latte,35,4.5,157.5,Coffee,1.1,38.5,119.0,3
2025-03-02,Downtown,Blueberry Muffin,29,2.95,85.55,Bakery,1.1,31.900000000000002,53.64999999999999,3
2025-03-02,Downtown,Cappuccino,46,4.25,195.5,Coffee,1.0,46.0,149.5,3
2025-03-02,Downtown,Cold Brew,11,4.75,52.25,Coffee,0.95,10.45,41.8,3
2025-03-02,Downtown,Croissant,35,3.25,113.75,Bakery,1.3,45.5,68.25,3
2025-03-02,Downtown,Espresso,38,3.0,114.0,Coffee,0.55,20.900000000000002,93.1,3
2025-03-02,Downtown,Latte,65,4.5,292.5,Coffee,1.1,71.5,221.0,3
2025-03-02,Riverside,Blueberry Muffin,14,2.95,41.3,Bakery,1.1,15.400000000000002,25.899999999999995,3
2025-03-02,Riverside,Cappuccino,28,4.25,119.0,Coffee,1.0,28.0,91.0,3
2025-03-02,Riverside,Cold Brew,8,4.75,38.0,Coffee,0.95,7.6,30.4,3
2025-03-02,Riverside,Croissant,20,3.25,65.0,Bakery,1.3,26.0,39.0,3
2025-03-02,Riverside,Espresso,18,3.0,54.0,Coffee,0.55,9.9,44.1,3
2025-03-02,Riverside,Latte,35,4.5,157.5,Coffee,1.1,38.5,119.0,3
2025-03-02,University,Blueberry Muffin,11,2.95,32.45,Bakery,1.1,12.100000000000001,20.35,3
2025-03-02,University,Cappuccino,23,4.25,97.75,Coffee,1.0,23.0,74.75,3
2025-03-02,University,Cold Brew,6,4.75,28.5,Coffee,0.95,5.699999999999999,22.8,3
2025-03-02,University,Croissant,20,3.25,65.0,Bakery,1.3,26.0,39.0,3
2025-03-02,University,Espresso,17,3.0,51.0,Coffee,0.55,9.350000000000001,41.65,3
2025-03-02,University,Latte,35,4.5,157.5,Coffee,1.1,38.5,119.0,3
2025-03-03,Downtown,Blueberry Muffin,22,2.95,64.9,Bakery,1.1,24.200000000000003,40.7,3
2025-03-03,Downtown,Cappuccino,36,4.25,153.0,Coffee,1.0,36.0,117.0,3
2025-03-03,Downtown,Cold Brew,14,4.75,66.5,Coffee,0.95,13.299999999999999,53.2,3
2025-03-03,Downtown,Croissant,28,3.25,91.0,Bakery,1.3,36.4,54.6,3
2025-03-03,Downtown,Espresso,27,3.0,81.0,Coffee,0.55,14.850000000000001,66.15,3
2025-03-03,Downtown,Latte,54,4.5,243.0,Coffee,1.1,59.400000000000006,183.6,3
2025-03-03,Riverside,Blueberry Muffin,12,2.95,35.4,Bakery,1.1,13.200000000000001,22.199999999999996,3
2025-03-03,Riverside,Cappuccino,18,4.25,76.5,Coffee,1.0,18.0,58.5,3
2025-03-03,Riverside,Cold Brew,9,4.75,42.75,Coffee,0.95,8.549999999999999,34.2,3
2025-03-03,Riverside,Croissant,17,3.25,55.25,Bakery,1.3,22.1,33.15,3
2025-03-03,Riverside,Espresso,14,3.0,42.0,Coffee,0.55,7.700000000000001,34.3,3
2025-03-03,Riverside,Latte,29,4.5,130.5,Coffee,1.1,31.900000000000002,98.6,3
2025-03-03,University,Blueberry Muffin,16,2.95,47.2,Bakery,1.1,17.6,29.6,3
2025-03-03,University,Cappuccino,28,4.25,119.0,Coffee,1.0,28.0,91.0,3
2025-03-03,University,Cold Brew,11,4.75,52.25,Coffee,0.95,10.45,41.8,3
2025-03-03,University,Croissant,24,3.25,78.0,Bakery,1.3,31.200000000000003,46.8,3
2025-03-03,University,Espresso,23,3.0,69.0,Coffee,0.55,12.65,56.35,3
2025-03-03,University,Latte,41,4.5,184.5,Coffee,1.1,45.1,139.4,3
2025-03-04,Downtown,Blueberry Muffin,26,2.95,76.7,Bakery,1.1,28.6,48.1,3
2025-03-04,Downtown,Cappuccino,39,4.25,165.75,Coffee,1.0,39.0,126.75,3
2025-03-04,Downtown,Cold Brew,10,4.75,47.5,Coffee,0.95,9.5,38.0,3
2025-03-04,Downtown,Croissant,31,3.25,100.75,Bakery,1.3,40.300000000000004,60.449999999999996,3
2025-03-04,Downtown,Espresso,33,3.0,99.0,Coffee,0.55,18.150000000000002,80.85,3
2025-03-04,Downtown,Latte,67,4.5,301.5,Coffee,1.1,73.7,227.8,3
2025-03-04,Riverside,Blueberry Muffin,12,2.95,35.4,Bakery,1.1,13.200000000000001,22.199999999999996,3
2025-03-04,Riverside,Cappuccino,21,4.25,89.25,Coffee,1.0,21.0,68.25,3
2025-03-04,Riverside,Cold Brew,9,4.75,42.75,Coffee,0.95,8.549999999999999,34.2,3
2025-03-04,Riverside,Croissant,17,3.25,55.25,Bakery,1.3,22.1,33.15,3
2025-03-04,Riverside,Espresso,18,3.0,54.0,Coffee,0.55,9.9,44.1,3
2025-03-04,Riverside,Latte,30,4.5,135.0,Coffee,1.1,33.0,102.0,3
2025-03-04,University,Blueberry Muffin,19,2.95,56.05,Bakery,1.1,20.900000000000002,35.14999999999999,3
2025-03-04,University,Cappuccino,31,4.25,131.75,Coffee,1.0,31.0,100.75,3
2025-03-04,University,Cold Brew,11,4.75,52.25,Coffee,0.95,10.45,41.8,3
2025-03-04,University,Croissant,24,3.25,78.0,Bakery,1.3,31.200000000000003,46.8,3
2025-03-04,University,Espresso,23,3.0,69.0,Coffee,0.55,12.65,56.35,3
2025-03-04,University,Latte,48,4.5,216.0,Coffee,1.1,52.800000000000004,163.2,3
2025-03-05,Downtown,Blueberry Muffin,26,2.95,76.7,Bakery,1.1,28.6,48.1,3
2025-03-05,Downtown,Cappuccino,37,4.25,157.25,Coffee,1.0,37.0,120.25,3
2025-03-05,Downtown,Cold Brew,16,4.75,76.0,Coffee,0.95,15.2,60.8,3
2025-03-05,Downtown,Croissant,28,3.25,91.0,Bakery,1.3,36.4,54.6,3
2025-03-05,Downtown,Espresso,26,3.0,78.0,Coffee,0.55,14.3,63.7,3
2025-03-05,Downtown,Latte,50,4.5,225.0,Coffee,1.1,55.00000000000001,170.0,3
2025-03-05,Riverside,Blueberry Muffin,11,2.95,32.45,Bakery,1.1,12.100000000000001,20.35,3
2025-03-05,Riverside,Cappuccino,17,4.25,72.25,Coffee,1.0,17.0,55.25,3
2025-03-05,Riverside,Cold Brew,7,4.75,33.25,Coffee,0.95,6.6499999999999995,26.6,3
2025-03-05,Riverside,Croissant,14,3.25,45.5,Bakery,1.3,18.2,27.3,3
2025-03-05,Riverside,Espresso,11,3.0,33.0,Coffee,0.55,6.050000000000001,26.95,3
2025-03-05,Riverside,Latte,25,4.5,112.5,Coffee,1.1,27.500000000000004,85.0,3
2025-03-05,University,Blueberry Muffin,14,2.95,41.3,Bakery,1.1,15.400000000000002,25.899999999999995,3
2025-03-05,University,Cappuccino,29,4.25,123.25,Coffee,1.0,29.0,94.25,3
2025-03-05,University,Cold Brew,11,4.75,52.25,Coffee,0.95,10.45,41.8,3
2025-03-05,University,Croissant,25,3.25,81.25,Bakery,1.3,32.5,48.75,3
2025-03-05,University,Espresso,23,3.0,69.0,Coffee,0.55,12.65,56.35,3
2025-03-05,University,Latte,44,4.5,198.0,Coffee,1.1,48.400000000000006,149.6,3
2025-03-06,Downtown,Blueberry Muffin,23,2.95,67.85,Bakery,1.1,25.3,42.55,3
2025-03-06,Downtown,Cappuccino,40,4.25,170.0,Coffee,1.0,40.0,130.0,3
2025-03-06,Downtown,Cold Brew,15,4.75,71.25,Coffee,0.95,14.25,57.0,3
2025-03-06,Downtown,Croissant,29,3.25,94.25,Bakery,1.3,37.7,56.55,3
2025-03-06,Downtown,Espresso,28,3.0,84.0,Coffee,0.55,15.400000000000002,68.6,3
2025-03-06,Downtown,Latte,58,4.5,261.0,Coffee,1.1,63.800000000000004,197.2,3
2025-03-06,Riverside,Blueberry Muffin,10,2.95,29.5,Bakery,1.1,11.0,18.5,3
2025-03-06,Riverside,Cappuccino,23,4.25,97.75,Coffee,1.0,23.0,74.75,3
2025-03-06,Riverside,Cold Brew,10,4.75,47.5,Coffee,0.95,9.5,38.0,3
2025-03-06,Riverside,Croissant,17,3.25,55.25,Bakery,1.3,22.1,33.15,3
2025-03-06,Riverside,Espresso,17,3.0,51.0,Coffee,0.55,9.350000000000001,41.65,3
2025-03-06,Riverside,Latte,27,4.5,121.5,Coffee,1.1,29.700000000000003,91.8,3
2025-03-06,University,Blueberry Muffin,14,2.95,41.3,Bakery,1.1,15.400000000000002,25.899999999999995,3
2025-03-06,University,Cappuccino,27,4.25,114.75,Coffee,1.0,27.0,87.75,3
2025-03-06,University,Cold Brew,15,4.75,71.25,Coffee,0.95,14.25,57.0,3
2025-03-06,University,Croissant,24,3.25,78.0,Bakery,1.3,31.200000000000003,46.8,3
2025-03-06,University,Espresso,24,3.0,72.0,Coffee,0.55,13.200000000000001,58.8,3
2025-03-06,University,Latte,41,4.5,184.5,Coffee,1.1,45.1,139.4,3
2025-03-07,Downtown,Blueberry Muffin,18,2.95,53.1,Bakery,1.1,19.8,33.3,3
2025-03-07,Downtown,Cappuccino,39,4.25,165.75,Coffee,1.0,39.0,126.75,3
2025-03-07,Downtown,Cold Brew,14,4.75,66.5,Coffee,0.95,13.299999999999999,53.2,3
2025-03-07,Downtown,Croissant,31,3.25,100.75,Bakery,1.3,40.300000000000004,60.449999999999996,3
2025-03-07,Downtown,Espresso,29,3.0,87.0,Coffee,0.55,15.950000000000001,71.05,3
2025-03-07,Downtown,Latte,56,4.5,252.0,Coffee,1.1,61.60000000000001,190.39999999999998,3
2025-03-07,Riverside,Blueberry Muffin,14,2.95,41.3,Bakery,1.1,15.400000000000002,25.899999999999995,3
2025-03-07,Riverside,Cappuccino,22,4.25,93.5,Coffee,1.0,22.0,71.5,3
2025-03-07,Riverside,Cold Brew,10,4.75,47.5,Coffee,0.95,9.5,38.0,3
2025-03-07,Riverside,Croissant,19,3.25,61.75,Bakery,1.3,24.7,37.05,3
2025-03-07,Riverside,Espresso,15,3.0,45.0,Coffee,0.55,8.25,36.75,3
2025-03-07,Riverside,Latte,33,4.5,148.5,Coffee,1.1,36.300000000000004,112.19999999999999,3
2025-03-07,University,Blueberry Muffin,21,2.95,61.95,Bakery,1.1,23.1,38.85,3
2025-03-07,University,Cappuccino,33,4.25,140.25,Coffee,1.0,33.0,107.25,3
2025-03-07,University,Cold Brew,8,4.75,38.0,Coffee,0.95,7.6,30.4,3
2025-03-07,University,Croissant,23,3.25,74.75,Bakery,1.3,29.900000000000002,44.849999999999994,3
2025-03-07,University,Espresso,22,3.0,66.0,Coffee,0.55,12.100000000000001,53.9,3
2025-03-07,University,Latte,43,4.5,193.5,Coffee,1.1,47.300000000000004,146.2,3
2025-03-08,Downtown,Blueberry Muffin,29,2.95,85.55,Bakery,1.1,31.900000000000002,53.64999999999999,3
2025-03-08,Downtown,Cappuccino,48,4.25,204.0,Coffee,1.0,48.0,156.0,3
2025-03-08,Downtown,Cold Brew,10,4.75,47.5,Coffee,0.95,9.5,38.0,3
2025-03-08,Downtown,Croissant,33,3.25,107.25,Bakery,1.3,42.9,64.35,3
2025-03-08,Downtown,Espresso,32,3.0,96.0,Coffee,0.55,17.6,78.4,3
2025-03-08,Downtown,Latte,67,4.5,301.5,Coffee,1.1,73.7,227.8,3
2025-03-08,Riverside,Blueberry Muffin,17,2.95,50.15,Bakery,1.1,18.700000000000003,31.449999999999996,3
2025-03-08,Riverside,Cappuccino,23,4.25,97.75,Coffee,1.0,23.0,74.75,3
2025-03-08,Riverside,Cold Brew,9,4.75,42.75,Coffee,0.95,8.549999999999999,34.2,3
2025-03-08,Riverside,Croissant,22,3.25,71.5,Bakery,1.3,28.6,42.9,3
2025-03-08,Riverside,Espresso,21,3.0,63.0,Coffee,0.55,11.55,51.45,3
2025-03-08,Riverside,Latte,38,4.5,171.0,Coffee,1.1,41.800000000000004,129.2,3
2025-03-08,University,Blueberry Muffin,14,2.95,41.3,Bakery,1.1,15.400000000000002,25.899999999999995,3
2025-03-08,University,Cappuccino,23,4.25,97.75,Coffee,1.0,23.0,74.75,3
2025-03-08,University,Cold Brew,11,4.75,52.25,Coffee,0.95,10.45,41.8,3
2025-03-08,University,Croissant,20,3.25,65.0,Bakery,1.3,26.0,39.0,3
2025-03-08,University,Espresso,22,3.0,66.0,Coffee,0.55,12.100000000000001,53.9,3
2025-03-08,University,Latte,37,4.5,166.5,Coffee,1.1,40.7,125.8,3
2025-03-09,Downtown,Blueberry Muffin,32,2.95,94.4,Bakery,1.1,35.2,59.2,3
2025-03-09,Downtown,Cappuccino,57,4.25,242.25,Coffee,1.0,57.0,185.25,3
2025-03-09,Downtown,Cold Brew,21,4.75,99.75,Coffee,0.95,19.95,79.8,3
2025-03-09,Downtown,Croissant,48,3.25,156.0,Bakery,1.3,62.400000000000006,93.6,3
2025-03-09,Downtown,Espresso,39,3.0,117.0,Coffee,0.55,21.450000000000003,95.55,3
2025-03-09,Downtown,Latte,71,4.5,319.5,Coffee,1.1,78.10000000000001,241.39999999999998,3
2025-03-09,Riverside,Blueberry Muffin,22,2.95,64.9,Bakery,1.1,24.200000000000003,40.7,3
2025-03-09,Riverside,Cappuccino,35,4.25,148.75,Coffee,1.0,35.0,113.75,3
2025-03-09,Riverside,Cold Brew,12,4.75,57.0,Coffee,0.95,11.399999999999999,45.6,3
2025-03-09,Riverside,Croissant,24,3.25,78.0,Bakery,1.3,31.200000000000003,46.8,3
2025-03-09,Riverside,Espresso,24,3.0,72.0,Coffee,0.55,13.200000000000001,58.8,3
2025-03-09,Riverside,Latte,47,4.5,211.5,Coffee,1.1,51.7,159.8,3
2025-03-09,University,Blueberry Muffin,11,2.95,32.45,Bakery,1.1,12.100000000000001,20.35,3
2025-03-09,University,Cappuccino,18,4.25,76.5,Coffee,1.0,18.0,58.5,3
2025-03-09,University,Cold Brew,13,4.75,61.75,Coffee,0.95,12.35,49.4,3
2025-03-09,University,Croissant,16,3.25,52.0,Bakery,1.3,20.8,31.2,3
2025-03-09,University,Espresso,17,3.0,51.0,Coffee,0.55,9.350000000000001,41.65,3
2025-03-09,University,Latte,27,4.5,121.5,Coffee,1.1,29.700000000000003,91.8,3
2025-03-10,Downtown,Blueberry Muffin,25,2.95,73.75,Bakery,1.1,27.500000000000004,46.25,3
2025-03-10,Downtown,Cappuccino,33,4.25,140.25,Coffee,1.0,33.0,107.25,3
2025-03-10,Downtown,Cold Brew,11,4.75,52.25,Coffee,0.95,10.45,41.8,3
2025-03-10,Downtown,Croissant,29,3.25,94.25,Bakery,1.3,37.7,56.55,3
2025-03-10,Downtown,Espresso,23,3.0,69.0,Coffee,0.55,12.65,56.35,3
2025-03-10,Downtown,Latte,49,4.5,220.5,Coffee,1.1,53.900000000000006,166.6,3
2025-03-10,Riverside,Blueberry Muffin,11,2.95,32.45,Bakery,1.1,12.100000000000001,20.35,3
2025-03-10,Riverside,Cappuccino,21,4.25,89.25,Coffee,1.0,21.0,68.25,3
2025-03-10,Riverside,Cold Brew,15,4.75,71.25,Coffee,0.95,14.25,57.0,3
2025-03-10,Riverside,Croissant,20,3.25,65.0,Bakery,1.3,26.0,39.0,3
2025-03-10,Riverside,Espresso,16,3.0,48.0,Coffee,0.55,8.8,39.2,3
2025-03-10,Riverside,Latte,31,4.5,139.5,Coffee,1.1,34.1,105.4,3
2025-03-10,University,Blueberry Muffin,15,2.95,44.25,Bakery,1.1,16.5,27.75,3
2025-03-10,University,Cappuccino,30,4.25,127.5,Coffee,1.0,30.0,97.5,3
2025-03-10,University,Cold Brew,10,4.75,47.5,Coffee,0.95,9.5,38.0,3
2025-03-10,University,Croissant,23,3.25,74.75,Bakery,1.3,29.900000000000002,44.849999999999994,3
2025-03-10,University,Espresso,20,3.0,60.0,Coffee,0.55,11.0,49.0,3
2025-03-10,University,Latte,42,4.5,189.0,Coffee,1.1,46.2,142.8,3
2025-03-11,Downtown,Blueberry Muffin,23,2.95,67.85,Bakery,1.1,25.3,42.55,3
2025-03-11,Downtown,Cappuccino,31,4.25,131.75,Coffee,1.0,31.0,100.75,3
2025-03-11,Downtown,Cold Brew,16,4.75,76.0,Coffee,0.95,15.2,60.8,3
2025-03-11,Downtown,Croissant,29,3.25,94.25,Bakery,1.3,37.7,56.55,3
2025-03-11,Downtown,Espresso,26,3.0,78.0,Coffee,0.55,14.3,63.7,3
2025-03-11,Downtown,Latte,53,4.5,238.5,Coffee,1.1,58.300000000000004,180.2,3
2025-03-11,Riverside,Blueberry Muffin,10,2.95,29.5,Bakery,1.1,11.0,18.5,3
2025-03-11,Riverside,Cappuccino,19,4.25,80.75,Coffee,1.0,19.0,61.75,3
2025-03-11,Riverside,Cold Brew,8,4.75,38.0,Coffee,0.95,7.6,30.4,3
2025-03-11,Riverside,Croissant,15,3.25,48.75,Bakery,1.3,19.5,29.25,3
2025-03-11,Riverside,Espresso,11,3.0,33.0,Coffee,0.55,6.050000000000001,26.95,3
2025-03-11,Riverside,Latte,28,4.5,126.0,Coffee,1.1,30.800000000000004,95.19999999999999,3
2025-03-11,University,Blueberry Muffin,15,2.95,44.25,Bakery,1.1,16.5,27.75,3
2025-03-11,University,Cappuccino,31,4.25,131.75,Coffee,1.0,31.0,100.75,3
2025-03-11,University,Cold Brew,20,4.75,95.0,Coffee,0.95,19.0,76.0,3
2025-03-11,University,Croissant,25,3.25,81.25,Bakery,1.3,32.5,48.75,3
2025-03-11,University,Espresso,19,3.0,57.0,Coffee,0.55,10.450000000000001,46.55,3
2025-03-11,University,Latte,45,4.5,202.5,Coffee,1.1,49.50000000000001,153.0,3
2025-03-12,Downtown,Blueberry Muffin,26,2.95,76.7,Bakery,1.1,28.6,48.1,3
2025-03-12,Downtown,Cappuccino,47,4.25,199.75,Coffee,1.0,47.0,152.75,3
2025-03-12,Downtown,Cold Brew,16,4.75,76.0,Coffee,0.95,15.2,60.8,3
2025-03-12,Downtown,Croissant,34,3.25,110.5,Bakery,1.3,44.2,66.3,3
2025-03-12,Downtown,Espresso,32,3.0,96.0,Coffee,0.55,17.6,78.4,3
2025-03-12,Downtown,Latte,64,4.5,288.0,Coffee,1.1,70.4,217.6,3
2025-03-12,Riverside,Blueberry Muffin,13,2.95,38.35,Bakery,1.1,14.3,24.05,3
2025-03-12,Riverside,Cappuccino,24,4.25,102.0,Coffee,1.0,24.0,78.0,3
2025-03-12,Riverside,Cold Brew,9,4.75,42.75,Coffee,0.95,8.549999999999999,34.2,3
2025-03-12,Riverside,Croissant,18,3.25,58.5,Bakery,1.3,23.400000000000002,35.099999999999994,3
2025-03-12,Riverside,Espresso,18,3.0,54.0,Coffee,0.55,9.9,44.1,3
2025-03-12,Riverside,Latte,33,4.5,148.5,Coffee,1.1,36.300000000000004,112.19999999999999,3
2025-03-12,University,Blueberry Muffin,19,2.95,56.05,Bakery,1.1,20.900000000000002,35.14999999999999,3
2025-03-12,University,Cappuccino,35,4.25,148.75,Coffee,1.0,35.0,113.75,3
2025-03-12,University,Cold Brew,17,4.75,80.75,Coffee,0.95,16.15,64.6,3
2025-03-12,University,Croissant,26,3.25,84.5,Bakery,1.3,33.800000000000004,50.699999999999996,3
2025-03-12,University,Espresso,27,3.0,81.0,Coffee,0.55,14.850000000000001,66.15,3
2025-03-12,University,Latte,48,4.5,216.0,Coffee,1.1,52.800000000000004,163.2,3
2025-03-13,Downtown,Blueberry Muffin,24,2.95,70.8,Bakery,1.1,26.400000000000002,44.39999999999999,3
2025-03-13,Downtown,Cappuccino,44,4.25,187.0,Coffee,1.0,44.0,143.0,3
2025-03-13,Downtown,Cold Brew,13,4.75,61.75,Coffee,0.95,12.35,49.4,3
2025-03-13,Downtown,Croissant,38,3.25,123.5,Bakery,1.3,49.4,74.1,3
2025-03-13,Downtown,Espresso,35,3.0,105.0,Coffee,0.55,19.25,85.75,3
2025-03-13,Downtown,Latte,64,4.5,288.0,Coffee,1.1,70.4,217.6,3
2025-03-13,Riverside,Blueberry Muffin,14,2.95,41.3,Bakery,1.1,15.400000000000002,25.899999999999995,3
2025-03-13,Riverside,Cappuccino,20,4.25,85.0,Coffee,1.0,20.0,65.0,3
2025-03-13,Riverside,Cold Brew,10,4.75,47.5,Coffee,0.95,9.5,38.0,3
2025-03-13,Riverside,Croissant,18,3.25,58.5,Bakery,1.3,23.400000000000002,35.099999999999994,3
2025-03-13,Riverside,Espresso,18,3.0,54.0,Coffee,0.55,9.9,44.1,3
2025-03-13,Riverside,Latte,27,4.5,121.5,Coffee,1.1,29.700000000000003,91.8,3
2025-03-13,University,Blueberry Muffin,19,2.95,56.05,Bakery,1.1,20.900000000000002,35.14999999999999,3
2025-03-13,University,Cappuccino,36,4.25,153.0,Coffee,1.0,36.0,117.0,3
2025-03-13,University,Cold Brew,10,4.75,47.5,Coffee,0.95,9.5,38.0,3
2025-03-13,University,Croissant,32,3.25,104.0,Bakery,1.3,41.6,62.4,3
2025-03-13,University,Espresso,29,3.0,87.0,Coffee,0.55,15.950000000000001,71.05,3
2025-03-13,University,Latte,52,4.5,234.0,Coffee,1.1,57.2,176.8,3
2025-03-14,Downtown,Blueberry Muffin,18,2.95,53.1,Bakery,1.1,19.8,33.3,3
2025-03-14,Downtown,Cappuccino,34,4.25,144.5,Coffee,1.0,34.0,110.5,3
2025-03-14,Downtown,Cold Brew,17,4.75,80.75,Coffee,0.95,16.15,64.6,3
2025-03-14,Downtown,Croissant,26,3.25,84.5,Bakery,1.3,33.800000000000004,50.699999999999996,3
2025-03-14,Downtown,Espresso,24,3.0,72.0,Coffee,0.55,13.200000000000001,58.8,3
2025-03-14,Downtown,Latte,46,4.5,207.0,Coffee,1.1,50.6,156.4,3
2025-03-14,Riverside,Blueberry Muffin,12,2.95,35.4,Bakery,1.1,13.200000000000001,22.199999999999996,3
2025-03-14,Riverside,Cappuccino,18,4.25,76.5,Coffee,1.0,18.0,58.5,3
2025-03-14,Riverside,Cold Brew,7,4.75,33.25,Coffee,0.95,6.6499999999999995,26.6,3
2025-03-14,Riverside,Croissant,16,3.25,52.0,Bakery,1.3,20.8,31.2,3
2025-03-14,Riverside,Espresso,11,3.0,33.0,Coffee,0.55,6.050000000000001,26.95,3
2025-03-14,Riverside,Latte,27,4.5,121.5,Coffee,1.1,29.700000000000003,91.8,3
2025-03-14,University,Blueberry Muffin,22,2.95,64.9,Bakery,1.1,24.200000000000003,40.7,3
2025-03-14,University,Cappuccino,33,4.25,140.25,Coffee,1.0,33.0,107.25,3
2025-03-14,University,Cold Brew,11,4.75,52.25,Coffee,0.95,10.45,41.8,3
2025-03-14,University,Croissant,30,3.25,97.5,Bakery,1.3,39.0,58.5,3
2025-03-14,University,Espresso,25,3.0,75.0,Coffee,0.55,13.750000000000002,61.25,3
2025-03-14,University,Latte,49,4.5,220.5,Coffee,1.1,53.900000000000006,166.6,3
2025-03-15,Downtown,Blueberry Muffin,24,2.95,70.8,Bakery,1.1,26.400000000000002,44.39999999999999,3
2025-03-15,Downtown,Cappuccino,42,4.25,178.5,Coffee,1.0,42.0,136.5,3
2025-03-15,Downtown,Cold Brew,24,4.75,114.0,Coffee,0.95,22.799999999999997,91.2,3
2025-03-15,Downtown,Croissant,31,3.25,100.75,Bakery,1.3,40.300000000000004,60.449999999999996,3
2025-03-15,Downtown,Espresso,29,3.0,87.0,Coffee,0.55,15.950000000000001,71.05,3
2025-03-15,Downtown,Latte,62,4.5,279.0,Coffee,1.1,68.2,210.8,3
2025-03-15,Riverside,Blueberry Muffin,14,2.95,41.3,Bakery,1.1,15.400000000000002,25.899999999999995,3
2025-03-15,Riverside,Cappuccino,27,4.25,114.75,Coffee,1.0,27.0,87.75,3
2025-03-15,Riverside,Cold Brew,8,4.75,38.0,Coffee,0.95,7.6,30.4,3
2025-03-15,Riverside,Croissant,24,3.25,78.0,Bakery,1.3,31.200000000000003,46.8,3
2025-03-15,Riverside,Espresso,20,3.0,60.0,Coffee,0.55,11.0,49.0,3
2025-03-15,Riverside,Latte,41,4.5,184.5,Coffee,1.1,45.1,139.4,3
2025-03-15,University,Blueberry Muffin,16,2.95,47.2,Bakery,1.1,17.6,29.6,3
2025-03-15,University,Cappuccino,19,4.25,80.75,Coffee,1.0,19.0,61.75,3
2025-03-15,University,Cold Brew,8,4.75,38.0,Coffee,0.95,7.6,30.4,3
2025-03-15,University,Croissant,18,3.25,58.5,Bakery,1.3,23.400000000000002,35.099999999999994,3
2025-03-15,University,Espresso,15,3.0,45.0,Coffee,0.55,8.25,36.75,3
2025-03-15,University,Latte,31,4.5,139.5,Coffee,1.1,34.1,105.4,3
2025-03-16,Downtown,Blueberry Muffin,33,2.95,97.35,Bakery,1.1,36.300000000000004,61.04999999999999,3
2025-03-16,Downtown,Cappuccino,50,4.25,212.5,Coffee,1.0,50.0,162.5,3
2025-03-16,Downtown,Cold Brew,19,4.75,90.25,Coffee,0.95,18.05,72.2,3
2025-03-16,Downtown,Croissant,36,3.25,117.0,Bakery,1.3,46.800000000000004,70.19999999999999,3
2025-03-16,Downtown,Espresso,36,3.0,108.0,Coffee,0.55,19.8,88.2,3
2025-03-16,Downtown,Latte,71,4.5,319.5,Coffee,1.1,78.10000000000001,241.39999999999998,3
2025-03-16,Riverside,Blueberry Muffin,17,2.95,50.15,Bakery,1.1,18.700000000000003,31.449999999999996,3
2025-03-16,Riverside,Cappuccino,30,4.25,127.5,Coffee,1.0,30.0,97.5,3
2025-03-16,Riverside,Cold Brew,12,4.75,57.0,Coffee,0.95,11.399999999999999,45.6,3
2025-03-16,Riverside,Croissant,28,3.25,91.0,Bakery,1.3,36.4,54.6,3
2025-03-16,Riverside,Espresso,21,3.0,63.0,Coffee,0.55,11.55,51.45,3
2025-03-16,Riverside,Latte,43,4.5,193.5,Coffee,1.1,47.300000000000004,146.2,3
2025-03-16,University,Blueberry Muffin,15,2.95,44.25,Bakery,1.1,16.5,27.75,3
2025-03-16,University,Cappuccino,22,4.25,93.5,Coffee,1.0,22.0,71.5,3
2025-03-16,University,Cold Brew,5,4.75,23.75,Coffee,0.95,4.75,19.0,3
2025-03-16,University,Croissant,14,3.25,45.5,Bakery,1.3,18.2,27.3,3
2025-03-16,University,Espresso,17,3.0,51.0,Coffee,0.55,9.350000000000001,41.65,3
2025-03-16,University,Latte,30,4.5,135.0,Coffee,1.1,33.0,102.0,3
2025-03-17,Downtown,Blueberry Muffin,21,2.95,61.95,Bakery,1.1,23.1,38.85,3
2025-03-17,Downtown,Cappuccino,35,4.25,148.75,Coffee,1.0,35.0,113.75,3
2025-03-17,Downtown,Cold Brew,15,4.75,71.25,Coffee,0.95,14.25,57.0,3
2025-03-17,Downtown,Croissant,29,3.25,94.25,Bakery,1.3,37.7,56.55,3
2025-03-17,Downtown,Espresso,24,3.0,72.0,Coffee,0.55,13.200000000000001,58.8,3
2025-03-17,Downtown,Latte,42,4.5,189.0,Coffee,1.1,46.2,142.8,3
2025-03-17,Riverside,Blueberry Muffin,13,2.95,38.35,Bakery,1.1,14.3,24.05,3
2025-03-17,Riverside,Cappuccino,23,4.25,97.75,Coffee,1.0,23.0,74.75,3
2025-03-17,Riverside,Cold Brew,8,4.75,38.0,Coffee,0.95,7.6,30.4,3
2025-03-17,Riverside,Croissant,16,3.25,52.0,Bakery,1.3,20.8,31.2,3
2025-03-17,Riverside,Espresso,17,3.0,51.0,Coffee,0.55,9.350000000000001,41.65,3
2025-03-17,Riverside,Latte,29,4.5,130.5,Coffee,1.1,31.900000000000002,98.6,3
2025-03-17,University,Blueberry Muffin,17,2.95,50.15,Bakery,1.1,18.700000000000003,31.449999999999996,3
2025-03-17,University,Cappuccino,30,4.25,127.5,Coffee,1.0,30.0,97.5,3
2025-03-17,University,Cold Brew,11,4.75,52.25,Coffee,0.95,10.45,41.8,3
2025-03-17,University,Croissant,25,3.25,81.25,Bakery,1.3,32.5,48.75,3
2025-03-17,University,Espresso,22,3.0,66.0,Coffee,0.55,12.100000000000001,53.9,3
2025-03-17,University,Latte,40,4.5,180.0,Coffee,1.1,44.0,136.0,3
2025-03-18,Downtown,Blueberry Muffin,26,2.95,76.7,Bakery,1.1,28.6,48.1,3
2025-03-18,Downtown,Cappuccino,37,4.25,157.25,Coffee,1.0,37.0,120.25,3
2025-03-18,Downtown,Cold Brew,16,4.75,76.0,Coffee,0.95,15.2,60.8,3
2025-03-18,Downtown,Croissant,34,3.25,110.5,Bakery,1.3,44.2,66.3,3
2025-03-18,Downtown,Espresso,33,3.0,99.0,Coffee,0.55,18.150000000000002,80.85,3
2025-03-18,Downtown,Latte,57,4.5,256.5,Coffee,1.1,62.7,193.8,3
2025-03-18,Riverside,Blueberry Muffin,15,2.95,44.25,Bakery,1.1,16.5,27.75,3
2025-03-18,Riverside,Cappuccino,20,4.25,85.0,Coffee,1.0,20.0,65.0,3
2025-03-18,Riverside,Cold Brew,9,4.75,42.75,Coffee,0.95,8.549999999999999,34.2,3
2025-03-18,Riverside,Croissant,18,3.25,58.5,Bakery,1.3,23.400000000000002,35.099999999999994,3
2025-03-18,Riverside,Espresso,15,3.0,45.0,Coffee,0.55,8.25,36.75,3
2025-03-18,Riverside,Latte,26,4.5,117.0,Coffee,1.1,28.6,88.4,3
2025-03-18,University,Blueberry Muffin,17,2.95,50.15,Bakery,1.1,18.700000000000003,31.449999999999996,3
2025-03-18,University,Cappuccino,29,4.25,123.25,Coffee,1.0,29.0,94.25,3
2025-03-18,University,Cold Brew,17,4.75,80.75,Coffee,0.95,16.15,64.6,3
2025-03-18,University,Croissant,26,3.25,84.5,Bakery,1.3,33.800000000000004,50.699999999999996,3
2025-03-18,University,Espresso,22,3.0,66.0,Coffee,0.55,12.100000000000001,53.9,3
2025-03-18,University,Latte,42,4.5,189.0,Coffee,1.1,46.2,142.8,3
2025-03-19,Downtown,Blueberry Muffin,20,2.95,59.0,Bakery,1.1,22.0,37.0,3
2025-03-19,Downtown,Cappuccino,34,4.25,144.5,Coffee,1.0,34.0,110.5,3
2025-03-19,Downtown,Cold Brew,19,4.75,90.25,Coffee,0.95,18.05,72.2,3
2025-03-19,Downtown,Croissant,30,3.25,97.5,Bakery,1.3,39.0,58.5,3
2025-03-19,Downtown,Espresso,27,3.0,81.0,Coffee,0.55,14.850000000000001,66.15,3
2025-03-19,Downtown,Latte,48,4.5,216.0,Coffee,1.1,52.800000000000004,163.2,3
2025-03-19,Riverside,Blueberry Muffin,11,2.95,32.45,Bakery,1.1,12.100000000000001,20.35,3
2025-03-19,Riverside,Cappuccino,21,4.25,89.25,Coffee,1.0,21.0,68.25,3
2025-03-19,Riverside,Cold Brew,12,4.75,57.0,Coffee,0.95,11.399999999999999,45.6,3
2025-03-19,Riverside,Croissant,19,3.25,61.75,Bakery,1.3,24.7,37.05,3
2025-03-19,Riverside,Espresso,17,3.0,51.0,Coffee,0.55,9.350000000000001,41.65,3
2025-03-19,Riverside,Latte,34,4.5,153.0,Coffee,1.1,37.400000000000006,115.6,3
2025-03-19,University,Blueberry Muffin,21,2.95,61.95,Bakery,1.1,23.1,38.85,3
2025-03-19,University,Cappuccino,35,4.25,148.75,Coffee,1.0,35.0,113.75,3
2025-03-19,University,Cold Brew,14,4.75,66.5,Coffee,0.95,13.299999999999999,53.2,3
2025-03-19,University,Croissant,27,3.25,87.75,Bakery,1.3,35.1,52.65,3
2025-03-19,University,Espresso,29,3.0,87.0,Coffee,0.55,15.950000000000001,71.05,3
2025-03-19,University,Latte,50,4.5,225.0,Coffee,1.1,55.00000000000001,170.0,3
2025-03-20,Downtown,Blueberry Muffin,27,2.95,79.65,Bakery,1.1,29.700000000000003,49.95,3
2025-03-20,Downtown,Cappuccino,37,4.25,157.25,Coffee,1.0,37.0,120.25,3
2025-03-20,Downtown,Cold Brew,13,4.75,61.75,Coffee,0.95,12.35,49.4,3
2025-03-20,Downtown,Croissant,32,3.25,104.0,Bakery,1.3,41.6,62.4,3
2025-03-20,Downtown,Espresso,30,3.0,90.0,Coffee,0.55,16.5,73.5,3
2025-03-20,Downtown,Latte,52,4.5,234.0,Coffee,1.1,57.2,176.8,3
2025-03-20,Riverside,Blueberry Muffin,15,2.95,44.25,Bakery,1.1,16.5,27.75,3
2025-03-20,Riverside,Cappuccino,21,4.25,89.25,Coffee,1.0,21.0,68.25,3
2025-03-20,Riverside,Cold Brew,10,4.75,47.5,Coffee,0.95,9.5,38.0,3
2025-03-20,Riverside,Croissant,19,3.25,61.75,Bakery,1.3,24.7,37.05,3
2025-03-20,Riverside,Espresso,16,3.0,48.0,Coffee,0.55,8.8,39.2,3
2025-03-20,Riverside,Latte,32,4.5,144.0,Coffee,1.1,35.2,108.8,3
2025-03-20,University,Blueberry Muffin,17,2.95,50.15,Bakery,1.1,18.700000000000003,31.449999999999996,3
2025-03-20,University,Cappuccino,24,4.25,102.0,Coffee,1.0,24.0,78.0,3
2025-03-20,University,Cold Brew,16,4.75,76.0,Coffee,0.95,15.2,60.8,3
2025-03-20,University,Croissant,22,3.25,71.5,Bakery,1.3,28.6,42.9,3
2025-03-20,University,Espresso,18,3.0,54.0,Coffee,0.55,9.9,44.1,3
2025-03-20,University,Latte,36,4.5,162.0,Coffee,1.1,39.6,122.4,3
2025-03-21,Downtown,Blueberry Muffin,20,2.95,59.0,Bakery,1.1,22.0,37.0,3
2025-03-21,Downtown,Cappuccino,32,4.25,136.0,Coffee,1.0,32.0,104.0,3
2025-03-21,Downtown,Cold Brew,18,4.75,85.5,Coffee,0.95,17.099999999999998,68.4,3
2025-03-21,Downtown,Croissant,26,3.25,84.5,Bakery,1.3,33.800000000000004,50.699999999999996,3
2025-03-21,Downtown,Espresso,24,3.0,72.0,Coffee,0.55,13.200000000000001,58.8,3
2025-03-21,Downtown,Latte,48,4.5,216.0,Coffee,1.1,52.800000000000004,163.2,3
2025-03-21,Riverside,Blueberry Muffin,13,2.95,38.35,Bakery,1.1,14.3,24.05,3
2025-03-21,Riverside,Cappuccino,20,4.25,85.0,Coffee,1.0,20.0,65.0,3
2025-03-21,Riverside,Cold Brew,13,4.75,61.75,Coffee,0.95,12.35,49.4,3
2025-03-21,Riverside,Croissant,19,3.25,61.75,Bakery,1.3,24.7,37.05,3
2025-03-21,Riverside,Espresso,16,3.0,48.0,Coffee,0.55,8.8,39.2,3
2025-03-21,Riverside,Latte,31,4.5,139.5,Coffee,1.1,34.1,105.4,3
2025-03-21,University,Blueberry Muffin,21,2.95,61.95,Bakery,1.1,23.1,38.85,3
2025-03-21,University,Cappuccino,32,4.25,136.0,Coffee,1.0,32.0,104.0,3
2025-03-21,University,Cold Brew,14,4.75,66.5,Coffee,0.95,13.299999999999999,53.2,3
2025-03-21,University,Croissant,23,3.25,74.75,Bakery,1.3,29.900000000000002,44.849999999999994,3
2025-03-21,University,Espresso,23,3.0,69.0,Coffee,0.55,12.65,56.35,3
2025-03-21,University,Latte,39,4.5,175.5,Coffee,1.1,42.900000000000006,132.6,3
2025-03-22,Downtown,Blueberry Muffin,21,2.95,61.95,Bakery,1.1,23.1,38.85,3
2025-03-22,Downtown,Cappuccino,35,4.25,148.75,Coffee,1.0,35.0,113.75,3
2025-03-22,Downtown,Cold Brew,28,4.75,133.0,Coffee,0.95,26.599999999999998,106.4,3
2025-03-22,Downtown,Croissant,30,3.25,97.5,Bakery,1.3,39.0,58.5,3
2025-03-22,Downtown,Espresso,29,3.0,87.0,Coffee,0.55,15.950000000000001,71.05,3
2025-03-22,Downtown,Latte,56,4.5,252.0,Coffee,1.1,61.60000000000001,190.39999999999998,3
2025-03-22,Riverside,Blueberry Muffin,16,2.95,47.2,Bakery,1.1,17.6,29.6,3
2025-03-22,Riverside,Cappuccino,26,4.25,110.5,Coffee,1.0,26.0,84.5,3
2025-03-22,Riverside,Cold Brew,14,4.75,66.5,Coffee,0.95,13.299999999999999,53.2,3
2025-03-22,Riverside,Croissant,23,3.25,74.75,Bakery,1.3,29.900000000000002,44.849999999999994,3
2025-03-22,Riverside,Espresso,22,3.0,66.0,Coffee,0.55,12.100000000000001,53.9,3
2025-03-22,Riverside,Latte,35,4.5,157.5,Coffee,1.1,38.5,119.0,3
2025-03-22,University,Blueberry Muffin,12,2.95,35.4,Bakery,1.1,13.200000000000001,22.199999999999996,3
2025-03-22,University,Cappuccino,18,4.25,76.5,Coffee,1.0,18.0,58.5,3
2025-03-22,University,Cold Brew,13,4.75,61.75,Coffee,0.95,12.35,49.4,3
2025-03-22,University,Croissant,15,3.25,48.75,Bakery,1.3,19.5,29.25,3
2025-03-22,University,Espresso,14,3.0,42.0,Coffee,0.55,7.700000000000001,34.3,3
2025-03-22,University,Latte,25,4.5,112.5,Coffee,1.1,27.500000000000004,85.0,3
2025-03-23,Downtown,Blueberry Muffin,25,2.95,73.75,Bakery,1.1,27.500000000000004,46.25,3
2025-03-23,Downtown,Cappuccino,48,4.25,204.0,Coffee,1.0,48.0,156.0,3
2025-03-23,Downtown,Cold Brew,34,4.75,161.5,Coffee,0.95,32.3,129.2,3
2025-03-23,Downtown,Croissant,38,3.25,123.5,Bakery,1.3,49.4,74.1,3
2025-03-23,Downtown,Espresso,35,3.0,105.0,Coffee,0.55,19.25,85.75,3
2025-03-23,Downtown,Latte,66,4.5,297.0,Coffee,1.1,72.60000000000001,224.39999999999998,3
2025-03-23,Riverside,Blueberry Muffin,16,2.95,47.2,Bakery,1.1,17.6,29.6,3
2025-03-23,Riverside,Cappuccino,24,4.25,102.0,Coffee,1.0,24.0,78.0,3
2025-03-23,Riverside,Cold Brew,22,4.75,104.5,Coffee,0.95,20.9,83.6,3
2025-03-23,Riverside,Croissant,21,3.25,68.25,Bakery,1.3,27.3,40.95,3
2025-03-23,Riverside,Espresso,17,3.0,51.0,Coffee,0.55,9.350000000000001,41.65,3
2025-03-23,Riverside,Latte,32,4.5,144.0,Coffee,1.1,35.2,108.8,3
2025-03-23,University,Blueberry Muffin,16,2.95,47.2,Bakery,1.1,17.6,29.6,3
2025-03-23,University,Cappuccino,24,4.25,102.0,Coffee,1.0,24.0,78.0,3
2025-03-23,University,Cold Brew,11,4.75,52.25,Coffee,0.95,10.45,41.8,3
2025-03-23,University,Croissant,22,3.25,71.5,Bakery,1.3,28.6,42.9,3
2025-03-23,University,Espresso,21,3.0,63.0,Coffee,0.55,11.55,51.45,3
2025-03-23,University,Latte,32,4.5,144.0,Coffee,1.1,35.2,108.8,3
2025-03-24,Downtown,Blueberry Muffin,23,2.95,67.85,Bakery,1.1,25.3,42.55,3
2025-03-24,Downtown,Cappuccino,34,4.25,144.5,Coffee,1.0,34.0,110.5,3
2025-03-24,Downtown,Cold Brew,24,4.75,114.0,Coffee,0.95,22.799999999999997,91.2,3
2025-03-24,Downtown,Croissant,32,3.25,104.0,Bakery,1.3,41.6,62.4,3
2025-03-24,Downtown,Espresso,27,3.0,81.0,Coffee,0.55,14.850000000000001,66.15,3
2025-03-24,Downtown,Latte,46,4.5,207.0,Coffee,1.1,50.6,156.4,3
2025-03-24,Riverside,Blueberry Muffin,15,2.95,44.25,Bakery,1.1,16.5,27.75,3
2025-03-24,Riverside,Cappuccino,23,4.25,97.75,Coffee,1.0,23.0,74.75,3
2025-03-24,Riverside,Cold Brew,16,4.75,76.0,Coffee,0.95,15.2,60.8,3
2025-03-24,Riverside,Croissant,22,3.25,71.5,Bakery,1.3,28.6,42.9,3
2025-03-24,Riverside,Espresso,18,3.0,54.0,Coffee,0.55,9.9,44.1,3
2025-03-24,Riverside,Latte,34,4.5,153.0,Coffee,1.1,37.400000000000006,115.6,3
2025-03-24,University,Blueberry Muffin,19,2.95,56.05,Bakery,1.1,20.900000000000002,35.14999999999999,3
2025-03-24,University,Cappuccino,33,4.25,140.25,Coffee,1.0,33.0,107.25,3
2025-03-24,University,Cold Brew,16,4.75,76.0,Coffee,0.95,15.2,60.8,3
2025-03-24,University,Croissant,28,3.25,91.0,Bakery,1.3,36.4,54.6,3
2025-03-24,University,Espresso,23,3.0,69.0,Coffee,0.55,12.65,56.35,3
2025-03-24,University,Latte,44,4.5,198.0,Coffee,1.1,48.400000000000006,149.6,3
2025-03-25,Downtown,Blueberry Muffin,23,2.95,67.85,Bakery,1.1,25.3,42.55,3
2025-03-25,Downtown,Cappuccino,40,4.25,170.0,Coffee,1.0,40.0,130.0,3
2025-03-25,Downtown,Cold Brew,23,4.75,109.25,Coffee,0.95,21.849999999999998,87.4,3
2025-03-25,Downtown,Croissant,35,3.25,113.75,Bakery,1.3,45.5,68.25,3
2025-03-25,Downtown,Espresso,31,3.0,93.0,Coffee,0.55,17.05,75.95,3
2025-03-25,Downtown,Latte,55,4.5,247.5,Coffee,1.1,60.50000000000001,187.0,3
2025-03-25,Riverside,Blueberry Muffin,13,2.95,38.35,Bakery,1.1,14.3,24.05,3
2025-03-25,Riverside,Cappuccino,22,4.25,93.5,Coffee,1.0,22.0,71.5,3
2025-03-25,Riverside,Cold Brew,10,4.75,47.5,Coffee,0.95,9.5,38.0,3
2025-03-25,Riverside,Croissant,17,3.25,55.25,Bakery,1.3,22.1,33.15,3
2025-03-25,Riverside,Espresso,18,3.0,54.0,Coffee,0.55,9.9,44.1,3
2025-03-25,Riverside,Latte,30,4.5,135.0,Coffee,1.1,33.0,102.0,3
2025-03-25,University,Blueberry Muffin,24,2.95,70.8,Bakery,1.1,26.400000000000002,44.39999999999999,3
2025-03-25,University,Cappuccino,36,4.25,153.0,Coffee,1.0,36.0,117.0,3
2025-03-25,University,Cold Brew,16,4.75,76.0,Coffee,0.95,15.2,60.8,3
2025-03-25,University,Croissant,24,3.25,78.0,Bakery,1.3,31.200000000000003,46.8,3
2025-03-25,University,Espresso,25,3.0,75.0,Coffee,0.55,13.750000000000002,61.25,3
2025-03-25,University,Latte,44,4.5,198.0,Coffee,1.1,48.400000000000006,149.6,3
2025-03-26,Downtown,Blueberry Muffin,26,2.95,76.7,Bakery,1.1,28.6,48.1,3
2025-03-26,Downtown,Cappuccino,37,4.25,157.25,Coffee,1.0,37.0,120.25,3
2025-03-26,Downtown,Cold Brew,18,4.75,85.5,Coffee,0.95,17.099999999999998,68.4,3
2025-03-26,Downtown,Croissant,29,3.25,94.25,Bakery,1.3,37.7,56.55,3
2025-03-26,Downtown,Espresso,25,3.0,75.0,Coffee,0.55,13.750000000000002,61.25,3
2025-03-26,Downtown,Latte,47,4.5,211.5,Coffee,1.1,51.7,159.8,3
2025-03-26,Riverside,Blueberry Muffin,11,2.95,32.45,Bakery,1.1,12.100000000000001,20.35,3
2025-03-26,Riverside,Cappuccino,18,4.25,76.5,Coffee,1.0,18.0,58.5,3
2025-03-26,Riverside,Cold Brew,7,4.75,33.25,Coffee,0.95,6.6499999999999995,26.6,3
2025-03-26,Riverside,Croissant,14,3.25,45.5,Bakery,1.3,18.2,27.3,3
2025-03-26,Riverside,Espresso,15,3.0,45.0,Coffee,0.55,8.25,36.75,3
2025-03-26,Riverside,Latte,27,4.5,121.5,Coffee,1.1,29.700000000000003,91.8,3
2025-03-26,University,Blueberry Muffin,25,2.95,73.75,Bakery,1.1,27.500000000000004,46.25,3
2025-03-26,University,Cappuccino,37,4.25,157.25,Coffee,1.0,37.0,120.25,3
2025-03-26,University,Cold Brew,14,4.75,66.5,Coffee,0.95,13.299999999999999,53.2,3
2025-03-26,University,Croissant,29,3.25,94.25,Bakery,1.3,37.7,56.55,3
2025-03-26,University,Espresso,27,3.0,81.0,Coffee,0.55,14.850000000000001,66.15,3
2025-03-26,University,Latte,47,4.5,211.5,Coffee,1.1,51.7,159.8,3
2025-03-27,Downtown,Blueberry Muffin,24,2.95,70.8,Bakery,1.1,26.400000000000002,44.39999999999999,3
2025-03-27,Downtown,Cappuccino,34,4.25,144.5,Coffee,1.0,34.0,110.5,3
2025-03-27,Downtown,Cold Brew,17,4.75,80.75,Coffee,0.95,16.15,64.6,3
2025-03-27,Downtown,Croissant,29,3.25,94.25,Bakery,1.3,37.7,56.55,3
2025-03-27,Downtown,Espresso,25,3.0,75.0,Coffee,0.55,13.750000000000002,61.25,3
2025-03-27,Downtown,Latte,47,4.5,211.5,Coffee,1.1,51.7,159.8,3
2025-03-27,Riverside,Blueberry Muffin,12,2.95,35.4,Bakery,1.1,13.200000000000001,22.199999999999996,3
2025-03-27,Riverside,Cappuccino,15,4.25,63.75,Coffee,1.0,15.0,48.75,3
2025-03-27,Riverside,Cold Brew,14,4.75,66.5,Coffee,0.95,13.299999999999999,53.2,3
2025-03-27,Riverside,Croissant,16,3.25,52.0,Bakery,1.3,20.8,31.2,3
2025-03-27,Riverside,Espresso,14,3.0,42.0,Coffee,0.55,7.700000000000001,34.3,3
2025-03-27,Riverside,Latte,25,4.5,112.5,Coffee,1.1,27.500000000000004,85.0,3
2025-03-27,University,Blueberry Muffin,20,2.95,59.0,Bakery,1.1,22.0,37.0,3
2025-03-27,University,Cappuccino,27,4.25,114.75,Coffee,1.0,27.0,87.75,3
2025-03-27,University,Cold Brew,21,4.75,99.75,Coffee,0.95,19.95,79.8,3
2025-03-27,University,Croissant,27,3.25,87.75,Bakery,1.3,35.1,52.65,3
2025-03-27,University,Espresso,25,3.0,75.0,Coffee,0.55,13.750000000000002,61.25,3
2025-03-27,University,Latte,42,4.5,189.0,Coffee,1.1,46.2,142.8,3
2025-03-28,Downtown,Blueberry Muffin,28,2.95,82.6,Bakery,1.1,30.800000000000004,51.79999999999999,3
2025-03-28,Downtown,Cappuccino,42,4.25,178.5,Coffee,1.0,42.0,136.5,3
2025-03-28,Downtown,Cold Brew,20,4.75,95.0,Coffee,0.95,19.0,76.0,3
2025-03-28,Downtown,Croissant,37,3.25,120.25,Bakery,1.3,48.1,72.15,3
2025-03-28,Downtown,Espresso,35,3.0,105.0,Coffee,0.55,19.25,85.75,3
2025-03-28,Downtown,Latte,66,4.5,297.0,Coffee,1.1,72.60000000000001,224.39999999999998,3
2025-03-28,Riverside,Blueberry Muffin,11,2.95,32.45,Bakery,1.1,12.100000000000001,20.35,3
2025-03-28,Riverside,Cappuccino,19,4.25,80.75,Coffee,1.0,19.0,61.75,3
2025-03-28,Riverside,Cold Brew,14,4.75,66.5,Coffee,0.95,13.299999999999999,53.2,3
2025-03-28,Riverside,Croissant,16,3.25,52.0,Bakery,1.3,20.8,31.2,3
2025-03-28,Riverside,Espresso,13,3.0,39.0,Coffee,0.55,7.15,31.85,3
2025-03-28,Riverside,Latte,30,4.5,135.0,Coffee,1.1,33.0,102.0,3
2025-03-28,University,Blueberry Muffin,16,2.95,47.2,Bakery,1.1,17.6,29.6,3
2025-03-28,University,Cappuccino,30,4.25,127.5,Coffee,1.0,30.0,97.5,3
2025-03-28,University,Cold Brew,15,4.75,71.25,Coffee,0.95,14.25,57.0,3
2025-03-28,University,Croissant,28,3.25,91.0,Bakery,1.3,36.4,54.6,3
2025-03-28,University,Espresso,23,3.0,69.0,Coffee,0.55,12.65,56.35,3
2025-03-28,University,Latte,44,4.5,198.0,Coffee,1.1,48.400000000000006,149.6,3
2025-03-29,Downtown,Blueberry Muffin,25,2.95,73.75,Bakery,1.1,27.500000000000004,46.25,3
2025-03-29,Downtown,Cappuccino,47,4.25,199.75,Coffee,1.0,47.0,152.75,3
2025-03-29,Downtown,Cold Brew,25,4.75,118.75,Coffee,0.95,23.75,95.0,3
2025-03-29,Downtown,Croissant,36,3.25,117.0,Bakery,1.3,46.800000000000004,70.19999999999999,3
2025-03-29,Downtown,Espresso,34,3.0,102.0,Coffee,0.55,18.700000000000003,83.3,3
2025-03-29,Downtown,Latte,60,4.5,270.0,Coffee,1.1,66.0,204.0,3
2025-03-29,Riverside,Blueberry Muffin,19,2.95,56.05,Bakery,1.1,20.900000000000002,35.14999999999999,3
2025-03-29,Riverside,Cappuccino,26,4.25,110.5,Coffee,1.0,26.0,84.5,3
2025-03-29,Riverside,Cold Brew,15,4.75,71.25,Coffee,0.95,14.25,57.0,3
2025-03-29,Riverside,Croissant,21,3.25,68.25,Bakery,1.3,27.3,40.95,3
2025-03-29,Riverside,Espresso,19,3.0,57.0,Coffee,0.55,10.450000000000001,46.55,3
2025-03-29,Riverside,Latte,36,4.5,162.0,Coffee,1.1,39.6,122.4,3
2025-03-29,University,Blueberry Muffin,11,2.95,32.45,Bakery,1.1,12.100000000000001,20.35,3
2025-03-29,University,Cappuccino,20,4.25,85.0,Coffee,1.0,20.0,65.0,3
2025-03-29,University,Cold Brew,10,4.75,47.5,Coffee,0.95,9.5,38.0,3
2025-03-29,University,Croissant,16,3.25,52.0,Bakery,1.3,20.8,31.2,3
2025-03-29,University,Espresso,17,3.0,51.0,Coffee,0.55,9.350000000000001,41.65,3
2025-03-29,University,Latte,27,4.5,121.5,Coffee,1.1,29.700000000000003,91.8,3
2025-03-30,Downtown,Blueberry Muffin,30,2.95,88.5,Bakery,1.1,33.0,55.5,3
2025-03-30,Downtown,Cappuccino,44,4.25,187.0,Coffee,1.0,44.0,143.0,3
2025-03-30,Downtown,Cold Brew,28,4.75,133.0,Coffee,0.95,26.599999999999998,106.4,3
2025-03-30,Downtown,Croissant,46,3.25,149.5,Bakery,1.3,59.800000000000004,89.69999999999999,3
2025-03-30,Downtown,Espresso,37,3.0,111.0,Coffee,0.55,20.35,90.65,3
2025-03-30,Downtown,Latte,69,4.5,310.5,Coffee,1.1,75.9,234.6,3
2025-03-30,Riverside,Blueberry Muffin,16,2.95,47.2,Bakery,1.1,17.6,29.6,3
2025-03-30,Riverside,Cappuccino,27,4.25,114.75,Coffee,1.0,27.0,87.75,3
2025-03-30,Riverside,Cold Brew,9,4.75,42.75,Coffee,0.95,8.549999999999999,34.2,3
2025-03-30,Riverside,Croissant,20,3.25,65.0,Bakery,1.3,26.0,39.0,3
2025-03-30,Riverside,Espresso,19,3.0,57.0,Coffee,0.55,10.450000000000001,46.55,3
2025-03-30,Riverside,Latte,42,4.5,189.0,Coffee,1.1,46.2,142.8,3
2025-03-30,University,Blueberry Muffin,12,2.95,35.4,Bakery,1.1,13.200000000000001,22.199999999999996,3
2025-03-30,University,Cappuccino,24,4.25,102.0,Coffee,1.0,24.0,78.0,3
2025-03-30,University,Cold Brew,11,4.75,52.25,Coffee,0.95,10.45,41.8,3
2025-03-30,University,Croissant,19,3.25,61.75,Bakery,1.3,24.7,37.05,3
2025-03-30,University,Espresso,20,3.0,60.0,Coffee,0.55,11.0,49.0,3
2025-03-30,University,Latte,33,4.5,148.5,Coffee,1.1,36.300000000000004,112.19999999999999,3
2025-03-31,Downtown,Blueberry Muffin,27,2.95,79.65,Bakery,1.1,29.700000000000003,49.95,3
2025-03-31,Downtown,Cappuccino,40,4.25,170.0,Coffee,1.0,40.0,130.0,3
2025-03-31,Downtown,Cold Brew,19,4.75,90.25,Coffee,0.95,18.05,72.2,3
2025-03-31,Downtown,Croissant,29,3.25,94.25,Bakery,1.3,37.7,56.55,3
2025-03-31,Downtown,Espresso,30,3.0,90.0,Coffee,0.55,16.5,73.5,3
2025-03-31,Downtown,Latte,50,4.5,225.0,Coffee,1.1,55.00000000000001,170.0,3
2025-03-31,Riverside,Blueberry Muffin,14,2.95,41.3,Bakery,1.1,15.400000000000002,25.899999999999995,3
2025-03-31,Riverside,Cappuccino,21,4.25,89.25,Coffee,1.0,21.0,68.25,3
2025-03-31,Riverside,Cold Brew,12,4.75,57.0,Coffee,0.95,11.399999999999999,45.6,3
2025-03-31,Riverside,Croissant,17,3.25,55.25,Bakery,1.3,22.1,33.15,3
2025-03-31,Riverside,Espresso,18,3.0,54.0,Coffee,0.55,9.9,44.1,3
2025-03-31,Riverside,Latte,29,4.5,130.5,Coffee,1.1,31.900000000000002,98.6,3
2025-03-31,University,Blueberry Muffin,22,2.95,64.9,Bakery,1.1,24.200000000000003,40.7,3
2025-03-31,University,Cappuccino,32,4.25,136.0,Coffee,1.0,32.0,104.0,3
2025-03-31,University,Cold Brew,15,4.75,71.25,Coffee,0.95,14.25,57.0,3
2025-03-31,University,Croissant,29,3.25,94.25,Bakery,1.3,37.7,56.55,3
2025-03-31,University,Espresso,25,3.0,75.0,Coffee,0.55,13.750000000000002,61.25,3
2025-03-31,University,Latte,42,4.5,189.0,Coffee,1.1,46.2,142.8,3
2025-04-01,Downtown,Blueberry Muffin,21,2.95,61.95,Bakery,1.1,23.1,38.85,4
2025-04-01,Downtown,Cappuccino,35,4.25,148.75,Coffee,1.0,35.0,113.75,4
2025-04-01,Downtown,Cold Brew,18,4.75,85.5,Coffee,0.95,17.099999999999998,68.4,4
2025-04-01,Downtown,Croissant,26,3.25,84.5,Bakery,1.3,33.800000000000004,50.699999999999996,4
2025-04-01,Downtown,Espresso,30,3.0,90.0,Coffee,0.55,16.5,73.5,4
2025-04-01,Downtown,Latte,46,4.5,207.0,Coffee,1.1,50.6,156.4,4
2025-04-01,Riverside,Blueberry Muffin,12,2.95,35.4,Bakery,1.1,13.200000000000001,22.199999999999996,4
2025-04-01,Riverside,Cappuccino,21,4.25,89.25,Coffee,1.0,21.0,68.25,4
2025-04-01,Riverside,Cold Brew,10,4.75,47.5,Coffee,0.95,9.5,38.0,4
2025-04-01,Riverside,Croissant,18,3.25,58.5,Bakery,1.3,23.400000000000002,35.099999999999994,4
2025-04-01,Riverside,Espresso,16,3.0,48.0,Coffee,0.55,8.8,39.2,4
2025-04-01,Riverside,Latte,32,4.5,144.0,Coffee,1.1,35.2,108.8,4
2025-04-01,University,Blueberry Muffin,15,2.95,44.25,Bakery,1.1,16.5,27.75,4
2025-04-01,University,Cappuccino,27,4.25,114.75,Coffee,1.0,27.0,87.75,4
2025-04-01,University,Cold Brew,19,4.75,90.25,Coffee,0.95,18.05,72.2,4
2025-04-01,University,Croissant,25,3.25,81.25,Bakery,1.3,32.5,48.75,4
2025-04-01,University,Espresso,18,3.0,54.0,Coffee,0.55,9.9,44.1,4
2025-04-01,University,Latte,38,4.5,171.0,Coffee,1.1,41.800000000000004,129.2,4
2025-04-02,Downtown,Blueberry Muffin,23,2.95,67.85,Bakery,1.1,25.3,42.55,4
2025-04-02,Downtown,Cappuccino,38,4.25,161.5,Coffee,1.0,38.0,123.5,4
2025-04-02,Downtown,Cold Brew,27,4.75,128.25,Coffee,0.95,25.65,102.6,4
2025-04-02,Downtown,Croissant,35,3.25,113.75,Bakery,1.3,45.5,68.25,4
2025-04-02,Downtown,Espresso,35,3.0,105.0,Coffee,0.55,19.25,85.75,4
2025-04-02,Downtown,Latte,64,4.5,288.0,Coffee,1.1,70.4,217.6,4
2025-04-02,Riverside,Blueberry Muffin,15,2.95,44.25,Bakery,1.1,16.5,27.75,4
2025-04-02,Riverside,Cappuccino,19,4.25,80.75,Coffee,1.0,19.0,61.75,4
2025-04-02,Riverside,Cold Brew,15,4.75,71.25,Coffee,0.95,14.25,57.0,4
2025-04-02,Riverside,Croissant,17,3.25,55.25,Bakery,1.3,22.1,33.15,4
2025-04-02,Riverside,Espresso,16,3.0,48.0,Coffee,0.55,8.8,39.2,4
2025-04-02,Riverside,Latte,29,4.5,130.5,Coffee,1.1,31.900000000000002,98.6,4
2025-04-02,University,Blueberry Muffin,23,2.95,67.85,Bakery,1.1,25.3,42.55,4
2025-04-02,University,Cappuccino,29,4.25,123.25,Coffee,1.0,29.0,94.25,4
2025-04-02,University,Cold Brew,12,4.75,57.0,Coffee,0.95,11.399999999999999,45.6,4
2025-04-02,University,Croissant,24,3.25,78.0,Bakery,1.3,31.200000000000003,46.8,4
2025-04-02,University,Espresso,25,3.0,75.0,Coffee,0.55,13.750000000000002,61.25,4
2025-04-02,University,Latte,47,4.5,211.5,Coffee,1.1,51.7,159.8,4
2025-04-03,Downtown,Blueberry Muffin,24,2.95,70.8,Bakery,1.1,26.400000000000002,44.39999999999999,4
2025-04-03,Downtown,Cappuccino,43,4.25,182.75,Coffee,1.0,43.0,139.75,4
2025-04-03,Downtown,Cold Brew,24,4.75,114.0,Coffee,0.95,22.799999999999997,91.2,4
2025-04-03,Downtown,Croissant,38,3.25,123.5,Bakery,1.3,49.4,74.1,4
2025-04-03,Downtown,Espresso,32,3.0,96.0,Coffee,0.55,17.6,78.4,4
2025-04-03,Downtown,Latte,54,4.5,243.0,Coffee,1.1,59.400000000000006,183.6,4
2025-04-03,Riverside,Blueberry Muffin,14,2.95,41.3,Bakery,1.1,15.400000000000002,25.899999999999995,4
2025-04-03,Riverside,Cappuccino,19,4.25,80.75,Coffee,1.0,19.0,61.75,4
2025-04-03,Riverside,Cold Brew,8,4.75,38.0,Coffee,0.95,7.6,30.4,4
2025-04-03,Riverside,Croissant,17,3.25,55.25,Bakery,1.3,22.1,33.15,4
2025-04-03,Riverside,Espresso,14,3.0,42.0,Coffee,0.55,7.700000000000001,34.3,4
2025-04-03,Riverside,Latte,28,4.5,126.0,Coffee,1.1,30.800000000000004,95.19999999999999,4
2025-04-03,University,Blueberry Muffin,26,2.95,76.7,Bakery,1.1,28.6,48.1,4
2025-04-03,University,Cappuccino,35,4.25,148.75,Coffee,1.0,35.0,113.75,4
2025-04-03,University,Cold Brew,18,4.75,85.5,Coffee,0.95,17.099999999999998,68.4,4
2025-04-03,University,Croissant,29,3.25,94.25,Bakery,1.3,37.7,56.55,4
2025-04-03,University,Espresso,24,3.0,72.0,Coffee,0.55,13.200000000000001,58.8,4
2025-04-03,University,Latte,47,4.5,211.5,Coffee,1.1,51.7,159.8,4
2025-04-04,Downtown,Blueberry Muffin,28,2.95,82.6,Bakery,1.1,30.800000000000004,51.79999999999999,4
2025-04-04,Downtown,Cappuccino,44,4.25,187.0,Coffee,1.0,44.0,143.0,4
2025-04-04,Downtown,Cold Brew,16,4.75,76.0,Coffee,0.95,15.2,60.8,4
2025-04-04,Downtown,Croissant,38,3.25,123.5,Bakery,1.3,49.4,74.1,4
2025-04-04,Downtown,Espresso,31,3.0,93.0,Coffee,0.55,17.05,75.95,4
2025-04-04,Downtown,Latte,60,4.5,270.0,Coffee,1.1,66.0,204.0,4
2025-04-04,Riverside,Blueberry Muffin,8,2.95,23.6,Bakery,1.1,8.8,14.8,4
2025-04-04,Riverside,Cappuccino,19,4.25,80.75,Coffee,1.0,19.0,61.75,4
2025-04-04,Riverside,Cold Brew,8,4.75,38.0,Coffee,0.95,7.6,30.4,4
2025-04-04,Riverside,Croissant,16,3.25,52.0,Bakery,1.3,20.8,31.2,4
2025-04-04,Riverside,Espresso,14,3.0,42.0,Coffee,0.55,7.700000000000001,34.3,4
2025-04-04,Riverside,Latte,28,4.5,126.0,Coffee,1.1,30.800000000000004,95.19999999999999,4
2025-04-04,University,Blueberry Muffin,26,2.95,76.7,Bakery,1.1,28.6,48.1,4
2025-04-04,University,Cappuccino,43,4.25,182.75,Coffee,1.0,43.0,139.75,4
2025-04-04,University,Cold Brew,15,4.75,71.25,Coffee,0.95,14.25,57.0,4
2025-04-04,University,Croissant,37,3.25,120.25,Bakery,1.3,48.1,72.15,4
2025-04-04,University,Espresso,33,3.0,99.0,Coffee,0.55,18.150000000000002,80.85,4
2025-04-04,University,Latte,62,4.5,279.0,Coffee,1.1,68.2,210.8,4
2025-04-05,Downtown,Blueberry Muffin,26,2.95,76.7,Bakery,1.1,28.6,48.1,4
2025-04-05,Downtown,Cappuccino,38,4.25,161.5,Coffee,1.0,38.0,123.5,4
2025-04-05,Downtown,Cold Brew,25,4.75,118.75,Coffee,0.95,23.75,95.0,4
2025-04-05,Downtown,Croissant,38,3.25,123.5,Bakery,1.3,49.4,74.1,4
2025-04-05,Downtown,Espresso,28,3.0,84.0,Coffee,0.55,15.400000000000002,68.6,4
2025-04-05,Downtown,Latte,57,4.5,256.5,Coffee,1.1,62.7,193.8,4
2025-04-05,Riverside,Blueberry Muffin,14,2.95,41.3,Bakery,1.1,15.400000000000002,25.899999999999995,4
2025-04-05,Riverside,Cappuccino,29,4.25,123.25,Coffee,1.0,29.0,94.25,4
2025-04-05,Riverside,Cold Brew,12,4.75,57.0,Coffee,0.95,11.399999999999999,45.6,4
2025-04-05,Riverside,Croissant,22,3.25,71.5,Bakery,1.3,28.6,42.9,4
2025-04-05,Riverside,Espresso,18,3.0,54.0,Coffee,0.55,9.9,44.1,4
2025-04-05,Riverside,Latte,37,4.5,166.5,Coffee,1.1,40.7,125.8,4
2025-04-05,University,Blueberry Muffin,13,2.95,38.35,Bakery,1.1,14.3,24.05,4
2025-04-05,University,Cappuccino,22,4.25,93.5,Coffee,1.0,22.0,71.5,4
2025-04-05,University,Cold Brew,10,4.75,47.5,Coffee,0.95,9.5,38.0,4
2025-04-05,University,Croissant,15,3.25,48.75,Bakery,1.3,19.5,29.25,4
2025-04-05,University,Espresso,15,3.0,45.0,Coffee,0.55,8.25,36.75,4
2025-04-05,University,Latte,31,4.5,139.5,Coffee,1.1,34.1,105.4,4
2025-04-06,Downtown,Blueberry Muffin,27,2.95,79.65,Bakery,1.1,29.700000000000003,49.95,4
2025-04-06,Downtown,Cappuccino,38,4.25,161.5,Coffee,1.0,38.0,123.5,4
2025-04-06,Downtown,Cold Brew,20,4.75,95.0,Coffee,0.95,19.0,76.0,4
2025-04-06,Downtown,Croissant,28,3.25,91.0,Bakery,1.3,36.4,54.6,4
2025-04-06,Downtown,Espresso,31,3.0,93.0,Coffee,0.55,17.05,75.95,4
2025-04-06,Downtown,Latte,64,4.5,288.0,Coffee,1.1,70.4,217.6,4
2025-04-06,Riverside,Blueberry Muffin,18,2.95,53.1,Bakery,1.1,19.8,33.3,4
2025-04-06,Riverside,Cappuccino,27,4.25,114.75,Coffee,1.0,27.0,87.75,4
2025-04-06,Riverside,Cold Brew,13,4.75,61.75,Coffee,0.95,12.35,49.4,4
2025-04-06,Riverside,Croissant,23,3.25,74.75,Bakery,1.3,29.900000000000002,44.849999999999994,4
2025-04-06,Riverside,Espresso,21,3.0,63.0,Coffee,0.55,11.55,51.45,4
2025-04-06,Riverside,Latte,36,4.5,162.0,Coffee,1.1,39.6,122.4,4
2025-04-06,University,Blueberry Muffin,14,2.95,41.3,Bakery,1.1,15.400000000000002,25.899999999999995,4
2025-04-06,University,Cappuccino,21,4.25,89.25,Coffee,1.0,21.0,68.25,4
2025-04-06,University,Cold Brew,10,4.75,47.5,Coffee,0.95,9.5,38.0,4
2025-04-06,University,Croissant,19,3.25,61.75,Bakery,1.3,24.7,37.05,4
2025-04-06,University,Espresso,17,3.0,51.0,Coffee,0.55,9.350000000000001,41.65,4
2025-04-06,University,Latte,32,4.5,144.0,Coffee,1.1,35.2,108.8,4
2025-04-07,Downtown,Blueberry Muffin,25,2.95,73.75,Bakery,1.1,27.500000000000004,46.25,4
2025-04-07,Downtown,Cappuccino,39,4.25,165.75,Coffee,1.0,39.0,126.75,4
2025-04-07,Downtown,Cold Brew,16,4.75,76.0,Coffee,0.95,15.2,60.8,4
2025-04-07,Downtown,Croissant,33,3.25,107.25,Bakery,1.3,42.9,64.35,4
2025-04-07,Downtown,Espresso,26,3.0,78.0,Coffee,0.55,14.3,63.7,4
2025-04-07,Downtown,Latte,58,4.5,261.0,Coffee,1.1,63.800000000000004,197.2,4
2025-04-07,Riverside,Blueberry Muffin,13,2.95,38.35,Bakery,1.1,14.3,24.05,4
2025-04-07,Riverside,Cappuccino,22,4.25,93.5,Coffee,1.0,22.0,71.5,4
2025-04-07,Riverside,Cold Brew,7,4.75,33.25,Coffee,0.95,6.6499999999999995,26.6,4
2025-04-07,Riverside,Croissant,17,3.25,55.25,Bakery,1.3,22.1,33.15,4
2025-04-07,Riverside,Espresso,17,3.0,51.0,Coffee,0.55,9.350000000000001,41.65,4
2025-04-07,Riverside,Latte,32,4.5,144.0,Coffee,1.1,35.2,108.8,4
2025-04-07,University,Blueberry Muffin,16,2.95,47.2,Bakery,1.1,17.6,29.6,4
2025-04-07,University,Cappuccino,29,4.25,123.25,Coffee,1.0,29.0,94.25,4
2025-04-07,University,Cold Brew,11,4.75,52.25,Coffee,0.95,10.45,41.8,4
2025-04-07,University,Croissant,23,3.25,74.75,Bakery,1.3,29.900000000000002,44.849999999999994,4
2025-04-07,University,Espresso,21,3.0,63.0,Coffee,0.55,11.55,51.45,4
2025-04-07,University,Latte,44,4.5,198.0,Coffee,1.1,48.400000000000006,149.6,4
2025-04-08,Downtown,Blueberry Muffin,18,2.95,53.1,Bakery,1.1,19.8,33.3,4
2025-04-08,Downtown,Cappuccino,32,4.25,136.0,Coffee,1.0,32.0,104.0,4
2025-04-08,Downtown,Cold Brew,11,4.75,52.25,Coffee,0.95,10.45,41.8,4
2025-04-08,Downtown,Croissant,25,3.25,81.25,Bakery,1.3,32.5,48.75,4
2025-04-08,Downtown,Espresso,22,3.0,66.0,Coffee,0.55,12.100000000000001,53.9,4
2025-04-08,Downtown,Latte,48,4.5,216.0,Coffee,1.1,52.800000000000004,163.2,4
2025-04-08,Riverside,Blueberry Muffin,14,2.95,41.3,Bakery,1.1,15.400000000000002,25.899999999999995,4
2025-04-08,Riverside,Cappuccino,25,4.25,106.25,Coffee,1.0,25.0,81.25,4
2025-04-08,Riverside,Cold Brew,6,4.75,28.5,Coffee,0.95,5.699999999999999,22.8,4
2025-04-08,Riverside,Croissant,19,3.25,61.75,Bakery,1.3,24.7,37.05,4
2025-04-08,Riverside,Espresso,17,3.0,51.0,Coffee,0.55,9.350000000000001,41.65,4
2025-04-08,Riverside,Latte,34,4.5,153.0,Coffee,1.1,37.400000000000006,115.6,4
2025-04-08,University,Blueberry Muffin,16,2.95,47.2,Bakery,1.1,17.6,29.6,4
2025-04-08,University,Cappuccino,33,4.25,140.25,Coffee,1.0,33.0,107.25,4
2025-04-08,University,Cold Brew,10,4.75,47.5,Coffee,0.95,9.5,38.0,4
2025-04-08,University,Croissant,24,3.25,78.0,Bakery,1.3,31.200000000000003,46.8,4
2025-04-08,University,Espresso,22,3.0,66.0,Coffee,0.55,12.100000000000001,53.9,4
2025-04-08,University,Latte,43,4.5,193.5,Coffee,1.1,47.300000000000004,146.2,4
2025-04-09,Downtown,Blueberry Muffin,22,2.95,64.9,Bakery,1.1,24.200000000000003,40.7,4
2025-04-09,Downtown,Cappuccino,37,4.25,157.25,Coffee,1.0,37.0,120.25,4
2025-04-09,Downtown,Cold Brew,16,4.75,76.0,Coffee,0.95,15.2,60.8,4
2025-04-09,Downtown,Croissant,28,3.25,91.0,Bakery,1.3,36.4,54.6,4
2025-04-09,Downtown,Espresso,29,3.0,87.0,Coffee,0.55,15.950000000000001,71.05,4
2025-04-09,Downtown,Latte,50,4.5,225.0,Coffee,1.1,55.00000000000001,170.0,4
2025-04-09,Riverside,Blueberry Muffin,15,2.95,44.25,Bakery,1.1,16.5,27.75,4
2025-04-09,Riverside,Cappuccino,21,4.25,89.25,Coffee,1.0,21.0,68.25,4
2025-04-09,Riverside,Cold Brew,10,4.75,47.5,Coffee,0.95,9.5,38.0,4
2025-04-09,Riverside,Croissant,17,3.25,55.25,Bakery,1.3,22.1,33.15,4
2025-04-09,Riverside,Espresso,15,3.0,45.0,Coffee,0.55,8.25,36.75,4
2025-04-09,Riverside,Latte,33,4.5,148.5,Coffee,1.1,36.300000000000004,112.19999999999999,4
2025-04-09,University,Blueberry Muffin,21,2.95,61.95,Bakery,1.1,23.1,38.85,4
2025-04-09,University,Cappuccino,37,4.25,157.25,Coffee,1.0,37.0,120.25,4
2025-04-09,University,Cold Brew,14,4.75,66.5,Coffee,0.95,13.299999999999999,53.2,4
2025-04-09,University,Croissant,28,3.25,91.0,Bakery,1.3,36.4,54.6,4
2025-04-09,University,Espresso,26,3.0,78.0,Coffee,0.55,14.3,63.7,4
2025-04-09,University,Latte,51,4.5,229.5,Coffee,1.1,56.1,173.4,4
2025-04-10,Downtown,Blueberry Muffin,24,2.95,70.8,Bakery,1.1,26.400000000000002,44.39999999999999,4
2025-04-10,Downtown,Cappuccino,35,4.25,148.75,Coffee,1.0,35.0,113.75,4
2025-04-10,Downtown,Cold Brew,20,4.75,95.0,Coffee,0.95,19.0,76.0,4
2025-04-10,Downtown,Croissant,31,3.25,100.75,Bakery,1.3,40.300000000000004,60.449999999999996,4
2025-04-10,Downtown,Espresso,26,3.0,78.0,Coffee,0.55,14.3,63.7,4
2025-04-10,Downtown,Latte,50,4.5,225.0,Coffee,1.1,55.00000000000001,170.0,4
2025-04-10,Riverside,Blueberry Muffin,11,2.95,32.45,Bakery,1.1,12.100000000000001,20.35,4
2025-04-10,Riverside,Cappuccino,20,4.25,85.0,Coffee,1.0,20.0,65.0,4
2025-04-10,Riverside,Cold Brew,13,4.75,61.75,Coffee,0.95,12.35,49.4,4
2025-04-10,Riverside,Croissant,19,3.25,61.75,Bakery,1.3,24.7,37.05,4
2025-04-10,Riverside,Espresso,15,3.0,45.0,Coffee,0.55,8.25,36.75,4
2025-04-10,Riverside,Latte,30,4.5,135.0,Coffee,1.1,33.0,102.0,4
2025-04-10,University,Blueberry Muffin,20,2.95,59.0,Bakery,1.1,22.0,37.0,4
2025-04-10,University,Cappuccino,28,4.25,119.0,Coffee,1.0,28.0,91.0,4
2025-04-10,University,Cold Brew,12,4.75,57.0,Coffee,0.95,11.399999999999999,45.6,4
2025-04-10,University,Croissant,24,3.25,78.0,Bakery,1.3,31.200000000000003,46.8,4
2025-04-10,University,Espresso,23,3.0,69.0,Coffee,0.55,12.65,56.35,4
2025-04-10,University,Latte,37,4.5,166.5,Coffee,1.1,40.7,125.8,4
2025-04-11,Downtown,Blueberry Muffin,19,2.95,56.05,Bakery,1.1,20.900000000000002,35.14999999999999,4
2025-04-11,Downtown,Cappuccino,31,4.25,131.75,Coffee,1.0,31.0,100.75,4
2025-04-11,Downtown,Cold Brew,11,4.75,52.25,Coffee,0.95,10.45,41.8,4
2025-04-11,Downtown,Croissant,23,3.25,74.75,Bakery,1.3,29.900000000000002,44.849999999999994,4
2025-04-11,Downtown,Espresso,22,3.0,66.0,Coffee,0.55,12.100000000000001,53.9,4
2025-04-11,Downtown,Latte,46,4.5,207.0,Coffee,1.1,50.6,156.4,4
2025-04-11,Riverside,Blueberry Muffin,14,2.95,41.3,Bakery,1.1,15.400000000000002,25.899999999999995,4
2025-04-11,Riverside,Cappuccino,24,4.25,102.0,Coffee,1.0,24.0,78.0,4
2025-04-11,Riverside,Cold Brew,6,4.75,28.5,Coffee,0.95,5.699999999999999,22.8,4
2025-04-11,Riverside,Croissant,21,3.25,68.25,Bakery,1.3,27.3,40.95,4
2025-04-11,Riverside,Espresso,19,3.0,57.0,Coffee,0.55,10.450000000000001,46.55,4
2025-04-11,Riverside,Latte,37,4.5,166.5,Coffee,1.1,40.7,125.8,4
2025-04-11,University,Blueberry Muffin,20,2.95,59.0,Bakery,1.1,22.0,37.0,4
2025-04-11,University,Cappuccino,32,4.25,136.0,Coffee,1.0,32.0,104.0,4
2025-04-11,University,Cold Brew,14,4.75,66.5,Coffee,0.95,13.299999999999999,53.2,4
2025-04-11,University,Croissant,26,3.25,84.5,Bakery,1.3,33.800000000000004,50.699999999999996,4
2025-04-11,University,Espresso,22,3.0,66.0,Coffee,0.55,12.100000000000001,53.9,4
2025-04-11,University,Latte,47,4.5,211.5,Coffee,1.1,51.7,159.8,4
2025-04-12,Downtown,Blueberry Muffin,28,2.95,82.6,Bakery,1.1,30.800000000000004,51.79999999999999,4
2025-04-12,Downtown,Cappuccino,46,4.25,195.5,Coffee,1.0,46.0,149.5,4
2025-04-12,Downtown,Cold Brew,24,4.75,114.0,Coffee,0.95,22.799999999999997,91.2,4
2025-04-12,Downtown,Croissant,40,3.25,130.0,Bakery,1.3,52.0,78.0,4
2025-04-12,Downtown,Espresso,34,3.0,102.0,Coffee,0.55,18.700000000000003,83.3,4
2025-04-12,Downtown,Latte,73,4.5,328.5,Coffee,1.1,80.30000000000001,248.2,4
2025-04-12,Riverside,Blueberry Muffin,15,2.95,44.25,Bakery,1.1,16.5,27.75,4
2025-04-12,Riverside,Cappuccino,25,4.25,106.25,Coffee,1.0,25.0,81.25,4
2025-04-12,Riverside,Cold Brew,13,4.75,61.75,Coffee,0.95,12.35,49.4,4
2025-04-12,Riverside,Croissant,22,3.25,71.5,Bakery,1.3,28.6,42.9,4
2025-04-12,Riverside,Espresso,25,3.0,75.0,Coffee,0.55,13.750000000000002,61.25,4
2025-04-12,Riverside,Latte,39,4.5,175.5,Coffee,1.1,42.900000000000006,132.6,4
2025-04-12,University,Blueberry Muffin,15,2.95,44.25,Bakery,1.1,16.5,27.75,4
2025-04-12,University,Cappuccino,23,4.25,97.75,Coffee,1.0,23.0,74.75,4
2025-04-12,University,Cold Brew,9,4.75,42.75,Coffee,0.95,8.549999999999999,34.2,4
2025-04-12,University,Croissant,15,3.25,48.75,Bakery,1.3,19.5,29.25,4
2025-04-12,University,Espresso,17,3.0,51.0,Coffee,0.55,9.350000000000001,41.65,4
2025-04-12,University,Latte,35,4.5,157.5,Coffee,1.1,38.5,119.0,4
2025-04-13,Downtown,Blueberry Muffin,30,2.95,88.5,Bakery,1.1,33.0,55.5,4
2025-04-13,Downtown,Cappuccino,50,4.25,212.5,Coffee,1.0,50.0,162.5,4
2025-04-13,Downtown,Cold Brew,27,4.75,128.25,Coffee,0.95,25.65,102.6,4
2025-04-13,Downtown,Croissant,47,3.25,152.75,Bakery,1.3,61.1,91.65,4
2025-04-13,Downtown,Espresso,42,3.0,126.0,Coffee,0.55,23.1,102.9,4
2025-04-13,Downtown,Latte,69,4.5,310.5,Coffee,1.1,75.9,234.6,4
2025-04-13,Riverside,Blueberry Muffin,19,2.95,56.05,Bakery,1.1,20.900000000000002,35.14999999999999,4
2025-04-13,Riverside,Cappuccino,24,4.25,102.0,Coffee,1.0,24.0,78.0,4
2025-04-13,Riverside,Cold Brew,12,4.75,57.0,Coffee,0.95,11.399999999999999,45.6,4
2025-04-13,Riverside,Croissant,22,3.25,71.5,Bakery,1.3,28.6,42.9,4
2025-04-13,Riverside,Espresso,21,3.0,63.0,Coffee,0.55,11.55,51.45,4
2025-04-13,Riverside,Latte,37,4.5,166.5,Coffee,1.1,40.7,125.8,4
2025-04-13,University,Blueberry Muffin,16,2.95,47.2,Bakery,1.1,17.6,29.6,4
2025-04-13,University,Cappuccino,21,4.25,89.25,Coffee,1.0,21.0,68.25,4
2025-04-13,University,Cold Brew,11,4.75,52.25,Coffee,0.95,10.45,41.8,4
2025-04-13,University,Croissant,18,3.25,58.5,Bakery,1.3,23.400000000000002,35.099999999999994,4
2025-04-13,University,Espresso,18,3.0,54.0,Coffee,0.55,9.9,44.1,4
2025-04-13,University,Latte,31,4.5,139.5,Coffee,1.1,34.1,105.4,4
2025-04-14,Downtown,Blueberry Muffin,22,2.95,64.9,Bakery,1.1,24.200000000000003,40.7,4
2025-04-14,Downtown,Cappuccino,35,4.25,148.75,Coffee,1.0,35.0,113.75,4
2025-04-14,Downtown,Cold Brew,25,4.75,118.75,Coffee,0.95,23.75,95.0,4
2025-04-14,Downtown,Croissant,36,3.25,117.0,Bakery,1.3,46.800000000000004,70.19999999999999,4
2025-04-14,Downtown,Espresso,31,3.0,93.0,Coffee,0.55,17.05,75.95,4
2025-04-14,Downtown,Latte,54,4.5,243.0,Coffee,1.1,59.400000000000006,183.6,4
2025-04-14,Riverside,Blueberry Muffin,15,2.95,44.25,Bakery,1.1,16.5,27.75,4
2025-04-14,Riverside,Cappuccino,21,4.25,89.25,Coffee,1.0,21.0,68.25,4
2025-04-14,Riverside,Cold Brew,10,4.75,47.5,Coffee,0.95,9.5,38.0,4
2025-04-14,Riverside,Croissant,17,3.25,55.25,Bakery,1.3,22.1,33.15,4
2025-04-14,Riverside,Espresso,15,3.0,45.0,Coffee,0.55,8.25,36.75,4
2025-04-14,Riverside,Latte,28,4.5,126.0,Coffee,1.1,30.800000000000004,95.19999999999999,4
2025-04-14,University,Blueberry Muffin,20,2.95,59.0,Bakery,1.1,22.0,37.0,4
2025-04-14,University,Cappuccino,29,4.25,123.25,Coffee,1.0,29.0,94.25,4
2025-04-14,University,Cold Brew,13,4.75,61.75,Coffee,0.95,12.35,49.4,4
2025-04-14,University,Croissant,21,3.25,68.25,Bakery,1.3,27.3,40.95,4
2025-04-14,University,Espresso,23,3.0,69.0,Coffee,0.55,12.65,56.35,4
2025-04-14,University,Latte,42,4.5,189.0,Coffee,1.1,46.2,142.8,4
2025-04-15,Downtown,Blueberry Muffin,25,2.95,73.75,Bakery,1.1,27.500000000000004,46.25,4
2025-04-15,Downtown,Cappuccino,37,4.25,157.25,Coffee,1.0,37.0,120.25,4
2025-04-15,Downtown,Cold Brew,19,4.75,90.25,Coffee,0.95,18.05,72.2,4
2025-04-15,Downtown,Croissant,31,3.25,100.75,Bakery,1.3,40.300000000000004,60.449999999999996,4
2025-04-15,Downtown,Espresso,26,3.0,78.0,Coffee,0.55,14.3,63.7,4
2025-04-15,Downtown,Latte,53,4.5,238.5,Coffee,1.1,58.300000000000004,180.2,4
2025-04-15,Riverside,Blueberry Muffin,11,2.95,32.45,Bakery,1.1,12.100000000000001,20.35,4
2025-04-15,Riverside,Cappuccino,24,4.25,102.0,Coffee,1.0,24.0,78.0,4
2025-04-15,Riverside,Cold Brew,17,4.75,80.75,Coffee,0.95,16.15,64.6,4
2025-04-15,Riverside,Croissant,20,3.25,65.0,Bakery,1.3,26.0,39.0,4
2025-04-15,Riverside,Espresso,18,3.0,54.0,Coffee,0.55,9.9,44.1,4
2025-04-15,Riverside,Latte,32,4.5,144.0,Coffee,1.1,35.2,108.8,4
2025-04-15,University,Blueberry Muffin,23,2.95,67.85,Bakery,1.1,25.3,42.55,4
2025-04-15,University,Cappuccino,33,4.25,140.25,Coffee,1.0,33.0,107.25,4
2025-04-15,University,Cold Brew,14,4.75,66.5,Coffee,0.95,13.299999999999999,53.2,4
2025-04-15,University,Croissant,27,3.25,87.75,Bakery,1.3,35.1,52.65,4
2025-04-15,University,Espresso,24,3.0,72.0,Coffee,0.55,13.200000000000001,58.8,4
2025-04-15,University,Latte,42,4.5,189.0,Coffee,1.1,46.2,142.8,4
2025-04-16,Downtown,Blueberry Muffin,32,2.95,94.4,Bakery,1.1,35.2,59.2,4
2025-04-16,Downtown,Cappuccino,43,4.25,182.75,Coffee,1.0,43.0,139.75,4
2025-04-16,Downtown,Cold Brew,22,4.75,104.5,Coffee,0.95,20.9,83.6,4
2025-04-16,Downtown,Croissant,32,3.25,104.0,Bakery,1.3,41.6,62.4,4
2025-04-16,Downtown,Espresso,32,3.0,96.0,Coffee,0.55,17.6,78.4,4
2025-04-16,Downtown,Latte,65,4.5,292.5,Coffee,1.1,71.5,221.0,4
2025-04-16,Riverside,Blueberry Muffin,13,2.95,38.35,Bakery,1.1,14.3,24.05,4
2025-04-16,Riverside,Cappuccino,22,4.25,93.5,Coffee,1.0,22.0,71.5,4
2025-04-16,Riverside,Cold Brew,12,4.75,57.0,Coffee,0.95,11.399999999999999,45.6,4
2025-04-16,Riverside,Croissant,19,3.25,61.75,Bakery,1.3,24.7,37.05,4
2025-04-16,Riverside,Espresso,15,3.0,45.0,Coffee,0.55,8.25,36.75,4
2025-04-16,Riverside,Latte,29,4.5,130.5,Coffee,1.1,31.900000000000002,98.6,4
2025-04-16,University,Blueberry Muffin,17,2.95,50.15,Bakery,1.1,18.700000000000003,31.449999999999996,4
2025-04-16,University,Cappuccino,29,4.25,123.25,Coffee,1.0,29.0,94.25,4
2025-04-16,University,Cold Brew,20,4.75,95.0,Coffee,0.95,19.0,76.0,4
2025-04-16,University,Croissant,23,3.25,74.75,Bakery,1.3,29.900000000000002,44.849999999999994,4
2025-04-16,University,Espresso,21,3.0,63.0,Coffee,0.55,11.55,51.45,4
2025-04-16,University,Latte,42,4.5,189.0,Coffee,1.1,46.2,142.8,4
2025-04-17,Downtown,Blueberry Muffin,25,2.95,73.75,Bakery,1.1,27.500000000000004,46.25,4
2025-04-17,Downtown,Cappuccino,39,4.25,165.75,Coffee,1.0,39.0,126.75,4
2025-04-17,Downtown,Cold Brew,25,4.75,118.75,Coffee,0.95,23.75,95.0,4
2025-04-17,Downtown,Croissant,33,3.25,107.25,Bakery,1.3,42.9,64.35,4
2025-04-17,Downtown,Espresso,31,3.0,93.0,Coffee,0.55,17.05,75.95,4
2025-04-17,Downtown,Latte,55,4.5,247.5,Coffee,1.1,60.50000000000001,187.0,4
2025-04-17,Riverside,Blueberry Muffin,12,2.95,35.4,Bakery,1.1,13.200000000000001,22.199999999999996,4
2025-04-17,Riverside,Cappuccino,23,4.25,97.75,Coffee,1.0,23.0,74.75,4
2025-04-17,Riverside,Cold Brew,13,4.75,61.75,Coffee,0.95,12.35,49.4,4
2025-04-17,Riverside,Croissant,20,3.25,65.0,Bakery,1.3,26.0,39.0,4
2025-04-17,Riverside,Espresso,17,3.0,51.0,Coffee,0.55,9.350000000000001,41.65,4
2025-04-17,Riverside,Latte,32,4.5,144.0,Coffee,1.1,35.2,108.8,4
2025-04-17,University,Blueberry Muffin,23,2.95,67.85,Bakery,1.1,25.3,42.55,4
2025-04-17,University,Cappuccino,33,4.25,140.25,Coffee,1.0,33.0,107.25,4
2025-04-17,University,Cold Brew,21,4.75,99.75,Coffee,0.95,19.95,79.8,4
2025-04-17,University,Croissant,29,3.25,94.25,Bakery,1.3,37.7,56.55,4
2025-04-17,University,Espresso,25,3.0,75.0,Coffee,0.55,13.750000000000002,61.25,4
2025-04-17,University,Latte,48,4.5,216.0,Coffee,1.1,52.800000000000004,163.2,4
2025-04-18,Downtown,Blueberry Muffin,20,2.95,59.0,Bakery,1.1,22.0,37.0,4
2025-04-18,Downtown,Cappuccino,32,4.25,136.0,Coffee,1.0,32.0,104.0,4
2025-04-18,Downtown,Cold Brew,25,4.75,118.75,Coffee,0.95,23.75,95.0,4
2025-04-18,Downtown,Croissant,27,3.25,87.75,Bakery,1.3,35.1,52.65,4
2025-04-18,Downtown,Espresso,26,3.0,78.0,Coffee,0.55,14.3,63.7,4
2025-04-18,Downtown,Latte,50,4.5,225.0,Coffee,1.1,55.00000000000001,170.0,4
2025-04-18,Riverside,Blueberry Muffin,12,2.95,35.4,Bakery,1.1,13.200000000000001,22.199999999999996,4
2025-04-18,Riverside,Cappuccino,24,4.25,102.0,Coffee,1.0,24.0,78.0,4
2025-04-18,Riverside,Cold Brew,13,4.75,61.75,Coffee,0.95,12.35,49.4,4
2025-04-18,Riverside,Croissant,19,3.25,61.75,Bakery,1.3,24.7,37.05,4
2025-04-18,Riverside,Espresso,17,3.0,51.0,Coffee,0.55,9.350000000000001,41.65,4
2025-04-18,Riverside,Latte,34,4.5,153.0,Coffee,1.1,37.400000000000006,115.6,4
2025-04-18,University,Blueberry Muffin,20,2.95,59.0,Bakery,1.1,22.0,37.0,4
2025-04-18,University,Cappuccino,31,4.25,131.75,Coffee,1.0,31.0,100.75,4
2025-04-18,University,Cold Brew,22,4.75,104.5,Coffee,0.95,20.9,83.6,4
2025-04-18,University,Croissant,37,3.25,120.25,Bakery,1.3,48.1,72.15,4
2025-04-18,University,Espresso,28,3.0,84.0,Coffee,0.55,15.400000000000002,68.6,4
2025-04-18,University,Latte,47,4.5,211.5,Coffee,1.1,51.7,159.8,4
2025-04-19,Downtown,Blueberry Muffin,35,2.95,103.25,Bakery,1.1,38.5,64.75,4
2025-04-19,Downtown,Cappuccino,52,4.25,221.0,Coffee,1.0,52.0,169.0,4
2025-04-19,Downtown,Cold Brew,34,4.75,161.5,Coffee,0.95,32.3,129.2,4
2025-04-19,Downtown,Croissant,41,3.25,133.25,Bakery,1.3,53.300000000000004,79.94999999999999,4
2025-04-19,Downtown,Espresso,40,3.0,120.0,Coffee,0.55,22.0,98.0,4
2025-04-19,Downtown,Latte,69,4.5,310.5,Coffee,1.1,75.9,234.6,4
2025-04-19,Riverside,Blueberry Muffin,15,2.95,44.25,Bakery,1.1,16.5,27.75,4
2025-04-19,Riverside,Cappuccino,29,4.25,123.25,Coffee,1.0,29.0,94.25,4
2025-04-19,Riverside,Cold Brew,13,4.75,61.75,Coffee,0.95,12.35,49.4,4
2025-04-19,Riverside,Croissant,22,3.25,71.5,Bakery,1.3,28.6,42.9,4
2025-04-19,Riverside,Espresso,20,3.0,60.0,Coffee,0.55,11.0,49.0,4
2025-04-19,Riverside,Latte,36,4.5,162.0,Coffee,1.1,39.6,122.4,4
2025-04-19,University,Blueberry Muffin,12,2.95,35.4,Bakery,1.1,13.200000000000001,22.199999999999996,4
2025-04-19,University,Cappuccino,20,4.25,85.0,Coffee,1.0,20.0,65.0,4
2025-04-19,University,Cold Brew,13,4.75,61.75,Coffee,0.95,12.35,49.4,4
2025-04-19,University,Croissant,17,3.25,55.25,Bakery,1.3,22.1,33.15,4
2025-04-19,University,Espresso,16,3.0,48.0,Coffee,0.55,8.8,39.2,4
2025-04-19,University,Latte,30,4.5,135.0,Coffee,1.1,33.0,102.0,4
2025-04-20,Downtown,Blueberry Muffin,32,2.95,94.4,Bakery,1.1,35.2,59.2,4
2025-04-20,Downtown,Cappuccino,53,4.25,225.25,Coffee,1.0,53.0,172.25,4
2025-04-20,Downtown,Cold Brew,38,4.75,180.5,Coffee,0.95,36.1,144.4,4
2025-04-20,Downtown,Croissant,46,3.25,149.5,Bakery,1.3,59.800000000000004,89.69999999999999,4
2025-04-20,Downtown,Espresso,45,3.0,135.0,Coffee,0.55,24.750000000000004,110.25,4
2025-04-20,Downtown,Latte,74,4.5,333.0,Coffee,1.1,81.4,251.6,4
2025-04-20,Riverside,Blueberry Muffin,18,2.95,53.1,Bakery,1.1,19.8,33.3,4
2025-04-20,Riverside,Cappuccino,20,4.25,85.0,Coffee,1.0,20.0,65.0,4
2025-04-20,Riverside,Cold Brew,19,4.75,90.25,Coffee,0.95,18.05,72.2,4
2025-04-20,Riverside,Croissant,18,3.25,58.5,Bakery,1.3,23.400000000000002,35.099999999999994,4
2025-04-20,Riverside,Espresso,19,3.0,57.0,Coffee,0.55,10.450000000000001,46.55,4
2025-04-20,Riverside,Latte,34,4.5,153.0,Coffee,1.1,37.400000000000006,115.6,4
2025-04-20,University,Blueberry Muffin,14,2.95,41.3,Bakery,1.1,15.400000000000002,25.899999999999995,4
2025-04-20,University,Cappuccino,24,4.25,102.0,Coffee,1.0,24.0,78.0,4
2025-04-20,University,Cold Brew,13,4.75,61.75,Coffee,0.95,12.35,49.4,4
2025-04-20,University,Croissant,19,3.25,61.75,Bakery,1.3,24.7,37.05,4
2025-04-20,University,Espresso,18,3.0,54.0,Coffee,0.55,9.9,44.1,4
2025-04-20,University,Latte,30,4.5,135.0,Coffee,1.1,33.0,102.0,4
2025-04-21,Downtown,Blueberry Muffin,21,2.95,61.95,Bakery,1.1,23.1,38.85,4
2025-04-21,Downtown,Cappuccino,34,4.25,144.5,Coffee,1.0,34.0,110.5,4
2025-04-21,Downtown,Cold Brew,29,4.75,137.75,Coffee,0.95,27.549999999999997,110.2,4
2025-04-21,Downtown,Croissant,31,3.25,100.75,Bakery,1.3,40.300000000000004,60.449999999999996,4
2025-04-21,Downtown,Espresso,24,3.0,72.0,Coffee,0.55,13.200000000000001,58.8,4
2025-04-21,Downtown,Latte,50,4.5,225.0,Coffee,1.1,55.00000000000001,170.0,4
2025-04-21,Riverside,Blueberry Muffin,14,2.95,41.3,Bakery,1.1,15.400000000000002,25.899999999999995,4
2025-04-21,Riverside,Cappuccino,22,4.25,93.5,Coffee,1.0,22.0,71.5,4
2025-04-21,Riverside,Cold Brew,23,4.75,109.25,Coffee,0.95,21.849999999999998,87.4,4
2025-04-21,Riverside,Croissant,16,3.25,52.0,Bakery,1.3,20.8,31.2,4
2025-04-21,Riverside,Espresso,19,3.0,57.0,Coffee,0.55,10.450000000000001,46.55,4
2025-04-21,Riverside,Latte,28,4.5,126.0,Coffee,1.1,30.800000000000004,95.19999999999999,4
2025-04-21,University,Blueberry Muffin,19,2.95,56.05,Bakery,1.1,20.900000000000002,35.14999999999999,4
2025-04-21,University,Cappuccino,26,4.25,110.5,Coffee,1.0,26.0,84.5,4
2025-04-21,University,Cold Brew,18,4.75,85.5,Coffee,0.95,17.099999999999998,68.4,4
2025-04-21,University,Croissant,22,3.25,71.5,Bakery,1.3,28.6,42.9,4
2025-04-21,University,Espresso,22,3.0,66.0,Coffee,0.55,12.100000000000001,53.9,4
2025-04-21,University,Latte,36,4.5,162.0,Coffee,1.1,39.6,122.4,4
2025-04-22,Downtown,Blueberry Muffin,24,2.95,70.8,Bakery,1.1,26.400000000000002,44.39999999999999,4
2025-04-22,Downtown,Cappuccino,42,4.25,178.5,Coffee,1.0,42.0,136.5,4
2025-04-22,Downtown,Cold Brew,31,4.75,147.25,Coffee,0.95,29.45,117.8,4
2025-04-22,Downtown,Croissant,31,3.25,100.75,Bakery,1.3,40.300000000000004,60.449999999999996,4
2025-04-22,Downtown,Espresso,31,3.0,93.0,Coffee,0.55,17.05,75.95,4
2025-04-22,Downtown,Latte,54,4.5,243.0,Coffee,1.1,59.400000000000006,183.6,4
2025-04-22,Riverside,Blueberry Muffin,15,2.95,44.25,Bakery,1.1,16.5,27.75,4
2025-04-22,Riverside,Cappuccino,14,4.25,59.5,Coffee,1.0,14.0,45.5,4
2025-04-22,Riverside,Cold Brew,15,4.75,71.25,Coffee,0.95,14.25,57.0,4
2025-04-22,Riverside,Croissant,16,3.25,52.0,Bakery,1.3,20.8,31.2,4
2025-04-22,Riverside,Espresso,14,3.0,42.0,Coffee,0.55,7.700000000000001,34.3,4
2025-04-22,Riverside,Latte,25,4.5,112.5,Coffee,1.1,27.500000000000004,85.0,4
2025-04-22,University,Blueberry Muffin,16,2.95,47.2,Bakery,1.1,17.6,29.6,4
2025-04-22,University,Cappuccino,27,4.25,114.75,Coffee,1.0,27.0,87.75,4
2025-04-22,University,Cold Brew,24,4.75,114.0,Coffee,0.95,22.799999999999997,91.2,4
2025-04-22,University,Croissant,26,3.25,84.5,Bakery,1.3,33.800000000000004,50.699999999999996,4
2025-04-22,University,Espresso,24,3.0,72.0,Coffee,0.55,13.200000000000001,58.8,4
2025-04-22,University,Latte,40,4.5,180.0,Coffee,1.1,44.0,136.0,4
2025-04-23,Downtown,Blueberry Muffin,29,2.95,85.55,Bakery,1.1,31.900000000000002,53.64999999999999,4
2025-04-23,Downtown,Cappuccino,39,4.25,165.75,Coffee,1.0,39.0,126.75,4
2025-04-23,Downtown,Cold Brew,27,4.75,128.25,Coffee,0.95,25.65,102.6,4
2025-04-23,Downtown,Croissant,34,3.25,110.5,Bakery,1.3,44.2,66.3,4
2025-04-23,Downtown,Espresso,31,3.0,93.0,Coffee,0.55,17.05,75.95,4
2025-04-23,Downtown,Latte,53,4.5,238.5,Coffee,1.1,58.300000000000004,180.2,4
2025-04-23,Riverside,Blueberry Muffin,13,2.95,38.35,Bakery,1.1,14.3,24.05,4
2025-04-23,Riverside,Cappuccino,21,4.25,89.25,Coffee,1.0,21.0,68.25,4
2025-04-23,Riverside,Cold Brew,11,4.75,52.25,Coffee,0.95,10.45,41.8,4
2025-04-23,Riverside,Croissant,15,3.25,48.75,Bakery,1.3,19.5,29.25,4
2025-04-23,Riverside,Espresso,15,3.0,45.0,Coffee,0.55,8.25,36.75,4
2025-04-23,Riverside,Latte,30,4.5,135.0,Coffee,1.1,33.0,102.0,4
2025-04-23,University,Blueberry Muffin,18,2.95,53.1,Bakery,1.1,19.8,33.3,4
2025-04-23,University,Cappuccino,32,4.25,136.0,Coffee,1.0,32.0,104.0,4
2025-04-23,University,Cold Brew,28,4.75,133.0,Coffee,0.95,26.599999999999998,106.4,4
2025-04-23,University,Croissant,25,3.25,81.25,Bakery,1.3,32.5,48.75,4
2025-04-23,University,Espresso,24,3.0,72.0,Coffee,0.55,13.200000000000001,58.8,4
2025-04-23,University,Latte,43,4.5,193.5,Coffee,1.1,47.300000000000004,146.2,4
2025-04-24,Downtown,Blueberry Muffin,21,2.95,61.95,Bakery,1.1,23.1,38.85,4
2025-04-24,Downtown,Cappuccino,35,4.25,148.75,Coffee,1.0,35.0,113.75,4
2025-04-24,Downtown,Cold Brew,23,4.75,109.25,Coffee,0.95,21.849999999999998,87.4,4
2025-04-24,Downtown,Croissant,26,3.25,84.5,Bakery,1.3,33.800000000000004,50.699999999999996,4
2025-04-24,Downtown,Espresso,32,3.0,96.0,Coffee,0.55,17.6,78.4,4
2025-04-24,Downtown,Latte,46,4.5,207.0,Coffee,1.1,50.6,156.4,4
2025-04-24,Riverside,Blueberry Muffin,15,2.95,44.25,Bakery,1.1,16.5,27.75,4
2025-04-24,Riverside,Cappuccino,24,4.25,102.0,Coffee,1.0,24.0,78.0,4
2025-04-24,Riverside,Cold Brew,8,4.75,38.0,Coffee,0.95,7.6,30.4,4
2025-04-24,Riverside,Croissant,18,3.25,58.5,Bakery,1.3,23.400000000000002,35.099999999999994,4
2025-04-24,Riverside,Espresso,19,3.0,57.0,Coffee,0.55,10.450000000000001,46.55,4
2025-04-24,Riverside,Latte,38,4.5,171.0,Coffee,1.1,41.800000000000004,129.2,4
2025-04-24,University,Blueberry Muffin,21,2.95,61.95,Bakery,1.1,23.1,38.85,4
2025-04-24,University,Cappuccino,31,4.25,131.75,Coffee,1.0,31.0,100.75,4
2025-04-24,University,Cold Brew,16,4.75,76.0,Coffee,0.95,15.2,60.8,4
2025-04-24,University,Croissant,26,3.25,84.5,Bakery,1.3,33.800000000000004,50.699999999999996,4
2025-04-24,University,Espresso,22,3.0,66.0,Coffee,0.55,12.100000000000001,53.9,4
2025-04-24,University,Latte,39,4.5,175.5,Coffee,1.1,42.900000000000006,132.6,4
2025-04-25,Downtown,Blueberry Muffin,24,2.95,70.8,Bakery,1.1,26.400000000000002,44.39999999999999,4
2025-04-25,Downtown,Cappuccino,37,4.25,157.25,Coffee,1.0,37.0,120.25,4
2025-04-25,Downtown,Cold Brew,27,4.75,128.25,Coffee,0.95,25.65,102.6,4
2025-04-25,Downtown,Croissant,32,3.25,104.0,Bakery,1.3,41.6,62.4,4
2025-04-25,Downtown,Espresso,32,3.0,96.0,Coffee,0.55,17.6,78.4,4
2025-04-25,Downtown,Latte,59,4.5,265.5,Coffee,1.1,64.9,200.6,4
2025-04-25,Riverside,Blueberry Muffin,9,2.95,26.55,Bakery,1.1,9.9,16.65,4
2025-04-25,Riverside,Cappuccino,21,4.25,89.25,Coffee,1.0,21.0,68.25,4
2025-04-25,Riverside,Cold Brew,18,4.75,85.5,Coffee,0.95,17.099999999999998,68.4,4
2025-04-25,Riverside,Croissant,19,3.25,61.75,Bakery,1.3,24.7,37.05,4
2025-04-25,Riverside,Espresso,19,3.0,57.0,Coffee,0.55,10.450000000000001,46.55,4
2025-04-25,Riverside,Latte,33,4.5,148.5,Coffee,1.1,36.300000000000004,112.19999999999999,4
2025-04-25,University,Blueberry Muffin,26,2.95,76.7,Bakery,1.1,28.6,48.1,4
2025-04-25,University,Cappuccino,33,4.25,140.25,Coffee,1.0,33.0,107.25,4
2025-04-25,University,Cold Brew,21,4.75,99.75,Coffee,0.95,19.95,79.8,4
2025-04-25,University,Croissant,25,3.25,81.25,Bakery,1.3,32.5,48.75,4
2025-04-25,University,Espresso,27,3.0,81.0,Coffee,0.55,14.850000000000001,66.15,4
2025-04-25,University,Latte,42,4.5,189.0,Coffee,1.1,46.2,142.8,4
2025-04-26,Downtown,Blueberry Muffin,26,2.95,76.7,Bakery,1.1,28.6,48.1,4
2025-04-26,Downtown,Cappuccino,39,4.25,165.75,Coffee,1.0,39.0,126.75,4
2025-04-26,Downtown,Cold Brew,30,4.75,142.5,Coffee,0.95,28.5,114.0,4
2025-04-26,Downtown,Croissant,40,3.25,130.0,Bakery,1.3,52.0,78.0,4
2025-04-26,Downtown,Espresso,33,3.0,99.0,Coffee,0.55,18.150000000000002,80.85,4
2025-04-26,Downtown,Latte,59,4.5,265.5,Coffee,1.1,64.9,200.6,4
2025-04-26,Riverside,Blueberry Muffin,20,2.95,59.0,Bakery,1.1,22.0,37.0,4
2025-04-26,Riverside,Cappuccino,30,4.25,127.5,Coffee,1.0,30.0,97.5,4
2025-04-26,Riverside,Cold Brew,17,4.75,80.75,Coffee,0.95,16.15,64.6,4
2025-04-26,Riverside,Croissant,23,3.25,74.75,Bakery,1.3,29.900000000000002,44.849999999999994,4
2025-04-26,Riverside,Espresso,22,3.0,66.0,Coffee,0.55,12.100000000000001,53.9,4
2025-04-26,Riverside,Latte,38,4.5,171.0,Coffee,1.1,41.800000000000004,129.2,4
2025-04-26,University,Blueberry Muffin,15,2.95,44.25,Bakery,1.1,16.5,27.75,4
2025-04-26,University,Cappuccino,22,4.25,93.5,Coffee,1.0,22.0,71.5,4
2025-04-26,University,Cold Brew,12,4.75,57.0,Coffee,0.95,11.399999999999999,45.6,4
2025-04-26,University,Croissant,19,3.25,61.75,Bakery,1.3,24.7,37.05,4
2025-04-26,University,Espresso,18,3.0,54.0,Coffee,0.55,9.9,44.1,4
2025-04-26,University,Latte,32,4.5,144.0,Coffee,1.1,35.2,108.8,4
2025-04-27,Downtown,Blueberry Muffin,28,2.95,82.6,Bakery,1.1,30.800000000000004,51.79999999999999,4
2025-04-27,Downtown,Cappuccino,40,4.25,170.0,Coffee,1.0,40.0,130.0,4
2025-04-27,Downtown,Cold Brew,29,4.75,137.75,Coffee,0.95,27.549999999999997,110.2,4
2025-04-27,Downtown,Croissant,41,3.25,133.25,Bakery,1.3,53.300000000000004,79.94999999999999,4
2025-04-27,Downtown,Espresso,38,3.0,114.0,Coffee,0.55,20.900000000000002,93.1,4
2025-04-27,Downtown,Latte,54,4.5,243.0,Coffee,1.1,59.400000000000006,183.6,4
2025-04-27,Riverside,Blueberry Muffin,19,2.95,56.05,Bakery,1.1,20.900000000000002,35.14999999999999,4
2025-04-27,Riverside,Cappuccino,25,4.25,106.25,Coffee,1.0,25.0,81.25,4
2025-04-27,Riverside,Cold Brew,13,4.75,61.75,Coffee,0.95,12.35,49.4,4
2025-04-27,Riverside,Croissant,22,3.25,71.5,Bakery,1.3,28.6,42.9,4
2025-04-27,Riverside,Espresso,20,3.0,60.0,Coffee,0.55,11.0,49.0,4
2025-04-27,Riverside,Latte,35,4.5,157.5,Coffee,1.1,38.5,119.0,4
2025-04-27,University,Blueberry Muffin,16,2.95,47.2,Bakery,1.1,17.6,29.6,4
2025-04-27,University,Cappuccino,24,4.25,102.0,Coffee,1.0,24.0,78.0,4
2025-04-27,University,Cold Brew,14,4.75,66.5,Coffee,0.95,13.299999999999999,53.2,4
2025-04-27,University,Croissant,20,3.25,65.0,Bakery,1.3,26.0,39.0,4
2025-04-27,University,Espresso,17,3.0,51.0,Coffee,0.55,9.350000000000001,41.65,4
2025-04-27,University,Latte,30,4.5,135.0,Coffee,1.1,33.0,102.0,4
2025-04-28,Downtown,Blueberry Muffin,28,2.95,82.6,Bakery,1.1,30.800000000000004,51.79999999999999,4
2025-04-28,Downtown,Cappuccino,47,4.25,199.75,Coffee,1.0,47.0,152.75,4
2025-04-28,Downtown,Cold Brew,18,4.75,85.5,Coffee,0.95,17.099999999999998,68.4,4
2025-04-28,Downtown,Croissant,36,3.25,117.0,Bakery,1.3,46.800000000000004,70.19999999999999,4
2025-04-28,Downtown,Espresso,33,3.0,99.0,Coffee,0.55,18.150000000000002,80.85,4
2025-04-28,Downtown,Latte,58,4.5,261.0,Coffee,1.1,63.800000000000004,197.2,4
2025-04-28,Riverside,Blueberry Muffin,15,2.95,44.25,Bakery,1.1,16.5,27.75,4
2025-04-28,Riverside,Cappuccino,24,4.25,102.0,Coffee,1.0,24.0,78.0,4
2025-04-28,Riverside,Cold Brew,8,4.75,38.0,Coffee,0.95,7.6,30.4,4
2025-04-28,Riverside,Croissant,18,3.25,58.5,Bakery,1.3,23.400000000000002,35.099999999999994,4
2025-04-28,Riverside,Espresso,16,3.0,48.0,Coffee,0.55,8.8,39.2,4
2025-04-28,Riverside,Latte,34,4.5,153.0,Coffee,1.1,37.400000000000006,115.6,4
2025-04-28,University,Blueberry Muffin,25,2.95,73.75,Bakery,1.1,27.500000000000004,46.25,4
2025-04-28,University,Cappuccino,34,4.25,144.5,Coffee,1.0,34.0,110.5,4
2025-04-28,University,Cold Brew,24,4.75,114.0,Coffee,0.95,22.799999999999997,91.2,4
2025-04-28,University,Croissant,27,3.25,87.75,Bakery,1.3,35.1,52.65,4
2025-04-28,University,Espresso,25,3.0,75.0,Coffee,0.55,13.750000000000002,61.25,4
2025-04-28,University,Latte,49,4.5,220.5,Coffee,1.1,53.900000000000006,166.6,4
2025-04-29,Downtown,Blueberry Muffin,23,2.95,67.85,Bakery,1.1,25.3,42.55,4
2025-04-29,Downtown,Cappuccino,34,4.25,144.5,Coffee,1.0,34.0,110.5,4
2025-04-29,Downtown,Cold Brew,21,4.75,99.75,Coffee,0.95,19.95,79.8,4
2025-04-29,Downtown,Croissant,30,3.25,97.5,Bakery,1.3,39.0,58.5,4
2025-04-29,Downtown,Espresso,29,3.0,87.0,Coffee,0.55,15.950000000000001,71.05,4
2025-04-29,Downtown,Latte,48,4.5,216.0,Coffee,1.1,52.800000000000004,163.2,4
2025-04-29,Riverside,Blueberry Muffin,11,2.95,32.45,Bakery,1.1,12.100000000000001,20.35,4
2025-04-29,Riverside,Cappuccino,20,4.25,85.0,Coffee,1.0,20.0,65.0,4
2025-04-29,Riverside,Cold Brew,14,4.75,66.5,Coffee,0.95,13.299999999999999,53.2,4
2025-04-29,Riverside,Croissant,16,3.25,52.0,Bakery,1.3,20.8,31.2,4
2025-04-29,Riverside,Espresso,17,3.0,51.0,Coffee,0.55,9.350000000000001,41.65,4
2025-04-29,Riverside,Latte,29,4.5,130.5,Coffee,1.1,31.900000000000002,98.6,4
2025-04-29,University,Blueberry Muffin,14,2.95,41.3,Bakery,1.1,15.400000000000002,25.899999999999995,4
2025-04-29,University,Cappuccino,30,4.25,127.5,Coffee,1.0,30.0,97.5,4
2025-04-29,University,Cold Brew,22,4.75,104.5,Coffee,0.95,20.9,83.6,4
2025-04-29,University,Croissant,20,3.25,65.0,Bakery,1.3,26.0,39.0,4
2025-04-29,University,Espresso,19,3.0,57.0,Coffee,0.55,10.450000000000001,46.55,4
2025-04-29,University,Latte,43,4.5,193.5,Coffee,1.1,47.300000000000004,146.2,4
2025-04-30,Downtown,Blueberry Muffin,27,2.95,79.65,Bakery,1.1,29.700000000000003,49.95,4
2025-04-30,Downtown,Cappuccino,36,4.25,153.0,Coffee,1.0,36.0,117.0,4
2025-04-30,Downtown,Cold Brew,26,4.75,123.5,Coffee,0.95,24.7,98.8,4
2025-04-30,Downtown,Croissant,31,3.25,100.75,Bakery,1.3,40.300000000000004,60.449999999999996,4
2025-04-30,Downtown,Espresso,31,3.0,93.0,Coffee,0.55,17.05,75.95,4
2025-04-30,Downtown,Latte,56,4.5,252.0,Coffee,1.1,61.60000000000001,190.39999999999998,4
2025-04-30,Riverside,Blueberry Muffin,11,2.95,32.45,Bakery,1.1,12.100000000000001,20.35,4
2025-04-30,Riverside,Cappuccino,22,4.25,93.5,Coffee,1.0,22.0,71.5,4
2025-04-30,Riverside,Cold Brew,8,4.75,38.0,Coffee,0.95,7.6,30.4,4
2025-04-30,Riverside,Croissant,20,3.25,65.0,Bakery,1.3,26.0,39.0,4
2025-04-30,Riverside,Espresso,18,3.0,54.0,Coffee,0.55,9.9,44.1,4
2025-04-30,Riverside,Latte,32,4.5,144.0,Coffee,1.1,35.2,108.8,4
2025-04-30,University,Blueberry Muffin,25,2.95,73.75,Bakery,1.1,27.500000000000004,46.25,4
2025-04-30,University,Cappuccino,30,4.25,127.5,Coffee,1.0,30.0,97.5,4
2025-04-30,University,Cold Brew,16,4.75,76.0,Coffee,0.95,15.2,60.8,4
2025-04-30,University,Croissant,27,3.25,87.75,Bakery,1.3,35.1,52.65,4
2025-04-30,University,Espresso,26,3.0,78.0,Coffee,0.55,14.3,63.7,4
2025-04-30,University,Latte,44,4.5,198.0,Coffee,1.1,48.400000000000006,149.6,4
2025-05-01,Downtown,Blueberry Muffin,28,2.95,82.6,Bakery,1.1,30.800000000000004,51.79999999999999,5
2025-05-01,Downtown,Cappuccino,40,4.25,170.0,Coffee,1.0,40.0,130.0,5
2025-05-01,Downtown,Cold Brew,22,4.75,104.5,Coffee,0.95,20.9,83.6,5
2025-05-01,Downtown,Croissant,33,3.25,107.25,Bakery,1.3,42.9,64.35,5
2025-05-01,Downtown,Espresso,28,3.0,84.0,Coffee,0.55,15.400000000000002,68.6,5
2025-05-01,Downtown,Latte,52,4.5,234.0,Coffee,1.1,57.2,176.8,5
2025-05-01,Riverside,Blueberry Muffin,14,2.95,41.3,Bakery,1.1,15.400000000000002,25.899999999999995,5
2025-05-01,Riverside,Cappuccino,21,4.25,89.25,Coffee,1.0,21.0,68.25,5
2025-05-01,Riverside,Cold Brew,18,4.75,85.5,Coffee,0.95,17.099999999999998,68.4,5
2025-05-01,Riverside,Croissant,18,3.25,58.5,Bakery,1.3,23.400000000000002,35.099999999999994,5
2025-05-01,Riverside,Espresso,19,3.0,57.0,Coffee,0.55,10.450000000000001,46.55,5
2025-05-01,Riverside,Latte,29,4.5,130.5,Coffee,1.1,31.900000000000002,98.6,5
2025-05-01,University,Blueberry Muffin,21,2.95,61.95,Bakery,1.1,23.1,38.85,5
2025-05-01,University,Cappuccino,33,4.25,140.25,Coffee,1.0,33.0,107.25,5
2025-05-01,University,Cold Brew,17,4.75,80.75,Coffee,0.95,16.15,64.6,5
2025-05-01,University,Croissant,32,3.25,104.0,Bakery,1.3,41.6,62.4,5
2025-05-01,University,Espresso,27,3.0,81.0,Coffee,0.55,14.850000000000001,66.15,5
2025-05-01,University,Latte,46,4.5,207.0,Coffee,1.1,50.6,156.4,5
2025-05-02,Downtown,Blueberry Muffin,24,2.95,70.8,Bakery,1.1,26.400000000000002,44.39999999999999,5
2025-05-02,Downtown,Cappuccino,31,4.25,131.75,Coffee,1.0,31.0,100.75,5
2025-05-02,Downtown,Cold Brew,25,4.75,118.75,Coffee,0.95,23.75,95.0,5
2025-05-02,Downtown,Croissant,32,3.25,104.0,Bakery,1.3,41.6,62.4,5
2025-05-02,Downtown,Espresso,28,3.0,84.0,Coffee,0.55,15.400000000000002,68.6,5
2025-05-02,Downtown,Latte,53,4.5,238.5,Coffee,1.1,58.300000000000004,180.2,5
2025-05-02,Riverside,Blueberry Muffin,12,2.95,35.4,Bakery,1.1,13.200000000000001,22.199999999999996,5
2025-05-02,Riverside,Cappuccino,22,4.25,93.5,Coffee,1.0,22.0,71.5,5
2025-05-02,Riverside,Cold Brew,17,4.75,80.75,Coffee,0.95,16.15,64.6,5
2025-05-02,Riverside,Croissant,19,3.25,61.75,Bakery,1.3,24.7,37.05,5
2025-05-02,Riverside,Espresso,18,3.0,54.0,Coffee,0.55,9.9,44.1,5
2025-05-02,Riverside,Latte,30,4.5,135.0,Coffee,1.1,33.0,102.0,5
2025-05-02,University,Blueberry Muffin,21,2.95,61.95,Bakery,1.1,23.1,38.85,5
2025-05-02,University,Cappuccino,33,4.25,140.25,Coffee,1.0,33.0,107.25,5
2025-05-02,University,Cold Brew,31,4.75,147.25,Coffee,0.95,29.45,117.8,5
2025-05-02,University,Croissant,28,3.25,91.0,Bakery,1.3,36.4,54.6,5
2025-05-02,University,Espresso,27,3.0,81.0,Coffee,0.55,14.850000000000001,66.15,5
2025-05-02,University,Latte,49,4.5,220.5,Coffee,1.1,53.900000000000006,166.6,5
2025-05-03,Downtown,Blueberry Muffin,31,2.95,91.45,Bakery,1.1,34.1,57.35,5
2025-05-03,Downtown,Cappuccino,44,4.25,187.0,Coffee,1.0,44.0,143.0,5
2025-05-03,Downtown,Cold Brew,30,4.75,142.5,Coffee,0.95,28.5,114.0,5
2025-05-03,Downtown,Croissant,43,3.25,139.75,Bakery,1.3,55.9,83.85,5
2025-05-03,Downtown,Espresso,34,3.0,102.0,Coffee,0.55,18.700000000000003,83.3,5
2025-05-03,Downtown,Latte,62,4.5,279.0,Coffee,1.1,68.2,210.8,5
2025-05-03,Riverside,Blueberry Muffin,13,2.95,38.35,Bakery,1.1,14.3,24.05,5
2025-05-03,Riverside,Cappuccino,23,4.25,97.75,Coffee,1.0,23.0,74.75,5
2025-05-03,Riverside,Cold Brew,19,4.75,90.25,Coffee,0.95,18.05,72.2,5
2025-05-03,Riverside,Croissant,23,3.25,74.75,Bakery,1.3,29.900000000000002,44.849999999999994,5
2025-05-03,Riverside,Espresso,20,3.0,60.0,Coffee,0.55,11.0,49.0,5
2025-05-03,Riverside,Latte,32,4.5,144.0,Coffee,1.1,35.2,108.8,5
2025-05-03,University,Blueberry Muffin,15,2.95,44.25,Bakery,1.1,16.5,27.75,5
2025-05-03,University,Cappuccino,19,4.25,80.75,Coffee,1.0,19.0,61.75,5
2025-05-03,University,Cold Brew,18,4.75,85.5,Coffee,0.95,17.099999999999998,68.4,5
2025-05-03,University,Croissant,17,3.25,55.25,Bakery,1.3,22.1,33.15,5
2025-05-03,University,Espresso,15,3.0,45.0,Coffee,0.55,8.25,36.75,5
2025-05-03,University,Latte,26,4.5,117.0,Coffee,1.1,28.6,88.4,5
2025-05-04,Downtown,Blueberry Muffin,23,2.95,67.85,Bakery,1.1,25.3,42.55,5
2025-05-04,Downtown,Cappuccino,34,4.25,144.5,Coffee,1.0,34.0,110.5,5
2025-05-04,Downtown,Cold Brew,50,4.75,237.5,Coffee,0.95,47.5,190.0,5
2025-05-04,Downtown,Croissant,29,3.25,94.25,Bakery,1.3,37.7,56.55,5
2025-05-04,Downtown,Espresso,30,3.0,90.0,Coffee,0.55,16.5,73.5,5
2025-05-04,Downtown,Latte,51,4.5,229.5,Coffee,1.1,56.1,173.4,5
2025-05-04,Riverside,Blueberry Muffin,18,2.95,53.1,Bakery,1.1,19.8,33.3,5
2025-05-04,Riverside,Cappuccino,25,4.25,106.25,Coffee,1.0,25.0,81.25,5
2025-05-04,Riverside,Cold Brew,21,4.75,99.75,Coffee,0.95,19.95,79.8,5
2025-05-04,Riverside,Croissant,21,3.25,68.25,Bakery,1.3,27.3,40.95,5
2025-05-04,Riverside,Espresso,19,3.0,57.0,Coffee,0.55,10.450000000000001,46.55,5
2025-05-04,Riverside,Latte,30,4.5,135.0,Coffee,1.1,33.0,102.0,5
2025-05-04,University,Blueberry Muffin,13,2.95,38.35,Bakery,1.1,14.3,24.05,5
2025-05-04,University,Cappuccino,19,4.25,80.75,Coffee,1.0,19.0,61.75,5
2025-05-04,University,Cold Brew,21,4.75,99.75,Coffee,0.95,19.95,79.8,5
2025-05-04,University,Croissant,19,3.25,61.75,Bakery,1.3,24.7,37.05,5
2025-05-04,University,Espresso,15,3.0,45.0,Coffee,0.55,8.25,36.75,5
2025-05-04,University,Latte,26,4.5,117.0,Coffee,1.1,28.6,88.4,5
2025-05-05,Downtown,Blueberry Muffin,24,2.95,70.8,Bakery,1.1,26.400000000000002,44.39999999999999,5
2025-05-05,Downtown,Cappuccino,37,4.25,157.25,Coffee,1.0,37.0,120.25,5
2025-05-05,Downtown,Cold Brew,31,4.75,147.25,Coffee,0.95,29.45,117.8,5
2025-05-05,Downtown,Croissant,33,3.25,107.25,Bakery,1.3,42.9,64.35,5
2025-05-05,Downtown,Espresso,30,3.0,90.0,Coffee,0.55,16.5,73.5,5
2025-05-05,Downtown,Latte,48,4.5,216.0,Coffee,1.1,52.800000000000004,163.2,5
2025-05-05,Riverside,Blueberry Muffin,12,2.95,35.4,Bakery,1.1,13.200000000000001,22.199999999999996,5
2025-05-05,Riverside,Cappuccino,24,4.25,102.0,Coffee,1.0,24.0,78.0,5
2025-05-05,Riverside,Cold Brew,18,4.75,85.5,Coffee,0.95,17.099999999999998,68.4,5
2025-05-05,Riverside,Croissant,19,3.25,61.75,Bakery,1.3,24.7,37.05,5
2025-05-05,Riverside,Espresso,16,3.0,48.0,Coffee,0.55,8.8,39.2,5
2025-05-05,Riverside,Latte,31,4.5,139.5,Coffee,1.1,34.1,105.4,5
2025-05-05,University,Blueberry Muffin,18,2.95,53.1,Bakery,1.1,19.8,33.3,5
2025-05-05,University,Cappuccino,31,4.25,131.75,Coffee,1.0,31.0,100.75,5
2025-05-05,University,Cold Brew,22,4.75,104.5,Coffee,0.95,20.9,83.6,5
2025-05-05,University,Croissant,29,3.25,94.25,Bakery,1.3,37.7,56.55,5
2025-05-05,University,Espresso,24,3.0,72.0,Coffee,0.55,13.200000000000001,58.8,5
2025-05-05,University,Latte,43,4.5,193.5,Coffee,1.1,47.300000000000004,146.2,5
2025-05-06,Downtown,Blueberry Muffin,24,2.95,70.8,Bakery,1.1,26.400000000000002,44.39999999999999,5
2025-05-06,Downtown,Cappuccino,34,4.25,144.5,Coffee,1.0,34.0,110.5,5
2025-05-06,Downtown,Cold Brew,43,4.75,204.25,Coffee,0.95,40.85,163.4,5
2025-05-06,Downtown,Croissant,30,3.25,97.5,Bakery,1.3,39.0,58.5,5
2025-05-06,Downtown,Espresso,30,3.0,90.0,Coffee,0.55,16.5,73.5,5
2025-05-06,Downtown,Latte,49,4.5,220.5,Coffee,1.1,53.900000000000006,166.6,5
2025-05-06,Riverside,Blueberry Muffin,14,2.95,41.3,Bakery,1.1,15.400000000000002,25.899999999999995,5
2025-05-06,Riverside,Cappuccino,17,4.25,72.25,Coffee,1.0,17.0,55.25,5
2025-05-06,Riverside,Cold Brew,20,4.75,95.0,Coffee,0.95,19.0,76.0,5
2025-05-06,Riverside,Croissant,17,3.25,55.25,Bakery,1.3,22.1,33.15,5
2025-05-06,Riverside,Espresso,17,3.0,51.0,Coffee,0.55,9.350000000000001,41.65,5
2025-05-06,Riverside,Latte,25,4.5,112.5,Coffee,1.1,27.500000000000004,85.0,5
2025-05-06,University,Blueberry Muffin,22,2.95,64.9,Bakery,1.1,24.200000000000003,40.7,5
2025-05-06,University,Cappuccino,24,4.25,102.0,Coffee,1.0,24.0,78.0,5
2025-05-06,University,Cold Brew,32,4.75,152.0,Coffee,0.95,30.4,121.6,5
2025-05-06,University,Croissant,24,3.25,78.0,Bakery,1.3,31.200000000000003,46.8,5
2025-05-06,University,Espresso,25,3.0,75.0,Coffee,0.55,13.750000000000002,61.25,5
2025-05-06,University,Latte,41,4.5,184.5,Coffee,1.1,45.1,139.4,5
2025-05-07,Downtown,Blueberry Muffin,29,2.95,85.55,Bakery,1.1,31.900000000000002,53.64999999999999,5
2025-05-07,Downtown,Cappuccino,36,4.25,153.0,Coffee,1.0,36.0,117.0,5
2025-05-07,Downtown,Cold Brew,33,4.75,156.75,Coffee,0.95,31.349999999999998,125.4,5
2025-05-07,Downtown,Croissant,37,3.25,120.25,Bakery,1.3,48.1,72.15,5
2025-05-07,Downtown,Espresso,26,3.0,78.0,Coffee,0.55,14.3,63.7,5
2025-05-07,Downtown,Latte,52,4.5,234.0,Coffee,1.1,57.2,176.8,5
2025-05-07,Riverside,Blueberry Muffin,15,2.95,44.25,Bakery,1.1,16.5,27.75,5
2025-05-07,Riverside,Cappuccino,19,4.25,80.75,Coffee,1.0,19.0,61.75,5
2025-05-07,Riverside,Cold Brew,17,4.75,80.75,Coffee,0.95,16.15,64.6,5
2025-05-07,Riverside,Croissant,18,3.25,58.5,Bakery,1.3,23.400000000000002,35.099999999999994,5
2025-05-07,Riverside,Espresso,15,3.0,45.0,Coffee,0.55,8.25,36.75,5
2025-05-07,Riverside,Latte,25,4.5,112.5,Coffee,1.1,27.500000000000004,85.0,5
2025-05-07,University,Blueberry Muffin,23,2.95,67.85,Bakery,1.1,25.3,42.55,5
2025-05-07,University,Cappuccino,30,4.25,127.5,Coffee,1.0,30.0,97.5,5
2025-05-07,University,Cold Brew,28,4.75,133.0,Coffee,0.95,26.599999999999998,106.4,5
2025-05-07,University,Croissant,27,3.25,87.75,Bakery,1.3,35.1,52.65,5
2025-05-07,University,Espresso,22,3.0,66.0,Coffee,0.55,12.100000000000001,53.9,5
2025-05-07,University,Latte,43,4.5,193.5,Coffee,1.1,47.300000000000004,146.2,5
2025-05-08,Downtown,Blueberry Muffin,25,2.95,73.75,Bakery,1.1,27.500000000000004,46.25,5
2025-05-08,Downtown,Cappuccino,35,4.25,148.75,Coffee,1.0,35.0,113.75,5
2025-05-08,Downtown,Cold Brew,24,4.75,114.0,Coffee,0.95,22.799999999999997,91.2,5
2025-05-08,Downtown,Croissant,35,3.25,113.75,Bakery,1.3,45.5,68.25,5
2025-05-08,Downtown,Espresso,30,3.0,90.0,Coffee,0.55,16.5,73.5,5
2025-05-08,Downtown,Latte,54,4.5,243.0,Coffee,1.1,59.400000000000006,183.6,5
2025-05-08,Riverside,Blueberry Muffin,14,2.95,41.3,Bakery,1.1,15.400000000000002,25.899999999999995,5
2025-05-08,Riverside,Cappuccino,18,4.25,76.5,Coffee,1.0,18.0,58.5,5
2025-05-08,Riverside,Cold Brew,16,4.75,76.0,Coffee,0.95,15.2,60.8,5
2025-05-08,Riverside,Croissant,20,3.25,65.0,Bakery,1.3,26.0,39.0,5
2025-05-08,Riverside,Espresso,16,3.0,48.0,Coffee,0.55,8.8,39.2,5
2025-05-08,Riverside,Latte,28,4.5,126.0,Coffee,1.1,30.800000000000004,95.19999999999999,5
2025-05-08,University,Blueberry Muffin,24,2.95,70.8,Bakery,1.1,26.400000000000002,44.39999999999999,5
2025-05-08,University,Cappuccino,28,4.25,119.0,Coffee,1.0,28.0,91.0,5
2025-05-08,University,Cold Brew,30,4.75,142.5,Coffee,0.95,28.5,114.0,5
2025-05-08,University,Croissant,26,3.25,84.5,Bakery,1.3,33.800000000000004,50.699999999999996,5
2025-05-08,University,Espresso,24,3.0,72.0,Coffee,0.55,13.200000000000001,58.8,5
2025-05-08,University,Latte,43,4.5,193.5,Coffee,1.1,47.300000000000004,146.2,5
2025-05-09,Downtown,Blueberry Muffin,23,2.95,67.85,Bakery,1.1,25.3,42.55,5
2025-05-09,Downtown,Cappuccino,32,4.25,136.0,Coffee,1.0,32.0,104.0,5
2025-05-09,Downtown,Cold Brew,25,4.75,118.75,Coffee,0.95,23.75,95.0,5
2025-05-09,Downtown,Croissant,27,3.25,87.75,Bakery,1.3,35.1,52.65,5
2025-05-09,Downtown,Espresso,27,3.0,81.0,Coffee,0.55,14.850000000000001,66.15,5
2025-05-09,Downtown,Latte,49,4.5,220.5,Coffee,1.1,53.900000000000006,166.6,5
2025-05-09,Riverside,Blueberry Muffin,14,2.95,41.3,Bakery,1.1,15.400000000000002,25.899999999999995,5
2025-05-09,Riverside,Cappuccino,19,4.25,80.75,Coffee,1.0,19.0,61.75,5
2025-05-09,Riverside,Cold Brew,12,4.75,57.0,Coffee,0.95,11.399999999999999,45.6,5
2025-05-09,Riverside,Croissant,16,3.25,52.0,Bakery,1.3,20.8,31.2,5
2025-05-09,Riverside,Espresso,16,3.0,48.0,Coffee,0.55,8.8,39.2,5
2025-05-09,Riverside,Latte,25,4.5,112.5,Coffee,1.1,27.500000000000004,85.0,5
2025-05-09,University,Blueberry Muffin,26,2.95,76.7,Bakery,1.1,28.6,48.1,5
2025-05-09,University,Cappuccino,35,4.25,148.75,Coffee,1.0,35.0,113.75,5
2025-05-09,University,Cold Brew,28,4.75,133.0,Coffee,0.95,26.599999999999998,106.4,5
2025-05-09,University,Croissant,30,3.25,97.5,Bakery,1.3,39.0,58.5,5
2025-05-09,University,Espresso,29,3.0,87.0,Coffee,0.55,15.950000000000001,71.05,5
2025-05-09,University,Latte,48,4.5,216.0,Coffee,1.1,52.800000000000004,163.2,5
2025-05-10,Downtown,Blueberry Muffin,28,2.95,82.6,Bakery,1.1,30.800000000000004,51.79999999999999,5
2025-05-10,Downtown,Cappuccino,51,4.25,216.75,Coffee,1.0,51.0,165.75,5
2025-05-10,Downtown,Cold Brew,43,4.75,204.25,Coffee,0.95,40.85,163.4,5
2025-05-10,Downtown,Croissant,40,3.25,130.0,Bakery,1.3,52.0,78.0,5
2025-05-10,Downtown,Espresso,37,3.0,111.0,Coffee,0.55,20.35,90.65,5
2025-05-10,Downtown,Latte,68,4.5,306.0,Coffee,1.1,74.80000000000001,231.2,5
2025-05-10,Riverside,Blueberry Muffin,14,2.95,41.3,Bakery,1.1,15.400000000000002,25.899999999999995,5
2025-05-10,Riverside,Cappuccino,21,4.25,89.25,Coffee,1.0,21.0,68.25,5
2025-05-10,Riverside,Cold Brew,25,4.75,118.75,Coffee,0.95,23.75,95.0,5
2025-05-10,Riverside,Croissant,25,3.25,81.25,Bakery,1.3,32.5,48.75,5
2025-05-10,Riverside,Espresso,20,3.0,60.0,Coffee,0.55,11.0,49.0,5
2025-05-10,Riverside,Latte,36,4.5,162.0,Coffee,1.1,39.6,122.4,5
2025-05-10,University,Blueberry Muffin,13,2.95,38.35,Bakery,1.1,14.3,24.05,5
2025-05-10,University,Cappuccino,17,4.25,72.25,Coffee,1.0,17.0,55.25,5
2025-05-10,University,Cold Brew,17,4.75,80.75,Coffee,0.95,16.15,64.6,5
2025-05-10,University,Croissant,18,3.25,58.5,Bakery,1.3,23.400000000000002,35.099999999999994,5
2025-05-10,University,Espresso,17,3.0,51.0,Coffee,0.55,9.350000000000001,41.65,5
2025-05-10,University,Latte,24,4.5,108.0,Coffee,1.1,26.400000000000002,81.6,5
2025-05-11,Downtown,Blueberry Muffin,29,2.95,85.55,Bakery,1.1,31.900000000000002,53.64999999999999,5
2025-05-11,Downtown,Cappuccino,37,4.25,157.25,Coffee,1.0,37.0,120.25,5
2025-05-11,Downtown,Cold Brew,32,4.75,152.0,Coffee,0.95,30.4,121.6,5
2025-05-11,Downtown,Croissant,32,3.25,104.0,Bakery,1.3,41.6,62.4,5
2025-05-11,Downtown,Espresso,31,3.0,93.0,Coffee,0.55,17.05,75.95,5
2025-05-11,Downtown,Latte,53,4.5,238.5,Coffee,1.1,58.300000000000004,180.2,5
2025-05-11,Riverside,Blueberry Muffin,17,2.95,50.15,Bakery,1.1,18.700000000000003,31.449999999999996,5
2025-05-11,Riverside,Cappuccino,23,4.25,97.75,Coffee,1.0,23.0,74.75,5
2025-05-11,Riverside,Cold Brew,30,4.75,142.5,Coffee,0.95,28.5,114.0,5
2025-05-11,Riverside,Croissant,21,3.25,68.25,Bakery,1.3,27.3,40.95,5
2025-05-11,Riverside,Espresso,18,3.0,54.0,Coffee,0.55,9.9,44.1,5
2025-05-11,Riverside,Latte,34,4.5,153.0,Coffee,1.1,37.400000000000006,115.6,5
2025-05-11,University,Blueberry Muffin,13,2.95,38.35,Bakery,1.1,14.3,24.05,5
2025-05-11,University,Cappuccino,21,4.25,89.25,Coffee,1.0,21.0,68.25,5
2025-05-11,University,Cold Brew,17,4.75,80.75,Coffee,0.95,16.15,64.6,5
2025-05-11,University,Croissant,20,3.25,65.0,Bakery,1.3,26.0,39.0,5
2025-05-11,University,Espresso,14,3.0,42.0,Coffee,0.55,7.700000000000001,34.3,5
2025-05-11,University,Latte,29,4.5,130.5,Coffee,1.1,31.900000000000002,98.6,5
2025-05-12,Downtown,Blueberry Muffin,22,2.95,64.9,Bakery,1.1,24.200000000000003,40.7,5
2025-05-12,Downtown,Cappuccino,30,4.25,127.5,Coffee,1.0,30.0,97.5,5
2025-05-12,Downtown,Cold Brew,26,4.75,123.5,Coffee,0.95,24.7,98.8,5
2025-05-12,Downtown,Croissant,27,3.25,87.75,Bakery,1.3,35.1,52.65,5
2025-05-12,Downtown,Espresso,22,3.0,66.0,Coffee,0.55,12.100000000000001,53.9,5
2025-05-12,Downtown,Latte,43,4.5,193.5,Coffee,1.1,47.300000000000004,146.2,5
2025-05-12,Riverside,Blueberry Muffin,14,2.95,41.3,Bakery,1.1,15.400000000000002,25.899999999999995,5
2025-05-12,Riverside,Cappuccino,23,4.25,97.75,Coffee,1.0,23.0,74.75,5
2025-05-12,Riverside,Cold Brew,15,4.75,71.25,Coffee,0.95,14.25,57.0,5
2025-05-12,Riverside,Croissant,17,3.25,55.25,Bakery,1.3,22.1,33.15,5
2025-05-12,Riverside,Espresso,16,3.0,48.0,Coffee,0.55,8.8,39.2,5
2025-05-12,Riverside,Latte,27,4.5,121.5,Coffee,1.1,29.700000000000003,91.8,5
2025-05-12,University,Blueberry Muffin,23,2.95,67.85,Bakery,1.1,25.3,42.55,5
2025-05-12,University,Cappuccino,32,4.25,136.0,Coffee,1.0,32.0,104.0,5
2025-05-12,University,Cold Brew,19,4.75,90.25,Coffee,0.95,18.05,72.2,5
2025-05-12,University,Croissant,29,3.25,94.25,Bakery,1.3,37.7,56.55,5
2025-05-12,University,Espresso,29,3.0,87.0,Coffee,0.55,15.950000000000001,71.05,5
2025-05-12,University,Latte,45,4.5,202.5,Coffee,1.1,49.50000000000001,153.0,5
2025-05-13,Downtown,Blueberry Muffin,24,2.95,70.8,Bakery,1.1,26.400000000000002,44.39999999999999,5
2025-05-13,Downtown,Cappuccino,38,4.25,161.5,Coffee,1.0,38.0,123.5,5
2025-05-13,Downtown,Cold Brew,23,4.75,109.25,Coffee,0.95,21.849999999999998,87.4,5
2025-05-13,Downtown,Croissant,29,3.25,94.25,Bakery,1.3,37.7,56.55,5
2025-05-13,Downtown,Espresso,26,3.0,78.0,Coffee,0.55,14.3,63.7,5
2025-05-13,Downtown,Latte,53,4.5,238.5,Coffee,1.1,58.300000000000004,180.2,5
2025-05-13,Riverside,Blueberry Muffin,16,2.95,47.2,Bakery,1.1,17.6,29.6,5
2025-05-13,Riverside,Cappuccino,21,4.25,89.25,Coffee,1.0,21.0,68.25,5
2025-05-13,Riverside,Cold Brew,20,4.75,95.0,Coffee,0.95,19.0,76.0,5
2025-05-13,Riverside,Croissant,20,3.25,65.0,Bakery,1.3,26.0,39.0,5
2025-05-13,Riverside,Espresso,19,3.0,57.0,Coffee,0.55,10.450000000000001,46.55,5
2025-05-13,Riverside,Latte,32,4.5,144.0,Coffee,1.1,35.2,108.8,5
2025-05-13,University,Blueberry Muffin,21,2.95,61.95,Bakery,1.1,23.1,38.85,5
2025-05-13,University,Cappuccino,32,4.25,136.0,Coffee,1.0,32.0,104.0,5
2025-05-13,University,Cold Brew,21,4.75,99.75,Coffee,0.95,19.95,79.8,5
2025-05-13,University,Croissant,31,3.25,100.75,Bakery,1.3,40.300000000000004,60.449999999999996,5
2025-05-13,University,Espresso,25,3.0,75.0,Coffee,0.55,13.750000000000002,61.25,5
2025-05-13,University,Latte,49,4.5,220.5,Coffee,1.1,53.900000000000006,166.6,5
2025-05-14,Downtown,Blueberry Muffin,23,2.95,67.85,Bakery,1.1,25.3,42.55,5
2025-05-14,Downtown,Cappuccino,43,4.25,182.75,Coffee,1.0,43.0,139.75,5
2025-05-14,Downtown,Cold Brew,22,4.75,104.5,Coffee,0.95,20.9,83.6,5
2025-05-14,Downtown,Croissant,40,3.25,130.0,Bakery,1.3,52.0,78.0,5
2025-05-14,Downtown,Espresso,30,3.0,90.0,Coffee,0.55,16.5,73.5,5
2025-05-14,Downtown,Latte,58,4.5,261.0,Coffee,1.1,63.800000000000004,197.2,5
2025-05-14,Riverside,Blueberry Muffin,18,2.95,53.1,Bakery,1.1,19.8,33.3,5
2025-05-14,Riverside,Cappuccino,24,4.25,102.0,Coffee,1.0,24.0,78.0,5
2025-05-14,Riverside,Cold Brew,13,4.75,61.75,Coffee,0.95,12.35,49.4,5
2025-05-14,Riverside,Croissant,21,3.25,68.25,Bakery,1.3,27.3,40.95,5
2025-05-14,Riverside,Espresso,21,3.0,63.0,Coffee,0.55,11.55,51.45,5
2025-05-14,Riverside,Latte,35,4.5,157.5,Coffee,1.1,38.5,119.0,5
2025-05-14,University,Blueberry Muffin,21,2.95,61.95,Bakery,1.1,23.1,38.85,5
2025-05-14,University,Cappuccino,30,4.25,127.5,Coffee,1.0,30.0,97.5,5
2025-05-14,University,Cold Brew,22,4.75,104.5,Coffee,0.95,20.9,83.6,5
2025-05-14,University,Croissant,24,3.25,78.0,Bakery,1.3,31.200000000000003,46.8,5
2025-05-14,University,Espresso,22,3.0,66.0,Coffee,0.55,12.100000000000001,53.9,5
2025-05-14,University,Latte,40,4.5,180.0,Coffee,1.1,44.0,136.0,5
2025-05-15,Downtown,Blueberry Muffin,22,2.95,64.9,Bakery,1.1,24.200000000000003,40.7,5
2025-05-15,Downtown,Cappuccino,33,4.25,140.25,Coffee,1.0,33.0,107.25,5
2025-05-15,Downtown,Cold Brew,29,4.75,137.75,Coffee,0.95,27.549999999999997,110.2,5
2025-05-15,Downtown,Croissant,31,3.25,100.75,Bakery,1.3,40.300000000000004,60.449999999999996,5
2025-05-15,Downtown,Espresso,25,3.0,75.0,Coffee,0.55,13.750000000000002,61.25,5
2025-05-15,Downtown,Latte,48,4.5,216.0,Coffee,1.1,52.800000000000004,163.2,5
2025-05-15,Riverside,Blueberry Muffin,15,2.95,44.25,Bakery,1.1,16.5,27.75,5
2025-05-15,Riverside,Cappuccino,21,4.25,89.25,Coffee,1.0,21.0,68.25,5
2025-05-15,Riverside,Cold Brew,12,4.75,57.0,Coffee,0.95,11.399999999999999,45.6,5
2025-05-15,Riverside,Croissant,18,3.25,58.5,Bakery,1.3,23.400000000000002,35.099999999999994,5
2025-05-15,Riverside,Espresso,17,3.0,51.0,Coffee,0.55,9.350000000000001,41.65,5
2025-05-15,Riverside,Latte,29,4.5,130.5,Coffee,1.1,31.900000000000002,98.6,5
2025-05-15,University,Blueberry Muffin,21,2.95,61.95,Bakery,1.1,23.1,38.85,5
2025-05-15,University,Cappuccino,28,4.25,119.0,Coffee,1.0,28.0,91.0,5
2025-05-15,University,Cold Brew,21,4.75,99.75,Coffee,0.95,19.95,79.8,5
2025-05-15,University,Croissant,25,3.25,81.25,Bakery,1.3,32.5,48.75,5
2025-05-15,University,Espresso,21,3.0,63.0,Coffee,0.55,11.55,51.45,5
2025-05-15,University,Latte,44,4.5,198.0,Coffee,1.1,48.400000000000006,149.6,5
2025-05-16,Downtown,Blueberry Muffin,23,2.95,67.85,Bakery,1.1,25.3,42.55,5
2025-05-16,Downtown,Cappuccino,33,4.25,140.25,Coffee,1.0,33.0,107.25,5
2025-05-16,Downtown,Cold Brew,28,4.75,133.0,Coffee,0.95,26.599999999999998,106.4,5
2025-05-16,Downtown,Croissant,30,3.25,97.5,Bakery,1.3,39.0,58.5,5
2025-05-16,Downtown,Espresso,30,3.0,90.0,Coffee,0.55,16.5,73.5,5
2025-05-16,Downtown,Latte,51,4.5,229.5,Coffee,1.1,56.1,173.4,5
2025-05-16,Riverside,Blueberry Muffin,18,2.95,53.1,Bakery,1.1,19.8,33.3,5
2025-05-16,Riverside,Cappuccino,25,4.25,106.25,Coffee,1.0,25.0,81.25,5
2025-05-16,Riverside,Cold Brew,21,4.75,99.75,Coffee,0.95,19.95,79.8,5
2025-05-16,Riverside,Croissant,20,3.25,65.0,Bakery,1.3,26.0,39.0,5
2025-05-16,Riverside,Espresso,18,3.0,54.0,Coffee,0.55,9.9,44.1,5
2025-05-16,Riverside,Latte,32,4.5,144.0,Coffee,1.1,35.2,108.8,5
2025-05-16,University,Blueberry Muffin,21,2.95,61.95,Bakery,1.1,23.1,38.85,5
2025-05-16,University,Cappuccino,27,4.25,114.75,Coffee,1.0,27.0,87.75,5
2025-05-16,University,Cold Brew,23,4.75,109.25,Coffee,0.95,21.849999999999998,87.4,5
2025-05-16,University,Croissant,26,3.25,84.5,Bakery,1.3,33.800000000000004,50.699999999999996,5
2025-05-16,University,Espresso,21,3.0,63.0,Coffee,0.55,11.55,51.45,5
2025-05-16,University,Latte,42,4.5,189.0,Coffee,1.1,46.2,142.8,5
2025-05-17,Downtown,Blueberry Muffin,31,2.95,91.45,Bakery,1.1,34.1,57.35,5
2025-05-17,Downtown,Cappuccino,43,4.25,182.75,Coffee,1.0,43.0,139.75,5
2025-05-17,Downtown,Cold Brew,36,4.75,171.0,Coffee,0.95,34.199999999999996,136.8,5
2025-05-17,Downtown,Croissant,36,3.25,117.0,Bakery,1.3,46.800000000000004,70.19999999999999,5
2025-05-17,Downtown,Espresso,36,3.0,108.0,Coffee,0.55,19.8,88.2,5
2025-05-17,Downtown,Latte,60,4.5,270.0,Coffee,1.1,66.0,204.0,5
2025-05-17,Riverside,Blueberry Muffin,16,2.95,47.2,Bakery,1.1,17.6,29.6,5
2025-05-17,Riverside,Cappuccino,25,4.25,106.25,Coffee,1.0,25.0,81.25,5
2025-05-17,Riverside,Cold Brew,19,4.75,90.25,Coffee,0.95,18.05,72.2,5
2025-05-17,Riverside,Croissant,22,3.25,71.5,Bakery,1.3,28.6,42.9,5
2025-05-17,Riverside,Espresso,19,3.0,57.0,Coffee,0.55,10.450000000000001,46.55,5
2025-05-17,Riverside,Latte,35,4.5,157.5,Coffee,1.1,38.5,119.0,5
2025-05-17,University,Blueberry Muffin,15,2.95,44.25,Bakery,1.1,16.5,27.75,5
2025-05-17,University,Cappuccino,21,4.25,89.25,Coffee,1.0,21.0,68.25,5
2025-05-17,University,Cold Brew,13,4.75,61.75,Coffee,0.95,12.35,49.4,5
2025-05-17,University,Croissant,19,3.25,61.75,Bakery,1.3,24.7,37.05,5
2025-05-17,University,Espresso,16,3.0,48.0,Coffee,0.55,8.8,39.2,5
2025-05-17,University,Latte,32,4.5,144.0,Coffee,1.1,35.2,108.8,5
2025-05-18,Downtown,Blueberry Muffin,31,2.95,91.45,Bakery,1.1,34.1,57.35,5
2025-05-18,Downtown,Cappuccino,52,4.25,221.0,Coffee,1.0,52.0,169.0,5
2025-05-18,Downtown,Cold Brew,43,4.75,204.25,Coffee,0.95,40.85,163.4,5
2025-05-18,Downtown,Croissant,46,3.25,149.5,Bakery,1.3,59.800000000000004,89.69999999999999,5
2025-05-18,Downtown,Espresso,38,3.0,114.0,Coffee,0.55,20.900000000000002,93.1,5
2025-05-18,Downtown,Latte,71,4.5,319.5,Coffee,1.1,78.10000000000001,241.39999999999998,5
2025-05-18,Riverside,Blueberry Muffin,20,2.95,59.0,Bakery,1.1,22.0,37.0,5
2025-05-18,Riverside,Cappuccino,26,4.25,110.5,Coffee,1.0,26.0,84.5,5
2025-05-18,Riverside,Cold Brew,20,4.75,95.0,Coffee,0.95,19.0,76.0,5
2025-05-18,Riverside,Croissant,24,3.25,78.0,Bakery,1.3,31.200000000000003,46.8,5
2025-05-18,Riverside,Espresso,22,3.0,66.0,Coffee,0.55,12.100000000000001,53.9,5
2025-05-18,Riverside,Latte,37,4.5,166.5,Coffee,1.1,40.7,125.8,5
2025-05-18,University,Blueberry Muffin,16,2.95,47.2,Bakery,1.1,17.6,29.6,5
2025-05-18,University,Cappuccino,23,4.25,97.75,Coffee,1.0,23.0,74.75,5
2025-05-18,University,Cold Brew,13,4.75,61.75,Coffee,0.95,12.35,49.4,5
2025-05-18,University,Croissant,19,3.25,61.75,Bakery,1.3,24.7,37.05,5
2025-05-18,University,Espresso,18,3.0,54.0,Coffee,0.55,9.9,44.1,5
2025-05-18,University,Latte,36,4.5,162.0,Coffee,1.1,39.6,122.4,5
2025-05-19,Downtown,Blueberry Muffin,21,2.95,61.95,Bakery,1.1,23.1,38.85,5
2025-05-19,Downtown,Cappuccino,36,4.25,153.0,Coffee,1.0,36.0,117.0,5
2025-05-19,Downtown,Cold Brew,21,4.75,99.75,Coffee,0.95,19.95,79.8,5
2025-05-19,Downtown,Croissant,28,3.25,91.0,Bakery,1.3,36.4,54.6,5
2025-05-19,Downtown,Espresso,26,3.0,78.0,Coffee,0.55,14.3,63.7,5
2025-05-19,Downtown,Latte,46,4.5,207.0,Coffee,1.1,50.6,156.4,5
2025-05-19,Riverside,Blueberry Muffin,14,2.95,41.3,Bakery,1.1,15.400000000000002,25.899999999999995,5
2025-05-19,Riverside,Cappuccino,22,4.25,93.5,Coffee,1.0,22.0,71.5,5
2025-05-19,Riverside,Cold Brew,12,4.75,57.0,Coffee,0.95,11.399999999999999,45.6,5
2025-05-19,Riverside,Croissant,16,3.25,52.0,Bakery,1.3,20.8,31.2,5
2025-05-19,Riverside,Espresso,16,3.0,48.0,Coffee,0.55,8.8,39.2,5
2025-05-19,Riverside,Latte,34,4.5,153.0,Coffee,1.1,37.400000000000006,115.6,5
2025-05-19,University,Blueberry Muffin,22,2.95,64.9,Bakery,1.1,24.200000000000003,40.7,5
2025-05-19,University,Cappuccino,32,4.25,136.0,Coffee,1.0,32.0,104.0,5
2025-05-19,University,Cold Brew,23,4.75,109.25,Coffee,0.95,21.849999999999998,87.4,5
2025-05-19,University,Croissant,28,3.25,91.0,Bakery,1.3,36.4,54.6,5
2025-05-19,University,Espresso,25,3.0,75.0,Coffee,0.55,13.750000000000002,61.25,5
2025-05-19,University,Latte,47,4.5,211.5,Coffee,1.1,51.7,159.8,5
2025-05-20,Downtown,Blueberry Muffin,24,2.95,70.8,Bakery,1.1,26.400000000000002,44.39999999999999,5
2025-05-20,Downtown,Cappuccino,42,4.25,178.5,Coffee,1.0,42.0,136.5,5
2025-05-20,Downtown,Cold Brew,32,4.75,152.0,Coffee,0.95,30.4,121.6,5
2025-05-20,Downtown,Croissant,38,3.25,123.5,Bakery,1.3,49.4,74.1,5
2025-05-20,Downtown,Espresso,30,3.0,90.0,Coffee,0.55,16.5,73.5,5
2025-05-20,Downtown,Latte,58,4.5,261.0,Coffee,1.1,63.800000000000004,197.2,5
2025-05-20,Riverside,Blueberry Muffin,12,2.95,35.4,Bakery,1.1,13.200000000000001,22.199999999999996,5
2025-05-20,Riverside,Cappuccino,21,4.25,89.25,Coffee,1.0,21.0,68.25,5
2025-05-20,Riverside,Cold Brew,13,4.75,61.75,Coffee,0.95,12.35,49.4,5
2025-05-20,Riverside,Croissant,16,3.25,52.0,Bakery,1.3,20.8,31.2,5
2025-05-20,Riverside,Espresso,16,3.0,48.0,Coffee,0.55,8.8,39.2,5
2025-05-20,Riverside,Latte,31,4.5,139.5,Coffee,1.1,34.1,105.4,5
2025-05-20,University,Blueberry Muffin,18,2.95,53.1,Bakery,1.1,19.8,33.3,5
2025-05-20,University,Cappuccino,25,4.25,106.25,Coffee,1.0,25.0,81.25,5
2025-05-20,University,Cold Brew,19,4.75,90.25,Coffee,0.95,18.05,72.2,5
2025-05-20,University,Croissant,21,3.25,68.25,Bakery,1.3,27.3,40.95,5
2025-05-20,University,Espresso,23,3.0,69.0,Coffee,0.55,12.65,56.35,5
2025-05-20,University,Latte,41,4.5,184.5,Coffee,1.1,45.1,139.4,5
2025-05-21,Downtown,Blueberry Muffin,30,2.95,88.5,Bakery,1.1,33.0,55.5,5
2025-05-21,Downtown,Cappuccino,45,4.25,191.25,Coffee,1.0,45.0,146.25,5
2025-05-21,Downtown,Cold Brew,41,4.75,194.75,Coffee,0.95,38.949999999999996,155.8,5
2025-05-21,Downtown,Croissant,41,3.25,133.25,Bakery,1.3,53.300000000000004,79.94999999999999,5
2025-05-21,Downtown,Espresso,37,3.0,111.0,Coffee,0.55,20.35,90.65,5
2025-05-21,Downtown,Latte,59,4.5,265.5,Coffee,1.1,64.9,200.6,5
2025-05-21,Riverside,Blueberry Muffin,14,2.95,41.3,Bakery,1.1,15.400000000000002,25.899999999999995,5
2025-05-21,Riverside,Cappuccino,23,4.25,97.75,Coffee,1.0,23.0,74.75,5
2025-05-21,Riverside,Cold Brew,9,4.75,42.75,Coffee,0.95,8.549999999999999,34.2,5
2025-05-21,Riverside,Croissant,18,3.25,58.5,Bakery,1.3,23.400000000000002,35.099999999999994,5
2025-05-21,Riverside,Espresso,17,3.0,51.0,Coffee,0.55,9.350000000000001,41.65,5
2025-05-21,Riverside,Latte,31,4.5,139.5,Coffee,1.1,34.1,105.4,5
2025-05-21,University,Blueberry Muffin,23,2.95,67.85,Bakery,1.1,25.3,42.55,5
2025-05-21,University,Cappuccino,30,4.25,127.5,Coffee,1.0,30.0,97.5,5
2025-05-21,University,Cold Brew,20,4.75,95.0,Coffee,0.95,19.0,76.0,5
2025-05-21,University,Croissant,26,3.25,84.5,Bakery,1.3,33.800000000000004,50.699999999999996,5
2025-05-21,University,Espresso,27,3.0,81.0,Coffee,0.55,14.850000000000001,66.15,5
2025-05-21,University,Latte,47,4.5,211.5,Coffee,1.1,51.7,159.8,5
2025-05-22,Downtown,Blueberry Muffin,24,2.95,70.8,Bakery,1.1,26.400000000000002,44.39999999999999,5
2025-05-22,Downtown,Cappuccino,36,4.25,153.0,Coffee,1.0,36.0,117.0,5
2025-05-22,Downtown,Cold Brew,41,4.75,194.75,Coffee,0.95,38.949999999999996,155.8,5
2025-05-22,Downtown,Croissant,30,3.25,97.5,Bakery,1.3,39.0,58.5,5
2025-05-22,Downtown,Espresso,33,3.0,99.0,Coffee,0.55,18.150000000000002,80.85,5
2025-05-22,Downtown,Latte,53,4.5,238.5,Coffee,1.1,58.300000000000004,180.2,5
2025-05-22,Riverside,Blueberry Muffin,12,2.95,35.4,Bakery,1.1,13.200000000000001,22.199999999999996,5
2025-05-22,Riverside,Cappuccino,20,4.25,85.0,Coffee,1.0,20.0,65.0,5
2025-05-22,Riverside,Cold Brew,18,4.75,85.5,Coffee,0.95,17.099999999999998,68.4,5
2025-05-22,Riverside,Croissant,20,3.25,65.0,Bakery,1.3,26.0,39.0,5
2025-05-22,Riverside,Espresso,16,3.0,48.0,Coffee,0.55,8.8,39.2,5
2025-05-22,Riverside,Latte,28,4.5,126.0,Coffee,1.1,30.800000000000004,95.19999999999999,5
2025-05-22,University,Blueberry Muffin,22,2.95,64.9,Bakery,1.1,24.200000000000003,40.7,5
2025-05-22,University,Cappuccino,28,4.25,119.0,Coffee,1.0,28.0,91.0,5
2025-05-22,University,Cold Brew,29,4.75,137.75,Coffee,0.95,27.549999999999997,110.2,5
2025-05-22,University,Croissant,23,3.25,74.75,Bakery,1.3,29.900000000000002,44.849999999999994,5
2025-05-22,University,Espresso,22,3.0,66.0,Coffee,0.55,12.100000000000001,53.9,5
2025-05-22,University,Latte,41,4.5,184.5,Coffee,1.1,45.1,139.4,5
2025-05-23,Downtown,Blueberry Muffin,24,2.95,70.8,Bakery,1.1,26.400000000000002,44.39999999999999,5
2025-05-23,Downtown,Cappuccino,34,4.25,144.5,Coffee,1.0,34.0,110.5,5
2025-05-23,Downtown,Cold Brew,25,4.75,118.75,Coffee,0.95,23.75,95.0,5
2025-05-23,Downtown,Croissant,32,3.25,104.0,Bakery,1.3,41.6,62.4,5
2025-05-23,Downtown,Espresso,29,3.0,87.0,Coffee,0.55,15.950000000000001,71.05,5
2025-05-23,Downtown,Latte,47,4.5,211.5,Coffee,1.1,51.7,159.8,5
2025-05-23,Riverside,Blueberry Muffin,17,2.95,50.15,Bakery,1.1,18.700000000000003,31.449999999999996,5
2025-05-23,Riverside,Cappuccino,21,4.25,89.25,Coffee,1.0,21.0,68.25,5
2025-05-23,Riverside,Cold Brew,15,4.75,71.25,Coffee,0.95,14.25,57.0,5
2025-05-23,Riverside,Croissant,19,3.25,61.75,Bakery,1.3,24.7,37.05,5
2025-05-23,Riverside,Espresso,17,3.0,51.0,Coffee,0.55,9.350000000000001,41.65,5
2025-05-23,Riverside,Latte,29,4.5,130.5,Coffee,1.1,31.900000000000002,98.6,5
2025-05-23,University,Blueberry Muffin,17,2.95,50.15,Bakery,1.1,18.700000000000003,31.449999999999996,5
2025-05-23,University,Cappuccino,22,4.25,93.5,Coffee,1.0,22.0,71.5,5
2025-05-23,University,Cold Brew,26,4.75,123.5,Coffee,0.95,24.7,98.8,5
2025-05-23,University,Croissant,23,3.25,74.75,Bakery,1.3,29.900000000000002,44.849999999999994,5
2025-05-23,University,Espresso,21,3.0,63.0,Coffee,0.55,11.55,51.45,5
2025-05-23,University,Latte,38,4.5,171.0,Coffee,1.1,41.800000000000004,129.2,5
2025-05-24,Downtown,Blueberry Muffin,30,2.95,88.5,Bakery,1.1,33.0,55.5,5
2025-05-24,Downtown,Cappuccino,53,4.25,225.25,Coffee,1.0,53.0,172.25,5
2025-05-24,Downtown,Cold Brew,42,4.75,199.5,Coffee,0.95,39.9,159.6,5
2025-05-24,Downtown,Croissant,37,3.25,120.25,Bakery,1.3,48.1,72.15,5
2025-05-24,Downtown,Espresso,38,3.0,114.0,Coffee,0.55,20.900000000000002,93.1,5
2025-05-24,Downtown,Latte,60,4.5,270.0,Coffee,1.1,66.0,204.0,5
2025-05-24,Riverside,Blueberry Muffin,18,2.95,53.1,Bakery,1.1,19.8,33.3,5
2025-05-24,Riverside,Cappuccino,25,4.25,106.25,Coffee,1.0,25.0,81.25,5
2025-05-24,Riverside,Cold Brew,20,4.75,95.0,Coffee,0.95,19.0,76.0,5
2025-05-24,Riverside,Croissant,23,3.25,74.75,Bakery,1.3,29.900000000000002,44.849999999999994,5
2025-05-24,Riverside,Espresso,24,3.0,72.0,Coffee,0.55,13.200000000000001,58.8,5
2025-05-24,Riverside,Latte,41,4.5,184.5,Coffee,1.1,45.1,139.4,5
2025-05-24,University,Blueberry Muffin,17,2.95,50.15,Bakery,1.1,18.700000000000003,31.449999999999996,5
2025-05-24,University,Cappuccino,22,4.25,93.5,Coffee,1.0,22.0,71.5,5
2025-05-24,University,Cold Brew,17,4.75,80.75,Coffee,0.95,16.15,64.6,5
2025-05-24,University,Croissant,17,3.25,55.25,Bakery,1.3,22.1,33.15,5
2025-05-24,University,Espresso,19,3.0,57.0,Coffee,0.55,10.450000000000001,46.55,5
2025-05-24,University,Latte,36,4.5,162.0,Coffee,1.1,39.6,122.4,5
2025-05-25,Downtown,Blueberry Muffin,31,2.95,91.45,Bakery,1.1,34.1,57.35,5
2025-05-25,Downtown,Cappuccino,44,4.25,187.0,Coffee,1.0,44.0,143.0,5
2025-05-25,Downtown,Cold Brew,33,4.75,156.75,Coffee,0.95,31.349999999999998,125.4,5
2025-05-25,Downtown,Croissant,44,3.25,143.0,Bakery,1.3,57.2,85.8,5
2025-05-25,Downtown,Espresso,38,3.0,114.0,Coffee,0.55,20.900000000000002,93.1,5
2025-05-25,Downtown,Latte,69,4.5,310.5,Coffee,1.1,75.9,234.6,5
2025-05-25,Riverside,Blueberry Muffin,14,2.95,41.3,Bakery,1.1,15.400000000000002,25.899999999999995,5
2025-05-25,Riverside,Cappuccino,25,4.25,106.25,Coffee,1.0,25.0,81.25,5
2025-05-25,Riverside,Cold Brew,25,4.75,118.75,Coffee,0.95,23.75,95.0,5
2025-05-25,Riverside,Croissant,20,3.25,65.0,Bakery,1.3,26.0,39.0,5
2025-05-25,Riverside,Espresso,21,3.0,63.0,Coffee,0.55,11.55,51.45,5
2025-05-25,Riverside,Latte,37,4.5,166.5,Coffee,1.1,40.7,125.8,5
2025-05-25,University,Blueberry Muffin,15,2.95,44.25,Bakery,1.1,16.5,27.75,5
2025-05-25,University,Cappuccino,23,4.25,97.75,Coffee,1.0,23.0,74.75,5
2025-05-25,University,Cold Brew,25,4.75,118.75,Coffee,0.95,23.75,95.0,5
2025-05-25,University,Croissant,21,3.25,68.25,Bakery,1.3,27.3,40.95,5
2025-05-25,University,Espresso,16,3.0,48.0,Coffee,0.55,8.8,39.2,5
2025-05-25,University,Latte,30,4.5,135.0,Coffee,1.1,33.0,102.0,5
2025-05-26,Downtown,Blueberry Muffin,24,2.95,70.8,Bakery,1.1,26.400000000000002,44.39999999999999,5
2025-05-26,Downtown,Cappuccino,38,4.25,161.5,Coffee,1.0,38.0,123.5,5
2025-05-26,Downtown,Cold Brew,25,4.75,118.75,Coffee,0.95,23.75,95.0,5
2025-05-26,Downtown,Croissant,33,3.25,107.25,Bakery,1.3,42.9,64.35,5
2025-05-26,Downtown,Espresso,30,3.0,90.0,Coffee,0.55,16.5,73.5,5
2025-05-26,Downtown,Latte,57,4.5,256.5,Coffee,1.1,62.7,193.8,5
2025-05-26,Riverside,Blueberry Muffin,13,2.95,38.35,Bakery,1.1,14.3,24.05,5
2025-05-26,Riverside,Cappuccino,18,4.25,76.5,Coffee,1.0,18.0,58.5,5
2025-05-26,Riverside,Cold Brew,15,4.75,71.25,Coffee,0.95,14.25,57.0,5
2025-05-26,Riverside,Croissant,17,3.25,55.25,Bakery,1.3,22.1,33.15,5
2025-05-26,Riverside,Espresso,15,3.0,45.0,Coffee,0.55,8.25,36.75,5
2025-05-26,Riverside,Latte,30,4.5,135.0,Coffee,1.1,33.0,102.0,5
2025-05-26,University,Blueberry Muffin,18,2.95,53.1,Bakery,1.1,19.8,33.3,5
2025-05-26,University,Cappuccino,28,4.25,119.0,Coffee,1.0,28.0,91.0,5
2025-05-26,University,Cold Brew,24,4.75,114.0,Coffee,0.95,22.799999999999997,91.2,5
2025-05-26,University,Croissant,25,3.25,81.25,Bakery,1.3,32.5,48.75,5
2025-05-26,University,Espresso,22,3.0,66.0,Coffee,0.55,12.100000000000001,53.9,5
2025-05-26,University,Latte,39,4.5,175.5,Coffee,1.1,42.900000000000006,132.6,5
2025-05-27,Downtown,Blueberry Muffin,24,2.95,70.8,Bakery,1.1,26.400000000000002,44.39999999999999,5
2025-05-27,Downtown,Cappuccino,39,4.25,165.75,Coffee,1.0,39.0,126.75,5
2025-05-27,Downtown,Cold Brew,29,4.75,137.75,Coffee,0.95,27.549999999999997,110.2,5
2025-05-27,Downtown,Croissant,29,3.25,94.25,Bakery,1.3,37.7,56.55,5
2025-05-27,Downtown,Espresso,31,3.0,93.0,Coffee,0.55,17.05,75.95,5
2025-05-27,Downtown,Latte,49,4.5,220.5,Coffee,1.1,53.900000000000006,166.6,5
2025-05-27,Riverside,Blueberry Muffin,12,2.95,35.4,Bakery,1.1,13.200000000000001,22.199999999999996,5
2025-05-27,Riverside,Cappuccino,19,4.25,80.75,Coffee,1.0,19.0,61.75,5
2025-05-27,Riverside,Cold Brew,13,4.75,61.75,Coffee,0.95,12.35,49.4,5
2025-05-27,Riverside,Croissant,17,3.25,55.25,Bakery,1.3,22.1,33.15,5
2025-05-27,Riverside,Espresso,15,3.0,45.0,Coffee,0.55,8.25,36.75,5
2025-05-27,Riverside,Latte,29,4.5,130.5,Coffee,1.1,31.900000000000002,98.6,5
2025-05-27,University,Blueberry Muffin,23,2.95,67.85,Bakery,1.1,25.3,42.55,5
2025-05-27,University,Cappuccino,31,4.25,131.75,Coffee,1.0,31.0,100.75,5
2025-05-27,University,Cold Brew,24,4.75,114.0,Coffee,0.95,22.799999999999997,91.2,5
2025-05-27,University,Croissant,25,3.25,81.25,Bakery,1.3,32.5,48.75,5
2025-05-27,University,Espresso,24,3.0,72.0,Coffee,0.55,13.200000000000001,58.8,5
2025-05-27,University,Latte,43,4.5,193.5,Coffee,1.1,47.300000000000004,146.2,5
2025-05-28,Downtown,Blueberry Muffin,26,2.95,76.7,Bakery,1.1,28.6,48.1,5
2025-05-28,Downtown,Cappuccino,38,4.25,161.5,Coffee,1.0,38.0,123.5,5
2025-05-28,Downtown,Cold Brew,31,4.75,147.25,Coffee,0.95,29.45,117.8,5
2025-05-28,Downtown,Croissant,33,3.25,107.25,Bakery,1.3,42.9,64.35,5
2025-05-28,Downtown,Espresso,35,3.0,105.0,Coffee,0.55,19.25,85.75,5
2025-05-28,Downtown,Latte,54,4.5,243.0,Coffee,1.1,59.400000000000006,183.6,5
2025-05-28,Riverside,Blueberry Muffin,20,2.95,59.0,Bakery,1.1,22.0,37.0,5
2025-05-28,Riverside,Cappuccino,24,4.25,102.0,Coffee,1.0,24.0,78.0,5
2025-05-28,Riverside,Cold Brew,21,4.75,99.75,Coffee,0.95,19.95,79.8,5
2025-05-28,Riverside,Croissant,26,3.25,84.5,Bakery,1.3,33.800000000000004,50.699999999999996,5
2025-05-28,Riverside,Espresso,21,3.0,63.0,Coffee,0.55,11.55,51.45,5
2025-05-28,Riverside,Latte,37,4.5,166.5,Coffee,1.1,40.7,125.8,5
2025-05-28,University,Blueberry Muffin,17,2.95,50.15,Bakery,1.1,18.700000000000003,31.449999999999996,5
2025-05-28,University,Cappuccino,25,4.25,106.25,Coffee,1.0,25.0,81.25,5
2025-05-28,University,Cold Brew,23,4.75,109.25,Coffee,0.95,21.849999999999998,87.4,5
2025-05-28,University,Croissant,25,3.25,81.25,Bakery,1.3,32.5,48.75,5
2025-05-28,University,Espresso,22,3.0,66.0,Coffee,0.55,12.100000000000001,53.9,5
2025-05-28,University,Latte,41,4.5,184.5,Coffee,1.1,45.1,139.4,5
2025-05-29,Downtown,Blueberry Muffin,28,2.95,82.6,Bakery,1.1,30.800000000000004,51.79999999999999,5
2025-05-29,Downtown,Cappuccino,40,4.25,170.0,Coffee,1.0,40.0,130.0,5
2025-05-29,Downtown,Cold Brew,25,4.75,118.75,Coffee,0.95,23.75,95.0,5
2025-05-29,Downtown,Croissant,40,3.25,130.0,Bakery,1.3,52.0,78.0,5
2025-05-29,Downtown,Espresso,34,3.0,102.0,Coffee,0.55,18.700000000000003,83.3,5
2025-05-29,Downtown,Latte,63,4.5,283.5,Coffee,1.1,69.30000000000001,214.2,5
2025-05-29,Riverside,Blueberry Muffin,15,2.95,44.25,Bakery,1.1,16.5,27.75,5
2025-05-29,Riverside,Cappuccino,23,4.25,97.75,Coffee,1.0,23.0,74.75,5
2025-05-29,Riverside,Cold Brew,14,4.75,66.5,Coffee,0.95,13.299999999999999,53.2,5
2025-05-29,Riverside,Croissant,18,3.25,58.5,Bakery,1.3,23.400000000000002,35.099999999999994,5
2025-05-29,Riverside,Espresso,19,3.0,57.0,Coffee,0.55,10.450000000000001,46.55,5
2025-05-29,Riverside,Latte,32,4.5,144.0,Coffee,1.1,35.2,108.8,5
2025-05-29,University,Blueberry Muffin,23,2.95,67.85,Bakery,1.1,25.3,42.55,5
2025-05-29,University,Cappuccino,30,4.25,127.5,Coffee,1.0,30.0,97.5,5
2025-05-29,University,Cold Brew,21,4.75,99.75,Coffee,0.95,19.95,79.8,5
2025-05-29,University,Croissant,31,3.25,100.75,Bakery,1.3,40.300000000000004,60.449999999999996,5
2025-05-29,University,Espresso,24,3.0,72.0,Coffee,0.55,13.200000000000001,58.8,5
2025-05-29,University,Latte,46,4.5,207.0,Coffee,1.1,50.6,156.4,5
2025-05-30,Downtown,Blueberry Muffin,29,2.95,85.55,Bakery,1.1,31.900000000000002,53.64999999999999,5
2025-05-30,Downtown,Cappuccino,41,4.25,174.25,Coffee,1.0,41.0,133.25,5
2025-05-30,Downtown,Cold Brew,31,4.75,147.25,Coffee,0.95,29.45,117.8,5
2025-05-30,Downtown,Croissant,39,3.25,126.75,Bakery,1.3,50.7,76.05,5
2025-05-30,Downtown,Espresso,32,3.0,96.0,Coffee,0.55,17.6,78.4,5
2025-05-30,Downtown,Latte,54,4.5,243.0,Coffee,1.1,59.400000000000006,183.6,5
2025-05-30,Riverside,Blueberry Muffin,19,2.95,56.05,Bakery,1.1,20.900000000000002,35.14999999999999,5
2025-05-30,Riverside,Cappuccino,21,4.25,89.25,Coffee,1.0,21.0,68.25,5
2025-05-30,Riverside,Cold Brew,19,4.75,90.25,Coffee,0.95,18.05,72.2,5
2025-05-30,Riverside,Croissant,22,3.25,71.5,Bakery,1.3,28.6,42.9,5
2025-05-30,Riverside,Espresso,17,3.0,51.0,Coffee,0.55,9.350000000000001,41.65,5
2025-05-30,Riverside,Latte,31,4.5,139.5,Coffee,1.1,34.1,105.4,5
2025-05-30,University,Blueberry Muffin,21,2.95,61.95,Bakery,1.1,23.1,38.85,5
2025-05-30,University,Cappuccino,32,4.25,136.0,Coffee,1.0,32.0,104.0,5
2025-05-30,University,Cold Brew,25,4.75,118.75,Coffee,0.95,23.75,95.0,5
2025-05-30,University,Croissant,29,3.25,94.25,Bakery,1.3,37.7,56.55,5
2025-05-30,University,Espresso,25,3.0,75.0,Coffee,0.55,13.750000000000002,61.25,5
2025-05-30,University,Latte,46,4.5,207.0,Coffee,1.1,50.6,156.4,5
2025-05-31,Downtown,Blueberry Muffin,26,2.95,76.7,Bakery,1.1,28.6,48.1,5
2025-05-31,Downtown,Cappuccino,44,4.25,187.0,Coffee,1.0,44.0,143.0,5
2025-05-31,Downtown,Cold Brew,31,4.75,147.25,Coffee,0.95,29.45,117.8,5
2025-05-31,Downtown,Croissant,40,3.25,130.0,Bakery,1.3,52.0,78.0,5
2025-05-31,Downtown,Espresso,40,3.0,120.0,Coffee,0.55,22.0,98.0,5
2025-05-31,Downtown,Latte,66,4.5,297.0,Coffee,1.1,72.60000000000001,224.39999999999998,5
2025-05-31,Riverside,Blueberry Muffin,19,2.95,56.05,Bakery,1.1,20.900000000000002,35.14999999999999,5
2025-05-31,Riverside,Cappuccino,25,4.25,106.25,Coffee,1.0,25.0,81.25,5
2025-05-31,Riverside,Cold Brew,16,4.75,76.0,Coffee,0.95,15.2,60.8,5
2025-05-31,Riverside,Croissant,25,3.25,81.25,Bakery,1.3,32.5,48.75,5
2025-05-31,Riverside,Espresso,20,3.0,60.0,Coffee,0.55,11.0,49.0,5
2025-05-31,Riverside,Latte,36,4.5,162.0,Coffee,1.1,39.6,122.4,5
2025-05-31,University,Blueberry Muffin,16,2.95,47.2,Bakery,1.1,17.6,29.6,5
2025-05-31,University,Cappuccino,19,4.25,80.75,Coffee,1.0,19.0,61.75,5
2025-05-31,University,Cold Brew,17,4.75,80.75,Coffee,0.95,16.15,64.6,5
2025-05-31,University,Croissant,20,3.25,65.0,Bakery,1.3,26.0,39.0,5
2025-05-31,University,Espresso,16,3.0,48.0,Coffee,0.55,8.8,39.2,5
2025-05-31,University,Latte,29,4.5,130.5,Coffee,1.1,31.900000000000002,98.6,5
2025-06-01,Downtown,Blueberry Muffin,29,2.95,85.55,Bakery,1.1,31.900000000000002,53.64999999999999,6
2025-06-01,Downtown,Cappuccino,42,4.25,178.5,Coffee,1.0,42.0,136.5,6
2025-06-01,Downtown,Cold Brew,54,4.75,256.5,Coffee,0.95,51.3,205.2,6
2025-06-01,Downtown,Croissant,39,3.25,126.75,Bakery,1.3,50.7,76.05,6
2025-06-01,Downtown,Espresso,39,3.0,117.0,Coffee,0.55,21.450000000000003,95.55,6
2025-06-01,Downtown,Latte,58,4.5,261.0,Coffee,1.1,63.800000000000004,197.2,6
2025-06-01,Harbor Kiosk,Blueberry Muffin,15,2.95,44.25,Bakery,1.1,16.5,27.75,6
2025-06-01,Harbor Kiosk,Cappuccino,17,4.25,72.25,Coffee,1.0,17.0,55.25,6
2025-06-01,Harbor Kiosk,Cold Brew,19,4.75,90.25,Coffee,0.95,18.05,72.2,6
2025-06-01,Harbor Kiosk,Croissant,11,3.25,35.75,Bakery,1.3,14.3,21.45,6
2025-06-01,Harbor Kiosk,Espresso,16,3.0,48.0,Coffee,0.55,8.8,39.2,6
2025-06-01,Harbor Kiosk,Latte,31,4.5,139.5,Coffee,1.1,34.1,105.4,6
2025-06-01,Riverside,Blueberry Muffin,17,2.95,50.15,Bakery,1.1,18.700000000000003,31.449999999999996,6
2025-06-01,Riverside,Cappuccino,30,4.25,127.5,Coffee,1.0,30.0,97.5,6
2025-06-01,Riverside,Cold Brew,23,4.75,109.25,Coffee,0.95,21.849999999999998,87.4,6
2025-06-01,Riverside,Croissant,30,3.25,97.5,Bakery,1.3,39.0,58.5,6
2025-06-01,Riverside,Espresso,23,3.0,69.0,Coffee,0.55,12.65,56.35,6
2025-06-01,Riverside,Latte,41,4.5,184.5,Coffee,1.1,45.1,139.4,6
2025-06-01,University,Blueberry Muffin,20,2.95,59.0,Bakery,1.1,22.0,37.0,6
2025-06-01,University,Cappuccino,24,4.25,102.0,Coffee,1.0,24.0,78.0,6
2025-06-01,University,Cold Brew,19,4.75,90.25,Coffee,0.95,18.05,72.2,6
2025-06-01,University,Croissant,20,3.25,65.0,Bakery,1.3,26.0,39.0,6
2025-06-01,University,Espresso,22,3.0,66.0,Coffee,0.55,12.100000000000001,53.9,6
2025-06-01,University,Latte,36,4.5,162.0,Coffee,1.1,39.6,122.4,6
2025-06-02,Downtown,Blueberry Muffin,24,2.95,70.8,Bakery,1.1,26.400000000000002,44.39999999999999,6
2025-06-02,Downtown,Cappuccino,33,4.25,140.25,Coffee,1.0,33.0,107.25,6
2025-06-02,Downtown,Cold Brew,34,4.75,161.5,Coffee,0.95,32.3,129.2,6
2025-06-02,Downtown,Croissant,31,3.25,100.75,Bakery,1.3,40.300000000000004,60.449999999999996,6
2025-06-02,Downtown,Espresso,27,3.0,81.0,Coffee,0.55,14.850000000000001,66.15,6
2025-06-02,Downtown,Latte,45,4.5,202.5,Coffee,1.1,49.50000000000001,153.0,6
2025-06-02,Harbor Kiosk,Blueberry Muffin,7,2.95,20.65,Bakery,1.1,7.700000000000001,12.949999999999998,6
2025-06-02,Harbor Kiosk,Cappuccino,11,4.25,46.75,Coffee,1.0,11.0,35.75,6
2025-06-02,Harbor Kiosk,Cold Brew,10,4.75,47.5,Coffee,0.95,9.5,38.0,6
2025-06-02,Harbor Kiosk,Croissant,12,3.25,39.0,Bakery,1.3,15.600000000000001,23.4,6
2025-06-02,Harbor Kiosk,Espresso,4,3.0,12.0,Coffee,0.55,2.2,9.8,6
2025-06-02,Harbor Kiosk,Latte,14,4.5,63.0,Coffee,1.1,15.400000000000002,47.599999999999994,6
2025-06-02,Riverside,Blueberry Muffin,14,2.95,41.3,Bakery,1.1,15.400000000000002,25.899999999999995,6
2025-06-02,Riverside,Cappuccino,21,4.25,89.25,Coffee,1.0,21.0,68.25,6
2025-06-02,Riverside,Cold Brew,17,4.75,80.75,Coffee,0.95,16.15,64.6,6
2025-06-02,Riverside,Croissant,17,3.25,55.25,Bakery,1.3,22.1,33.15,6
2025-06-02,Riverside,Espresso,15,3.0,45.0,Coffee,0.55,8.25,36.75,6
2025-06-02,Riverside,Latte,27,4.5,121.5,Coffee,1.1,29.700000000000003,91.8,6
2025-06-02,University,Blueberry Muffin,19,2.95,56.05,Bakery,1.1,20.900000000000002,35.14999999999999,6
2025-06-02,University,Cappuccino,30,4.25,127.5,Coffee,1.0,30.0,97.5,6
2025-06-02,University,Cold Brew,34,4.75,161.5,Coffee,0.95,32.3,129.2,6
2025-06-02,University,Croissant,28,3.25,91.0,Bakery,1.3,36.4,54.6,6
2025-06-02,University,Espresso,25,3.0,75.0,Coffee,0.55,13.750000000000002,61.25,6
2025-06-02,University,Latte,42,4.5,189.0,Coffee,1.1,46.2,142.8,6
2025-06-03,Downtown,Blueberry Muffin,25,2.95,73.75,Bakery,1.1,27.500000000000004,46.25,6
2025-06-03,Downtown,Cappuccino,36,4.25,153.0,Coffee,1.0,36.0,117.0,6
2025-06-03,Downtown,Cold Brew,30,4.75,142.5,Coffee,0.95,28.5,114.0,6
2025-06-03,Downtown,Croissant,29,3.25,94.25,Bakery,1.3,37.7,56.55,6
2025-06-03,Downtown,Espresso,29,3.0,87.0,Coffee,0.55,15.950000000000001,71.05,6
2025-06-03,Downtown,Latte,44,4.5,198.0,Coffee,1.1,48.400000000000006,149.6,6
2025-06-03,Harbor Kiosk,Blueberry Muffin,7,2.95,20.65,Bakery,1.1,7.700000000000001,12.949999999999998,6
2025-06-03,Harbor Kiosk,Cappuccino,16,4.25,68.0,Coffee,1.0,16.0,52.0,6
2025-06-03,Harbor Kiosk,Cold Brew,16,4.75,76.0,Coffee,0.95,15.2,60.8,6
2025-06-03,Harbor Kiosk,Croissant,10,3.25,32.5,Bakery,1.3,13.0,19.5,6
2025-06-03,Harbor Kiosk,Espresso,9,3.0,27.0,Coffee,0.55,4.95,22.05,6
2025-06-03,Harbor Kiosk,Latte,10,4.5,45.0,Coffee,1.1,11.0,34.0,6
2025-06-03,Riverside,Blueberry Muffin,14,2.95,41.3,Bakery,1.1,15.400000000000002,25.899999999999995,6
2025-06-03,Riverside,Cappuccino,24,4.25,102.0,Coffee,1.0,24.0,78.0,6
2025-06-03,Riverside,Cold Brew,21,4.75,99.75,Coffee,0.95,19.95,79.8,6
2025-06-03,Riverside,Croissant,18,3.25,58.5,Bakery,1.3,23.400000000000002,35.099999999999994,6
2025-06-03,Riverside,Espresso,18,3.0,54.0,Coffee,0.55,9.9,44.1,6
2025-06-03,Riverside,Latte,32,4.5,144.0,Coffee,1.1,35.2,108.8,6
2025-06-03,University,Blueberry Muffin,16,2.95,47.2,Bakery,1.1,17.6,29.6,6
2025-06-03,University,Cappuccino,24,4.25,102.0,Coffee,1.0,24.0,78.0,6
2025-06-03,University,Cold Brew,30,4.75,142.5,Coffee,0.95,28.5,114.0,6
2025-06-03,University,Croissant,23,3.25,74.75,Bakery,1.3,29.900000000000002,44.849999999999994,6
2025-06-03,University,Espresso,20,3.0,60.0,Coffee,0.55,11.0,49.0,6
2025-06-03,University,Latte,36,4.5,162.0,Coffee,1.1,39.6,122.4,6
2025-06-04,Downtown,Blueberry Muffin,25,2.95,73.75,Bakery,1.1,27.500000000000004,46.25,6
2025-06-04,Downtown,Cappuccino,40,4.25,170.0,Coffee,1.0,40.0,130.0,6
2025-06-04,Downtown,Cold Brew,32,4.75,152.0,Coffee,0.95,30.4,121.6,6
2025-06-04,Downtown,Croissant,37,3.25,120.25,Bakery,1.3,48.1,72.15,6
2025-06-04,Downtown,Espresso,30,3.0,90.0,Coffee,0.55,16.5,73.5,6
2025-06-04,Downtown,Latte,56,4.5,252.0,Coffee,1.1,61.60000000000001,190.39999999999998,6
2025-06-04,Harbor Kiosk,Blueberry Muffin,8,2.95,23.6,Bakery,1.1,8.8,14.8,6
2025-06-04,Harbor Kiosk,Cappuccino,11,4.25,46.75,Coffee,1.0,11.0,35.75,6
2025-06-04,Harbor Kiosk,Cold Brew,15,4.75,71.25,Coffee,0.95,14.25,57.0,6
2025-06-04,Harbor Kiosk,Croissant,13,3.25,42.25,Bakery,1.3,16.900000000000002,25.349999999999998,6
2025-06-04,Harbor Kiosk,Espresso,3,3.0,9.0,Coffee,0.55,1.6500000000000001,7.35,6
2025-06-04,Harbor Kiosk,Latte,13,4.5,58.5,Coffee,1.1,14.3,44.2,6
2025-06-04,Riverside,Blueberry Muffin,16,2.95,47.2,Bakery,1.1,17.6,29.6,6
2025-06-04,Riverside,Cappuccino,20,4.25,85.0,Coffee,1.0,20.0,65.0,6
2025-06-04,Riverside,Cold Brew,20,4.75,95.0,Coffee,0.95,19.0,76.0,6
2025-06-04,Riverside,Croissant,21,3.25,68.25,Bakery,1.3,27.3,40.95,6
2025-06-04,Riverside,Espresso,17,3.0,51.0,Coffee,0.55,9.350000000000001,41.65,6
2025-06-04,Riverside,Latte,33,4.5,148.5,Coffee,1.1,36.300000000000004,112.19999999999999,6
2025-06-04,University,Blueberry Muffin,18,2.95,53.1,Bakery,1.1,19.8,33.3,6
2025-06-04,University,Cappuccino,30,4.25,127.5,Coffee,1.0,30.0,97.5,6
2025-06-04,University,Cold Brew,29,4.75,137.75,Coffee,0.95,27.549999999999997,110.2,6
2025-06-04,University,Croissant,31,3.25,100.75,Bakery,1.3,40.300000000000004,60.449999999999996,6
2025-06-04,University,Espresso,27,3.0,81.0,Coffee,0.55,14.850000000000001,66.15,6
2025-06-04,University,Latte,43,4.5,193.5,Coffee,1.1,47.300000000000004,146.2,6
2025-06-05,Downtown,Blueberry Muffin,24,2.95,70.8,Bakery,1.1,26.400000000000002,44.39999999999999,6
2025-06-05,Downtown,Cappuccino,33,4.25,140.25,Coffee,1.0,33.0,107.25,6
2025-06-05,Downtown,Cold Brew,31,4.75,147.25,Coffee,0.95,29.45,117.8,6
2025-06-05,Downtown,Croissant,32,3.25,104.0,Bakery,1.3,41.6,62.4,6
2025-06-05,Downtown,Espresso,28,3.0,84.0,Coffee,0.55,15.400000000000002,68.6,6
2025-06-05,Downtown,Latte,50,4.5,225.0,Coffee,1.1,55.00000000000001,170.0,6
2025-06-05,Harbor Kiosk,Blueberry Muffin,10,2.95,29.5,Bakery,1.1,11.0,18.5,6
2025-06-05,Harbor Kiosk,Cappuccino,10,4.25,42.5,Coffee,1.0,10.0,32.5,6
2025-06-05,Harbor Kiosk,Cold Brew,12,4.75,57.0,Coffee,0.95,11.399999999999999,45.6,6
2025-06-05,Harbor Kiosk,Croissant,10,3.25,32.5,Bakery,1.3,13.0,19.5,6
2025-06-05,Harbor Kiosk,Espresso,8,3.0,24.0,Coffee,0.55,4.4,19.6,6
2025-06-05,Harbor Kiosk,Latte,21,4.5,94.5,Coffee,1.1,23.1,71.4,6
2025-06-05,Riverside,Blueberry Muffin,11,2.95,32.45,Bakery,1.1,12.100000000000001,20.35,6
2025-06-05,Riverside,Cappuccino,16,4.25,68.0,Coffee,1.0,16.0,52.0,6
2025-06-05,Riverside,Cold Brew,23,4.75,109.25,Coffee,0.95,21.849999999999998,87.4,6
2025-06-05,Riverside,Croissant,15,3.25,48.75,Bakery,1.3,19.5,29.25,6
2025-06-05,Riverside,Espresso,14,3.0,42.0,Coffee,0.55,7.700000000000001,34.3,6
2025-06-05,Riverside,Latte,22,4.5,99.0,Coffee,1.1,24.200000000000003,74.8,6
2025-06-05,University,Blueberry Muffin,16,2.95,47.2,Bakery,1.1,17.6,29.6,6
2025-06-05,University,Cappuccino,26,4.25,110.5,Coffee,1.0,26.0,84.5,6
2025-06-05,University,Cold Brew,29,4.75,137.75,Coffee,0.95,27.549999999999997,110.2,6
2025-06-05,University,Croissant,25,3.25,81.25,Bakery,1.3,32.5,48.75,6
2025-06-05,University,Espresso,20,3.0,60.0,Coffee,0.55,11.0,49.0,6
2025-06-05,University,Latte,38,4.5,171.0,Coffee,1.1,41.800000000000004,129.2,6
2025-06-06,Downtown,Blueberry Muffin,29,2.95,85.55,Bakery,1.1,31.900000000000002,53.64999999999999,6
2025-06-06,Downtown,Cappuccino,40,4.25,170.0,Coffee,1.0,40.0,130.0,6
2025-06-06,Downtown,Cold Brew,37,4.75,175.75,Coffee,0.95,35.15,140.6,6
2025-06-06,Downtown,Croissant,38,3.25,123.5,Bakery,1.3,49.4,74.1,6
2025-06-06,Downtown,Espresso,34,3.0,102.0,Coffee,0.55,18.700000000000003,83.3,6
2025-06-06,Downtown,Latte,59,4.5,265.5,Coffee,1.1,64.9,200.6,6
2025-06-06,Harbor Kiosk,Blueberry Muffin,2,2.95,5.9,Bakery,1.1,2.2,3.7,6
2025-06-06,Harbor Kiosk,Cappuccino,16,4.25,68.0,Coffee,1.0,16.0,52.0,6
2025-06-06,Harbor Kiosk,Cold Brew,8,4.75,38.0,Coffee,0.95,7.6,30.4,6
2025-06-06,Harbor Kiosk,Croissant,7,3.25,22.75,Bakery,1.3,9.1,13.65,6
2025-06-06,Harbor Kiosk,Espresso,12,3.0,36.0,Coffee,0.55,6.6000000000000005,29.4,6
2025-06-06,Harbor Kiosk,Latte,18,4.5,81.0,Coffee,1.1,19.8,61.2,6
2025-06-06,Riverside,Blueberry Muffin,13,2.95,38.35,Bakery,1.1,14.3,24.05,6
2025-06-06,Riverside,Cappuccino,21,4.25,89.25,Coffee,1.0,21.0,68.25,6
2025-06-06,Riverside,Cold Brew,16,4.75,76.0,Coffee,0.95,15.2,60.8,6
2025-06-06,Riverside,Croissant,19,3.25,61.75,Bakery,1.3,24.7,37.05,6
2025-06-06,Riverside,Espresso,17,3.0,51.0,Coffee,0.55,9.350000000000001,41.65,6
2025-06-06,Riverside,Latte,27,4.5,121.5,Coffee,1.1,29.700000000000003,91.8,6
2025-06-06,University,Blueberry Muffin,18,2.95,53.1,Bakery,1.1,19.8,33.3,6
2025-06-06,University,Cappuccino,25,4.25,106.25,Coffee,1.0,25.0,81.25,6
2025-06-06,University,Cold Brew,27,4.75,128.25,Coffee,0.95,25.65,102.6,6
2025-06-06,University,Croissant,24,3.25,78.0,Bakery,1.3,31.200000000000003,46.8,6
2025-06-06,University,Espresso,21,3.0,63.0,Coffee,0.55,11.55,51.45,6
2025-06-06,University,Latte,44,4.5,198.0,Coffee,1.1,48.400000000000006,149.6,6
2025-06-07,Downtown,Blueberry Muffin,32,2.95,94.4,Bakery,1.1,35.2,59.2,6
2025-06-07,Downtown,Cappuccino,46,4.25,195.5,Coffee,1.0,46.0,149.5,6
2025-06-07,Downtown,Cold Brew,35,4.75,166.25,Coffee,0.95,33.25,133.0,6
2025-06-07,Downtown,Croissant,41,3.25,133.25,Bakery,1.3,53.300000000000004,79.94999999999999,6
2025-06-07,Downtown,Espresso,35,3.0,105.0,Coffee,0.55,19.25,85.75,6
2025-06-07,Downtown,Latte,69,4.5,310.5,Coffee,1.1,75.9,234.6,6
2025-06-07,Harbor Kiosk,Blueberry Muffin,13,2.95,38.35,Bakery,1.1,14.3,24.05,6
2025-06-07,Harbor Kiosk,Cappuccino,21,4.25,89.25,Coffee,1.0,21.0,68.25,6
2025-06-07,Harbor Kiosk,Cold Brew,16,4.75,76.0,Coffee,0.95,15.2,60.8,6
2025-06-07,Harbor Kiosk,Croissant,20,3.25,65.0,Bakery,1.3,26.0,39.0,6
2025-06-07,Harbor Kiosk,Espresso,16,3.0,48.0,Coffee,0.55,8.8,39.2,6
2025-06-07,Harbor Kiosk,Latte,31,4.5,139.5,Coffee,1.1,34.1,105.4,6
2025-06-07,Riverside,Blueberry Muffin,19,2.95,56.05,Bakery,1.1,20.900000000000002,35.14999999999999,6
2025-06-07,Riverside,Cappuccino,31,4.25,131.75,Coffee,1.0,31.0,100.75,6
2025-06-07,Riverside,Cold Brew,24,4.75,114.0,Coffee,0.95,22.799999999999997,91.2,6
2025-06-07,Riverside,Croissant,25,3.25,81.25,Bakery,1.3,32.5,48.75,6
2025-06-07,Riverside,Espresso,26,3.0,78.0,Coffee,0.55,14.3,63.7,6
2025-06-07,Riverside,Latte,45,4.5,202.5,Coffee,1.1,49.50000000000001,153.0,6
2025-06-07,University,Blueberry Muffin,12,2.95,35.4,Bakery,1.1,13.200000000000001,22.199999999999996,6
2025-06-07,University,Cappuccino,21,4.25,89.25,Coffee,1.0,21.0,68.25,6
2025-06-07,University,Cold Brew,13,4.75,61.75,Coffee,0.95,12.35,49.4,6
2025-06-07,University,Croissant,18,3.25,58.5,Bakery,1.3,23.400000000000002,35.099999999999994,6
2025-06-07,University,Espresso,15,3.0,45.0,Coffee,0.55,8.25,36.75,6
2025-06-07,University,Latte,30,4.5,135.0,Coffee,1.1,33.0,102.0,6
2025-06-08,Downtown,Blueberry Muffin,35,2.95,103.25,Bakery,1.1,38.5,64.75,6
2025-06-08,Downtown,Cappuccino,52,4.25,221.0,Coffee,1.0,52.0,169.0,6
2025-06-08,Downtown,Cold Brew,31,4.75,147.25,Coffee,0.95,29.45,117.8,6
2025-06-08,Downtown,Croissant,44,3.25,143.0,Bakery,1.3,57.2,85.8,6
2025-06-08,Downtown,Espresso,44,3.0,132.0,Coffee,0.55,24.200000000000003,107.8,6
2025-06-08,Downtown,Latte,69,4.5,310.5,Coffee,1.1,75.9,234.6,6
2025-06-08,Harbor Kiosk,Blueberry Muffin,14,2.95,41.3,Bakery,1.1,15.400000000000002,25.899999999999995,6
2025-06-08,Harbor Kiosk,Cappuccino,14,4.25,59.5,Coffee,1.0,14.0,45.5,6
2025-06-08,Harbor Kiosk,Cold Brew,19,4.75,90.25,Coffee,0.95,18.05,72.2,6
2025-06-08,Harbor Kiosk,Croissant,17,3.25,55.25,Bakery,1.3,22.1,33.15,6
2025-06-08,Harbor Kiosk,Espresso,15,3.0,45.0,Coffee,0.55,8.25,36.75,6
2025-06-08,Harbor Kiosk,Latte,26,4.5,117.0,Coffee,1.1,28.6,88.4,6
2025-06-08,Riverside,Blueberry Muffin,20,2.95,59.0,Bakery,1.1,22.0,37.0,6
2025-06-08,Riverside,Cappuccino,28,4.25,119.0,Coffee,1.0,28.0,91.0,6
2025-06-08,Riverside,Cold Brew,21,4.75,99.75,Coffee,0.95,19.95,79.8,6
2025-06-08,Riverside,Croissant,24,3.25,78.0,Bakery,1.3,31.200000000000003,46.8,6
2025-06-08,Riverside,Espresso,19,3.0,57.0,Coffee,0.55,10.450000000000001,46.55,6
2025-06-08,Riverside,Latte,40,4.5,180.0,Coffee,1.1,44.0,136.0,6
2025-06-08,University,Blueberry Muffin,12,2.95,35.4,Bakery,1.1,13.200000000000001,22.199999999999996,6
2025-06-08,University,Cappuccino,20,4.25,85.0,Coffee,1.0,20.0,65.0,6
2025-06-08,University,Cold Brew,13,4.75,61.75,Coffee,0.95,12.35,49.4,6
2025-06-08,University,Croissant,15,3.25,48.75,Bakery,1.3,19.5,29.25,6
2025-06-08,University,Espresso,15,3.0,45.0,Coffee,0.55,8.25,36.75,6
2025-06-08,University,Latte,27,4.5,121.5,Coffee,1.1,29.700000000000003,91.8,6
2025-06-09,Downtown,Blueberry Muffin,24,2.95,70.8,Bakery,1.1,26.400000000000002,44.39999999999999,6
2025-06-09,Downtown,Cappuccino,35,4.25,148.75,Coffee,1.0,35.0,113.75,6
2025-06-09,Downtown,Cold Brew,28,4.75,133.0,Coffee,0.95,26.599999999999998,106.4,6
2025-06-09,Downtown,Croissant,35,3.25,113.75,Bakery,1.3,45.5,68.25,6
2025-06-09,Downtown,Espresso,31,3.0,93.0,Coffee,0.55,17.05,75.95,6
2025-06-09,Downtown,Latte,50,4.5,225.0,Coffee,1.1,55.00000000000001,170.0,6
2025-06-09,Harbor Kiosk,Blueberry Muffin,4,2.95,11.8,Bakery,1.1,4.4,7.4,6
2025-06-09,Harbor Kiosk,Cappuccino,11,4.25,46.75,Coffee,1.0,11.0,35.75,6
2025-06-09,Harbor Kiosk,Cold Brew,13,4.75,61.75,Coffee,0.95,12.35,49.4,6
2025-06-09,Harbor Kiosk,Croissant,11,3.25,35.75,Bakery,1.3,14.3,21.45,6
2025-06-09,Harbor Kiosk,Espresso,6,3.0,18.0,Coffee,0.55,3.3000000000000003,14.7,6
2025-06-09,Harbor Kiosk,Latte,15,4.5,67.5,Coffee,1.1,16.5,51.0,6
2025-06-09,Riverside,Blueberry Muffin,13,2.95,38.35,Bakery,1.1,14.3,24.05,6
2025-06-09,Riverside,Cappuccino,21,4.25,89.25,Coffee,1.0,21.0,68.25,6
2025-06-09,Riverside,Cold Brew,19,4.75,90.25,Coffee,0.95,18.05,72.2,6
2025-06-09,Riverside,Croissant,15,3.25,48.75,Bakery,1.3,19.5,29.25,6
2025-06-09,Riverside,Espresso,16,3.0,48.0,Coffee,0.55,8.8,39.2,6
2025-06-09,Riverside,Latte,29,4.5,130.5,Coffee,1.1,31.900000000000002,98.6,6
2025-06-09,University,Blueberry Muffin,18,2.95,53.1,Bakery,1.1,19.8,33.3,6
2025-06-09,University,Cappuccino,30,4.25,127.5,Coffee,1.0,30.0,97.5,6
2025-06-09,University,Cold Brew,24,4.75,114.0,Coffee,0.95,22.799999999999997,91.2,6
2025-06-09,University,Croissant,31,3.25,100.75,Bakery,1.3,40.300000000000004,60.449999999999996,6
2025-06-09,University,Espresso,28,3.0,84.0,Coffee,0.55,15.400000000000002,68.6,6
2025-06-09,University,Latte,46,4.5,207.0,Coffee,1.1,50.6,156.4,6
2025-06-10,Downtown,Blueberry Muffin,23,2.95,67.85,Bakery,1.1,25.3,42.55,6
2025-06-10,Downtown,Cappuccino,30,4.25,127.5,Coffee,1.0,30.0,97.5,6
2025-06-10,Downtown,Cold Brew,28,4.75,133.0,Coffee,0.95,26.599999999999998,106.4,6
2025-06-10,Downtown,Croissant,27,3.25,87.75,Bakery,1.3,35.1,52.65,6
2025-06-10,Downtown,Espresso,23,3.0,69.0,Coffee,0.55,12.65,56.35,6
2025-06-10,Downtown,Latte,51,4.5,229.5,Coffee,1.1,56.1,173.4,6
2025-06-10,Harbor Kiosk,Blueberry Muffin,6,2.95,17.7,Bakery,1.1,6.6000000000000005,11.099999999999998,6
2025-06-10,Harbor Kiosk,Cappuccino,13,4.25,55.25,Coffee,1.0,13.0,42.25,6
2025-06-10,Harbor Kiosk,Cold Brew,13,4.75,61.75,Coffee,0.95,12.35,49.4,6
2025-06-10,Harbor Kiosk,Croissant,8,3.25,26.0,Bakery,1.3,10.4,15.6,6
2025-06-10,Harbor Kiosk,Espresso,10,3.0,30.0,Coffee,0.55,5.5,24.5,6
2025-06-10,Harbor Kiosk,Latte,7,4.5,31.5,Coffee,1.1,7.700000000000001,23.799999999999997,6
2025-06-10,Riverside,Blueberry Muffin,16,2.95,47.2,Bakery,1.1,17.6,29.6,6
2025-06-10,Riverside,Cappuccino,21,4.25,89.25,Coffee,1.0,21.0,68.25,6
2025-06-10,Riverside,Cold Brew,22,4.75,104.5,Coffee,0.95,20.9,83.6,6
2025-06-10,Riverside,Croissant,17,3.25,55.25,Bakery,1.3,22.1,33.15,6
2025-06-10,Riverside,Espresso,19,3.0,57.0,Coffee,0.55,10.450000000000001,46.55,6
2025-06-10,Riverside,Latte,28,4.5,126.0,Coffee,1.1,30.800000000000004,95.19999999999999,6
2025-06-10,University,Blueberry Muffin,20,2.95,59.0,Bakery,1.1,22.0,37.0,6
2025-06-10,University,Cappuccino,30,4.25,127.5,Coffee,1.0,30.0,97.5,6
2025-06-10,University,Cold Brew,29,4.75,137.75,Coffee,0.95,27.549999999999997,110.2,6
2025-06-10,University,Croissant,30,3.25,97.5,Bakery,1.3,39.0,58.5,6
2025-06-10,University,Espresso,25,3.0,75.0,Coffee,0.55,13.750000000000002,61.25,6
2025-06-10,University,Latte,46,4.5,207.0,Coffee,1.1,50.6,156.4,6
2025-06-11,Downtown,Blueberry Muffin,21,2.95,61.95,Bakery,1.1,23.1,38.85,6
2025-06-11,Downtown,Cappuccino,34,4.25,144.5,Coffee,1.0,34.0,110.5,6
2025-06-11,Downtown,Cold Brew,28,4.75,133.0,Coffee,0.95,26.599999999999998,106.4,6
2025-06-11,Downtown,Croissant,26,3.25,84.5,Bakery,1.3,33.800000000000004,50.699999999999996,6
2025-06-11,Downtown,Espresso,23,3.0,69.0,Coffee,0.55,12.65,56.35,6
2025-06-11,Downtown,Latte,48,4.5,216.0,Coffee,1.1,52.800000000000004,163.2,6
2025-06-11,Harbor Kiosk,Blueberry Muffin,7,2.95,20.65,Bakery,1.1,7.700000000000001,12.949999999999998,6
2025-06-11,Harbor Kiosk,Cappuccino,12,4.25,51.0,Coffee,1.0,12.0,39.0,6
2025-06-11,Harbor Kiosk,Cold Brew,20,4.75,95.0,Coffee,0.95,19.0,76.0,6
2025-06-11,Harbor Kiosk,Croissant,9,3.25,29.25,Bakery,1.3,11.700000000000001,17.549999999999997,6
2025-06-11,Harbor Kiosk,Espresso,9,3.0,27.0,Coffee,0.55,4.95,22.05,6
2025-06-11,Harbor Kiosk,Latte,17,4.5,76.5,Coffee,1.1,18.700000000000003,57.8,6
2025-06-11,Riverside,Blueberry Muffin,14,2.95,41.3,Bakery,1.1,15.400000000000002,25.899999999999995,6
2025-06-11,Riverside,Cappuccino,22,4.25,93.5,Coffee,1.0,22.0,71.5,6
2025-06-11,Riverside,Cold Brew,13,4.75,61.75,Coffee,0.95,12.35,49.4,6
2025-06-11,Riverside,Croissant,20,3.25,65.0,Bakery,1.3,26.0,39.0,6
2025-06-11,Riverside,Espresso,19,3.0,57.0,Coffee,0.55,10.450000000000001,46.55,6
2025-06-11,Riverside,Latte,32,4.5,144.0,Coffee,1.1,35.2,108.8,6
2025-06-11,University,Blueberry Muffin,23,2.95,67.85,Bakery,1.1,25.3,42.55,6
2025-06-11,University,Cappuccino,31,4.25,131.75,Coffee,1.0,31.0,100.75,6
2025-06-11,University,Cold Brew,33,4.75,156.75,Coffee,0.95,31.349999999999998,125.4,6
2025-06-11,University,Croissant,32,3.25,104.0,Bakery,1.3,41.6,62.4,6
2025-06-11,University,Espresso,25,3.0,75.0,Coffee,0.55,13.750000000000002,61.25,6
2025-06-11,University,Latte,39,4.5,175.5,Coffee,1.1,42.900000000000006,132.6,6
2025-06-12,Downtown,Blueberry Muffin,28,2.95,82.6,Bakery,1.1,30.800000000000004,51.79999999999999,6
2025-06-12,Downtown,Cappuccino,38,4.25,161.5,Coffee,1.0,38.0,123.5,6
2025-06-12,Downtown,Cold Brew,34,4.75,161.5,Coffee,0.95,32.3,129.2,6
2025-06-12,Downtown,Croissant,35,3.25,113.75,Bakery,1.3,45.5,68.25,6
2025-06-12,Downtown,Espresso,30,3.0,90.0,Coffee,0.55,16.5,73.5,6
2025-06-12,Downtown,Latte,51,4.5,229.5,Coffee,1.1,56.1,173.4,6
2025-06-12,Harbor Kiosk,Blueberry Muffin,10,2.95,29.5,Bakery,1.1,11.0,18.5,6
2025-06-12,Harbor Kiosk,Cappuccino,8,4.25,34.0,Coffee,1.0,8.0,26.0,6
2025-06-12,Harbor Kiosk,Cold Brew,13,4.75,61.75,Coffee,0.95,12.35,49.4,6
2025-06-12,Harbor Kiosk,Croissant,14,3.25,45.5,Bakery,1.3,18.2,27.3,6
2025-06-12,Harbor Kiosk,Espresso,7,3.0,21.0,Coffee,0.55,3.8500000000000005,17.15,6
2025-06-12,Harbor Kiosk,Latte,8,4.5,36.0,Coffee,1.1,8.8,27.2,6
2025-06-12,Riverside,Blueberry Muffin,12,2.95,35.4,Bakery,1.1,13.200000000000001,22.199999999999996,6
2025-06-12,Riverside,Cappuccino,20,4.25,85.0,Coffee,1.0,20.0,65.0,6
2025-06-12,Riverside,Cold Brew,19,4.75,90.25,Coffee,0.95,18.05,72.2,6
2025-06-12,Riverside,Croissant,18,3.25,58.5,Bakery,1.3,23.400000000000002,35.099999999999994,6
2025-06-12,Riverside,Espresso,16,3.0,48.0,Coffee,0.55,8.8,39.2,6
2025-06-12,Riverside,Latte,26,4.5,117.0,Coffee,1.1,28.6,88.4,6
2025-06-12,University,Blueberry Muffin,21,2.95,61.95,Bakery,1.1,23.1,38.85,6
2025-06-12,University,Cappuccino,28,4.25,119.0,Coffee,1.0,28.0,91.0,6
2025-06-12,University,Cold Brew,33,4.75,156.75,Coffee,0.95,31.349999999999998,125.4,6
2025-06-12,University,Croissant,30,3.25,97.5,Bakery,1.3,39.0,58.5,6
2025-06-12,University,Espresso,25,3.0,75.0,Coffee,0.55,13.750000000000002,61.25,6
2025-06-12,University,Latte,40,4.5,180.0,Coffee,1.1,44.0,136.0,6
2025-06-13,Downtown,Blueberry Muffin,18,2.95,53.1,Bakery,1.1,19.8,33.3,6
2025-06-13,Downtown,Cappuccino,33,4.25,140.25,Coffee,1.0,33.0,107.25,6
2025-06-13,Downtown,Cold Brew,31,4.75,147.25,Coffee,0.95,29.45,117.8,6
2025-06-13,Downtown,Croissant,33,3.25,107.25,Bakery,1.3,42.9,64.35,6
2025-06-13,Downtown,Espresso,27,3.0,81.0,Coffee,0.55,14.850000000000001,66.15,6
2025-06-13,Downtown,Latte,47,4.5,211.5,Coffee,1.1,51.7,159.8,6
2025-06-13,Harbor Kiosk,Blueberry Muffin,4,2.95,11.8,Bakery,1.1,4.4,7.4,6
2025-06-13,Harbor Kiosk,Cappuccino,9,4.25,38.25,Coffee,1.0,9.0,29.25,6
2025-06-13,Harbor Kiosk,Cold Brew,17,4.75,80.75,Coffee,0.95,16.15,64.6,6
2025-06-13,Harbor Kiosk,Croissant,12,3.25,39.0,Bakery,1.3,15.600000000000001,23.4,6
2025-06-13,Harbor Kiosk,Espresso,4,3.0,12.0,Coffee,0.55,2.2,9.8,6
2025-06-13,Harbor Kiosk,Latte,11,4.5,49.5,Coffee,1.1,12.100000000000001,37.4,6
2025-06-13,Riverside,Blueberry Muffin,14,2.95,41.3,Bakery,1.1,15.400000000000002,25.899999999999995,6
2025-06-13,Riverside,Cappuccino,19,4.25,80.75,Coffee,1.0,19.0,61.75,6
2025-06-13,Riverside,Cold Brew,19,4.75,90.25,Coffee,0.95,18.05,72.2,6
2025-06-13,Riverside,Croissant,17,3.25,55.25,Bakery,1.3,22.1,33.15,6
2025-06-13,Riverside,Espresso,16,3.0,48.0,Coffee,0.55,8.8,39.2,6
2025-06-13,Riverside,Latte,29,4.5,130.5,Coffee,1.1,31.900000000000002,98.6,6
2025-06-13,University,Blueberry Muffin,17,2.95,50.15,Bakery,1.1,18.700000000000003,31.449999999999996,6
2025-06-13,University,Cappuccino,26,4.25,110.5,Coffee,1.0,26.0,84.5,6
2025-06-13,University,Cold Brew,22,4.75,104.5,Coffee,0.95,20.9,83.6,6
2025-06-13,University,Croissant,26,3.25,84.5,Bakery,1.3,33.800000000000004,50.699999999999996,6
2025-06-13,University,Espresso,21,3.0,63.0,Coffee,0.55,11.55,51.45,6
2025-06-13,University,Latte,38,4.5,171.0,Coffee,1.1,41.800000000000004,129.2,6
2025-06-14,Downtown,Blueberry Muffin,33,2.95,97.35,Bakery,1.1,36.300000000000004,61.04999999999999,6
2025-06-14,Downtown,Cappuccino,43,4.25,182.75,Coffee,1.0,43.0,139.75,6
2025-06-14,Downtown,Cold Brew,55,4.75,261.25,Coffee,0.95,52.25,209.0,6
2025-06-14,Downtown,Croissant,38,3.25,123.5,Bakery,1.3,49.4,74.1,6
2025-06-14,Downtown,Espresso,37,3.0,111.0,Coffee,0.55,20.35,90.65,6
2025-06-14,Downtown,Latte,61,4.5,274.5,Coffee,1.1,67.10000000000001,207.39999999999998,6
2025-06-14,Harbor Kiosk,Blueberry Muffin,12,2.95,35.4,Bakery,1.1,13.200000000000001,22.199999999999996,6
2025-06-14,Harbor Kiosk,Cappuccino,12,4.25,51.0,Coffee,1.0,12.0,39.0,6
2025-06-14,Harbor Kiosk,Cold Brew,20,4.75,95.0,Coffee,0.95,19.0,76.0,6
2025-06-14,Harbor Kiosk,Croissant,19,3.25,61.75,Bakery,1.3,24.7,37.05,6
2025-06-14,Harbor Kiosk,Espresso,17,3.0,51.0,Coffee,0.55,9.350000000000001,41.65,6
2025-06-14,Harbor Kiosk,Latte,31,4.5,139.5,Coffee,1.1,34.1,105.4,6
2025-06-14,Riverside,Blueberry Muffin,21,2.95,61.95,Bakery,1.1,23.1,38.85,6
2025-06-14,Riverside,Cappuccino,21,4.25,89.25,Coffee,1.0,21.0,68.25,6
2025-06-14,Riverside,Cold Brew,31,4.75,147.25,Coffee,0.95,29.45,117.8,6
2025-06-14,Riverside,Croissant,23,3.25,74.75,Bakery,1.3,29.900000000000002,44.849999999999994,6
2025-06-14,Riverside,Espresso,21,3.0,63.0,Coffee,0.55,11.55,51.45,6
2025-06-14,Riverside,Latte,36,4.5,162.0,Coffee,1.1,39.6,122.4,6
2025-06-14,University,Blueberry Muffin,14,2.95,41.3,Bakery,1.1,15.400000000000002,25.899999999999995,6
2025-06-14,University,Cappuccino,18,4.25,76.5,Coffee,1.0,18.0,58.5,6
2025-06-14,University,Cold Brew,22,4.75,104.5,Coffee,0.95,20.9,83.6,6
2025-06-14,University,Croissant,17,3.25,55.25,Bakery,1.3,22.1,33.15,6
2025-06-14,University,Espresso,18,3.0,54.0,Coffee,0.55,9.9,44.1,6
2025-06-14,University,Latte,25,4.5,112.5,Coffee,1.1,27.500000000000004,85.0,6
2025-06-15,Downtown,Blueberry Muffin,32,2.95,94.4,Bakery,1.1,35.2,59.2,6
2025-06-15,Downtown,Cappuccino,43,4.25,182.75,Coffee,1.0,43.0,139.75,6
2025-06-15,Downtown,Cold Brew,42,4.75,199.5,Coffee,0.95,39.9,159.6,6
2025-06-15,Downtown,Croissant,42,3.25,136.5,Bakery,1.3,54.6,81.9,6
2025-06-15,Downtown,Espresso,41,3.0,123.0,Coffee,0.55,22.55,100.45,6
2025-06-15,Downtown,Latte,73,4.5,328.5,Coffee,1.1,80.30000000000001,248.2,6
2025-06-15,Harbor Kiosk,Blueberry Muffin,9,2.95,26.55,Bakery,1.1,9.9,16.65,6
2025-06-15,Harbor Kiosk,Cappuccino,19,4.25,80.75,Coffee,1.0,19.0,61.75,6
2025-06-15,Harbor Kiosk,Cold Brew,28,4.75,133.0,Coffee,0.95,26.599999999999998,106.4,6
2025-06-15,Harbor Kiosk,Croissant,18,3.25,58.5,Bakery,1.3,23.400000000000002,35.099999999999994,6
2025-06-15,Harbor Kiosk,Espresso,16,3.0,48.0,Coffee,0.55,8.8,39.2,6
2025-06-15,Harbor Kiosk,Latte,17,4.5,76.5,Coffee,1.1,18.700000000000003,57.8,6
2025-06-15,Riverside,Blueberry Muffin,18,2.95,53.1,Bakery,1.1,19.8,33.3,6
2025-06-15,Riverside,Cappuccino,24,4.25,102.0,Coffee,1.0,24.0,78.0,6
2025-06-15,Riverside,Cold Brew,20,4.75,95.0,Coffee,0.95,19.0,76.0,6
2025-06-15,Riverside,Croissant,27,3.25,87.75,Bakery,1.3,35.1,52.65,6
2025-06-15,Riverside,Espresso,23,3.0,69.0,Coffee,0.55,12.65,56.35,6
2025-06-15,Riverside,Latte,41,4.5,184.5,Coffee,1.1,45.1,139.4,6
2025-06-15,University,Blueberry Muffin,11,2.95,32.45,Bakery,1.1,12.100000000000001,20.35,6
2025-06-15,University,Cappuccino,20,4.25,85.0,Coffee,1.0,20.0,65.0,6
2025-06-15,University,Cold Brew,18,4.75,85.5,Coffee,0.95,17.099999999999998,68.4,6
2025-06-15,University,Croissant,17,3.25,55.25,Bakery,1.3,22.1,33.15,6
2025-06-15,University,Espresso,15,3.0,45.0,Coffee,0.55,8.25,36.75,6
2025-06-15,University,Latte,27,4.5,121.5,Coffee,1.1,29.700000000000003,91.8,6
2025-06-16,Downtown,Blueberry Muffin,23,2.95,67.85,Bakery,1.1,25.3,42.55,6
2025-06-16,Downtown,Cappuccino,34,4.25,144.5,Coffee,1.0,34.0,110.5,6
2025-06-16,Downtown,Cold Brew,27,4.75,128.25,Coffee,0.95,25.65,102.6,6
2025-06-16,Downtown,Croissant,32,3.25,104.0,Bakery,1.3,41.6,62.4,6
2025-06-16,Downtown,Espresso,25,3.0,75.0,Coffee,0.55,13.750000000000002,61.25,6
2025-06-16,Downtown,Latte,49,4.5,220.5,Coffee,1.1,53.900000000000006,166.6,6
2025-06-16,Harbor Kiosk,Blueberry Muffin,6,2.95,17.7,Bakery,1.1,6.6000000000000005,11.099999999999998,6
2025-06-16,Harbor Kiosk,Cappuccino,10,4.25,42.5,Coffee,1.0,10.0,32.5,6
2025-06-16,Harbor Kiosk,Cold Brew,11,4.75,52.25,Coffee,0.95,10.45,41.8,6
2025-06-16,Harbor Kiosk,Croissant,8,3.25,26.0,Bakery,1.3,10.4,15.6,6
2025-06-16,Harbor Kiosk,Espresso,9,3.0,27.0,Coffee,0.55,4.95,22.05,6
2025-06-16,Harbor Kiosk,Latte,8,4.5,36.0,Coffee,1.1,8.8,27.2,6
2025-06-16,Riverside,Blueberry Muffin,16,2.95,47.2,Bakery,1.1,17.6,29.6,6
2025-06-16,Riverside,Cappuccino,23,4.25,97.75,Coffee,1.0,23.0,74.75,6
2025-06-16,Riverside,Cold Brew,19,4.75,90.25,Coffee,0.95,18.05,72.2,6
2025-06-16,Riverside,Croissant,24,3.25,78.0,Bakery,1.3,31.200000000000003,46.8,6
2025-06-16,Riverside,Espresso,19,3.0,57.0,Coffee,0.55,10.450000000000001,46.55,6
2025-06-16,Riverside,Latte,30,4.5,135.0,Coffee,1.1,33.0,102.0,6
2025-06-16,University,Blueberry Muffin,24,2.95,70.8,Bakery,1.1,26.400000000000002,44.39999999999999,6
2025-06-16,University,Cappuccino,32,4.25,136.0,Coffee,1.0,32.0,104.0,6
2025-06-16,University,Cold Brew,25,4.75,118.75,Coffee,0.95,23.75,95.0,6
2025-06-16,University,Croissant,31,3.25,100.75,Bakery,1.3,40.300000000000004,60.449999999999996,6
2025-06-16,University,Espresso,27,3.0,81.0,Coffee,0.55,14.850000000000001,66.15,6
2025-06-16,University,Latte,43,4.5,193.5,Coffee,1.1,47.300000000000004,146.2,6
2025-06-17,Downtown,Blueberry Muffin,29,2.95,85.55,Bakery,1.1,31.900000000000002,53.64999999999999,6
2025-06-17,Downtown,Cappuccino,42,4.25,178.5,Coffee,1.0,42.0,136.5,6
2025-06-17,Downtown,Cold Brew,38,4.75,180.5,Coffee,0.95,36.1,144.4,6
2025-06-17,Downtown,Croissant,37,3.25,120.25,Bakery,1.3,48.1,72.15,6
2025-06-17,Downtown,Espresso,35,3.0,105.0,Coffee,0.55,19.25,85.75,6
2025-06-17,Downtown,Latte,57,4.5,256.5,Coffee,1.1,62.7,193.8,6
2025-06-17,Harbor Kiosk,Blueberry Muffin,8,2.95,23.6,Bakery,1.1,8.8,14.8,6
2025-06-17,Harbor Kiosk,Cappuccino,11,4.25,46.75,Coffee,1.0,11.0,35.75,6
2025-06-17,Harbor Kiosk,Cold Brew,15,4.75,71.25,Coffee,0.95,14.25,57.0,6
2025-06-17,Harbor Kiosk,Croissant,9,3.25,29.25,Bakery,1.3,11.700000000000001,17.549999999999997,6
2025-06-17,Harbor Kiosk,Espresso,8,3.0,24.0,Coffee,0.55,4.4,19.6,6
2025-06-17,Harbor Kiosk,Latte,14,4.5,63.0,Coffee,1.1,15.400000000000002,47.599999999999994,6
2025-06-17,Riverside,Blueberry Muffin,10,2.95,29.5,Bakery,1.1,11.0,18.5,6
2025-06-17,Riverside,Cappuccino,18,4.25,76.5,Coffee,1.0,18.0,58.5,6
2025-06-17,Riverside,Cold Brew,18,4.75,85.5,Coffee,0.95,17.099999999999998,68.4,6
2025-06-17,Riverside,Croissant,15,3.25,48.75,Bakery,1.3,19.5,29.25,6
2025-06-17,Riverside,Espresso,16,3.0,48.0,Coffee,0.55,8.8,39.2,6
2025-06-17,Riverside,Latte,26,4.5,117.0,Coffee,1.1,28.6,88.4,6
2025-06-17,University,Blueberry Muffin,20,2.95,59.0,Bakery,1.1,22.0,37.0,6
2025-06-17,University,Cappuccino,25,4.25,106.25,Coffee,1.0,25.0,81.25,6
2025-06-17,University,Cold Brew,25,4.75,118.75,Coffee,0.95,23.75,95.0,6
2025-06-17,University,Croissant,28,3.25,91.0,Bakery,1.3,36.4,54.6,6
2025-06-17,University,Espresso,22,3.0,66.0,Coffee,0.55,12.100000000000001,53.9,6
2025-06-17,University,Latte,40,4.5,180.0,Coffee,1.1,44.0,136.0,6
2025-06-18,Downtown,Blueberry Muffin,28,2.95,82.6,Bakery,1.1,30.800000000000004,51.79999999999999,6
2025-06-18,Downtown,Cappuccino,36,4.25,153.0,Coffee,1.0,36.0,117.0,6
2025-06-18,Downtown,Cold Brew,35,4.75,166.25,Coffee,0.95,33.25,133.0,6
2025-06-18,Downtown,Croissant,40,3.25,130.0,Bakery,1.3,52.0,78.0,6
2025-06-18,Downtown,Espresso,34,3.0,102.0,Coffee,0.55,18.700000000000003,83.3,6
2025-06-18,Downtown,Latte,55,4.5,247.5,Coffee,1.1,60.50000000000001,187.0,6
2025-06-18,Harbor Kiosk,Blueberry Muffin,8,2.95,23.6,Bakery,1.1,8.8,14.8,6
2025-06-18,Harbor Kiosk,Cappuccino,9,4.25,38.25,Coffee,1.0,9.0,29.25,6
2025-06-18,Harbor Kiosk,Cold Brew,14,4.75,66.5,Coffee,0.95,13.299999999999999,53.2,6
2025-06-18,Harbor Kiosk,Croissant,9,3.25,29.25,Bakery,1.3,11.700000000000001,17.549999999999997,6
2025-06-18,Harbor Kiosk,Espresso,9,3.0,27.0,Coffee,0.55,4.95,22.05,6
2025-06-18,Harbor Kiosk,Latte,18,4.5,81.0,Coffee,1.1,19.8,61.2,6
2025-06-18,Riverside,Blueberry Muffin,15,2.95,44.25,Bakery,1.1,16.5,27.75,6
2025-06-18,Riverside,Cappuccino,21,4.25,89.25,Coffee,1.0,21.0,68.25,6
2025-06-18,Riverside,Cold Brew,16,4.75,76.0,Coffee,0.95,15.2,60.8,6
2025-06-18,Riverside,Croissant,18,3.25,58.5,Bakery,1.3,23.400000000000002,35.099999999999994,6
2025-06-18,Riverside,Espresso,17,3.0,51.0,Coffee,0.55,9.350000000000001,41.65,6
2025-06-18,Riverside,Latte,33,4.5,148.5,Coffee,1.1,36.300000000000004,112.19999999999999,6
2025-06-18,University,Blueberry Muffin,20,2.95,59.0,Bakery,1.1,22.0,37.0,6
2025-06-18,University,Cappuccino,29,4.25,123.25,Coffee,1.0,29.0,94.25,6
2025-06-18,University,Cold Brew,24,4.75,114.0,Coffee,0.95,22.799999999999997,91.2,6
2025-06-18,University,Croissant,27,3.25,87.75,Bakery,1.3,35.1,52.65,6
2025-06-18,University,Espresso,29,3.0,87.0,Coffee,0.55,15.950000000000001,71.05,6
2025-06-18,University,Latte,45,4.5,202.5,Coffee,1.1,49.50000000000001,153.0,6
2025-06-19,Downtown,Blueberry Muffin,21,2.95,61.95,Bakery,1.1,23.1,38.85,6
2025-06-19,Downtown,Cappuccino,35,4.25,148.75,Coffee,1.0,35.0,113.75,6
2025-06-19,Downtown,Cold Brew,29,4.75,137.75,Coffee,0.95,27.549999999999997,110.2,6
2025-06-19,Downtown,Croissant,35,3.25,113.75,Bakery,1.3,45.5,68.25,6
2025-06-19,Downtown,Espresso,30,3.0,90.0,Coffee,0.55,16.5,73.5,6
2025-06-19,Downtown,Latte,48,4.5,216.0,Coffee,1.1,52.800000000000004,163.2,6
2025-06-19,Harbor Kiosk,Blueberry Muffin,6,2.95,17.7,Bakery,1.1,6.6000000000000005,11.099999999999998,6
2025-06-19,Harbor Kiosk,Cappuccino,22,4.25,93.5,Coffee,1.0,22.0,71.5,6
2025-06-19,Harbor Kiosk,Cold Brew,7,4.75,33.25,Coffee,0.95,6.6499999999999995,26.6,6
2025-06-19,Harbor Kiosk,Croissant,7,3.25,22.75,Bakery,1.3,9.1,13.65,6
2025-06-19,Harbor Kiosk,Espresso,7,3.0,21.0,Coffee,0.55,3.8500000000000005,17.15,6
2025-06-19,Harbor Kiosk,Latte,24,4.5,108.0,Coffee,1.1,26.400000000000002,81.6,6
2025-06-19,Riverside,Blueberry Muffin,15,2.95,44.25,Bakery,1.1,16.5,27.75,6
2025-06-19,Riverside,Cappuccino,23,4.25,97.75,Coffee,1.0,23.0,74.75,6
2025-06-19,Riverside,Cold Brew,15,4.75,71.25,Coffee,0.95,14.25,57.0,6
2025-06-19,Riverside,Croissant,17,3.25,55.25,Bakery,1.3,22.1,33.15,6
2025-06-19,Riverside,Espresso,16,3.0,48.0,Coffee,0.55,8.8,39.2,6
2025-06-19,Riverside,Latte,30,4.5,135.0,Coffee,1.1,33.0,102.0,6
2025-06-19,University,Blueberry Muffin,18,2.95,53.1,Bakery,1.1,19.8,33.3,6
2025-06-19,University,Cappuccino,30,4.25,127.5,Coffee,1.0,30.0,97.5,6
2025-06-19,University,Cold Brew,24,4.75,114.0,Coffee,0.95,22.799999999999997,91.2,6
2025-06-19,University,Croissant,24,3.25,78.0,Bakery,1.3,31.200000000000003,46.8,6
2025-06-19,University,Espresso,26,3.0,78.0,Coffee,0.55,14.3,63.7,6
2025-06-19,University,Latte,45,4.5,202.5,Coffee,1.1,49.50000000000001,153.0,6
2025-06-20,Downtown,Blueberry Muffin,25,2.95,73.75,Bakery,1.1,27.500000000000004,46.25,6
2025-06-20,Downtown,Cappuccino,40,4.25,170.0,Coffee,1.0,40.0,130.0,6
2025-06-20,Downtown,Cold Brew,37,4.75,175.75,Coffee,0.95,35.15,140.6,6
2025-06-20,Downtown,Croissant,38,3.25,123.5,Bakery,1.3,49.4,74.1,6
2025-06-20,Downtown,Espresso,34,3.0,102.0,Coffee,0.55,18.700000000000003,83.3,6
2025-06-20,Downtown,Latte,59,4.5,265.5,Coffee,1.1,64.9,200.6,6
2025-06-20,Harbor Kiosk,Blueberry Muffin,4,2.95,11.8,Bakery,1.1,4.4,7.4,6
2025-06-20,Harbor Kiosk,Cappuccino,14,4.25,59.5,Coffee,1.0,14.0,45.5,6
2025-06-20,Harbor Kiosk,Cold Brew,10,4.75,47.5,Coffee,0.95,9.5,38.0,6
2025-06-20,Harbor Kiosk,Croissant,9,3.25,29.25,Bakery,1.3,11.700000000000001,17.549999999999997,6
2025-06-20,Harbor Kiosk,Espresso,11,3.0,33.0,Coffee,0.55,6.050000000000001,26.95,6
2025-06-20,Harbor Kiosk,Latte,8,4.5,36.0,Coffee,1.1,8.8,27.2,6
2025-06-20,Riverside,Blueberry Muffin,15,2.95,44.25,Bakery,1.1,16.5,27.75,6
2025-06-20,Riverside,Cappuccino,19,4.25,80.75,Coffee,1.0,19.0,61.75,6
2025-06-20,Riverside,Cold Brew,17,4.75,80.75,Coffee,0.95,16.15,64.6,6
2025-06-20,Riverside,Croissant,18,3.25,58.5,Bakery,1.3,23.400000000000002,35.099999999999994,6
2025-06-20,Riverside,Espresso,17,3.0,51.0,Coffee,0.55,9.350000000000001,41.65,6
2025-06-20,Riverside,Latte,28,4.5,126.0,Coffee,1.1,30.800000000000004,95.19999999999999,6
2025-06-20,University,Blueberry Muffin,17,2.95,50.15,Bakery,1.1,18.700000000000003,31.449999999999996,6
2025-06-20,University,Cappuccino,29,4.25,123.25,Coffee,1.0,29.0,94.25,6
2025-06-20,University,Cold Brew,23,4.75,109.25,Coffee,0.95,21.849999999999998,87.4,6
2025-06-20,University,Croissant,26,3.25,84.5,Bakery,1.3,33.800000000000004,50.699999999999996,6
2025-06-20,University,Espresso,24,3.0,72.0,Coffee,0.55,13.200000000000001,58.8,6
2025-06-20,University,Latte,41,4.5,184.5,Coffee,1.1,45.1,139.4,6
2025-06-21,Downtown,Blueberry Muffin,32,2.95,94.4,Bakery,1.1,35.2,59.2,6
2025-06-21,Downtown,Cappuccino,41,4.25,174.25,Coffee,1.0,41.0,133.25,6
2025-06-21,Downtown,Cold Brew,39,4.75,185.25,Coffee,0.95,37.05,148.2,6
2025-06-21,Downtown,Croissant,39,3.25,126.75,Bakery,1.3,50.7,76.05,6
2025-06-21,Downtown,Espresso,39,3.0,117.0,Coffee,0.55,21.450000000000003,95.55,6
2025-06-21,Downtown,Latte,63,4.5,283.5,Coffee,1.1,69.30000000000001,214.2,6
2025-06-21,Harbor Kiosk,Blueberry Muffin,16,2.95,47.2,Bakery,1.1,17.6,29.6,6
2025-06-21,Harbor Kiosk,Cappuccino,15,4.25,63.75,Coffee,1.0,15.0,48.75,6
2025-06-21,Harbor Kiosk,Cold Brew,34,4.75,161.5,Coffee,0.95,32.3,129.2,6
2025-06-21,Harbor Kiosk,Croissant,17,3.25,55.25,Bakery,1.3,22.1,33.15,6
2025-06-21,Harbor Kiosk,Espresso,17,3.0,51.0,Coffee,0.55,9.350000000000001,41.65,6
2025-06-21,Harbor Kiosk,Latte,28,4.5,126.0,Coffee,1.1,30.800000000000004,95.19999999999999,6
2025-06-21,Riverside,Blueberry Muffin,18,2.95,53.1,Bakery,1.1,19.8,33.3,6
2025-06-21,Riverside,Cappuccino,26,4.25,110.5,Coffee,1.0,26.0,84.5,6
2025-06-21,Riverside,Cold Brew,24,4.75,114.0,Coffee,0.95,22.799999999999997,91.2,6
2025-06-21,Riverside,Croissant,24,3.25,78.0,Bakery,1.3,31.200000000000003,46.8,6
2025-06-21,Riverside,Espresso,25,3.0,75.0,Coffee,0.55,13.750000000000002,61.25,6
2025-06-21,Riverside,Latte,37,4.5,166.5,Coffee,1.1,40.7,125.8,6
2025-06-21,University,Blueberry Muffin,14,2.95,41.3,Bakery,1.1,15.400000000000002,25.899999999999995,6
2025-06-21,University,Cappuccino,19,4.25,80.75,Coffee,1.0,19.0,61.75,6
2025-06-21,University,Cold Brew,21,4.75,99.75,Coffee,0.95,19.95,79.8,6
2025-06-21,University,Croissant,19,3.25,61.75,Bakery,1.3,24.7,37.05,6
2025-06-21,University,Espresso,13,3.0,39.0,Coffee,0.55,7.15,31.85,6
2025-06-21,University,Latte,26,4.5,117.0,Coffee,1.1,28.6,88.4,6
2025-06-22,Downtown,Blueberry Muffin,25,2.95,73.75,Bakery,1.1,27.500000000000004,46.25,6
2025-06-22,Downtown,Cappuccino,39,4.25,165.75,Coffee,1.0,39.0,126.75,6
2025-06-22,Downtown,Cold Brew,43,4.75,204.25,Coffee,0.95,40.85,163.4,6
2025-06-22,Downtown,Croissant,37,3.25,120.25,Bakery,1.3,48.1,72.15,6
2025-06-22,Downtown,Espresso,32,3.0,96.0,Coffee,0.55,17.6,78.4,6
2025-06-22,Downtown,Latte,56,4.5,252.0,Coffee,1.1,61.60000000000001,190.39999999999998,6
2025-06-22,Harbor Kiosk,Blueberry Muffin,15,2.95,44.25,Bakery,1.1,16.5,27.75,6
2025-06-22,Harbor Kiosk,Cappuccino,19,4.25,80.75,Coffee,1.0,19.0,61.75,6
2025-06-22,Harbor Kiosk,Cold Brew,25,4.75,118.75,Coffee,0.95,23.75,95.0,6
2025-06-22,Harbor Kiosk,Croissant,12,3.25,39.0,Bakery,1.3,15.600000000000001,23.4,6
2025-06-22,Harbor Kiosk,Espresso,12,3.0,36.0,Coffee,0.55,6.6000000000000005,29.4,6
2025-06-22,Harbor Kiosk,Latte,30,4.5,135.0,Coffee,1.1,33.0,102.0,6
2025-06-22,Riverside,Blueberry Muffin,19,2.95,56.05,Bakery,1.1,20.900000000000002,35.14999999999999,6
2025-06-22,Riverside,Cappuccino,24,4.25,102.0,Coffee,1.0,24.0,78.0,6
2025-06-22,Riverside,Cold Brew,17,4.75,80.75,Coffee,0.95,16.15,64.6,6
2025-06-22,Riverside,Croissant,23,3.25,74.75,Bakery,1.3,29.900000000000002,44.849999999999994,6
2025-06-22,Riverside,Espresso,26,3.0,78.0,Coffee,0.55,14.3,63.7,6
2025-06-22,Riverside,Latte,35,4.5,157.5,Coffee,1.1,38.5,119.0,6
2025-06-22,University,Blueberry Muffin,14,2.95,41.3,Bakery,1.1,15.400000000000002,25.899999999999995,6
2025-06-22,University,Cappuccino,25,4.25,106.25,Coffee,1.0,25.0,81.25,6
2025-06-22,University,Cold Brew,19,4.75,90.25,Coffee,0.95,18.05,72.2,6
2025-06-22,University,Croissant,23,3.25,74.75,Bakery,1.3,29.900000000000002,44.849999999999994,6
2025-06-22,University,Espresso,16,3.0,48.0,Coffee,0.55,8.8,39.2,6
2025-06-22,University,Latte,32,4.5,144.0,Coffee,1.1,35.2,108.8,6
2025-06-23,Downtown,Blueberry Muffin,26,2.95,76.7,Bakery,1.1,28.6,48.1,6
2025-06-23,Downtown,Cappuccino,39,4.25,165.75,Coffee,1.0,39.0,126.75,6
2025-06-23,Downtown,Cold Brew,30,4.75,142.5,Coffee,0.95,28.5,114.0,6
2025-06-23,Downtown,Croissant,36,3.25,117.0,Bakery,1.3,46.800000000000004,70.19999999999999,6
2025-06-23,Downtown,Espresso,32,3.0,96.0,Coffee,0.55,17.6,78.4,6
2025-06-23,Downtown,Latte,53,4.5,238.5,Coffee,1.1,58.300000000000004,180.2,6
2025-06-23,Harbor Kiosk,Blueberry Muffin,8,2.95,23.6,Bakery,1.1,8.8,14.8,6
2025-06-23,Harbor Kiosk,Cappuccino,10,4.25,42.5,Coffee,1.0,10.0,32.5,6
2025-06-23,Harbor Kiosk,Cold Brew,22,4.75,104.5,Coffee,0.95,20.9,83.6,6
2025-06-23,Harbor Kiosk,Croissant,16,3.25,52.0,Bakery,1.3,20.8,31.2,6
2025-06-23,Harbor Kiosk,Espresso,8,3.0,24.0,Coffee,0.55,4.4,19.6,6
2025-06-23,Harbor Kiosk,Latte,15,4.5,67.5,Coffee,1.1,16.5,51.0,6
2025-06-23,Riverside,Blueberry Muffin,12,2.95,35.4,Bakery,1.1,13.200000000000001,22.199999999999996,6
2025-06-23,Riverside,Cappuccino,19,4.25,80.75,Coffee,1.0,19.0,61.75,6
2025-06-23,Riverside,Cold Brew,18,4.75,85.5,Coffee,0.95,17.099999999999998,68.4,6
2025-06-23,Riverside,Croissant,18,3.25,58.5,Bakery,1.3,23.400000000000002,35.099999999999994,6
2025-06-23,Riverside,Espresso,18,3.0,54.0,Coffee,0.55,9.9,44.1,6
2025-06-23,Riverside,Latte,28,4.5,126.0,Coffee,1.1,30.800000000000004,95.19999999999999,6
2025-06-23,University,Blueberry Muffin,24,2.95,70.8,Bakery,1.1,26.400000000000002,44.39999999999999,6
2025-06-23,University,Cappuccino,34,4.25,144.5,Coffee,1.0,34.0,110.5,6
2025-06-23,University,Cold Brew,22,4.75,104.5,Coffee,0.95,20.9,83.6,6
2025-06-23,University,Croissant,30,3.25,97.5,Bakery,1.3,39.0,58.5,6
2025-06-23,University,Espresso,29,3.0,87.0,Coffee,0.55,15.950000000000001,71.05,6
2025-06-23,University,Latte,47,4.5,211.5,Coffee,1.1,51.7,159.8,6
2025-06-24,Downtown,Blueberry Muffin,26,2.95,76.7,Bakery,1.1,28.6,48.1,6
2025-06-24,Downtown,Cappuccino,41,4.25,174.25,Coffee,1.0,41.0,133.25,6
2025-06-24,Downtown,Cold Brew,31,4.75,147.25,Coffee,0.95,29.45,117.8,6
2025-06-24,Downtown,Croissant,33,3.25,107.25,Bakery,1.3,42.9,64.35,6
2025-06-24,Downtown,Espresso,33,3.0,99.0,Coffee,0.55,18.150000000000002,80.85,6
2025-06-24,Downtown,Latte,53,4.5,238.5,Coffee,1.1,58.300000000000004,180.2,6
2025-06-24,Harbor Kiosk,Blueberry Muffin,9,2.95,26.55,Bakery,1.1,9.9,16.65,6
2025-06-24,Harbor Kiosk,Cappuccino,9,4.25,38.25,Coffee,1.0,9.0,29.25,6
2025-06-24,Harbor Kiosk,Cold Brew,13,4.75,61.75,Coffee,0.95,12.35,49.4,6
2025-06-24,Harbor Kiosk,Croissant,8,3.25,26.0,Bakery,1.3,10.4,15.6,6
2025-06-24,Harbor Kiosk,Espresso,7,3.0,21.0,Coffee,0.55,3.8500000000000005,17.15,6
2025-06-24,Harbor Kiosk,Latte,15,4.5,67.5,Coffee,1.1,16.5,51.0,6
2025-06-24,Riverside,Blueberry Muffin,17,2.95,50.15,Bakery,1.1,18.700000000000003,31.449999999999996,6
2025-06-24,Riverside,Cappuccino,20,4.25,85.0,Coffee,1.0,20.0,65.0,6
2025-06-24,Riverside,Cold Brew,13,4.75,61.75,Coffee,0.95,12.35,49.4,6
2025-06-24,Riverside,Croissant,21,3.25,68.25,Bakery,1.3,27.3,40.95,6
2025-06-24,Riverside,Espresso,20,3.0,60.0,Coffee,0.55,11.0,49.0,6
2025-06-24,Riverside,Latte,29,4.5,130.5,Coffee,1.1,31.900000000000002,98.6,6
2025-06-24,University,Blueberry Muffin,24,2.95,70.8,Bakery,1.1,26.400000000000002,44.39999999999999,6
2025-06-24,University,Cappuccino,28,4.25,119.0,Coffee,1.0,28.0,91.0,6
2025-06-24,University,Cold Brew,36,4.75,171.0,Coffee,0.95,34.199999999999996,136.8,6
2025-06-24,University,Croissant,31,3.25,100.75,Bakery,1.3,40.300000000000004,60.449999999999996,6
2025-06-24,University,Espresso,28,3.0,84.0,Coffee,0.55,15.400000000000002,68.6,6
2025-06-24,University,Latte,51,4.5,229.5,Coffee,1.1,56.1,173.4,6
2025-06-25,Downtown,Blueberry Muffin,28,2.95,82.6,Bakery,1.1,30.800000000000004,51.79999999999999,6
2025-06-25,Downtown,Cappuccino,37,4.25,157.25,Coffee,1.0,37.0,120.25,6
2025-06-25,Downtown,Cold Brew,36,4.75,171.0,Coffee,0.95,34.199999999999996,136.8,6
2025-06-25,Downtown,Croissant,34,3.25,110.5,Bakery,1.3,44.2,66.3,6
2025-06-25,Downtown,Espresso,32,3.0,96.0,Coffee,0.55,17.6,78.4,6
2025-06-25,Downtown,Latte,51,4.5,229.5,Coffee,1.1,56.1,173.4,6
2025-06-25,Harbor Kiosk,Blueberry Muffin,8,2.95,23.6,Bakery,1.1,8.8,14.8,6
2025-06-25,Harbor Kiosk,Cappuccino,12,4.25,51.0,Coffee,1.0,12.0,39.0,6
2025-06-25,Harbor Kiosk,Cold Brew,19,4.75,90.25,Coffee,0.95,18.05,72.2,6
2025-06-25,Harbor Kiosk,Croissant,6,3.25,19.5,Bakery,1.3,7.800000000000001,11.7,6
2025-06-25,Harbor Kiosk,Espresso,13,3.0,39.0,Coffee,0.55,7.15,31.85,6
2025-06-25,Harbor Kiosk,Latte,12,4.5,54.0,Coffee,1.1,13.200000000000001,40.8,6
2025-06-25,Riverside,Blueberry Muffin,14,2.95,41.3,Bakery,1.1,15.400000000000002,25.899999999999995,6
2025-06-25,Riverside,Cappuccino,20,4.25,85.0,Coffee,1.0,20.0,65.0,6
2025-06-25,Riverside,Cold Brew,25,4.75,118.75,Coffee,0.95,23.75,95.0,6
2025-06-25,Riverside,Croissant,21,3.25,68.25,Bakery,1.3,27.3,40.95,6
2025-06-25,Riverside,Espresso,19,3.0,57.0,Coffee,0.55,10.450000000000001,46.55,6
2025-06-25,Riverside,Latte,35,4.5,157.5,Coffee,1.1,38.5,119.0,6
2025-06-25,University,Blueberry Muffin,21,2.95,61.95,Bakery,1.1,23.1,38.85,6
2025-06-25,University,Cappuccino,25,4.25,106.25,Coffee,1.0,25.0,81.25,6
2025-06-25,University,Cold Brew,32,4.75,152.0,Coffee,0.95,30.4,121.6,6
2025-06-25,University,Croissant,24,3.25,78.0,Bakery,1.3,31.200000000000003,46.8,6
2025-06-25,University,Espresso,24,3.0,72.0,Coffee,0.55,13.200000000000001,58.8,6
2025-06-25,University,Latte,41,4.5,184.5,Coffee,1.1,45.1,139.4,6
2025-06-26,Downtown,Blueberry Muffin,31,2.95,91.45,Bakery,1.1,34.1,57.35,6
2025-06-26,Downtown,Cappuccino,38,4.25,161.5,Coffee,1.0,38.0,123.5,6
2025-06-26,Downtown,Cold Brew,39,4.75,185.25,Coffee,0.95,37.05,148.2,6
2025-06-26,Downtown,Croissant,38,3.25,123.5,Bakery,1.3,49.4,74.1,6
2025-06-26,Downtown,Espresso,35,3.0,105.0,Coffee,0.55,19.25,85.75,6
2025-06-26,Downtown,Latte,52,4.5,234.0,Coffee,1.1,57.2,176.8,6
2025-06-26,Harbor Kiosk,Blueberry Muffin,7,2.95,20.65,Bakery,1.1,7.700000000000001,12.949999999999998,6
2025-06-26,Harbor Kiosk,Cappuccino,11,4.25,46.75,Coffee,1.0,11.0,35.75,6
2025-06-26,Harbor Kiosk,Cold Brew,14,4.75,66.5,Coffee,0.95,13.299999999999999,53.2,6
2025-06-26,Harbor Kiosk,Croissant,7,3.25,22.75,Bakery,1.3,9.1,13.65,6
2025-06-26,Harbor Kiosk,Espresso,6,3.0,18.0,Coffee,0.55,3.3000000000000003,14.7,6
2025-06-26,Harbor Kiosk,Latte,11,4.5,49.5,Coffee,1.1,12.100000000000001,37.4,6
2025-06-26,Riverside,Blueberry Muffin,14,2.95,41.3,Bakery,1.1,15.400000000000002,25.899999999999995,6
2025-06-26,Riverside,Cappuccino,20,4.25,85.0,Coffee,1.0,20.0,65.0,6
2025-06-26,Riverside,Cold Brew,19,4.75,90.25,Coffee,0.95,18.05,72.2,6
2025-06-26,Riverside,Croissant,17,3.25,55.25,Bakery,1.3,22.1,33.15,6
2025-06-26,Riverside,Espresso,16,3.0,48.0,Coffee,0.55,8.8,39.2,6
2025-06-26,Riverside,Latte,27,4.5,121.5,Coffee,1.1,29.700000000000003,91.8,6
2025-06-26,University,Blueberry Muffin,17,2.95,50.15,Bakery,1.1,18.700000000000003,31.449999999999996,6
2025-06-26,University,Cappuccino,26,4.25,110.5,Coffee,1.0,26.0,84.5,6
2025-06-26,University,Cold Brew,28,4.75,133.0,Coffee,0.95,26.599999999999998,106.4,6
2025-06-26,University,Croissant,26,3.25,84.5,Bakery,1.3,33.800000000000004,50.699999999999996,6
2025-06-26,University,Espresso,22,3.0,66.0,Coffee,0.55,12.100000000000001,53.9,6
2025-06-26,University,Latte,37,4.5,166.5,Coffee,1.1,40.7,125.8,6
2025-06-27,Downtown,Blueberry Muffin,22,2.95,64.9,Bakery,1.1,24.200000000000003,40.7,6
2025-06-27,Downtown,Cappuccino,34,4.25,144.5,Coffee,1.0,34.0,110.5,6
2025-06-27,Downtown,Cold Brew,34,4.75,161.5,Coffee,0.95,32.3,129.2,6
2025-06-27,Downtown,Croissant,30,3.25,97.5,Bakery,1.3,39.0,58.5,6
2025-06-27,Downtown,Espresso,32,3.0,96.0,Coffee,0.55,17.6,78.4,6
2025-06-27,Downtown,Latte,42,4.5,189.0,Coffee,1.1,46.2,142.8,6
2025-06-27,Harbor Kiosk,Blueberry Muffin,8,2.95,23.6,Bakery,1.1,8.8,14.8,6
2025-06-27,Harbor Kiosk,Cappuccino,11,4.25,46.75,Coffee,1.0,11.0,35.75,6
2025-06-27,Harbor Kiosk,Cold Brew,18,4.75,85.5,Coffee,0.95,17.099999999999998,68.4,6
2025-06-27,Harbor Kiosk,Croissant,7,3.25,22.75,Bakery,1.3,9.1,13.65,6
2025-06-27,Harbor Kiosk,Espresso,10,3.0,30.0,Coffee,0.55,5.5,24.5,6
2025-06-27,Harbor Kiosk,Latte,15,4.5,67.5,Coffee,1.1,16.5,51.0,6
2025-06-27,Riverside,Blueberry Muffin,12,2.95,35.4,Bakery,1.1,13.200000000000001,22.199999999999996,6
2025-06-27,Riverside,Cappuccino,18,4.25,76.5,Coffee,1.0,18.0,58.5,6
2025-06-27,Riverside,Cold Brew,18,4.75,85.5,Coffee,0.95,17.099999999999998,68.4,6
2025-06-27,Riverside,Croissant,18,3.25,58.5,Bakery,1.3,23.400000000000002,35.099999999999994,6
2025-06-27,Riverside,Espresso,19,3.0,57.0,Coffee,0.55,10.450000000000001,46.55,6
2025-06-27,Riverside,Latte,32,4.5,144.0,Coffee,1.1,35.2,108.8,6
2025-06-27,University,Blueberry Muffin,20,2.95,59.0,Bakery,1.1,22.0,37.0,6
2025-06-27,University,Cappuccino,32,4.25,136.0,Coffee,1.0,32.0,104.0,6
2025-06-27,University,Cold Brew,30,4.75,142.5,Coffee,0.95,28.5,114.0,6
2025-06-27,University,Croissant,27,3.25,87.75,Bakery,1.3,35.1,52.65,6
2025-06-27,University,Espresso,27,3.0,81.0,Coffee,0.55,14.850000000000001,66.15,6
2025-06-27,University,Latte,44,4.5,198.0,Coffee,1.1,48.400000000000006,149.6,6
2025-06-28,Downtown,Blueberry Muffin,31,2.95,91.45,Bakery,1.1,34.1,57.35,6
2025-06-28,Downtown,Cappuccino,50,4.25,212.5,Coffee,1.0,50.0,162.5,6
2025-06-28,Downtown,Cold Brew,43,4.75,204.25,Coffee,0.95,40.85,163.4,6
2025-06-28,Downtown,Croissant,43,3.25,139.75,Bakery,1.3,55.9,83.85,6
2025-06-28,Downtown,Espresso,43,3.0,129.0,Coffee,0.55,23.650000000000002,105.35,6
2025-06-28,Downtown,Latte,71,4.5,319.5,Coffee,1.1,78.10000000000001,241.39999999999998,6
2025-06-28,Harbor Kiosk,Blueberry Muffin,7,2.95,20.65,Bakery,1.1,7.700000000000001,12.949999999999998,6
2025-06-28,Harbor Kiosk,Cappuccino,19,4.25,80.75,Coffee,1.0,19.0,61.75,6
2025-06-28,Harbor Kiosk,Cold Brew,20,4.75,95.0,Coffee,0.95,19.0,76.0,6
2025-06-28,Harbor Kiosk,Croissant,9,3.25,29.25,Bakery,1.3,11.700000000000001,17.549999999999997,6
2025-06-28,Harbor Kiosk,Espresso,19,3.0,57.0,Coffee,0.55,10.450000000000001,46.55,6
2025-06-28,Harbor Kiosk,Latte,21,4.5,94.5,Coffee,1.1,23.1,71.4,6
2025-06-28,Riverside,Blueberry Muffin,19,2.95,56.05,Bakery,1.1,20.900000000000002,35.14999999999999,6
2025-06-28,Riverside,Cappuccino,26,4.25,110.5,Coffee,1.0,26.0,84.5,6
2025-06-28,Riverside,Cold Brew,28,4.75,133.0,Coffee,0.95,26.599999999999998,106.4,6
2025-06-28,Riverside,Croissant,23,3.25,74.75,Bakery,1.3,29.900000000000002,44.849999999999994,6
2025-06-28,Riverside,Espresso,19,3.0,57.0,Coffee,0.55,10.450000000000001,46.55,6
2025-06-28,Riverside,Latte,35,4.5,157.5,Coffee,1.1,38.5,119.0,6
2025-06-28,University,Blueberry Muffin,18,2.95,53.1,Bakery,1.1,19.8,33.3,6
2025-06-28,University,Cappuccino,20,4.25,85.0,Coffee,1.0,20.0,65.0,6
2025-06-28,University,Cold Brew,19,4.75,90.25,Coffee,0.95,18.05,72.2,6
2025-06-28,University,Croissant,21,3.25,68.25,Bakery,1.3,27.3,40.95,6
2025-06-28,University,Espresso,16,3.0,48.0,Coffee,0.55,8.8,39.2,6
2025-06-28,University,Latte,29,4.5,130.5,Coffee,1.1,31.900000000000002,98.6,6
2025-06-29,Downtown,Blueberry Muffin,29,2.95,85.55,Bakery,1.1,31.900000000000002,53.64999999999999,6
2025-06-29,Downtown,Cappuccino,43,4.25,182.75,Coffee,1.0,43.0,139.75,6
2025-06-29,Downtown,Cold Brew,33,4.75,156.75,Coffee,0.95,31.349999999999998,125.4,6
2025-06-29,Downtown,Croissant,42,3.25,136.5,Bakery,1.3,54.6,81.9,6
2025-06-29,Downtown,Espresso,38,3.0,114.0,Coffee,0.55,20.900000000000002,93.1,6
2025-06-29,Downtown,Latte,63,4.5,283.5,Coffee,1.1,69.30000000000001,214.2,6
2025-06-29,Harbor Kiosk,Blueberry Muffin,13,2.95,38.35,Bakery,1.1,14.3,24.05,6
2025-06-29,Harbor Kiosk,Cappuccino,20,4.25,85.0,Coffee,1.0,20.0,65.0,6
2025-06-29,Harbor Kiosk,Cold Brew,28,4.75,133.0,Coffee,0.95,26.599999999999998,106.4,6
2025-06-29,Harbor Kiosk,Croissant,19,3.25,61.75,Bakery,1.3,24.7,37.05,6
2025-06-29,Harbor Kiosk,Espresso,19,3.0,57.0,Coffee,0.55,10.450000000000001,46.55,6
2025-06-29,Harbor Kiosk,Latte,31,4.5,139.5,Coffee,1.1,34.1,105.4,6
2025-06-29,Riverside,Blueberry Muffin,18,2.95,53.1,Bakery,1.1,19.8,33.3,6
2025-06-29,Riverside,Cappuccino,26,4.25,110.5,Coffee,1.0,26.0,84.5,6
2025-06-29,Riverside,Cold Brew,39,4.75,185.25,Coffee,0.95,37.05,148.2,6
2025-06-29,Riverside,Croissant,23,3.25,74.75,Bakery,1.3,29.900000000000002,44.849999999999994,6
2025-06-29,Riverside,Espresso,20,3.0,60.0,Coffee,0.55,11.0,49.0,6
2025-06-29,Riverside,Latte,32,4.5,144.0,Coffee,1.1,35.2,108.8,6
2025-06-29,University,Blueberry Muffin,19,2.95,56.05,Bakery,1.1,20.900000000000002,35.14999999999999,6
2025-06-29,University,Cappuccino,24,4.25,102.0,Coffee,1.0,24.0,78.0,6
2025-06-29,University,Cold Brew,15,4.75,71.25,Coffee,0.95,14.25,57.0,6
2025-06-29,University,Croissant,21,3.25,68.25,Bakery,1.3,27.3,40.95,6
2025-06-29,University,Espresso,16,3.0,48.0,Coffee,0.55,8.8,39.2,6
2025-06-29,University,Latte,29,4.5,130.5,Coffee,1.1,31.900000000000002,98.6,6
2025-06-30,Downtown,Blueberry Muffin,24,2.95,70.8,Bakery,1.1,26.400000000000002,44.39999999999999,6
2025-06-30,Downtown,Cappuccino,33,4.25,140.25,Coffee,1.0,33.0,107.25,6
2025-06-30,Downtown,Cold Brew,37,4.75,175.75,Coffee,0.95,35.15,140.6,6
2025-06-30,Downtown,Croissant,29,3.25,94.25,Bakery,1.3,37.7,56.55,6
2025-06-30,Downtown,Espresso,30,3.0,90.0,Coffee,0.55,16.5,73.5,6
2025-06-30,Downtown,Latte,52,4.5,234.0,Coffee,1.1,57.2,176.8,6
2025-06-30,Harbor Kiosk,Blueberry Muffin,5,2.95,14.75,Bakery,1.1,5.5,9.25,6
2025-06-30,Harbor Kiosk,Cappuccino,9,4.25,38.25,Coffee,1.0,9.0,29.25,6
2025-06-30,Harbor Kiosk,Cold Brew,21,4.75,99.75,Coffee,0.95,19.95,79.8,6
2025-06-30,Harbor Kiosk,Croissant,8,3.25,26.0,Bakery,1.3,10.4,15.6,6
2025-06-30,Harbor Kiosk,Espresso,11,3.0,33.0,Coffee,0.55,6.050000000000001,26.95,6
2025-06-30,Harbor Kiosk,Latte,17,4.5,76.5,Coffee,1.1,18.700000000000003,57.8,6
2025-06-30,Riverside,Blueberry Muffin,11,2.95,32.45,Bakery,1.1,12.100000000000001,20.35,6
2025-06-30,Riverside,Cappuccino,20,4.25,85.0,Coffee,1.0,20.0,65.0,6
2025-06-30,Riverside,Cold Brew,15,4.75,71.25,Coffee,0.95,14.25,57.0,6
2025-06-30,Riverside,Croissant,18,3.25,58.5,Bakery,1.3,23.400000000000002,35.099999999999994,6
2025-06-30,Riverside,Espresso,14,3.0,42.0,Coffee,0.55,7.700000000000001,34.3,6
2025-06-30,Riverside,Latte,27,4.5,121.5,Coffee,1.1,29.700000000000003,91.8,6
2025-06-30,University,Blueberry Muffin,22,2.95,64.9,Bakery,1.1,24.200000000000003,40.7,6
2025-06-30,University,Cappuccino,28,4.25,119.0,Coffee,1.0,28.0,91.0,6
2025-06-30,University,Cold Brew,28,4.75,133.0,Coffee,0.95,26.599999999999998,106.4,6
2025-06-30,University,Croissant,30,3.25,97.5,Bakery,1.3,39.0,58.5,6
2025-06-30,University,Espresso,26,3.0,78.0,Coffee,0.55,14.3,63.7,6
2025-06-30,University,Latte,42,4.5,189.0,Coffee,1.1,46.2,142.8,6
2025-07-01,Downtown,Blueberry Muffin,32,2.95,94.4,Bakery,1.1,35.2,59.2,7
2025-07-01,Downtown,Cappuccino,38,4.25,161.5,Coffee,1.0,38.0,123.5,7
2025-07-01,Downtown,Cold Brew,31,4.75,147.25,Coffee,0.95,29.45,117.8,7
2025-07-01,Downtown,Croissant,43,3.25,139.75,Bakery,1.3,55.9,83.85,7
2025-07-01,Downtown,Espresso,32,3.0,96.0,Coffee,0.55,17.6,78.4,7
2025-07-01,Downtown,Latte,57,4.5,256.5,Coffee,1.1,62.7,193.8,7
2025-07-01,Harbor Kiosk,Blueberry Muffin,13,2.95,38.35,Bakery,1.1,14.3,24.05,7
2025-07-01,Harbor Kiosk,Cappuccino,12,4.25,51.0,Coffee,1.0,12.0,39.0,7
2025-07-01,Harbor Kiosk,Cold Brew,25,4.75,118.75,Coffee,0.95,23.75,95.0,7
2025-07-01,Harbor Kiosk,Croissant,12,3.25,39.0,Bakery,1.3,15.600000000000001,23.4,7
2025-07-01,Harbor Kiosk,Espresso,10,3.0,30.0,Coffee,0.55,5.5,24.5,7
2025-07-01,Harbor Kiosk,Latte,25,4.5,112.5,Coffee,1.1,27.500000000000004,85.0,7
2025-07-01,Riverside,Blueberry Muffin,13,2.95,38.35,Bakery,1.1,14.3,24.05,7
2025-07-01,Riverside,Cappuccino,17,4.25,72.25,Coffee,1.0,17.0,55.25,7
2025-07-01,Riverside,Cold Brew,17,4.75,80.75,Coffee,0.95,16.15,64.6,7
2025-07-01,Riverside,Croissant,19,3.25,61.75,Bakery,1.3,24.7,37.05,7
2025-07-01,Riverside,Espresso,16,3.0,48.0,Coffee,0.55,8.8,39.2,7
2025-07-01,Riverside,Latte,26,4.5,117.0,Coffee,1.1,28.6,88.4,7
2025-07-01,University,Blueberry Muffin,13,2.95,38.35,Bakery,1.1,14.3,24.05,7
2025-07-01,University,Cappuccino,24,4.25,102.0,Coffee,1.0,24.0,78.0,7
2025-07-01,University,Cold Brew,25,4.75,118.75,Coffee,0.95,23.75,95.0,7
2025-07-01,University,Croissant,21,3.25,68.25,Bakery,1.3,27.3,40.95,7
2025-07-01,University,Espresso,17,3.0,51.0,Coffee,0.55,9.350000000000001,41.65,7
2025-07-01,University,Latte,29,4.5,130.5,Coffee,1.1,31.900000000000002,98.6,7
2025-07-02,Downtown,Blueberry Muffin,26,2.95,76.7,Bakery,1.1,28.6,48.1,7
2025-07-02,Downtown,Cappuccino,36,4.25,153.0,Coffee,1.0,36.0,117.0,7
2025-07-02,Downtown,Cold Brew,35,4.75,166.25,Coffee,0.95,33.25,133.0,7
2025-07-02,Downtown,Croissant,36,3.25,117.0,Bakery,1.3,46.800000000000004,70.19999999999999,7
2025-07-02,Downtown,Espresso,31,3.0,93.0,Coffee,0.55,17.05,75.95,7
2025-07-02,Downtown,Latte,51,4.5,229.5,Coffee,1.1,56.1,173.4,7
2025-07-02,Harbor Kiosk,Blueberry Muffin,9,2.95,26.55,Bakery,1.1,9.9,16.65,7
2025-07-02,Harbor Kiosk,Cappuccino,19,4.25,80.75,Coffee,1.0,19.0,61.75,7
2025-07-02,Harbor Kiosk,Cold Brew,30,4.75,142.5,Coffee,0.95,28.5,114.0,7
2025-07-02,Harbor Kiosk,Croissant,10,3.25,32.5,Bakery,1.3,13.0,19.5,7
2025-07-02,Harbor Kiosk,Espresso,12,3.0,36.0,Coffee,0.55,6.6000000000000005,29.4,7
2025-07-02,Harbor Kiosk,Latte,18,4.5,81.0,Coffee,1.1,19.8,61.2,7
2025-07-02,Riverside,Blueberry Muffin,16,2.95,47.2,Bakery,1.1,17.6,29.6,7
2025-07-02,Riverside,Cappuccino,20,4.25,85.0,Coffee,1.0,20.0,65.0,7
2025-07-02,Riverside,Cold Brew,13,4.75,61.75,Coffee,0.95,12.35,49.4,7
2025-07-02,Riverside,Croissant,18,3.25,58.5,Bakery,1.3,23.400000000000002,35.099999999999994,7
2025-07-02,Riverside,Espresso,19,3.0,57.0,Coffee,0.55,10.450000000000001,46.55,7
2025-07-02,Riverside,Latte,28,4.5,126.0,Coffee,1.1,30.800000000000004,95.19999999999999,7
2025-07-02,University,Blueberry Muffin,16,2.95,47.2,Bakery,1.1,17.6,29.6,7
2025-07-02,University,Cappuccino,21,4.25,89.25,Coffee,1.0,21.0,68.25,7
2025-07-02,University,Cold Brew,23,4.75,109.25,Coffee,0.95,21.849999999999998,87.4,7
2025-07-02,University,Croissant,21,3.25,68.25,Bakery,1.3,27.3,40.95,7
2025-07-02,University,Espresso,18,3.0,54.0,Coffee,0.55,9.9,44.1,7
2025-07-02,University,Latte,33,4.5,148.5,Coffee,1.1,36.300000000000004,112.19999999999999,7
2025-07-03,Downtown,Blueberry Muffin,21,2.95,61.95,Bakery,1.1,23.1,38.85,7
2025-07-03,Downtown,Cappuccino,34,4.25,144.5,Coffee,1.0,34.0,110.5,7
2025-07-03,Downtown,Cold Brew,36,4.75,171.0,Coffee,0.95,34.199999999999996,136.8,7
2025-07-03,Downtown,Croissant,29,3.25,94.25,Bakery,1.3,37.7,56.55,7
2025-07-03,Downtown,Espresso,27,3.0,81.0,Coffee,0.55,14.850000000000001,66.15,7
2025-07-03,Downtown,Latte,43,4.5,193.5,Coffee,1.1,47.300000000000004,146.2,7
2025-07-03,Harbor Kiosk,Blueberry Muffin,10,2.95,29.5,Bakery,1.1,11.0,18.5,7
2025-07-03,Harbor Kiosk,Cappuccino,15,4.25,63.75,Coffee,1.0,15.0,48.75,7
2025-07-03,Harbor Kiosk,Cold Brew,23,4.75,109.25,Coffee,0.95,21.849999999999998,87.4,7
2025-07-03,Harbor Kiosk,Croissant,11,3.25,35.75,Bakery,1.3,14.3,21.45,7
2025-07-03,Harbor Kiosk,Espresso,12,3.0,36.0,Coffee,0.55,6.6000000000000005,29.4,7
2025-07-03,Harbor Kiosk,Latte,22,4.5,99.0,Coffee,1.1,24.200000000000003,74.8,7
2025-07-03,Riverside,Blueberry Muffin,14,2.95,41.3,Bakery,1.1,15.400000000000002,25.899999999999995,7
2025-07-03,Riverside,Cappuccino,20,4.25,85.0,Coffee,1.0,20.0,65.0,7
2025-07-03,Riverside,Cold Brew,21,4.75,99.75,Coffee,0.95,19.95,79.8,7
2025-07-03,Riverside,Croissant,17,3.25,55.25,Bakery,1.3,22.1,33.15,7
2025-07-03,Riverside,Espresso,18,3.0,54.0,Coffee,0.55,9.9,44.1,7
2025-07-03,Riverside,Latte,31,4.5,139.5,Coffee,1.1,34.1,105.4,7
2025-07-03,University,Blueberry Muffin,13,2.95,38.35,Bakery,1.1,14.3,24.05,7
2025-07-03,University,Cappuccino,21,4.25,89.25,Coffee,1.0,21.0,68.25,7
2025-07-03,University,Cold Brew,18,4.75,85.5,Coffee,0.95,17.099999999999998,68.4,7
2025-07-03,University,Croissant,22,3.25,71.5,Bakery,1.3,28.6,42.9,7
2025-07-03,University,Espresso,18,3.0,54.0,Coffee,0.55,9.9,44.1,7
2025-07-03,University,Latte,32,4.5,144.0,Coffee,1.1,35.2,108.8,7
2025-07-04,Downtown,Blueberry Muffin,25,2.95,73.75,Bakery,1.1,27.500000000000004,46.25,7
2025-07-04,Downtown,Cappuccino,29,4.25,123.25,Coffee,1.0,29.0,94.25,7
2025-07-04,Downtown,Cold Brew,35,4.75,166.25,Coffee,0.95,33.25,133.0,7
2025-07-04,Downtown,Croissant,32,3.25,104.0,Bakery,1.3,41.6,62.4,7
2025-07-04,Downtown,Espresso,32,3.0,96.0,Coffee,0.55,17.6,78.4,7
2025-07-04,Downtown,Latte,45,4.5,202.5,Coffee,1.1,49.50000000000001,153.0,7
2025-07-04,Harbor Kiosk,Blueberry Muffin,8,2.95,23.6,Bakery,1.1,8.8,14.8,7
2025-07-04,Harbor Kiosk,Cappuccino,14,4.25,59.5,Coffee,1.0,14.0,45.5,7
2025-07-04,Harbor Kiosk,Cold Brew,17,4.75,80.75,Coffee,0.95,16.15,64.6,7
2025-07-04,Harbor Kiosk,Croissant,12,3.25,39.0,Bakery,1.3,15.600000000000001,23.4,7
2025-07-04,Harbor Kiosk,Espresso,9,3.0,27.0,Coffee,0.55,4.95,22.05,7
2025-07-04,Harbor Kiosk,Latte,23,4.5,103.5,Coffee,1.1,25.3,78.2,7
2025-07-04,Riverside,Blueberry Muffin,18,2.95,53.1,Bakery,1.1,19.8,33.3,7
2025-07-04,Riverside,Cappuccino,23,4.25,97.75,Coffee,1.0,23.0,74.75,7
2025-07-04,Riverside,Cold Brew,22,4.75,104.5,Coffee,0.95,20.9,83.6,7
2025-07-04,Riverside,Croissant,22,3.25,71.5,Bakery,1.3,28.6,42.9,7
2025-07-04,Riverside,Espresso,20,3.0,60.0,Coffee,0.55,11.0,49.0,7
2025-07-04,Riverside,Latte,35,4.5,157.5,Coffee,1.1,38.5,119.0,7
2025-07-04,University,Blueberry Muffin,12,2.95,35.4,Bakery,1.1,13.200000000000001,22.199999999999996,7
2025-07-04,University,Cappuccino,18,4.25,76.5,Coffee,1.0,18.0,58.5,7
2025-07-04,University,Cold Brew,23,4.75,109.25,Coffee,0.95,21.849999999999998,87.4,7
2025-07-04,University,Croissant,19,3.25,61.75,Bakery,1.3,24.7,37.05,7
2025-07-04,University,Espresso,19,3.0,57.0,Coffee,0.55,10.450000000000001,46.55,7
2025-07-04,University,Latte,31,4.5,139.5,Coffee,1.1,34.1,105.4,7
2025-07-05,Downtown,Blueberry Muffin,27,2.95,79.65,Bakery,1.1,29.700000000000003,49.95,7
2025-07-05,Downtown,Cappuccino,46,4.25,195.5,Coffee,1.0,46.0,149.5,7
2025-07-05,Downtown,Cold Brew,46,4.75,218.5,Coffee,0.95,43.699999999999996,174.8,7
2025-07-05,Downtown,Croissant,35,3.25,113.75,Bakery,1.3,45.5,68.25,7
2025-07-05,Downtown,Espresso,38,3.0,114.0,Coffee,0.55,20.900000000000002,93.1,7
2025-07-05,Downtown,Latte,62,4.5,279.0,Coffee,1.1,68.2,210.8,7
2025-07-05,Harbor Kiosk,Blueberry Muffin,23,2.95,67.85,Bakery,1.1,25.3,42.55,7
2025-07-05,Harbor Kiosk,Cappuccino,26,4.25,110.5,Coffee,1.0,26.0,84.5,7
2025-07-05,Harbor Kiosk,Cold Brew,32,4.75,152.0,Coffee,0.95,30.4,121.6,7
2025-07-05,Harbor Kiosk,Croissant,23,3.25,74.75,Bakery,1.3,29.900000000000002,44.849999999999994,7
2025-07-05,Harbor Kiosk,Espresso,21,3.0,63.0,Coffee,0.55,11.55,51.45,7
2025-07-05,Harbor Kiosk,Latte,43,4.5,193.5,Coffee,1.1,47.300000000000004,146.2,7
2025-07-05,Riverside,Blueberry Muffin,21,2.95,61.95,Bakery,1.1,23.1,38.85,7
2025-07-05,Riverside,Cappuccino,23,4.25,97.75,Coffee,1.0,23.0,74.75,7
2025-07-05,Riverside,Cold Brew,26,4.75,123.5,Coffee,0.95,24.7,98.8,7
2025-07-05,Riverside,Croissant,24,3.25,78.0,Bakery,1.3,31.200000000000003,46.8,7
2025-07-05,Riverside,Espresso,22,3.0,66.0,Coffee,0.55,12.100000000000001,53.9,7
2025-07-05,Riverside,Latte,34,4.5,153.0,Coffee,1.1,37.400000000000006,115.6,7
2025-07-05,University,Blueberry Muffin,12,2.95,35.4,Bakery,1.1,13.200000000000001,22.199999999999996,7
2025-07-05,University,Cappuccino,14,4.25,59.5,Coffee,1.0,14.0,45.5,7
2025-07-05,University,Cold Brew,19,4.75,90.25,Coffee,0.95,18.05,72.2,7
2025-07-05,University,Croissant,10,3.25,32.5,Bakery,1.3,13.0,19.5,7
2025-07-05,University,Espresso,12,3.0,36.0,Coffee,0.55,6.6000000000000005,29.4,7
2025-07-05,University,Latte,18,4.5,81.0,Coffee,1.1,19.8,61.2,7
2025-07-06,Downtown,Blueberry Muffin,31,2.95,91.45,Bakery,1.1,34.1,57.35,7
2025-07-06,Downtown,Cappuccino,36,4.25,153.0,Coffee,1.0,36.0,117.0,7
2025-07-06,Downtown,Cold Brew,46,4.75,218.5,Coffee,0.95,43.699999999999996,174.8,7
2025-07-06,Downtown,Croissant,38,3.25,123.5,Bakery,1.3,49.4,74.1,7
2025-07-06,Downtown,Espresso,37,3.0,111.0,Coffee,0.55,20.35,90.65,7
2025-07-06,Downtown,Latte,61,4.5,274.5,Coffee,1.1,67.10000000000001,207.39999999999998,7
2025-07-06,Harbor Kiosk,Blueberry Muffin,21,2.95,61.95,Bakery,1.1,23.1,38.85,7
2025-07-06,Harbor Kiosk,Cappuccino,30,4.25,127.5,Coffee,1.0,30.0,97.5,7
2025-07-06,Harbor Kiosk,Cold Brew,30,4.75,142.5,Coffee,0.95,28.5,114.0,7
2025-07-06,Harbor Kiosk,Croissant,34,3.25,110.5,Bakery,1.3,44.2,66.3,7
2025-07-06,Harbor Kiosk,Espresso,15,3.0,45.0,Coffee,0.55,8.25,36.75,7
2025-07-06,Harbor Kiosk,Latte,37,4.5,166.5,Coffee,1.1,40.7,125.8,7
2025-07-06,Riverside,Blueberry Muffin,17,2.95,50.15,Bakery,1.1,18.700000000000003,31.449999999999996,7
2025-07-06,Riverside,Cappuccino,25,4.25,106.25,Coffee,1.0,25.0,81.25,7
2025-07-06,Riverside,Cold Brew,23,4.75,109.25,Coffee,0.95,21.849999999999998,87.4,7
2025-07-06,Riverside,Croissant,24,3.25,78.0,Bakery,1.3,31.200000000000003,46.8,7
2025-07-06,Riverside,Espresso,21,3.0,63.0,Coffee,0.55,11.55,51.45,7
2025-07-06,Riverside,Latte,32,4.5,144.0,Coffee,1.1,35.2,108.8,7
2025-07-06,University,Blueberry Muffin,13,2.95,38.35,Bakery,1.1,14.3,24.05,7
2025-07-06,University,Cappuccino,14,4.25,59.5,Coffee,1.0,14.0,45.5,7
2025-07-06,University,Cold Brew,17,4.75,80.75,Coffee,0.95,16.15,64.6,7
2025-07-06,University,Croissant,11,3.25,35.75,Bakery,1.3,14.3,21.45,7
2025-07-06,University,Espresso,13,3.0,39.0,Coffee,0.55,7.15,31.85,7
2025-07-06,University,Latte,19,4.5,85.5,Coffee,1.1,20.900000000000002,64.6,7
2025-07-07,Downtown,Blueberry Muffin,20,2.95,59.0,Bakery,1.1,22.0,37.0,7
2025-07-07,Downtown,Cappuccino,28,4.25,119.0,Coffee,1.0,28.0,91.0,7
2025-07-07,Downtown,Cold Brew,40,4.75,190.0,Coffee,0.95,38.0,152.0,7
2025-07-07,Downtown,Croissant,27,3.25,87.75,Bakery,1.3,35.1,52.65,7
2025-07-07,Downtown,Espresso,26,3.0,78.0,Coffee,0.55,14.3,63.7,7
2025-07-07,Downtown,Latte,44,4.5,198.0,Coffee,1.1,48.400000000000006,149.6,7
2025-07-07,Harbor Kiosk,Blueberry Muffin,11,2.95,32.45,Bakery,1.1,12.100000000000001,20.35,7
2025-07-07,Harbor Kiosk,Cappuccino,18,4.25,76.5,Coffee,1.0,18.0,58.5,7
2025-07-07,Harbor Kiosk,Cold Brew,28,4.75,133.0,Coffee,0.95,26.599999999999998,106.4,7
2025-07-07,Harbor Kiosk,Croissant,10,3.25,32.5,Bakery,1.3,13.0,19.5,7
2025-07-07,Harbor Kiosk,Espresso,12,3.0,36.0,Coffee,0.55,6.6000000000000005,29.4,7
2025-07-07,Harbor Kiosk,Latte,23,4.5,103.5,Coffee,1.1,25.3,78.2,7
2025-07-07,Riverside,Blueberry Muffin,18,2.95,53.1,Bakery,1.1,19.8,33.3,7
2025-07-07,Riverside,Cappuccino,18,4.25,76.5,Coffee,1.0,18.0,58.5,7
2025-07-07,Riverside,Cold Brew,24,4.75,114.0,Coffee,0.95,22.799999999999997,91.2,7
2025-07-07,Riverside,Croissant,17,3.25,55.25,Bakery,1.3,22.1,33.15,7
2025-07-07,Riverside,Espresso,17,3.0,51.0,Coffee,0.55,9.350000000000001,41.65,7
2025-07-07,Riverside,Latte,26,4.5,117.0,Coffee,1.1,28.6,88.4,7
2025-07-07,University,Blueberry Muffin,19,2.95,56.05,Bakery,1.1,20.900000000000002,35.14999999999999,7
2025-07-07,University,Cappuccino,21,4.25,89.25,Coffee,1.0,21.0,68.25,7
2025-07-07,University,Cold Brew,21,4.75,99.75,Coffee,0.95,19.95,79.8,7
2025-07-07,University,Croissant,21,3.25,68.25,Bakery,1.3,27.3,40.95,7
2025-07-07,University,Espresso,20,3.0,60.0,Coffee,0.55,11.0,49.0,7
2025-07-07,University,Latte,31,4.5,139.5,Coffee,1.1,34.1,105.4,7
2025-07-08,Downtown,Blueberry Muffin,19,2.95,56.05,Bakery,1.1,20.900000000000002,35.14999999999999,7
2025-07-08,Downtown,Cappuccino,31,4.25,131.75,Coffee,1.0,31.0,100.75,7
2025-07-08,Downtown,Cold Brew,22,4.75,104.5,Coffee,0.95,20.9,83.6,7
2025-07-08,Downtown,Croissant,27,3.25,87.75,Bakery,1.3,35.1,52.65,7
2025-07-08,Downtown,Espresso,25,3.0,75.0,Coffee,0.55,13.750000000000002,61.25,7
2025-07-08,Downtown,Latte,44,4.5,198.0,Coffee,1.1,48.400000000000006,149.6,7
2025-07-08,Harbor Kiosk,Blueberry Muffin,9,2.95,26.55,Bakery,1.1,9.9,16.65,7
2025-07-08,Harbor Kiosk,Cappuccino,17,4.25,72.25,Coffee,1.0,17.0,55.25,7
2025-07-08,Harbor Kiosk,Cold Brew,18,4.75,85.5,Coffee,0.95,17.099999999999998,68.4,7
2025-07-08,Harbor Kiosk,Croissant,7,3.25,22.75,Bakery,1.3,9.1,13.65,7
2025-07-08,Harbor Kiosk,Espresso,7,3.0,21.0,Coffee,0.55,3.8500000000000005,17.15,7
2025-07-08,Harbor Kiosk,Latte,20,4.5,90.0,Coffee,1.1,22.0,68.0,7
2025-07-08,Riverside,Blueberry Muffin,15,2.95,44.25,Bakery,1.1,16.5,27.75,7
2025-07-08,Riverside,Cappuccino,19,4.25,80.75,Coffee,1.0,19.0,61.75,7
2025-07-08,Riverside,Cold Brew,18,4.75,85.5,Coffee,0.95,17.099999999999998,68.4,7
2025-07-08,Riverside,Croissant,21,3.25,68.25,Bakery,1.3,27.3,40.95,7
2025-07-08,Riverside,Espresso,18,3.0,54.0,Coffee,0.55,9.9,44.1,7
2025-07-08,Riverside,Latte,30,4.5,135.0,Coffee,1.1,33.0,102.0,7
2025-07-08,University,Blueberry Muffin,13,2.95,38.35,Bakery,1.1,14.3,24.05,7
2025-07-08,University,Cappuccino,20,4.25,85.0,Coffee,1.0,20.0,65.0,7
2025-07-08,University,Cold Brew,18,4.75,85.5,Coffee,0.95,17.099999999999998,68.4,7
2025-07-08,University,Croissant,21,3.25,68.25,Bakery,1.3,27.3,40.95,7
2025-07-08,University,Espresso,19,3.0,57.0,Coffee,0.55,10.450000000000001,46.55,7
2025-07-08,University,Latte,31,4.5,139.5,Coffee,1.1,34.1,105.4,7
2025-07-09,Downtown,Blueberry Muffin,23,2.95,67.85,Bakery,1.1,25.3,42.55,7
2025-07-09,Downtown,Cappuccino,35,4.25,148.75,Coffee,1.0,35.0,113.75,7
2025-07-09,Downtown,Cold Brew,32,4.75,152.0,Coffee,0.95,30.4,121.6,7
2025-07-09,Downtown,Croissant,33,3.25,107.25,Bakery,1.3,42.9,64.35,7
2025-07-09,Downtown,Espresso,32,3.0,96.0,Coffee,0.55,17.6,78.4,7
2025-07-09,Downtown,Latte,49,4.5,220.5,Coffee,1.1,53.900000000000006,166.6,7
2025-07-09,Harbor Kiosk,Blueberry Muffin,12,2.95,35.4,Bakery,1.1,13.200000000000001,22.199999999999996,7
2025-07-09,Harbor Kiosk,Cappuccino,15,4.25,63.75,Coffee,1.0,15.0,48.75,7
2025-07-09,Harbor Kiosk,Cold Brew,19,4.75,90.25,Coffee,0.95,18.05,72.2,7
2025-07-09,Harbor Kiosk,Croissant,12,3.25,39.0,Bakery,1.3,15.600000000000001,23.4,7
2025-07-09,Harbor Kiosk,Espresso,10,3.0,30.0,Coffee,0.55,5.5,24.5,7
2025-07-09,Harbor Kiosk,Latte,13,4.5,58.5,Coffee,1.1,14.3,44.2,7
2025-07-09,Riverside,Blueberry Muffin,16,2.95,47.2,Bakery,1.1,17.6,29.6,7
2025-07-09,Riverside,Cappuccino,21,4.25,89.25,Coffee,1.0,21.0,68.25,7
2025-07-09,Riverside,Cold Brew,24,4.75,114.0,Coffee,0.95,22.799999999999997,91.2,7
2025-07-09,Riverside,Croissant,17,3.25,55.25,Bakery,1.3,22.1,33.15,7
2025-07-09,Riverside,Espresso,19,3.0,57.0,Coffee,0.55,10.450000000000001,46.55,7
2025-07-09,Riverside,Latte,31,4.5,139.5,Coffee,1.1,34.1,105.4,7
2025-07-09,University,Blueberry Muffin,15,2.95,44.25,Bakery,1.1,16.5,27.75,7
2025-07-09,University,Cappuccino,21,4.25,89.25,Coffee,1.0,21.0,68.25,7
2025-07-09,University,Cold Brew,25,4.75,118.75,Coffee,0.95,23.75,95.0,7
2025-07-09,University,Croissant,18,3.25,58.5,Bakery,1.3,23.400000000000002,35.099999999999994,7
2025-07-09,University,Espresso,16,3.0,48.0,Coffee,0.55,8.8,39.2,7
2025-07-09,University,Latte,30,4.5,135.0,Coffee,1.1,33.0,102.0,7
2025-07-10,Downtown,Blueberry Muffin,21,2.95,61.95,Bakery,1.1,23.1,38.85,7
2025-07-10,Downtown,Cappuccino,31,4.25,131.75,Coffee,1.0,31.0,100.75,7
2025-07-10,Downtown,Cold Brew,59,4.75,280.25,Coffee,0.95,56.05,224.2,7
2025-07-10,Downtown,Croissant,32,3.25,104.0,Bakery,1.3,41.6,62.4,7
2025-07-10,Downtown,Espresso,27,3.0,81.0,Coffee,0.55,14.850000000000001,66.15,7
2025-07-10,Downtown,Latte,44,4.5,198.0,Coffee,1.1,48.400000000000006,149.6,7
2025-07-10,Harbor Kiosk,Blueberry Muffin,12,2.95,35.4,Bakery,1.1,13.200000000000001,22.199999999999996,7
2025-07-10,Harbor Kiosk,Cappuccino,23,4.25,97.75,Coffee,1.0,23.0,74.75,7
2025-07-10,Harbor Kiosk,Cold Brew,28,4.75,133.0,Coffee,0.95,26.599999999999998,106.4,7
2025-07-10,Harbor Kiosk,Croissant,19,3.25,61.75,Bakery,1.3,24.7,37.05,7
2025-07-10,Harbor Kiosk,Espresso,12,3.0,36.0,Coffee,0.55,6.6000000000000005,29.4,7
2025-07-10,Harbor Kiosk,Latte,33,4.5,148.5,Coffee,1.1,36.300000000000004,112.19999999999999,7
2025-07-10,Riverside,Blueberry Muffin,16,2.95,47.2,Bakery,1.1,17.6,29.6,7
2025-07-10,Riverside,Cappuccino,18,4.25,76.5,Coffee,1.0,18.0,58.5,7
2025-07-10,Riverside,Cold Brew,29,4.75,137.75,Coffee,0.95,27.549999999999997,110.2,7
2025-07-10,Riverside,Croissant,17,3.25,55.25,Bakery,1.3,22.1,33.15,7
2025-07-10,Riverside,Espresso,17,3.0,51.0,Coffee,0.55,9.350000000000001,41.65,7
2025-07-10,Riverside,Latte,28,4.5,126.0,Coffee,1.1,30.800000000000004,95.19999999999999,7
2025-07-10,University,Blueberry Muffin,14,2.95,41.3,Bakery,1.1,15.400000000000002,25.899999999999995,7
2025-07-10,University,Cappuccino,18,4.25,76.5,Coffee,1.0,18.0,58.5,7
2025-07-10,University,Cold Brew,22,4.75,104.5,Coffee,0.95,20.9,83.6,7
2025-07-10,University,Croissant,15,3.25,48.75,Bakery,1.3,19.5,29.25,7
2025-07-10,University,Espresso,16,3.0,48.0,Coffee,0.55,8.8,39.2,7
2025-07-10,University,Latte,24,4.5,108.0,Coffee,1.1,26.400000000000002,81.6,7
2025-07-11,Downtown,Blueberry Muffin,25,2.95,73.75,Bakery,1.1,27.500000000000004,46.25,7
2025-07-11,Downtown,Cappuccino,33,4.25,140.25,Coffee,1.0,33.0,107.25,7
2025-07-11,Downtown,Cold Brew,35,4.75,166.25,Coffee,0.95,33.25,133.0,7
2025-07-11,Downtown,Croissant,34,3.25,110.5,Bakery,1.3,44.2,66.3,7
2025-07-11,Downtown,Espresso,33,3.0,99.0,Coffee,0.55,18.150000000000002,80.85,7
2025-07-11,Downtown,Latte,50,4.5,225.0,Coffee,1.1,55.00000000000001,170.0,7
2025-07-11,Harbor Kiosk,Blueberry Muffin,13,2.95,38.35,Bakery,1.1,14.3,24.05,7
2025-07-11,Harbor Kiosk,Cappuccino,14,4.25,59.5,Coffee,1.0,14.0,45.5,7
2025-07-11,Harbor Kiosk,Cold Brew,27,4.75,128.25,Coffee,0.95,25.65,102.6,7
2025-07-11,Harbor Kiosk,Croissant,13,3.25,42.25,Bakery,1.3,16.900000000000002,25.349999999999998,7
2025-07-11,Harbor Kiosk,Espresso,16,3.0,48.0,Coffee,0.55,8.8,39.2,7
2025-07-11,Harbor Kiosk,Latte,20,4.5,90.0,Coffee,1.1,22.0,68.0,7
2025-07-11,Riverside,Blueberry Muffin,17,2.95,50.15,Bakery,1.1,18.700000000000003,31.449999999999996,7
2025-07-11,Riverside,Cappuccino,24,4.25,102.0,Coffee,1.0,24.0,78.0,7
2025-07-11,Riverside,Cold Brew,23,4.75,109.25,Coffee,0.95,21.849999999999998,87.4,7
2025-07-11,Riverside,Croissant,25,3.25,81.25,Bakery,1.3,32.5,48.75,7
2025-07-11,Riverside,Espresso,22,3.0,66.0,Coffee,0.55,12.100000000000001,53.9,7
2025-07-11,Riverside,Latte,32,4.5,144.0,Coffee,1.1,35.2,108.8,7
2025-07-11,University,Blueberry Muffin,14,2.95,41.3,Bakery,1.1,15.400000000000002,25.899999999999995,7
2025-07-11,University,Cappuccino,21,4.25,89.25,Coffee,1.0,21.0,68.25,7
2025-07-11,University,Cold Brew,24,4.75,114.0,Coffee,0.95,22.799999999999997,91.2,7
2025-07-11,University,Croissant,17,3.25,55.25,Bakery,1.3,22.1,33.15,7
2025-07-11,University,Espresso,16,3.0,48.0,Coffee,0.55,8.8,39.2,7
2025-07-11,University,Latte,31,4.5,139.5,Coffee,1.1,34.1,105.4,7
2025-07-12,Downtown,Blueberry Muffin,36,2.95,106.2,Bakery,1.1,39.6,66.6,7
2025-07-12,Downtown,Cappuccino,40,4.25,170.0,Coffee,1.0,40.0,130.0,7
2025-07-12,Downtown,Cold Brew,58,4.75,275.5,Coffee,0.95,55.099999999999994,220.4,7
2025-07-12,Downtown,Croissant,48,3.25,156.0,Bakery,1.3,62.400000000000006,93.6,7
2025-07-12,Downtown,Espresso,45,3.0,135.0,Coffee,0.55,24.750000000000004,110.25,7
2025-07-12,Downtown,Latte,68,4.5,306.0,Coffee,1.1,74.80000000000001,231.2,7
2025-07-12,Harbor Kiosk,Blueberry Muffin,20,2.95,59.0,Bakery,1.1,22.0,37.0,7
2025-07-12,Harbor Kiosk,Cappuccino,21,4.25,89.25,Coffee,1.0,21.0,68.25,7
2025-07-12,Harbor Kiosk,Cold Brew,46,4.75,218.5,Coffee,0.95,43.699999999999996,174.8,7
2025-07-12,Harbor Kiosk,Croissant,19,3.25,61.75,Bakery,1.3,24.7,37.05,7
2025-07-12,Harbor Kiosk,Espresso,19,3.0,57.0,Coffee,0.55,10.450000000000001,46.55,7
2025-07-12,Harbor Kiosk,Latte,37,4.5,166.5,Coffee,1.1,40.7,125.8,7
2025-07-12,Riverside,Blueberry Muffin,17,2.95,50.15,Bakery,1.1,18.700000000000003,31.449999999999996,7
2025-07-12,Riverside,Cappuccino,23,4.25,97.75,Coffee,1.0,23.0,74.75,7
2025-07-12,Riverside,Cold Brew,35,4.75,166.25,Coffee,0.95,33.25,133.0,7
2025-07-12,Riverside,Croissant,27,3.25,87.75,Bakery,1.3,35.1,52.65,7
2025-07-12,Riverside,Espresso,20,3.0,60.0,Coffee,0.55,11.0,49.0,7
2025-07-12,Riverside,Latte,34,4.5,153.0,Coffee,1.1,37.400000000000006,115.6,7
2025-07-12,University,Blueberry Muffin,11,2.95,32.45,Bakery,1.1,12.100000000000001,20.35,7
2025-07-12,University,Cappuccino,13,4.25,55.25,Coffee,1.0,13.0,42.25,7
2025-07-12,University,Cold Brew,17,4.75,80.75,Coffee,0.95,16.15,64.6,7
2025-07-12,University,Croissant,13,3.25,42.25,Bakery,1.3,16.900000000000002,25.349999999999998,7
2025-07-12,University,Espresso,11,3.0,33.0,Coffee,0.55,6.050000000000001,26.95,7
2025-07-12,University,Latte,17,4.5,76.5,Coffee,1.1,18.700000000000003,57.8,7
2025-07-13,Downtown,Blueberry Muffin,34,2.95,100.3,Bakery,1.1,37.400000000000006,62.89999999999999,7
2025-07-13,Downtown,Cappuccino,45,4.25,191.25,Coffee,1.0,45.0,146.25,7
2025-07-13,Downtown,Cold Brew,35,4.75,166.25,Coffee,0.95,33.25,133.0,7
2025-07-13,Downtown,Croissant,41,3.25,133.25,Bakery,1.3,53.300000000000004,79.94999999999999,7
2025-07-13,Downtown,Espresso,36,3.0,108.0,Coffee,0.55,19.8,88.2,7
2025-07-13,Downtown,Latte,62,4.5,279.0,Coffee,1.1,68.2,210.8,7
2025-07-13,Harbor Kiosk,Blueberry Muffin,14,2.95,41.3,Bakery,1.1,15.400000000000002,25.899999999999995,7
2025-07-13,Harbor Kiosk,Cappuccino,20,4.25,85.0,Coffee,1.0,20.0,65.0,7
2025-07-13,Harbor Kiosk,Cold Brew,30,4.75,142.5,Coffee,0.95,28.5,114.0,7
2025-07-13,Harbor Kiosk,Croissant,28,3.25,91.0,Bakery,1.3,36.4,54.6,7
2025-07-13,Harbor Kiosk,Espresso,31,3.0,93.0,Coffee,0.55,17.05,75.95,7
2025-07-13,Harbor Kiosk,Latte,37,4.5,166.5,Coffee,1.1,40.7,125.8,7
2025-07-13,Riverside,Blueberry Muffin,23,2.95,67.85,Bakery,1.1,25.3,42.55,7
2025-07-13,Riverside,Cappuccino,28,4.25,119.0,Coffee,1.0,28.0,91.0,7
2025-07-13,Riverside,Cold Brew,21,4.75,99.75,Coffee,0.95,19.95,79.8,7
2025-07-13,Riverside,Croissant,26,3.25,84.5,Bakery,1.3,33.800000000000004,50.699999999999996,7
2025-07-13,Riverside,Espresso,24,3.0,72.0,Coffee,0.55,13.200000000000001,58.8,7
2025-07-13,Riverside,Latte,40,4.5,180.0,Coffee,1.1,44.0,136.0,7
2025-07-13,University,Blueberry Muffin,12,2.95,35.4,Bakery,1.1,13.200000000000001,22.199999999999996,7
2025-07-13,University,Cappuccino,13,4.25,55.25,Coffee,1.0,13.0,42.25,7
2025-07-13,University,Cold Brew,16,4.75,76.0,Coffee,0.95,15.2,60.8,7
2025-07-13,University,Croissant,14,3.25,45.5,Bakery,1.3,18.2,27.3,7
2025-07-13,University,Espresso,15,3.0,45.0,Coffee,0.55,8.25,36.75,7
2025-07-13,University,Latte,19,4.5,85.5,Coffee,1.1,20.900000000000002,64.6,7
2025-07-14,Downtown,Blueberry Muffin,28,2.95,82.6,Bakery,1.1,30.800000000000004,51.79999999999999,7
2025-07-14,Downtown,Cappuccino,36,4.25,153.0,Coffee,1.0,36.0,117.0,7
2025-07-14,Downtown,Cold Brew,41,4.75,194.75,Coffee,0.95,38.949999999999996,155.8,7
2025-07-14,Downtown,Croissant,36,3.25,117.0,Bakery,1.3,46.800000000000004,70.19999999999999,7
2025-07-14,Downtown,Espresso,29,3.0,87.0,Coffee,0.55,15.950000000000001,71.05,7
2025-07-14,Downtown,Latte,54,4.5,243.0,Coffee,1.1,59.400000000000006,183.6,7
2025-07-14,Harbor Kiosk,Blueberry Muffin,8,2.95,23.6,Bakery,1.1,8.8,14.8,7
2025-07-14,Harbor Kiosk,Cappuccino,16,4.25,68.0,Coffee,1.0,16.0,52.0,7
2025-07-14,Harbor Kiosk,Cold Brew,25,4.75,118.75,Coffee,0.95,23.75,95.0,7
2025-07-14,Harbor Kiosk,Croissant,9,3.25,29.25,Bakery,1.3,11.700000000000001,17.549999999999997,7
2025-07-14,Harbor Kiosk,Espresso,9,3.0,27.0,Coffee,0.55,4.95,22.05,7
2025-07-14,Harbor Kiosk,Latte,23,4.5,103.5,Coffee,1.1,25.3,78.2,7
2025-07-14,Riverside,Blueberry Muffin,13,2.95,38.35,Bakery,1.1,14.3,24.05,7
2025-07-14,Riverside,Cappuccino,19,4.25,80.75,Coffee,1.0,19.0,61.75,7
2025-07-14,Riverside,Cold Brew,19,4.75,90.25,Coffee,0.95,18.05,72.2,7
2025-07-14,Riverside,Croissant,17,3.25,55.25,Bakery,1.3,22.1,33.15,7
2025-07-14,Riverside,Espresso,18,3.0,54.0,Coffee,0.55,9.9,44.1,7
2025-07-14,Riverside,Latte,28,4.5,126.0,Coffee,1.1,30.800000000000004,95.19999999999999,7
2025-07-14,University,Blueberry Muffin,11,2.95,32.45,Bakery,1.1,12.100000000000001,20.35,7
2025-07-14,University,Cappuccino,19,4.25,80.75,Coffee,1.0,19.0,61.75,7
2025-07-14,University,Cold Brew,21,4.75,99.75,Coffee,0.95,19.95,79.8,7
2025-07-14,University,Croissant,17,3.25,55.25,Bakery,1.3,22.1,33.15,7
2025-07-14,University,Espresso,17,3.0,51.0,Coffee,0.55,9.350000000000001,41.65,7
2025-07-14,University,Latte,26,4.5,117.0,Coffee,1.1,28.6,88.4,7
2025-07-15,Downtown,Blueberry Muffin,21,2.95,61.95,Bakery,1.1,23.1,38.85,7
2025-07-15,Downtown,Cappuccino,33,4.25,140.25,Coffee,1.0,33.0,107.25,7
2025-07-15,Downtown,Cold Brew,37,4.75,175.75,Coffee,0.95,35.15,140.6,7
2025-07-15,Downtown,Croissant,31,3.25,100.75,Bakery,1.3,40.300000000000004,60.449999999999996,7
2025-07-15,Downtown,Espresso,26,3.0,78.0,Coffee,0.55,14.3,63.7,7
2025-07-15,Downtown,Latte,52,4.5,234.0,Coffee,1.1,57.2,176.8,7
2025-07-15,Harbor Kiosk,Blueberry Muffin,13,2.95,38.35,Bakery,1.1,14.3,24.05,7
2025-07-15,Harbor Kiosk,Cappuccino,12,4.25,51.0,Coffee,1.0,12.0,39.0,7
2025-07-15,Harbor Kiosk,Cold Brew,24,4.75,114.0,Coffee,0.95,22.799999999999997,91.2,7
2025-07-15,Harbor Kiosk,Croissant,16,3.25,52.0,Bakery,1.3,20.8,31.2,7
2025-07-15,Harbor Kiosk,Espresso,9,3.0,27.0,Coffee,0.55,4.95,22.05,7
2025-07-15,Harbor Kiosk,Latte,18,4.5,81.0,Coffee,1.1,19.8,61.2,7
2025-07-15,Riverside,Blueberry Muffin,16,2.95,47.2,Bakery,1.1,17.6,29.6,7
2025-07-15,Riverside,Cappuccino,20,4.25,85.0,Coffee,1.0,20.0,65.0,7
2025-07-15,Riverside,Cold Brew,24,4.75,114.0,Coffee,0.95,22.799999999999997,91.2,7
2025-07-15,Riverside,Croissant,19,3.25,61.75,Bakery,1.3,24.7,37.05,7
2025-07-15,Riverside,Espresso,19,3.0,57.0,Coffee,0.55,10.450000000000001,46.55,7
2025-07-15,Riverside,Latte,28,4.5,126.0,Coffee,1.1,30.800000000000004,95.19999999999999,7
2025-07-15,University,Blueberry Muffin,18,2.95,53.1,Bakery,1.1,19.8,33.3,7
2025-07-15,University,Cappuccino,26,4.25,110.5,Coffee,1.0,26.0,84.5,7
2025-07-15,University,Cold Brew,26,4.75,123.5,Coffee,0.95,24.7,98.8,7
2025-07-15,University,Croissant,23,3.25,74.75,Bakery,1.3,29.900000000000002,44.849999999999994,7
2025-07-15,University,Espresso,22,3.0,66.0,Coffee,0.55,12.100000000000001,53.9,7
2025-07-15,University,Latte,32,4.5,144.0,Coffee,1.1,35.2,108.8,7
2025-07-16,Downtown,Blueberry Muffin,22,2.95,64.9,Bakery,1.1,24.200000000000003,40.7,7
2025-07-16,Downtown,Cappuccino,34,4.25,144.5,Coffee,1.0,34.0,110.5,7
2025-07-16,Downtown,Cold Brew,34,4.75,161.5,Coffee,0.95,32.3,129.2,7
2025-07-16,Downtown,Croissant,32,3.25,104.0,Bakery,1.3,41.6,62.4,7
2025-07-16,Downtown,Espresso,30,3.0,90.0,Coffee,0.55,16.5,73.5,7
2025-07-16,Downtown,Latte,44,4.5,198.0,Coffee,1.1,48.400000000000006,149.6,7
2025-07-16,Harbor Kiosk,Blueberry Muffin,15,2.95,44.25,Bakery,1.1,16.5,27.75,7
2025-07-16,Harbor Kiosk,Cappuccino,10,4.25,42.5,Coffee,1.0,10.0,32.5,7
2025-07-16,Harbor Kiosk,Cold Brew,23,4.75,109.25,Coffee,0.95,21.849999999999998,87.4,7
2025-07-16,Harbor Kiosk,Croissant,11,3.25,35.75,Bakery,1.3,14.3,21.45,7
2025-07-16,Harbor Kiosk,Espresso,13,3.0,39.0,Coffee,0.55,7.15,31.85,7
2025-07-16,Harbor Kiosk,Latte,25,4.5,112.5,Coffee,1.1,27.500000000000004,85.0,7
2025-07-16,Riverside,Blueberry Muffin,14,2.95,41.3,Bakery,1.1,15.400000000000002,25.899999999999995,7
2025-07-16,Riverside,Cappuccino,16,4.25,68.0,Coffee,1.0,16.0,52.0,7
2025-07-16,Riverside,Cold Brew,21,4.75,99.75,Coffee,0.95,19.95,79.8,7
2025-07-16,Riverside,Croissant,17,3.25,55.25,Bakery,1.3,22.1,33.15,7
2025-07-16,Riverside,Espresso,16,3.0,48.0,Coffee,0.55,8.8,39.2,7
2025-07-16,Riverside,Latte,23,4.5,103.5,Coffee,1.1,25.3,78.2,7
2025-07-16,University,Blueberry Muffin,18,2.95,53.1,Bakery,1.1,19.8,33.3,7
2025-07-16,University,Cappuccino,22,4.25,93.5,Coffee,1.0,22.0,71.5,7
2025-07-16,University,Cold Brew,25,4.75,118.75,Coffee,0.95,23.75,95.0,7
2025-07-16,University,Croissant,23,3.25,74.75,Bakery,1.3,29.900000000000002,44.849999999999994,7
2025-07-16,University,Espresso,25,3.0,75.0,Coffee,0.55,13.750000000000002,61.25,7
2025-07-16,University,Latte,31,4.5,139.5,Coffee,1.1,34.1,105.4,7
2025-07-17,Downtown,Blueberry Muffin,24,2.95,70.8,Bakery,1.1,26.400000000000002,44.39999999999999,7
2025-07-17,Downtown,Cappuccino,33,4.25,140.25,Coffee,1.0,33.0,107.25,7
2025-07-17,Downtown,Cold Brew,42,4.75,199.5,Coffee,0.95,39.9,159.6,7
2025-07-17,Downtown,Croissant,35,3.25,113.75,Bakery,1.3,45.5,68.25,7
2025-07-17,Downtown,Espresso,28,3.0,84.0,Coffee,0.55,15.400000000000002,68.6,7
2025-07-17,Downtown,Latte,48,4.5,216.0,Coffee,1.1,52.800000000000004,163.2,7
2025-07-17,Harbor Kiosk,Blueberry Muffin,14,2.95,41.3,Bakery,1.1,15.400000000000002,25.899999999999995,7
2025-07-17,Harbor Kiosk,Cappuccino,18,4.25,76.5,Coffee,1.0,18.0,58.5,7
2025-07-17,Harbor Kiosk,Cold Brew,28,4.75,133.0,Coffee,0.95,26.599999999999998,106.4,7
2025-07-17,Harbor Kiosk,Croissant,9,3.25,29.25,Bakery,1.3,11.700000000000001,17.549999999999997,7
2025-07-17,Harbor Kiosk,Espresso,20,3.0,60.0,Coffee,0.55,11.0,49.0,7
2025-07-17,Harbor Kiosk,Latte,23,4.5,103.5,Coffee,1.1,25.3,78.2,7
2025-07-17,Riverside,Blueberry Muffin,16,2.95,47.2,Bakery,1.1,17.6,29.6,7
2025-07-17,Riverside,Cappuccino,19,4.25,80.75,Coffee,1.0,19.0,61.75,7
2025-07-17,Riverside,Cold Brew,21,4.75,99.75,Coffee,0.95,19.95,79.8,7
2025-07-17,Riverside,Croissant,19,3.25,61.75,Bakery,1.3,24.7,37.05,7
2025-07-17,Riverside,Espresso,16,3.0,48.0,Coffee,0.55,8.8,39.2,7
2025-07-17,Riverside,Latte,29,4.5,130.5,Coffee,1.1,31.900000000000002,98.6,7
2025-07-17,University,Blueberry Muffin,15,2.95,44.25,Bakery,1.1,16.5,27.75,7
2025-07-17,University,Cappuccino,22,4.25,93.5,Coffee,1.0,22.0,71.5,7
2025-07-17,University,Cold Brew,29,4.75,137.75,Coffee,0.95,27.549999999999997,110.2,7
2025-07-17,University,Croissant,21,3.25,68.25,Bakery,1.3,27.3,40.95,7
2025-07-17,University,Espresso,18,3.0,54.0,Coffee,0.55,9.9,44.1,7
2025-07-17,University,Latte,27,4.5,121.5,Coffee,1.1,29.700000000000003,91.8,7
2025-07-18,Downtown,Blueberry Muffin,23,2.95,67.85,Bakery,1.1,25.3,42.55,7
2025-07-18,Downtown,Cappuccino,34,4.25,144.5,Coffee,1.0,34.0,110.5,7
2025-07-18,Downtown,Cold Brew,40,4.75,190.0,Coffee,0.95,38.0,152.0,7
2025-07-18,Downtown,Croissant,35,3.25,113.75,Bakery,1.3,45.5,68.25,7
2025-07-18,Downtown,Espresso,32,3.0,96.0,Coffee,0.55,17.6,78.4,7
2025-07-18,Downtown,Latte,53,4.5,238.5,Coffee,1.1,58.300000000000004,180.2,7
2025-07-18,Harbor Kiosk,Blueberry Muffin,11,2.95,32.45,Bakery,1.1,12.100000000000001,20.35,7
2025-07-18,Harbor Kiosk,Cappuccino,17,4.25,72.25,Coffee,1.0,17.0,55.25,7
2025-07-18,Harbor Kiosk,Cold Brew,29,4.75,137.75,Coffee,0.95,27.549999999999997,110.2,7
2025-07-18,Harbor Kiosk,Croissant,8,3.25,26.0,Bakery,1.3,10.4,15.6,7
2025-07-18,Harbor Kiosk,Espresso,11,3.0,33.0,Coffee,0.55,6.050000000000001,26.95,7
2025-07-18,Harbor Kiosk,Latte,22,4.5,99.0,Coffee,1.1,24.200000000000003,74.8,7
2025-07-18,Riverside,Blueberry Muffin,13,2.95,38.35,Bakery,1.1,14.3,24.05,7
2025-07-18,Riverside,Cappuccino,15,4.25,63.75,Coffee,1.0,15.0,48.75,7
2025-07-18,Riverside,Cold Brew,25,4.75,118.75,Coffee,0.95,23.75,95.0,7
2025-07-18,Riverside,Croissant,16,3.25,52.0,Bakery,1.3,20.8,31.2,7
2025-07-18,Riverside,Espresso,14,3.0,42.0,Coffee,0.55,7.700000000000001,34.3,7
2025-07-18,Riverside,Latte,23,4.5,103.5,Coffee,1.1,25.3,78.2,7
2025-07-18,University,Blueberry Muffin,15,2.95,44.25,Bakery,1.1,16.5,27.75,7
2025-07-18,University,Cappuccino,21,4.25,89.25,Coffee,1.0,21.0,68.25,7
2025-07-18,University,Cold Brew,25,4.75,118.75,Coffee,0.95,23.75,95.0,7
2025-07-18,University,Croissant,17,3.25,55.25,Bakery,1.3,22.1,33.15,7
2025-07-18,University,Espresso,18,3.0,54.0,Coffee,0.55,9.9,44.1,7
2025-07-18,University,Latte,32,4.5,144.0,Coffee,1.1,35.2,108.8,7
2025-07-19,Downtown,Blueberry Muffin,30,2.95,88.5,Bakery,1.1,33.0,55.5,7
2025-07-19,Downtown,Cappuccino,38,4.25,161.5,Coffee,1.0,38.0,123.5,7
2025-07-19,Downtown,Cold Brew,43,4.75,204.25,Coffee,0.95,40.85,163.4,7
2025-07-19,Downtown,Croissant,41,3.25,133.25,Bakery,1.3,53.300000000000004,79.94999999999999,7
2025-07-19,Downtown,Espresso,35,3.0,105.0,Coffee,0.55,19.25,85.75,7
2025-07-19,Downtown,Latte,61,4.5,274.5,Coffee,1.1,67.10000000000001,207.39999999999998,7
2025-07-19,Harbor Kiosk,Blueberry Muffin,16,2.95,47.2,Bakery,1.1,17.6,29.6,7
2025-07-19,Harbor Kiosk,Cappuccino,27,4.25,114.75,Coffee,1.0,27.0,87.75,7
2025-07-19,Harbor Kiosk,Cold Brew,46,4.75,218.5,Coffee,0.95,43.699999999999996,174.8,7
2025-07-19,Harbor Kiosk,Croissant,25,3.25,81.25,Bakery,1.3,32.5,48.75,7
2025-07-19,Harbor Kiosk,Espresso,27,3.0,81.0,Coffee,0.55,14.850000000000001,66.15,7
2025-07-19,Harbor Kiosk,Latte,41,4.5,184.5,Coffee,1.1,45.1,139.4,7
2025-07-19,Riverside,Blueberry Muffin,22,2.95,64.9,Bakery,1.1,24.200000000000003,40.7,7
2025-07-19,Riverside,Cappuccino,30,4.25,127.5,Coffee,1.0,30.0,97.5,7
2025-07-19,Riverside,Cold Brew,27,4.75,128.25,Coffee,0.95,25.65,102.6,7
2025-07-19,Riverside,Croissant,28,3.25,91.0,Bakery,1.3,36.4,54.6,7
2025-07-19,Riverside,Espresso,23,3.0,69.0,Coffee,0.55,12.65,56.35,7
2025-07-19,Riverside,Latte,44,4.5,198.0,Coffee,1.1,48.400000000000006,149.6,7
2025-07-19,University,Blueberry Muffin,11,2.95,32.45,Bakery,1.1,12.100000000000001,20.35,7
2025-07-19,University,Cappuccino,13,4.25,55.25,Coffee,1.0,13.0,42.25,7
2025-07-19,University,Cold Brew,14,4.75,66.5,Coffee,0.95,13.299999999999999,53.2,7
2025-07-19,University,Croissant,14,3.25,45.5,Bakery,1.3,18.2,27.3,7
2025-07-19,University,Espresso,10,3.0,30.0,Coffee,0.55,5.5,24.5,7
2025-07-19,University,Latte,21,4.5,94.5,Coffee,1.1,23.1,71.4,7
2025-07-20,Downtown,Blueberry Muffin,35,2.95,103.25,Bakery,1.1,38.5,64.75,7
2025-07-20,Downtown,Cappuccino,47,4.25,199.75,Coffee,1.0,47.0,152.75,7
2025-07-20,Downtown,Cold Brew,45,4.75,213.75,Coffee,0.95,42.75,171.0,7
2025-07-20,Downtown,Croissant,42,3.25,136.5,Bakery,1.3,54.6,81.9,7
2025-07-20,Downtown,Espresso,43,3.0,129.0,Coffee,0.55,23.650000000000002,105.35,7
2025-07-20,Downtown,Latte,65,4.5,292.5,Coffee,1.1,71.5,221.0,7
2025-07-20,Harbor Kiosk,Blueberry Muffin,13,2.95,38.35,Bakery,1.1,14.3,24.05,7
2025-07-20,Harbor Kiosk,Cappuccino,20,4.25,85.0,Coffee,1.0,20.0,65.0,7
2025-07-20,Harbor Kiosk,Cold Brew,33,4.75,156.75,Coffee,0.95,31.349999999999998,125.4,7
2025-07-20,Harbor Kiosk,Croissant,27,3.25,87.75,Bakery,1.3,35.1,52.65,7
2025-07-20,Harbor Kiosk,Espresso,23,3.0,69.0,Coffee,0.55,12.65,56.35,7
2025-07-20,Harbor Kiosk,Latte,38,4.5,171.0,Coffee,1.1,41.800000000000004,129.2,7
2025-07-20,Riverside,Blueberry Muffin,17,2.95,50.15,Bakery,1.1,18.700000000000003,31.449999999999996,7
2025-07-20,Riverside,Cappuccino,25,4.25,106.25,Coffee,1.0,25.0,81.25,7
2025-07-20,Riverside,Cold Brew,34,4.75,161.5,Coffee,0.95,32.3,129.2,7
2025-07-20,Riverside,Croissant,25,3.25,81.25,Bakery,1.3,32.5,48.75,7
2025-07-20,Riverside,Espresso,20,3.0,60.0,Coffee,0.55,11.0,49.0,7
2025-07-20,Riverside,Latte,36,4.5,162.0,Coffee,1.1,39.6,122.4,7
2025-07-20,University,Blueberry Muffin,10,2.95,29.5,Bakery,1.1,11.0,18.5,7
2025-07-20,University,Cappuccino,16,4.25,68.0,Coffee,1.0,16.0,52.0,7
2025-07-20,University,Cold Brew,10,4.75,47.5,Coffee,0.95,9.5,38.0,7
2025-07-20,University,Croissant,12,3.25,39.0,Bakery,1.3,15.600000000000001,23.4,7
2025-07-20,University,Espresso,13,3.0,39.0,Coffee,0.55,7.15,31.85,7
2025-07-20,University,Latte,20,4.5,90.0,Coffee,1.1,22.0,68.0,7
2025-07-21,Downtown,Blueberry Muffin,22,2.95,64.9,Bakery,1.1,24.200000000000003,40.7,7
2025-07-21,Downtown,Cappuccino,35,4.25,148.75,Coffee,1.0,35.0,113.75,7
2025-07-21,Downtown,Cold Brew,47,4.75,223.25,Coffee,0.95,44.65,178.6,7
2025-07-21,Downtown,Croissant,36,3.25,117.0,Bakery,1.3,46.800000000000004,70.19999999999999,7
2025-07-21,Downtown,Espresso,28,3.0,84.0,Coffee,0.55,15.400000000000002,68.6,7
2025-07-21,Downtown,Latte,47,4.5,211.5,Coffee,1.1,51.7,159.8,7
2025-07-21,Harbor Kiosk,Blueberry Muffin,11,2.95,32.45,Bakery,1.1,12.100000000000001,20.35,7
2025-07-21,Harbor Kiosk,Cappuccino,9,4.25,38.25,Coffee,1.0,9.0,29.25,7
2025-07-21,Harbor Kiosk,Cold Brew,27,4.75,128.25,Coffee,0.95,25.65,102.6,7
2025-07-21,Harbor Kiosk,Croissant,14,3.25,45.5,Bakery,1.3,18.2,27.3,7
2025-07-21,Harbor Kiosk,Espresso,11,3.0,33.0,Coffee,0.55,6.050000000000001,26.95,7
2025-07-21,Harbor Kiosk,Latte,16,4.5,72.0,Coffee,1.1,17.6,54.4,7
2025-07-21,Riverside,Blueberry Muffin,17,2.95,50.15,Bakery,1.1,18.700000000000003,31.449999999999996,7
2025-07-21,Riverside,Cappuccino,21,4.25,89.25,Coffee,1.0,21.0,68.25,7
2025-07-21,Riverside,Cold Brew,26,4.75,123.5,Coffee,0.95,24.7,98.8,7
2025-07-21,Riverside,Croissant,22,3.25,71.5,Bakery,1.3,28.6,42.9,7
2025-07-21,Riverside,Espresso,21,3.0,63.0,Coffee,0.55,11.55,51.45,7
2025-07-21,Riverside,Latte,30,4.5,135.0,Coffee,1.1,33.0,102.0,7
2025-07-21,University,Blueberry Muffin,16,2.95,47.2,Bakery,1.1,17.6,29.6,7
2025-07-21,University,Cappuccino,21,4.25,89.25,Coffee,1.0,21.0,68.25,7
2025-07-21,University,Cold Brew,22,4.75,104.5,Coffee,0.95,20.9,83.6,7
2025-07-21,University,Croissant,21,3.25,68.25,Bakery,1.3,27.3,40.95,7
2025-07-21,University,Espresso,22,3.0,66.0,Coffee,0.55,12.100000000000001,53.9,7
2025-07-21,University,Latte,34,4.5,153.0,Coffee,1.1,37.400000000000006,115.6,7
2025-07-22,Downtown,Blueberry Muffin,20,2.95,59.0,Bakery,1.1,22.0,37.0,7
2025-07-22,Downtown,Cappuccino,27,4.25,114.75,Coffee,1.0,27.0,87.75,7
2025-07-22,Downtown,Cold Brew,44,4.75,209.0,Coffee,0.95,41.8,167.2,7
2025-07-22,Downtown,Croissant,30,3.25,97.5,Bakery,1.3,39.0,58.5,7
2025-07-22,Downtown,Espresso,27,3.0,81.0,Coffee,0.55,14.850000000000001,66.15,7
2025-07-22,Downtown,Latte,43,4.5,193.5,Coffee,1.1,47.300000000000004,146.2,7
2025-07-22,Harbor Kiosk,Blueberry Muffin,7,2.95,20.65,Bakery,1.1,7.700000000000001,12.949999999999998,7
2025-07-22,Harbor Kiosk,Cappuccino,22,4.25,93.5,Coffee,1.0,22.0,71.5,7
2025-07-22,Harbor Kiosk,Cold Brew,23,4.75,109.25,Coffee,0.95,21.849999999999998,87.4,7
2025-07-22,Harbor Kiosk,Croissant,14,3.25,45.5,Bakery,1.3,18.2,27.3,7
2025-07-22,Harbor Kiosk,Espresso,14,3.0,42.0,Coffee,0.55,7.700000000000001,34.3,7
2025-07-22,Harbor Kiosk,Latte,16,4.5,72.0,Coffee,1.1,17.6,54.4,7
2025-07-22,Riverside,Blueberry Muffin,14,2.95,41.3,Bakery,1.1,15.400000000000002,25.899999999999995,7
2025-07-22,Riverside,Cappuccino,21,4.25,89.25,Coffee,1.0,21.0,68.25,7
2025-07-22,Riverside,Cold Brew,24,4.75,114.0,Coffee,0.95,22.799999999999997,91.2,7
2025-07-22,Riverside,Croissant,20,3.25,65.0,Bakery,1.3,26.0,39.0,7
2025-07-22,Riverside,Espresso,19,3.0,57.0,Coffee,0.55,10.450000000000001,46.55,7
2025-07-22,Riverside,Latte,26,4.5,117.0,Coffee,1.1,28.6,88.4,7
2025-07-22,University,Blueberry Muffin,14,2.95,41.3,Bakery,1.1,15.400000000000002,25.899999999999995,7
2025-07-22,University,Cappuccino,16,4.25,68.0,Coffee,1.0,16.0,52.0,7
2025-07-22,University,Cold Brew,27,4.75,128.25,Coffee,0.95,25.65,102.6,7
2025-07-22,University,Croissant,15,3.25,48.75,Bakery,1.3,19.5,29.25,7
2025-07-22,University,Espresso,16,3.0,48.0,Coffee,0.55,8.8,39.2,7
2025-07-22,University,Latte,23,4.5,103.5,Coffee,1.1,25.3,78.2,7
2025-07-23,Downtown,Blueberry Muffin,23,2.95,67.85,Bakery,1.1,25.3,42.55,7
2025-07-23,Downtown,Cappuccino,33,4.25,140.25,Coffee,1.0,33.0,107.25,7
2025-07-23,Downtown,Cold Brew,29,4.75,137.75,Coffee,0.95,27.549999999999997,110.2,7
2025-07-23,Downtown,Croissant,33,3.25,107.25,Bakery,1.3,42.9,64.35,7
2025-07-23,Downtown,Espresso,28,3.0,84.0,Coffee,0.55,15.400000000000002,68.6,7
2025-07-23,Downtown,Latte,52,4.5,234.0,Coffee,1.1,57.2,176.8,7
2025-07-23,Harbor Kiosk,Blueberry Muffin,9,2.95,26.55,Bakery,1.1,9.9,16.65,7
2025-07-23,Harbor Kiosk,Cappuccino,18,4.25,76.5,Coffee,1.0,18.0,58.5,7
2025-07-23,Harbor Kiosk,Cold Brew,24,4.75,114.0,Coffee,0.95,22.799999999999997,91.2,7
2025-07-23,Harbor Kiosk,Croissant,15,3.25,48.75,Bakery,1.3,19.5,29.25,7
2025-07-23,Harbor Kiosk,Espresso,16,3.0,48.0,Coffee,0.55,8.8,39.2,7
2025-07-23,Harbor Kiosk,Latte,25,4.5,112.5,Coffee,1.1,27.500000000000004,85.0,7
2025-07-23,Riverside,Blueberry Muffin,13,2.95,38.35,Bakery,1.1,14.3,24.05,7
2025-07-23,Riverside,Cappuccino,18,4.25,76.5,Coffee,1.0,18.0,58.5,7
2025-07-23,Riverside,Cold Brew,24,4.75,114.0,Coffee,0.95,22.799999999999997,91.2,7
2025-07-23,Riverside,Croissant,17,3.25,55.25,Bakery,1.3,22.1,33.15,7
2025-07-23,Riverside,Espresso,17,3.0,51.0,Coffee,0.55,9.350000000000001,41.65,7
2025-07-23,Riverside,Latte,24,4.5,108.0,Coffee,1.1,26.400000000000002,81.6,7
2025-07-23,University,Blueberry Muffin,16,2.95,47.2,Bakery,1.1,17.6,29.6,7
2025-07-23,University,Cappuccino,19,4.25,80.75,Coffee,1.0,19.0,61.75,7
2025-07-23,University,Cold Brew,35,4.75,166.25,Coffee,0.95,33.25,133.0,7
2025-07-23,University,Croissant,18,3.25,58.5,Bakery,1.3,23.400000000000002,35.099999999999994,7
2025-07-23,University,Espresso,15,3.0,45.0,Coffee,0.55,8.25,36.75,7
2025-07-23,University,Latte,30,4.5,135.0,Coffee,1.1,33.0,102.0,7
2025-07-24,Downtown,Blueberry Muffin,20,2.95,59.0,Bakery,1.1,22.0,37.0,7
2025-07-24,Downtown,Cappuccino,30,4.25,127.5,Coffee,1.0,30.0,97.5,7
2025-07-24,Downtown,Cold Brew,47,4.75,223.25,Coffee,0.95,44.65,178.6,7
2025-07-24,Downtown,Croissant,27,3.25,87.75,Bakery,1.3,35.1,52.65,7
2025-07-24,Downtown,Espresso,27,3.0,81.0,Coffee,0.55,14.850000000000001,66.15,7
2025-07-24,Downtown,Latte,44,4.5,198.0,Coffee,1.1,48.400000000000006,149.6,7
2025-07-24,Harbor Kiosk,Blueberry Muffin,9,2.95,26.55,Bakery,1.1,9.9,16.65,7
2025-07-24,Harbor Kiosk,Cappuccino,18,4.25,76.5,Coffee,1.0,18.0,58.5,7
2025-07-24,Harbor Kiosk,Cold Brew,25,4.75,118.75,Coffee,0.95,23.75,95.0,7
2025-07-24,Harbor Kiosk,Croissant,11,3.25,35.75,Bakery,1.3,14.3,21.45,7
2025-07-24,Harbor Kiosk,Espresso,7,3.0,21.0,Coffee,0.55,3.8500000000000005,17.15,7
2025-07-24,Harbor Kiosk,Latte,22,4.5,99.0,Coffee,1.1,24.200000000000003,74.8,7
2025-07-24,Riverside,Blueberry Muffin,17,2.95,50.15,Bakery,1.1,18.700000000000003,31.449999999999996,7
2025-07-24,Riverside,Cappuccino,17,4.25,72.25,Coffee,1.0,17.0,55.25,7
2025-07-24,Riverside,Cold Brew,20,4.75,95.0,Coffee,0.95,19.0,76.0,7
2025-07-24,Riverside,Croissant,22,3.25,71.5,Bakery,1.3,28.6,42.9,7
2025-07-24,Riverside,Espresso,17,3.0,51.0,Coffee,0.55,9.350000000000001,41.65,7
2025-07-24,Riverside,Latte,24,4.5,108.0,Coffee,1.1,26.400000000000002,81.6,7
2025-07-24,University,Blueberry Muffin,11,2.95,32.45,Bakery,1.1,12.100000000000001,20.35,7
2025-07-24,University,Cappuccino,18,4.25,76.5,Coffee,1.0,18.0,58.5,7
2025-07-24,University,Cold Brew,29,4.75,137.75,Coffee,0.95,27.549999999999997,110.2,7
2025-07-24,University,Croissant,18,3.25,58.5,Bakery,1.3,23.400000000000002,35.099999999999994,7
2025-07-24,University,Espresso,17,3.0,51.0,Coffee,0.55,9.350000000000001,41.65,7
2025-07-24,University,Latte,25,4.5,112.5,Coffee,1.1,27.500000000000004,85.0,7
2025-07-25,Downtown,Blueberry Muffin,30,2.95,88.5,Bakery,1.1,33.0,55.5,7
2025-07-25,Downtown,Cappuccino,39,4.25,165.75,Coffee,1.0,39.0,126.75,7
2025-07-25,Downtown,Cold Brew,42,4.75,199.5,Coffee,0.95,39.9,159.6,7
2025-07-25,Downtown,Croissant,36,3.25,117.0,Bakery,1.3,46.800000000000004,70.19999999999999,7
2025-07-25,Downtown,Espresso,34,3.0,102.0,Coffee,0.55,18.700000000000003,83.3,7
2025-07-25,Downtown,Latte,49,4.5,220.5,Coffee,1.1,53.900000000000006,166.6,7
2025-07-25,Harbor Kiosk,Blueberry Muffin,5,2.95,14.75,Bakery,1.1,5.5,9.25,7
2025-07-25,Harbor Kiosk,Cappuccino,25,4.25,106.25,Coffee,1.0,25.0,81.25,7
2025-07-25,Harbor Kiosk,Cold Brew,25,4.75,118.75,Coffee,0.95,23.75,95.0,7
2025-07-25,Harbor Kiosk,Croissant,16,3.25,52.0,Bakery,1.3,20.8,31.2,7
2025-07-25,Harbor Kiosk,Espresso,10,3.0,30.0,Coffee,0.55,5.5,24.5,7
2025-07-25,Harbor Kiosk,Latte,22,4.5,99.0,Coffee,1.1,24.200000000000003,74.8,7
2025-07-25,Riverside,Blueberry Muffin,14,2.95,41.3,Bakery,1.1,15.400000000000002,25.899999999999995,7
2025-07-25,Riverside,Cappuccino,25,4.25,106.25,Coffee,1.0,25.0,81.25,7
2025-07-25,Riverside,Cold Brew,24,4.75,114.0,Coffee,0.95,22.799999999999997,91.2,7
2025-07-25,Riverside,Croissant,21,3.25,68.25,Bakery,1.3,27.3,40.95,7
2025-07-25,Riverside,Espresso,20,3.0,60.0,Coffee,0.55,11.0,49.0,7
2025-07-25,Riverside,Latte,31,4.5,139.5,Coffee,1.1,34.1,105.4,7
2025-07-25,University,Blueberry Muffin,12,2.95,35.4,Bakery,1.1,13.200000000000001,22.199999999999996,7
2025-07-25,University,Cappuccino,19,4.25,80.75,Coffee,1.0,19.0,61.75,7
2025-07-25,University,Cold Brew,24,4.75,114.0,Coffee,0.95,22.799999999999997,91.2,7
2025-07-25,University,Croissant,18,3.25,58.5,Bakery,1.3,23.400000000000002,35.099999999999994,7
2025-07-25,University,Espresso,15,3.0,45.0,Coffee,0.55,8.25,36.75,7
2025-07-25,University,Latte,24,4.5,108.0,Coffee,1.1,26.400000000000002,81.6,7
2025-07-26,Downtown,Blueberry Muffin,35,2.95,103.25,Bakery,1.1,38.5,64.75,7
2025-07-26,Downtown,Cappuccino,44,4.25,187.0,Coffee,1.0,44.0,143.0,7
2025-07-26,Downtown,Cold Brew,61,4.75,289.75,Coffee,0.95,57.949999999999996,231.8,7
2025-07-26,Downtown,Croissant,43,3.25,139.75,Bakery,1.3,55.9,83.85,7
2025-07-26,Downtown,Espresso,41,3.0,123.0,Coffee,0.55,22.55,100.45,7
2025-07-26,Downtown,Latte,63,4.5,283.5,Coffee,1.1,69.30000000000001,214.2,7
2025-07-26,Harbor Kiosk,Blueberry Muffin,14,2.95,41.3,Bakery,1.1,15.400000000000002,25.899999999999995,7
2025-07-26,Harbor Kiosk,Cappuccino,32,4.25,136.0,Coffee,1.0,32.0,104.0,7
2025-07-26,Harbor Kiosk,Cold Brew,39,4.75,185.25,Coffee,0.95,37.05,148.2,7
2025-07-26,Harbor Kiosk,Croissant,24,3.25,78.0,Bakery,1.3,31.200000000000003,46.8,7
2025-07-26,Harbor Kiosk,Espresso,14,3.0,42.0,Coffee,0.55,7.700000000000001,34.3,7
2025-07-26,Harbor Kiosk,Latte,34,4.5,153.0,Coffee,1.1,37.400000000000006,115.6,7
2025-07-26,Riverside,Blueberry Muffin,18,2.95,53.1,Bakery,1.1,19.8,33.3,7
2025-07-26,Riverside,Cappuccino,26,4.25,110.5,Coffee,1.0,26.0,84.5,7
2025-07-26,Riverside,Cold Brew,28,4.75,133.0,Coffee,0.95,26.599999999999998,106.4,7
2025-07-26,Riverside,Croissant,27,3.25,87.75,Bakery,1.3,35.1,52.65,7
2025-07-26,Riverside,Espresso,23,3.0,69.0,Coffee,0.55,12.65,56.35,7
2025-07-26,Riverside,Latte,40,4.5,180.0,Coffee,1.1,44.0,136.0,7
2025-07-26,University,Blueberry Muffin,7,2.95,20.65,Bakery,1.1,7.700000000000001,12.949999999999998,7
2025-07-26,University,Cappuccino,13,4.25,55.25,Coffee,1.0,13.0,42.25,7
2025-07-26,University,Cold Brew,17,4.75,80.75,Coffee,0.95,16.15,64.6,7
2025-07-26,University,Croissant,14,3.25,45.5,Bakery,1.3,18.2,27.3,7
2025-07-26,University,Espresso,12,3.0,36.0,Coffee,0.55,6.6000000000000005,29.4,7
2025-07-26,University,Latte,18,4.5,81.0,Coffee,1.1,19.8,61.2,7
2025-07-27,Downtown,Blueberry Muffin,32,2.95,94.4,Bakery,1.1,35.2,59.2,7
2025-07-27,Downtown,Cappuccino,45,4.25,191.25,Coffee,1.0,45.0,146.25,7
2025-07-27,Downtown,Cold Brew,41,4.75,194.75,Coffee,0.95,38.949999999999996,155.8,7
2025-07-27,Downtown,Croissant,44,3.25,143.0,Bakery,1.3,57.2,85.8,7
2025-07-27,Downtown,Espresso,41,3.0,123.0,Coffee,0.55,22.55,100.45,7
2025-07-27,Downtown,Latte,67,4.5,301.5,Coffee,1.1,73.7,227.8,7
2025-07-27,Harbor Kiosk,Blueberry Muffin,20,2.95,59.0,Bakery,1.1,22.0,37.0,7
2025-07-27,Harbor Kiosk,Cappuccino,28,4.25,119.0,Coffee,1.0,28.0,91.0,7
2025-07-27,Harbor Kiosk,Cold Brew,44,4.75,209.0,Coffee,0.95,41.8,167.2,7
2025-07-27,Harbor Kiosk,Croissant,29,3.25,94.25,Bakery,1.3,37.7,56.55,7
2025-07-27,Harbor Kiosk,Espresso,20,3.0,60.0,Coffee,0.55,11.0,49.0,7
2025-07-27,Harbor Kiosk,Latte,31,4.5,139.5,Coffee,1.1,34.1,105.4,7
2025-07-27,Riverside,Blueberry Muffin,19,2.95,56.05,Bakery,1.1,20.900000000000002,35.14999999999999,7
2025-07-27,Riverside,Cappuccino,18,4.25,76.5,Coffee,1.0,18.0,58.5,7
2025-07-27,Riverside,Cold Brew,25,4.75,118.75,Coffee,0.95,23.75,95.0,7
2025-07-27,Riverside,Croissant,22,3.25,71.5,Bakery,1.3,28.6,42.9,7
2025-07-27,Riverside,Espresso,21,3.0,63.0,Coffee,0.55,11.55,51.45,7
2025-07-27,Riverside,Latte,31,4.5,139.5,Coffee,1.1,34.1,105.4,7
2025-07-27,University,Blueberry Muffin,11,2.95,32.45,Bakery,1.1,12.100000000000001,20.35,7
2025-07-27,University,Cappuccino,13,4.25,55.25,Coffee,1.0,13.0,42.25,7
2025-07-27,University,Cold Brew,14,4.75,66.5,Coffee,0.95,13.299999999999999,53.2,7
2025-07-27,University,Croissant,14,3.25,45.5,Bakery,1.3,18.2,27.3,7
2025-07-27,University,Espresso,12,3.0,36.0,Coffee,0.55,6.6000000000000005,29.4,7
2025-07-27,University,Latte,20,4.5,90.0,Coffee,1.1,22.0,68.0,7
2025-07-28,Downtown,Blueberry Muffin,23,2.95,67.85,Bakery,1.1,25.3,42.55,7
2025-07-28,Downtown,Cappuccino,36,4.25,153.0,Coffee,1.0,36.0,117.0,7
2025-07-28,Downtown,Cold Brew,34,4.75,161.5,Coffee,0.95,32.3,129.2,7
2025-07-28,Downtown,Croissant,35,3.25,113.75,Bakery,1.3,45.5,68.25,7
2025-07-28,Downtown,Espresso,32,3.0,96.0,Coffee,0.55,17.6,78.4,7
2025-07-28,Downtown,Latte,56,4.5,252.0,Coffee,1.1,61.60000000000001,190.39999999999998,7
2025-07-28,Harbor Kiosk,Blueberry Muffin,11,2.95,32.45,Bakery,1.1,12.100000000000001,20.35,7
2025-07-28,Harbor Kiosk,Cappuccino,15,4.25,63.75,Coffee,1.0,15.0,48.75,7
2025-07-28,Harbor Kiosk,Cold Brew,20,4.75,95.0,Coffee,0.95,19.0,76.0,7
2025-07-28,Harbor Kiosk,Croissant,11,3.25,35.75,Bakery,1.3,14.3,21.45,7
2025-07-28,Harbor Kiosk,Espresso,13,3.0,39.0,Coffee,0.55,7.15,31.85,7
2025-07-28,Harbor Kiosk,Latte,25,4.5,112.5,Coffee,1.1,27.500000000000004,85.0,7
2025-07-28,Riverside,Blueberry Muffin,12,2.95,35.4,Bakery,1.1,13.200000000000001,22.199999999999996,7
2025-07-28,Riverside,Cappuccino,20,4.25,85.0,Coffee,1.0,20.0,65.0,7
2025-07-28,Riverside,Cold Brew,25,4.75,118.75,Coffee,0.95,23.75,95.0,7
2025-07-28,Riverside,Croissant,16,3.25,52.0,Bakery,1.3,20.8,31.2,7
2025-07-28,Riverside,Espresso,18,3.0,54.0,Coffee,0.55,9.9,44.1,7
2025-07-28,Riverside,Latte,30,4.5,135.0,Coffee,1.1,33.0,102.0,7
2025-07-28,University,Blueberry Muffin,15,2.95,44.25,Bakery,1.1,16.5,27.75,7
2025-07-28,University,Cappuccino,18,4.25,76.5,Coffee,1.0,18.0,58.5,7
2025-07-28,University,Cold Brew,17,4.75,80.75,Coffee,0.95,16.15,64.6,7
2025-07-28,University,Croissant,19,3.25,61.75,Bakery,1.3,24.7,37.05,7
2025-07-28,University,Espresso,14,3.0,42.0,Coffee,0.55,7.700000000000001,34.3,7
2025-07-28,University,Latte,26,4.5,117.0,Coffee,1.1,28.6,88.4,7
2025-07-29,Downtown,Blueberry Muffin,20,2.95,59.0,Bakery,1.1,22.0,37.0,7
2025-07-29,Downtown,Cappuccino,35,4.25,148.75,Coffee,1.0,35.0,113.75,7
2025-07-29,Downtown,Cold Brew,37,4.75,175.75,Coffee,0.95,35.15,140.6,7
2025-07-29,Downtown,Croissant,31,3.25,100.75,Bakery,1.3,40.300000000000004,60.449999999999996,7
2025-07-29,Downtown,Espresso,31,3.0,93.0,Coffee,0.55,17.05,75.95,7
2025-07-29,Downtown,Latte,50,4.5,225.0,Coffee,1.1,55.00000000000001,170.0,7
2025-07-29,Harbor Kiosk,Blueberry Muffin,8,2.95,23.6,Bakery,1.1,8.8,14.8,7
2025-07-29,Harbor Kiosk,Cappuccino,23,4.25,97.75,Coffee,1.0,23.0,74.75,7
2025-07-29,Harbor Kiosk,Cold Brew,32,4.75,152.0,Coffee,0.95,30.4,121.6,7
2025-07-29,Harbor Kiosk,Croissant,14,3.25,45.5,Bakery,1.3,18.2,27.3,7
2025-07-29,Harbor Kiosk,Espresso,19,3.0,57.0,Coffee,0.55,10.450000000000001,46.55,7
2025-07-29,Harbor Kiosk,Latte,17,4.5,76.5,Coffee,1.1,18.700000000000003,57.8,7
2025-07-29,Riverside,Blueberry Muffin,18,2.95,53.1,Bakery,1.1,19.8,33.3,7
2025-07-29,Riverside,Cappuccino,21,4.25,89.25,Coffee,1.0,21.0,68.25,7
2025-07-29,Riverside,Cold Brew,19,4.75,90.25,Coffee,0.95,18.05,72.2,7
2025-07-29,Riverside,Croissant,20,3.25,65.0,Bakery,1.3,26.0,39.0,7
2025-07-29,Riverside,Espresso,19,3.0,57.0,Coffee,0.55,10.450000000000001,46.55,7
2025-07-29,Riverside,Latte,29,4.5,130.5,Coffee,1.1,31.900000000000002,98.6,7
2025-07-29,University,Blueberry Muffin,15,2.95,44.25,Bakery,1.1,16.5,27.75,7
2025-07-29,University,Cappuccino,22,4.25,93.5,Coffee,1.0,22.0,71.5,7
2025-07-29,University,Cold Brew,21,4.75,99.75,Coffee,0.95,19.95,79.8,7
2025-07-29,University,Croissant,23,3.25,74.75,Bakery,1.3,29.900000000000002,44.849999999999994,7
2025-07-29,University,Espresso,20,3.0,60.0,Coffee,0.55,11.0,49.0,7
2025-07-29,University,Latte,34,4.5,153.0,Coffee,1.1,37.400000000000006,115.6,7
2025-07-30,Downtown,Blueberry Muffin,26,2.95,76.7,Bakery,1.1,28.6,48.1,7
2025-07-30,Downtown,Cappuccino,39,4.25,165.75,Coffee,1.0,39.0,126.75,7
2025-07-30,Downtown,Cold Brew,41,4.75,194.75,Coffee,0.95,38.949999999999996,155.8,7
2025-07-30,Downtown,Croissant,37,3.25,120.25,Bakery,1.3,48.1,72.15,7
2025-07-30,Downtown,Espresso,34,3.0,102.0,Coffee,0.55,18.700000000000003,83.3,7
2025-07-30,Downtown,Latte,56,4.5,252.0,Coffee,1.1,61.60000000000001,190.39999999999998,7
2025-07-30,Harbor Kiosk,Blueberry Muffin,12,2.95,35.4,Bakery,1.1,13.200000000000001,22.199999999999996,7
2025-07-30,Harbor Kiosk,Cappuccino,18,4.25,76.5,Coffee,1.0,18.0,58.5,7
2025-07-30,Harbor Kiosk,Cold Brew,14,4.75,66.5,Coffee,0.95,13.299999999999999,53.2,7
2025-07-30,Harbor Kiosk,Croissant,17,3.25,55.25,Bakery,1.3,22.1,33.15,7
2025-07-30,Harbor Kiosk,Espresso,13,3.0,39.0,Coffee,0.55,7.15,31.85,7
2025-07-30,Harbor Kiosk,Latte,23,4.5,103.5,Coffee,1.1,25.3,78.2,7
2025-07-30,Riverside,Blueberry Muffin,14,2.95,41.3,Bakery,1.1,15.400000000000002,25.899999999999995,7
2025-07-30,Riverside,Cappuccino,20,4.25,85.0,Coffee,1.0,20.0,65.0,7
2025-07-30,Riverside,Cold Brew,22,4.75,104.5,Coffee,0.95,20.9,83.6,7
2025-07-30,Riverside,Croissant,18,3.25,58.5,Bakery,1.3,23.400000000000002,35.099999999999994,7
2025-07-30,Riverside,Espresso,16,3.0,48.0,Coffee,0.55,8.8,39.2,7
2025-07-30,Riverside,Latte,28,4.5,126.0,Coffee,1.1,30.800000000000004,95.19999999999999,7
2025-07-30,University,Blueberry Muffin,18,2.95,53.1,Bakery,1.1,19.8,33.3,7
2025-07-30,University,Cappuccino,20,4.25,85.0,Coffee,1.0,20.0,65.0,7
2025-07-30,University,Cold Brew,14,4.75,66.5,Coffee,0.95,13.299999999999999,53.2,7
2025-07-30,University,Croissant,18,3.25,58.5,Bakery,1.3,23.400000000000002,35.099999999999994,7
2025-07-30,University,Espresso,19,3.0,57.0,Coffee,0.55,10.450000000000001,46.55,7
2025-07-30,University,Latte,31,4.5,139.5,Coffee,1.1,34.1,105.4,7
2025-07-31,Downtown,Blueberry Muffin,26,2.95,76.7,Bakery,1.1,28.6,48.1,7
2025-07-31,Downtown,Cappuccino,36,4.25,153.0,Coffee,1.0,36.0,117.0,7
2025-07-31,Downtown,Cold Brew,32,4.75,152.0,Coffee,0.95,30.4,121.6,7
2025-07-31,Downtown,Croissant,35,3.25,113.75,Bakery,1.3,45.5,68.25,7
2025-07-31,Downtown,Espresso,31,3.0,93.0,Coffee,0.55,17.05,75.95,7
2025-07-31,Downtown,Latte,54,4.5,243.0,Coffee,1.1,59.400000000000006,183.6,7
2025-07-31,Harbor Kiosk,Blueberry Muffin,9,2.95,26.55,Bakery,1.1,9.9,16.65,7
2025-07-31,Harbor Kiosk,Cappuccino,16,4.25,68.0,Coffee,1.0,16.0,52.0,7
2025-07-31,Harbor Kiosk,Cold Brew,33,4.75,156.75,Coffee,0.95,31.349999999999998,125.4,7
2025-07-31,Harbor Kiosk,Croissant,19,3.25,61.75,Bakery,1.3,24.7,37.05,7
2025-07-31,Harbor Kiosk,Espresso,19,3.0,57.0,Coffee,0.55,10.450000000000001,46.55,7
2025-07-31,Harbor Kiosk,Latte,23,4.5,103.5,Coffee,1.1,25.3,78.2,7
2025-07-31,Riverside,Blueberry Muffin,17,2.95,50.15,Bakery,1.1,18.700000000000003,31.449999999999996,7
2025-07-31,Riverside,Cappuccino,22,4.25,93.5,Coffee,1.0,22.0,71.5,7
2025-07-31,Riverside,Cold Brew,22,4.75,104.5,Coffee,0.95,20.9,83.6,7
2025-07-31,Riverside,Croissant,20,3.25,65.0,Bakery,1.3,26.0,39.0,7
2025-07-31,Riverside,Espresso,20,3.0,60.0,Coffee,0.55,11.0,49.0,7
2025-07-31,Riverside,Latte,31,4.5,139.5,Coffee,1.1,34.1,105.4,7
2025-07-31,University,Blueberry Muffin,21,2.95,61.95,Bakery,1.1,23.1,38.85,7
2025-07-31,University,Cappuccino,24,4.25,102.0,Coffee,1.0,24.0,78.0,7
2025-07-31,University,Cold Brew,17,4.75,80.75,Coffee,0.95,16.15,64.6,7
2025-07-31,University,Croissant,25,3.25,81.25,Bakery,1.3,32.5,48.75,7
2025-07-31,University,Espresso,25,3.0,75.0,Coffee,0.55,13.750000000000002,61.25,7
2025-07-31,University,Latte,36,4.5,162.0,Coffee,1.1,39.6,122.4,7
2025-08-01,Downtown,Blueberry Muffin,23,2.95,67.85,Bakery,1.1,25.3,42.55,8
2025-08-01,Downtown,Cappuccino,39,4.25,165.75,Coffee,1.0,39.0,126.75,8
2025-08-01,Downtown,Cold Brew,23,4.75,109.25,Coffee,0.95,21.849999999999998,87.4,8
2025-08-01,Downtown,Croissant,37,3.25,120.25,Bakery,1.3,48.1,72.15,8
2025-08-01,Downtown,Espresso,33,3.0,99.0,Coffee,0.55,18.150000000000002,80.85,8
2025-08-01,Downtown,Latte,54,4.5,243.0,Coffee,1.1,59.400000000000006,183.6,8
2025-08-01,Harbor Kiosk,Blueberry Muffin,5,2.95,14.75,Bakery,1.1,5.5,9.25,8
2025-08-01,Harbor Kiosk,Cappuccino,14,4.25,59.5,Coffee,1.0,14.0,45.5,8
2025-08-01,Harbor Kiosk,Cold Brew,24,4.75,114.0,Coffee,0.95,22.799999999999997,91.2,8
2025-08-01,Harbor Kiosk,Croissant,10,3.25,32.5,Bakery,1.3,13.0,19.5,8
2025-08-01,Harbor Kiosk,Espresso,8,3.0,24.0,Coffee,0.55,4.4,19.6,8
2025-08-01,Harbor Kiosk,Latte,26,4.5,117.0,Coffee,1.1,28.6,88.4,8
2025-08-01,Riverside,Blueberry Muffin,12,2.95,35.4,Bakery,1.1,13.200000000000001,22.199999999999996,8
2025-08-01,Riverside,Cappuccino,23,4.25,97.75,Coffee,1.0,23.0,74.75,8
2025-08-01,Riverside,Cold Brew,24,4.75,114.0,Coffee,0.95,22.799999999999997,91.2,8
2025-08-01,Riverside,Croissant,16,3.25,52.0,Bakery,1.3,20.8,31.2,8
2025-08-01,Riverside,Espresso,15,3.0,45.0,Coffee,0.55,8.25,36.75,8
2025-08-01,Riverside,Latte,29,4.5,130.5,Coffee,1.1,31.900000000000002,98.6,8
2025-08-01,University,Blueberry Muffin,14,2.95,41.3,Bakery,1.1,15.400000000000002,25.899999999999995,8
2025-08-01,University,Cappuccino,21,4.25,89.25,Coffee,1.0,21.0,68.25,8
2025-08-01,University,Cold Brew,23,4.75,109.25,Coffee,0.95,21.849999999999998,87.4,8
2025-08-01,University,Croissant,19,3.25,61.75,Bakery,1.3,24.7,37.05,8
2025-08-01,University,Espresso,17,3.0,51.0,Coffee,0.55,9.350000000000001,41.65,8
2025-08-01,University,Latte,27,4.5,121.5,Coffee,1.1,29.700000000000003,91.8,8
2025-08-02,Downtown,Blueberry Muffin,39,2.95,115.05,Bakery,1.1,42.900000000000006,72.14999999999999,8
2025-08-02,Downtown,Cappuccino,60,4.25,255.0,Coffee,1.0,60.0,195.0,8
2025-08-02,Downtown,Cold Brew,49,4.75,232.75,Coffee,0.95,46.55,186.2,8
2025-08-02,Downtown,Croissant,54,3.25,175.5,Bakery,1.3,70.2,105.3,8
2025-08-02,Downtown,Espresso,49,3.0,147.0,Coffee,0.55,26.950000000000003,120.05,8
2025-08-02,Downtown,Latte,80,4.5,360.0,Coffee,1.1,88.0,272.0,8
2025-08-02,Harbor Kiosk,Blueberry Muffin,25,2.95,73.75,Bakery,1.1,27.500000000000004,46.25,8
2025-08-02,Harbor Kiosk,Cappuccino,27,4.25,114.75,Coffee,1.0,27.0,87.75,8
2025-08-02,Harbor Kiosk,Cold Brew,27,4.75,128.25,Coffee,0.95,25.65,102.6,8
2025-08-02,Harbor Kiosk,Croissant,24,3.25,78.0,Bakery,1.3,31.200000000000003,46.8,8
2025-08-02,Harbor Kiosk,Espresso,30,3.0,90.0,Coffee,0.55,16.5,73.5,8
2025-08-02,Harbor Kiosk,Latte,47,4.5,211.5,Coffee,1.1,51.7,159.8,8
2025-08-02,Riverside,Blueberry Muffin,15,2.95,44.25,Bakery,1.1,16.5,27.75,8
2025-08-02,Riverside,Cappuccino,22,4.25,93.5,Coffee,1.0,22.0,71.5,8
2025-08-02,Riverside,Cold Brew,19,4.75,90.25,Coffee,0.95,18.05,72.2,8
2025-08-02,Riverside,Croissant,24,3.25,78.0,Bakery,1.3,31.200000000000003,46.8,8
2025-08-02,Riverside,Espresso,21,3.0,63.0,Coffee,0.55,11.55,51.45,8
2025-08-02,Riverside,Latte,33,4.5,148.5,Coffee,1.1,36.300000000000004,112.19999999999999,8
2025-08-02,University,Blueberry Muffin,11,2.95,32.45,Bakery,1.1,12.100000000000001,20.35,8
2025-08-02,University,Cappuccino,16,4.25,68.0,Coffee,1.0,16.0,52.0,8
2025-08-02,University,Cold Brew,14,4.75,66.5,Coffee,0.95,13.299999999999999,53.2,8
2025-08-02,University,Croissant,17,3.25,55.25,Bakery,1.3,22.1,33.15,8
2025-08-02,University,Espresso,14,3.0,42.0,Coffee,0.55,7.700000000000001,34.3,8
2025-08-02,University,Latte,22,4.5,99.0,Coffee,1.1,24.200000000000003,74.8,8
2025-08-03,Downtown,Blueberry Muffin,23,2.95,67.85,Bakery,1.1,25.3,42.55,8
2025-08-03,Downtown,Cappuccino,40,4.25,170.0,Coffee,1.0,40.0,130.0,8
2025-08-03,Downtown,Cold Brew,39,4.75,185.25,Coffee,0.95,37.05,148.2,8
2025-08-03,Downtown,Croissant,34,3.25,110.5,Bakery,1.3,44.2,66.3,8
2025-08-03,Downtown,Espresso,32,3.0,96.0,Coffee,0.55,17.6,78.4,8
2025-08-03,Downtown,Latte,60,4.5,270.0,Coffee,1.1,66.0,204.0,8
2025-08-03,Harbor Kiosk,Blueberry Muffin,19,2.95,56.05,Bakery,1.1,20.900000000000002,35.14999999999999,8
2025-08-03,Harbor Kiosk,Cappuccino,23,4.25,97.75,Coffee,1.0,23.0,74.75,8
2025-08-03,Harbor Kiosk,Cold Brew,28,4.75,133.0,Coffee,0.95,26.599999999999998,106.4,8
2025-08-03,Harbor Kiosk,Croissant,20,3.25,65.0,Bakery,1.3,26.0,39.0,8
2025-08-03,Harbor Kiosk,Espresso,15,3.0,45.0,Coffee,0.55,8.25,36.75,8
2025-08-03,Harbor Kiosk,Latte,40,4.5,180.0,Coffee,1.1,44.0,136.0,8
2025-08-03,Riverside,Blueberry Muffin,23,2.95,67.85,Bakery,1.1,25.3,42.55,8
2025-08-03,Riverside,Cappuccino,25,4.25,106.25,Coffee,1.0,25.0,81.25,8
2025-08-03,Riverside,Cold Brew,20,4.75,95.0,Coffee,0.95,19.0,76.0,8
2025-08-03,Riverside,Croissant,26,3.25,84.5,Bakery,1.3,33.800000000000004,50.699999999999996,8
2025-08-03,Riverside,Espresso,23,3.0,69.0,Coffee,0.55,12.65,56.35,8
2025-08-03,Riverside,Latte,39,4.5,175.5,Coffee,1.1,42.900000000000006,132.6,8
2025-08-03,University,Blueberry Muffin,9,2.95,26.55,Bakery,1.1,9.9,16.65,8
2025-08-03,University,Cappuccino,16,4.25,68.0,Coffee,1.0,16.0,52.0,8
2025-08-03,University,Cold Brew,14,4.75,66.5,Coffee,0.95,13.299999999999999,53.2,8
2025-08-03,University,Croissant,11,3.25,35.75,Bakery,1.3,14.3,21.45,8
2025-08-03,University,Espresso,12,3.0,36.0,Coffee,0.55,6.6000000000000005,29.4,8
2025-08-03,University,Latte,25,4.5,112.5,Coffee,1.1,27.500000000000004,85.0,8
2025-08-04,Downtown,Blueberry Muffin,23,2.95,67.85,Bakery,1.1,25.3,42.55,8
2025-08-04,Downtown,Cappuccino,38,4.25,161.5,Coffee,1.0,38.0,123.5,8
2025-08-04,Downtown,Cold Brew,28,4.75,133.0,Coffee,0.95,26.599999999999998,106.4,8
2025-08-04,Downtown,Croissant,34,3.25,110.5,Bakery,1.3,44.2,66.3,8
2025-08-04,Downtown,Espresso,31,3.0,93.0,Coffee,0.55,17.05,75.95,8
2025-08-04,Downtown,Latte,51,4.5,229.5,Coffee,1.1,56.1,173.4,8
2025-08-04,Harbor Kiosk,Blueberry Muffin,14,2.95,41.3,Bakery,1.1,15.400000000000002,25.899999999999995,8
2025-08-04,Harbor Kiosk,Cappuccino,17,4.25,72.25,Coffee,1.0,17.0,55.25,8
2025-08-04,Harbor Kiosk,Cold Brew,18,4.75,85.5,Coffee,0.95,17.099999999999998,68.4,8
2025-08-04,Harbor Kiosk,Croissant,15,3.25,48.75,Bakery,1.3,19.5,29.25,8
2025-08-04,Harbor Kiosk,Espresso,17,3.0,51.0,Coffee,0.55,9.350000000000001,41.65,8
2025-08-04,Harbor Kiosk,Latte,29,4.5,130.5,Coffee,1.1,31.900000000000002,98.6,8
2025-08-04,Riverside,Blueberry Muffin,16,2.95,47.2,Bakery,1.1,17.6,29.6,8
2025-08-04,Riverside,Cappuccino,26,4.25,110.5,Coffee,1.0,26.0,84.5,8
2025-08-04,Riverside,Cold Brew,17,4.75,80.75,Coffee,0.95,16.15,64.6,8
2025-08-04,Riverside,Croissant,23,3.25,74.75,Bakery,1.3,29.900000000000002,44.849999999999994,8
2025-08-04,Riverside,Espresso,20,3.0,60.0,Coffee,0.55,11.0,49.0,8
2025-08-04,Riverside,Latte,39,4.5,175.5,Coffee,1.1,42.900000000000006,132.6,8
2025-08-04,University,Blueberry Muffin,14,2.95,41.3,Bakery,1.1,15.400000000000002,25.899999999999995,8
2025-08-04,University,Cappuccino,22,4.25,93.5,Coffee,1.0,22.0,71.5,8
2025-08-04,University,Cold Brew,21,4.75,99.75,Coffee,0.95,19.95,79.8,8
2025-08-04,University,Croissant,19,3.25,61.75,Bakery,1.3,24.7,37.05,8
2025-08-04,University,Espresso,18,3.0,54.0,Coffee,0.55,9.9,44.1,8
2025-08-04,University,Latte,33,4.5,148.5,Coffee,1.1,36.300000000000004,112.19999999999999,8
2025-08-05,Downtown,Blueberry Muffin,26,2.95,76.7,Bakery,1.1,28.6,48.1,8
2025-08-05,Downtown,Cappuccino,34,4.25,144.5,Coffee,1.0,34.0,110.5,8
2025-08-05,Downtown,Cold Brew,31,4.75,147.25,Coffee,0.95,29.45,117.8,8
2025-08-05,Downtown,Croissant,31,3.25,100.75,Bakery,1.3,40.300000000000004,60.449999999999996,8
2025-08-05,Downtown,Espresso,29,3.0,87.0,Coffee,0.55,15.950000000000001,71.05,8
2025-08-05,Downtown,Latte,50,4.5,225.0,Coffee,1.1,55.00000000000001,170.0,8
2025-08-05,Harbor Kiosk,Blueberry Muffin,5,2.95,14.75,Bakery,1.1,5.5,9.25,8
2025-08-05,Harbor Kiosk,Cappuccino,19,4.25,80.75,Coffee,1.0,19.0,61.75,8
2025-08-05,Harbor Kiosk,Cold Brew,18,4.75,85.5,Coffee,0.95,17.099999999999998,68.4,8
2025-08-05,Harbor Kiosk,Croissant,18,3.25,58.5,Bakery,1.3,23.400000000000002,35.099999999999994,8
2025-08-05,Harbor Kiosk,Espresso,18,3.0,54.0,Coffee,0.55,9.9,44.1,8
2025-08-05,Harbor Kiosk,Latte,15,4.5,67.5,Coffee,1.1,16.5,51.0,8
2025-08-05,Riverside,Blueberry Muffin,13,2.95,38.35,Bakery,1.1,14.3,24.05,8
2025-08-05,Riverside,Cappuccino,19,4.25,80.75,Coffee,1.0,19.0,61.75,8
2025-08-05,Riverside,Cold Brew,14,4.75,66.5,Coffee,0.95,13.299999999999999,53.2,8
2025-08-05,Riverside,Croissant,17,3.25,55.25,Bakery,1.3,22.1,33.15,8
2025-08-05,Riverside,Espresso,16,3.0,48.0,Coffee,0.55,8.8,39.2,8
2025-08-05,Riverside,Latte,30,4.5,135.0,Coffee,1.1,33.0,102.0,8
2025-08-05,University,Blueberry Muffin,16,2.95,47.2,Bakery,1.1,17.6,29.6,8
2025-08-05,University,Cappuccino,24,4.25,102.0,Coffee,1.0,24.0,78.0,8
2025-08-05,University,Cold Brew,17,4.75,80.75,Coffee,0.95,16.15,64.6,8
2025-08-05,University,Croissant,22,3.25,71.5,Bakery,1.3,28.6,42.9,8
2025-08-05,University,Espresso,19,3.0,57.0,Coffee,0.55,10.450000000000001,46.55,8
2025-08-05,University,Latte,34,4.5,153.0,Coffee,1.1,37.400000000000006,115.6,8
2025-08-06,Downtown,Blueberry Muffin,28,2.95,82.6,Bakery,1.1,30.800000000000004,51.79999999999999,8
2025-08-06,Downtown,Cappuccino,38,4.25,161.5,Coffee,1.0,38.0,123.5,8
2025-08-06,Downtown,Cold Brew,28,4.75,133.0,Coffee,0.95,26.599999999999998,106.4,8
2025-08-06,Downtown,Croissant,36,3.25,117.0,Bakery,1.3,46.800000000000004,70.19999999999999,8
2025-08-06,Downtown,Espresso,32,3.0,96.0,Coffee,0.55,17.6,78.4,8
2025-08-06,Downtown,Latte,60,4.5,270.0,Coffee,1.1,66.0,204.0,8
2025-08-06,Harbor Kiosk,Blueberry Muffin,9,2.95,26.55,Bakery,1.1,9.9,16.65,8
2025-08-06,Harbor Kiosk,Cappuccino,21,4.25,89.25,Coffee,1.0,21.0,68.25,8
2025-08-06,Harbor Kiosk,Cold Brew,28,4.75,133.0,Coffee,0.95,26.599999999999998,106.4,8
2025-08-06,Harbor Kiosk,Croissant,10,3.25,32.5,Bakery,1.3,13.0,19.5,8
2025-08-06,Harbor Kiosk,Espresso,14,3.0,42.0,Coffee,0.55,7.700000000000001,34.3,8
2025-08-06,Harbor Kiosk,Latte,25,4.5,112.5,Coffee,1.1,27.500000000000004,85.0,8
2025-08-06,Riverside,Blueberry Muffin,15,2.95,44.25,Bakery,1.1,16.5,27.75,8
2025-08-06,Riverside,Cappuccino,22,4.25,93.5,Coffee,1.0,22.0,71.5,8
2025-08-06,Riverside,Cold Brew,16,4.75,76.0,Coffee,0.95,15.2,60.8,8
2025-08-06,Riverside,Croissant,17,3.25,55.25,Bakery,1.3,22.1,33.15,8
2025-08-06,Riverside,Espresso,18,3.0,54.0,Coffee,0.55,9.9,44.1,8
2025-08-06,Riverside,Latte,29,4.5,130.5,Coffee,1.1,31.900000000000002,98.6,8
2025-08-06,University,Blueberry Muffin,16,2.95,47.2,Bakery,1.1,17.6,29.6,8
2025-08-06,University,Cappuccino,22,4.25,93.5,Coffee,1.0,22.0,71.5,8
2025-08-06,University,Cold Brew,24,4.75,114.0,Coffee,0.95,22.799999999999997,91.2,8
2025-08-06,University,Croissant,22,3.25,71.5,Bakery,1.3,28.6,42.9,8
2025-08-06,University,Espresso,17,3.0,51.0,Coffee,0.55,9.350000000000001,41.65,8
2025-08-06,University,Latte,34,4.5,153.0,Coffee,1.1,37.400000000000006,115.6,8
2025-08-07,Downtown,Blueberry Muffin,21,2.95,61.95,Bakery,1.1,23.1,38.85,8
2025-08-07,Downtown,Cappuccino,32,4.25,136.0,Coffee,1.0,32.0,104.0,8
2025-08-07,Downtown,Cold Brew,34,4.75,161.5,Coffee,0.95,32.3,129.2,8
2025-08-07,Downtown,Croissant,34,3.25,110.5,Bakery,1.3,44.2,66.3,8
2025-08-07,Downtown,Espresso,31,3.0,93.0,Coffee,0.55,17.05,75.95,8
2025-08-07,Downtown,Latte,48,4.5,216.0,Coffee,1.1,52.800000000000004,163.2,8
2025-08-07,Harbor Kiosk,Blueberry Muffin,13,2.95,38.35,Bakery,1.1,14.3,24.05,8
2025-08-07,Harbor Kiosk,Cappuccino,16,4.25,68.0,Coffee,1.0,16.0,52.0,8
2025-08-07,Harbor Kiosk,Cold Brew,24,4.75,114.0,Coffee,0.95,22.799999999999997,91.2,8
2025-08-07,Harbor Kiosk,Croissant,16,3.25,52.0,Bakery,1.3,20.8,31.2,8
2025-08-07,Harbor Kiosk,Espresso,11,3.0,33.0,Coffee,0.55,6.050000000000001,26.95,8
2025-08-07,Harbor Kiosk,Latte,26,4.5,117.0,Coffee,1.1,28.6,88.4,8
2025-08-07,Riverside,Blueberry Muffin,18,2.95,53.1,Bakery,1.1,19.8,33.3,8
2025-08-07,Riverside,Cappuccino,20,4.25,85.0,Coffee,1.0,20.0,65.0,8
2025-08-07,Riverside,Cold Brew,20,4.75,95.0,Coffee,0.95,19.0,76.0,8
2025-08-07,Riverside,Croissant,22,3.25,71.5,Bakery,1.3,28.6,42.9,8
2025-08-07,Riverside,Espresso,20,3.0,60.0,Coffee,0.55,11.0,49.0,8
2025-08-07,Riverside,Latte,36,4.5,162.0,Coffee,1.1,39.6,122.4,8
2025-08-07,University,Blueberry Muffin,15,2.95,44.25,Bakery,1.1,16.5,27.75,8
2025-08-07,University,Cappuccino,22,4.25,93.5,Coffee,1.0,22.0,71.5,8
2025-08-07,University,Cold Brew,21,4.75,99.75,Coffee,0.95,19.95,79.8,8
2025-08-07,University,Croissant,23,3.25,74.75,Bakery,1.3,29.900000000000002,44.849999999999994,8
2025-08-07,University,Espresso,18,3.0,54.0,Coffee,0.55,9.9,44.1,8
2025-08-07,University,Latte,32,4.5,144.0,Coffee,1.1,35.2,108.8,8
2025-08-08,Downtown,Blueberry Muffin,25,2.95,73.75,Bakery,1.1,27.500000000000004,46.25,8
2025-08-08,Downtown,Cappuccino,35,4.25,148.75,Coffee,1.0,35.0,113.75,8
2025-08-08,Downtown,Cold Brew,26,4.75,123.5,Coffee,0.95,24.7,98.8,8
2025-08-08,Downtown,Croissant,29,3.25,94.25,Bakery,1.3,37.7,56.55,8
2025-08-08,Downtown,Espresso,30,3.0,90.0,Coffee,0.55,16.5,73.5,8
2025-08-08,Downtown,Latte,55,4.5,247.5,Coffee,1.1,60.50000000000001,187.0,8
2025-08-08,Harbor Kiosk,Blueberry Muffin,10,2.95,29.5,Bakery,1.1,11.0,18.5,8
2025-08-08,Harbor Kiosk,Cappuccino,12,4.25,51.0,Coffee,1.0,12.0,39.0,8
2025-08-08,Harbor Kiosk,Cold Brew,21,4.75,99.75,Coffee,0.95,19.95,79.8,8
2025-08-08,Harbor Kiosk,Croissant,13,3.25,42.25,Bakery,1.3,16.900000000000002,25.349999999999998,8
2025-08-08,Harbor Kiosk,Espresso,11,3.0,33.0,Coffee,0.55,6.050000000000001,26.95,8
2025-08-08,Harbor Kiosk,Latte,19,4.5,85.5,Coffee,1.1,20.900000000000002,64.6,8
2025-08-08,Riverside,Blueberry Muffin,16,2.95,47.2,Bakery,1.1,17.6,29.6,8
2025-08-08,Riverside,Cappuccino,21,4.25,89.25,Coffee,1.0,21.0,68.25,8
2025-08-08,Riverside,Cold Brew,23,4.75,109.25,Coffee,0.95,21.849999999999998,87.4,8
2025-08-08,Riverside,Croissant,26,3.25,84.5,Bakery,1.3,33.800000000000004,50.699999999999996,8
2025-08-08,Riverside,Espresso,19,3.0,57.0,Coffee,0.55,10.450000000000001,46.55,8
2025-08-08,Riverside,Latte,32,4.5,144.0,Coffee,1.1,35.2,108.8,8
2025-08-08,University,Blueberry Muffin,11,2.95,32.45,Bakery,1.1,12.100000000000001,20.35,8
2025-08-08,University,Cappuccino,20,4.25,85.0,Coffee,1.0,20.0,65.0,8
2025-08-08,University,Cold Brew,23,4.75,109.25,Coffee,0.95,21.849999999999998,87.4,8
2025-08-08,University,Croissant,17,3.25,55.25,Bakery,1.3,22.1,33.15,8
2025-08-08,University,Espresso,15,3.0,45.0,Coffee,0.55,8.25,36.75,8
2025-08-08,University,Latte,29,4.5,130.5,Coffee,1.1,31.900000000000002,98.6,8
2025-08-09,Downtown,Blueberry Muffin,27,2.95,79.65,Bakery,1.1,29.700000000000003,49.95,8
2025-08-09,Downtown,Cappuccino,42,4.25,178.5,Coffee,1.0,42.0,136.5,8
2025-08-09,Downtown,Cold Brew,39,4.75,185.25,Coffee,0.95,37.05,148.2,8
2025-08-09,Downtown,Croissant,35,3.25,113.75,Bakery,1.3,45.5,68.25,8
2025-08-09,Downtown,Espresso,31,3.0,93.0,Coffee,0.55,17.05,75.95,8
2025-08-09,Downtown,Latte,57,4.5,256.5,Coffee,1.1,62.7,193.8,8
2025-08-09,Harbor Kiosk,Blueberry Muffin,12,2.95,35.4,Bakery,1.1,13.200000000000001,22.199999999999996,8
2025-08-09,Harbor Kiosk,Cappuccino,23,4.25,97.75,Coffee,1.0,23.0,74.75,8
2025-08-09,Harbor Kiosk,Cold Brew,27,4.75,128.25,Coffee,0.95,25.65,102.6,8
2025-08-09,Harbor Kiosk,Croissant,27,3.25,87.75,Bakery,1.3,35.1,52.65,8
2025-08-09,Harbor Kiosk,Espresso,39,3.0,117.0,Coffee,0.55,21.450000000000003,95.55,8
2025-08-09,Harbor Kiosk,Latte,44,4.5,198.0,Coffee,1.1,48.400000000000006,149.6,8
2025-08-09,Riverside,Blueberry Muffin,19,2.95,56.05,Bakery,1.1,20.900000000000002,35.14999999999999,8
2025-08-09,Riverside,Cappuccino,23,4.25,97.75,Coffee,1.0,23.0,74.75,8
2025-08-09,Riverside,Cold Brew,22,4.75,104.5,Coffee,0.95,20.9,83.6,8
2025-08-09,Riverside,Croissant,22,3.25,71.5,Bakery,1.3,28.6,42.9,8
2025-08-09,Riverside,Espresso,18,3.0,54.0,Coffee,0.55,9.9,44.1,8
2025-08-09,Riverside,Latte,38,4.5,171.0,Coffee,1.1,41.800000000000004,129.2,8
2025-08-09,University,Blueberry Muffin,12,2.95,35.4,Bakery,1.1,13.200000000000001,22.199999999999996,8
2025-08-09,University,Cappuccino,18,4.25,76.5,Coffee,1.0,18.0,58.5,8
2025-08-09,University,Cold Brew,13,4.75,61.75,Coffee,0.95,12.35,49.4,8
2025-08-09,University,Croissant,15,3.25,48.75,Bakery,1.3,19.5,29.25,8
2025-08-09,University,Espresso,13,3.0,39.0,Coffee,0.55,7.15,31.85,8
2025-08-09,University,Latte,22,4.5,99.0,Coffee,1.1,24.200000000000003,74.8,8
2025-08-10,Downtown,Blueberry Muffin,34,2.95,100.3,Bakery,1.1,37.400000000000006,62.89999999999999,8
2025-08-10,Downtown,Cappuccino,41,4.25,174.25,Coffee,1.0,41.0,133.25,8
2025-08-10,Downtown,Cold Brew,39,4.75,185.25,Coffee,0.95,37.05,148.2,8
2025-08-10,Downtown,Croissant,49,3.25,159.25,Bakery,1.3,63.7,95.55,8
2025-08-10,Downtown,Espresso,37,3.0,111.0,Coffee,0.55,20.35,90.65,8
2025-08-10,Downtown,Latte,64,4.5,288.0,Coffee,1.1,70.4,217.6,8
2025-08-10,Harbor Kiosk,Blueberry Muffin,17,2.95,50.15,Bakery,1.1,18.700000000000003,31.449999999999996,8
2025-08-10,Harbor Kiosk,Cappuccino,30,4.25,127.5,Coffee,1.0,30.0,97.5,8
2025-08-10,Harbor Kiosk,Cold Brew,48,4.75,228.0,Coffee,0.95,45.599999999999994,182.4,8
2025-08-10,Harbor Kiosk,Croissant,29,3.25,94.25,Bakery,1.3,37.7,56.55,8
2025-08-10,Harbor Kiosk,Espresso,18,3.0,54.0,Coffee,0.55,9.9,44.1,8
2025-08-10,Harbor Kiosk,Latte,25,4.5,112.5,Coffee,1.1,27.500000000000004,85.0,8
2025-08-10,Riverside,Blueberry Muffin,13,2.95,38.35,Bakery,1.1,14.3,24.05,8
2025-08-10,Riverside,Cappuccino,20,4.25,85.0,Coffee,1.0,20.0,65.0,8
2025-08-10,Riverside,Cold Brew,39,4.75,185.25,Coffee,0.95,37.05,148.2,8
2025-08-10,Riverside,Croissant,22,3.25,71.5,Bakery,1.3,28.6,42.9,8
2025-08-10,Riverside,Espresso,19,3.0,57.0,Coffee,0.55,10.450000000000001,46.55,8
2025-08-10,Riverside,Latte,32,4.5,144.0,Coffee,1.1,35.2,108.8,8
2025-08-10,University,Blueberry Muffin,11,2.95,32.45,Bakery,1.1,12.100000000000001,20.35,8
2025-08-10,University,Cappuccino,17,4.25,72.25,Coffee,1.0,17.0,55.25,8
2025-08-10,University,Cold Brew,13,4.75,61.75,Coffee,0.95,12.35,49.4,8
2025-08-10,University,Croissant,16,3.25,52.0,Bakery,1.3,20.8,31.2,8
2025-08-10,University,Espresso,16,3.0,48.0,Coffee,0.55,8.8,39.2,8
2025-08-10,University,Latte,24,4.5,108.0,Coffee,1.1,26.400000000000002,81.6,8
2025-08-11,Downtown,Blueberry Muffin,23,2.95,67.85,Bakery,1.1,25.3,42.55,8
2025-08-11,Downtown,Cappuccino,31,4.25,131.75,Coffee,1.0,31.0,100.75,8
2025-08-11,Downtown,Cold Brew,33,4.75,156.75,Coffee,0.95,31.349999999999998,125.4,8
2025-08-11,Downtown,Croissant,29,3.25,94.25,Bakery,1.3,37.7,56.55,8
2025-08-11,Downtown,Espresso,29,3.0,87.0,Coffee,0.55,15.950000000000001,71.05,8
2025-08-11,Downtown,Latte,47,4.5,211.5,Coffee,1.1,51.7,159.8,8
2025-08-11,Harbor Kiosk,Blueberry Muffin,8,2.95,23.6,Bakery,1.1,8.8,14.8,8
2025-08-11,Harbor Kiosk,Cappuccino,18,4.25,76.5,Coffee,1.0,18.0,58.5,8
2025-08-11,Harbor Kiosk,Cold Brew,24,4.75,114.0,Coffee,0.95,22.799999999999997,91.2,8
2025-08-11,Harbor Kiosk,Croissant,14,3.25,45.5,Bakery,1.3,18.2,27.3,8
2025-08-11,Harbor Kiosk,Espresso,9,3.0,27.0,Coffee,0.55,4.95,22.05,8
2025-08-11,Harbor Kiosk,Latte,31,4.5,139.5,Coffee,1.1,34.1,105.4,8
2025-08-11,Riverside,Blueberry Muffin,19,2.95,56.05,Bakery,1.1,20.900000000000002,35.14999999999999,8
2025-08-11,Riverside,Cappuccino,26,4.25,110.5,Coffee,1.0,26.0,84.5,8
2025-08-11,Riverside,Cold Brew,23,4.75,109.25,Coffee,0.95,21.849999999999998,87.4,8
2025-08-11,Riverside,Croissant,23,3.25,74.75,Bakery,1.3,29.900000000000002,44.849999999999994,8
2025-08-11,Riverside,Espresso,17,3.0,51.0,Coffee,0.55,9.350000000000001,41.65,8
2025-08-11,Riverside,Latte,31,4.5,139.5,Coffee,1.1,34.1,105.4,8
2025-08-11,University,Blueberry Muffin,17,2.95,50.15,Bakery,1.1,18.700000000000003,31.449999999999996,8
2025-08-11,University,Cappuccino,18,4.25,76.5,Coffee,1.0,18.0,58.5,8
2025-08-11,University,Cold Brew,21,4.75,99.75,Coffee,0.95,19.95,79.8,8
2025-08-11,University,Croissant,22,3.25,71.5,Bakery,1.3,28.6,42.9,8
2025-08-11,University,Espresso,17,3.0,51.0,Coffee,0.55,9.350000000000001,41.65,8
2025-08-11,University,Latte,30,4.5,135.0,Coffee,1.1,33.0,102.0,8
2025-08-12,Downtown,Blueberry Muffin,26,2.95,76.7,Bakery,1.1,28.6,48.1,8
2025-08-12,Downtown,Cappuccino,34,4.25,144.5,Coffee,1.0,34.0,110.5,8
2025-08-12,Downtown,Cold Brew,42,4.75,199.5,Coffee,0.95,39.9,159.6,8
2025-08-12,Downtown,Croissant,33,3.25,107.25,Bakery,1.3,42.9,64.35,8
2025-08-12,Downtown,Espresso,28,3.0,84.0,Coffee,0.55,15.400000000000002,68.6,8
2025-08-12,Downtown,Latte,49,4.5,220.5,Coffee,1.1,53.900000000000006,166.6,8
2025-08-12,Harbor Kiosk,Blueberry Muffin,14,2.95,41.3,Bakery,1.1,15.400000000000002,25.899999999999995,8
2025-08-12,Harbor Kiosk,Cappuccino,11,4.25,46.75,Coffee,1.0,11.0,35.75,8
2025-08-12,Harbor Kiosk,Cold Brew,24,4.75,114.0,Coffee,0.95,22.799999999999997,91.2,8
2025-08-12,Harbor Kiosk,Croissant,14,3.25,45.5,Bakery,1.3,18.2,27.3,8
2025-08-12,Harbor Kiosk,Espresso,8,3.0,24.0,Coffee,0.55,4.4,19.6,8
2025-08-12,Harbor Kiosk,Latte,23,4.5,103.5,Coffee,1.1,25.3,78.2,8
2025-08-12,Riverside,Blueberry Muffin,18,2.95,53.1,Bakery,1.1,19.8,33.3,8
2025-08-12,Riverside,Cappuccino,23,4.25,97.75,Coffee,1.0,23.0,74.75,8
2025-08-12,Riverside,Cold Brew,17,4.75,80.75,Coffee,0.95,16.15,64.6,8
2025-08-12,Riverside,Croissant,22,3.25,71.5,Bakery,1.3,28.6,42.9,8
2025-08-12,Riverside,Espresso,19,3.0,57.0,Coffee,0.55,10.450000000000001,46.55,8
2025-08-12,Riverside,Latte,36,4.5,162.0,Coffee,1.1,39.6,122.4,8
2025-08-12,University,Blueberry Muffin,12,2.95,35.4,Bakery,1.1,13.200000000000001,22.199999999999996,8
2025-08-12,University,Cappuccino,22,4.25,93.5,Coffee,1.0,22.0,71.5,8
2025-08-12,University,Cold Brew,20,4.75,95.0,Coffee,0.95,19.0,76.0,8
2025-08-12,University,Croissant,21,3.25,68.25,Bakery,1.3,27.3,40.95,8
2025-08-12,University,Espresso,19,3.0,57.0,Coffee,0.55,10.450000000000001,46.55,8
2025-08-12,University,Latte,27,4.5,121.5,Coffee,1.1,29.700000000000003,91.8,8
2025-08-13,Downtown,Blueberry Muffin,21,2.95,61.95,Bakery,1.1,23.1,38.85,8
2025-08-13,Downtown,Cappuccino,36,4.25,153.0,Coffee,1.0,36.0,117.0,8
2025-08-13,Downtown,Cold Brew,33,4.75,156.75,Coffee,0.95,31.349999999999998,125.4,8
2025-08-13,Downtown,Croissant,34,3.25,110.5,Bakery,1.3,44.2,66.3,8
2025-08-13,Downtown,Espresso,27,3.0,81.0,Coffee,0.55,14.850000000000001,66.15,8
2025-08-13,Downtown,Latte,51,4.5,229.5,Coffee,1.1,56.1,173.4,8
2025-08-13,Harbor Kiosk,Blueberry Muffin,5,2.95,14.75,Bakery,1.1,5.5,9.25,8
2025-08-13,Harbor Kiosk,Cappuccino,12,4.25,51.0,Coffee,1.0,12.0,39.0,8
2025-08-13,Harbor Kiosk,Cold Brew,21,4.75,99.75,Coffee,0.95,19.95,79.8,8
2025-08-13,Harbor Kiosk,Croissant,16,3.25,52.0,Bakery,1.3,20.8,31.2,8
2025-08-13,Harbor Kiosk,Espresso,19,3.0,57.0,Coffee,0.55,10.450000000000001,46.55,8
2025-08-13,Harbor Kiosk,Latte,29,4.5,130.5,Coffee,1.1,31.900000000000002,98.6,8
2025-08-13,Riverside,Blueberry Muffin,14,2.95,41.3,Bakery,1.1,15.400000000000002,25.899999999999995,8
2025-08-13,Riverside,Cappuccino,17,4.25,72.25,Coffee,1.0,17.0,55.25,8
2025-08-13,Riverside,Cold Brew,26,4.75,123.5,Coffee,0.95,24.7,98.8,8
2025-08-13,Riverside,Croissant,19,3.25,61.75,Bakery,1.3,24.7,37.05,8
2025-08-13,Riverside,Espresso,17,3.0,51.0,Coffee,0.55,9.350000000000001,41.65,8
2025-08-13,Riverside,Latte,31,4.5,139.5,Coffee,1.1,34.1,105.4,8
2025-08-13,University,Blueberry Muffin,15,2.95,44.25,Bakery,1.1,16.5,27.75,8
2025-08-13,University,Cappuccino,19,4.25,80.75,Coffee,1.0,19.0,61.75,8
2025-08-13,University,Cold Brew,16,4.75,76.0,Coffee,0.95,15.2,60.8,8
2025-08-13,University,Croissant,20,3.25,65.0,Bakery,1.3,26.0,39.0,8
2025-08-13,University,Espresso,16,3.0,48.0,Coffee,0.55,8.8,39.2,8
2025-08-13,University,Latte,26,4.5,117.0,Coffee,1.1,28.6,88.4,8
2025-08-14,Downtown,Blueberry Muffin,22,2.95,64.9,Bakery,1.1,24.200000000000003,40.7,8
2025-08-14,Downtown,Cappuccino,35,4.25,148.75,Coffee,1.0,35.0,113.75,8
2025-08-14,Downtown,Cold Brew,29,4.75,137.75,Coffee,0.95,27.549999999999997,110.2,8
2025-08-14,Downtown,Croissant,32,3.25,104.0,Bakery,1.3,41.6,62.4,8
2025-08-14,Downtown,Espresso,29,3.0,87.0,Coffee,0.55,15.950000000000001,71.05,8
2025-08-14,Downtown,Latte,52,4.5,234.0,Coffee,1.1,57.2,176.8,8
2025-08-14,Harbor Kiosk,Blueberry Muffin,11,2.95,32.45,Bakery,1.1,12.100000000000001,20.35,8
2025-08-14,Harbor Kiosk,Cappuccino,13,4.25,55.25,Coffee,1.0,13.0,42.25,8
2025-08-14,Harbor Kiosk,Cold Brew,16,4.75,76.0,Coffee,0.95,15.2,60.8,8
2025-08-14,Harbor Kiosk,Croissant,15,3.25,48.75,Bakery,1.3,19.5,29.25,8
2025-08-14,Harbor Kiosk,Espresso,17,3.0,51.0,Coffee,0.55,9.350000000000001,41.65,8
2025-08-14,Harbor Kiosk,Latte,22,4.5,99.0,Coffee,1.1,24.200000000000003,74.8,8
2025-08-14,Riverside,Blueberry Muffin,19,2.95,56.05,Bakery,1.1,20.900000000000002,35.14999999999999,8
2025-08-14,Riverside,Cappuccino,22,4.25,93.5,Coffee,1.0,22.0,71.5,8
2025-08-14,Riverside,Cold Brew,18,4.75,85.5,Coffee,0.95,17.099999999999998,68.4,8
2025-08-14,Riverside,Croissant,20,3.25,65.0,Bakery,1.3,26.0,39.0,8
2025-08-14,Riverside,Espresso,20,3.0,60.0,Coffee,0.55,11.0,49.0,8
2025-08-14,Riverside,Latte,32,4.5,144.0,Coffee,1.1,35.2,108.8,8
2025-08-14,University,Blueberry Muffin,16,2.95,47.2,Bakery,1.1,17.6,29.6,8
2025-08-14,University,Cappuccino,20,4.25,85.0,Coffee,1.0,20.0,65.0,8
2025-08-14,University,Cold Brew,21,4.75,99.75,Coffee,0.95,19.95,79.8,8
2025-08-14,University,Croissant,19,3.25,61.75,Bakery,1.3,24.7,37.05,8
2025-08-14,University,Espresso,16,3.0,48.0,Coffee,0.55,8.8,39.2,8
2025-08-14,University,Latte,25,4.5,112.5,Coffee,1.1,27.500000000000004,85.0,8
2025-08-15,Downtown,Blueberry Muffin,25,2.95,73.75,Bakery,1.1,27.500000000000004,46.25,8
2025-08-15,Downtown,Cappuccino,36,4.25,153.0,Coffee,1.0,36.0,117.0,8
2025-08-15,Downtown,Cold Brew,33,4.75,156.75,Coffee,0.95,31.349999999999998,125.4,8
2025-08-15,Downtown,Croissant,37,3.25,120.25,Bakery,1.3,48.1,72.15,8
2025-08-15,Downtown,Espresso,36,3.0,108.0,Coffee,0.55,19.8,88.2,8
2025-08-15,Downtown,Latte,56,4.5,252.0,Coffee,1.1,61.60000000000001,190.39999999999998,8
2025-08-15,Harbor Kiosk,Blueberry Muffin,7,2.95,20.65,Bakery,1.1,7.700000000000001,12.949999999999998,8
2025-08-15,Harbor Kiosk,Cappuccino,16,4.25,68.0,Coffee,1.0,16.0,52.0,8
2025-08-15,Harbor Kiosk,Cold Brew,27,4.75,128.25,Coffee,0.95,25.65,102.6,8
2025-08-15,Harbor Kiosk,Croissant,15,3.25,48.75,Bakery,1.3,19.5,29.25,8
2025-08-15,Harbor Kiosk,Espresso,15,3.0,45.0,Coffee,0.55,8.25,36.75,8
2025-08-15,Harbor Kiosk,Latte,22,4.5,99.0,Coffee,1.1,24.200000000000003,74.8,8
2025-08-15,Riverside,Blueberry Muffin,13,2.95,38.35,Bakery,1.1,14.3,24.05,8
2025-08-15,Riverside,Cappuccino,22,4.25,93.5,Coffee,1.0,22.0,71.5,8
2025-08-15,Riverside,Cold Brew,22,4.75,104.5,Coffee,0.95,20.9,83.6,8
2025-08-15,Riverside,Croissant,22,3.25,71.5,Bakery,1.3,28.6,42.9,8
2025-08-15,Riverside,Espresso,19,3.0,57.0,Coffee,0.55,10.450000000000001,46.55,8
2025-08-15,Riverside,Latte,29,4.5,130.5,Coffee,1.1,31.900000000000002,98.6,8
2025-08-15,University,Blueberry Muffin,15,2.95,44.25,Bakery,1.1,16.5,27.75,8
2025-08-15,University,Cappuccino,22,4.25,93.5,Coffee,1.0,22.0,71.5,8
2025-08-15,University,Cold Brew,21,4.75,99.75,Coffee,0.95,19.95,79.8,8
2025-08-15,University,Croissant,21,3.25,68.25,Bakery,1.3,27.3,40.95,8
2025-08-15,University,Espresso,20,3.0,60.0,Coffee,0.55,11.0,49.0,8
2025-08-15,University,Latte,32,4.5,144.0,Coffee,1.1,35.2,108.8,8
2025-08-16,Downtown,Blueberry Muffin,31,2.95,91.45,Bakery,1.1,34.1,57.35,8
2025-08-16,Downtown,Cappuccino,48,4.25,204.0,Coffee,1.0,48.0,156.0,8
2025-08-16,Downtown,Cold Brew,37,4.75,175.75,Coffee,0.95,35.15,140.6,8
2025-08-16,Downtown,Croissant,41,3.25,133.25,Bakery,1.3,53.300000000000004,79.94999999999999,8
2025-08-16,Downtown,Espresso,41,3.0,123.0,Coffee,0.55,22.55,100.45,8
2025-08-16,Downtown,Latte,70,4.5,315.0,Coffee,1.1,77.0,238.0,8
2025-08-16,Harbor Kiosk,Blueberry Muffin,23,2.95,67.85,Bakery,1.1,25.3,42.55,8
2025-08-16,Harbor Kiosk,Cappuccino,39,4.25,165.75,Coffee,1.0,39.0,126.75,8
2025-08-16,Harbor Kiosk,Cold Brew,35,4.75,166.25,Coffee,0.95,33.25,133.0,8
2025-08-16,Harbor Kiosk,Croissant,21,3.25,68.25,Bakery,1.3,27.3,40.95,8
2025-08-16,Harbor Kiosk,Espresso,23,3.0,69.0,Coffee,0.55,12.65,56.35,8
2025-08-16,Harbor Kiosk,Latte,46,4.5,207.0,Coffee,1.1,50.6,156.4,8
2025-08-16,Riverside,Blueberry Muffin,17,2.95,50.15,Bakery,1.1,18.700000000000003,31.449999999999996,8
2025-08-16,Riverside,Cappuccino,29,4.25,123.25,Coffee,1.0,29.0,94.25,8
2025-08-16,Riverside,Cold Brew,23,4.75,109.25,Coffee,0.95,21.849999999999998,87.4,8
2025-08-16,Riverside,Croissant,26,3.25,84.5,Bakery,1.3,33.800000000000004,50.699999999999996,8
2025-08-16,Riverside,Espresso,19,3.0,57.0,Coffee,0.55,10.450000000000001,46.55,8
2025-08-16,Riverside,Latte,36,4.5,162.0,Coffee,1.1,39.6,122.4,8
2025-08-16,University,Blueberry Muffin,15,2.95,44.25,Bakery,1.1,16.5,27.75,8
2025-08-16,University,Cappuccino,17,4.25,72.25,Coffee,1.0,17.0,55.25,8
2025-08-16,University,Cold Brew,12,4.75,57.0,Coffee,0.95,11.399999999999999,45.6,8
2025-08-16,University,Croissant,17,3.25,55.25,Bakery,1.3,22.1,33.15,8
2025-08-16,University,Espresso,15,3.0,45.0,Coffee,0.55,8.25,36.75,8
2025-08-16,University,Latte,26,4.5,117.0,Coffee,1.1,28.6,88.4,8
2025-08-17,Downtown,Blueberry Muffin,30,2.95,88.5,Bakery,1.1,33.0,55.5,8
2025-08-17,Downtown,Cappuccino,43,4.25,182.75,Coffee,1.0,43.0,139.75,8
2025-08-17,Downtown,Cold Brew,39,4.75,185.25,Coffee,0.95,37.05,148.2,8
2025-08-17,Downtown,Croissant,42,3.25,136.5,Bakery,1.3,54.6,81.9,8
2025-08-17,Downtown,Espresso,39,3.0,117.0,Coffee,0.55,21.450000000000003,95.55,8
2025-08-17,Downtown,Latte,57,4.5,256.5,Coffee,1.1,62.7,193.8,8
2025-08-17,Harbor Kiosk,Blueberry Muffin,16,2.95,47.2,Bakery,1.1,17.6,29.6,8
2025-08-17,Harbor Kiosk,Cappuccino,33,4.25,140.25,Coffee,1.0,33.0,107.25,8
2025-08-17,Harbor Kiosk,Cold Brew,44,4.75,209.0,Coffee,0.95,41.8,167.2,8
2025-08-17,Harbor Kiosk,Croissant,29,3.25,94.25,Bakery,1.3,37.7,56.55,8
2025-08-17,Harbor Kiosk,Espresso,18,3.0,54.0,Coffee,0.55,9.9,44.1,8
2025-08-17,Harbor Kiosk,Latte,40,4.5,180.0,Coffee,1.1,44.0,136.0,8
2025-08-17,Riverside,Blueberry Muffin,22,2.95,64.9,Bakery,1.1,24.200000000000003,40.7,8
2025-08-17,Riverside,Cappuccino,30,4.25,127.5,Coffee,1.0,30.0,97.5,8
2025-08-17,Riverside,Cold Brew,30,4.75,142.5,Coffee,0.95,28.5,114.0,8
2025-08-17,Riverside,Croissant,25,3.25,81.25,Bakery,1.3,32.5,48.75,8
2025-08-17,Riverside,Espresso,25,3.0,75.0,Coffee,0.55,13.750000000000002,61.25,8
2025-08-17,Riverside,Latte,40,4.5,180.0,Coffee,1.1,44.0,136.0,8
2025-08-17,University,Blueberry Muffin,11,2.95,32.45,Bakery,1.1,12.100000000000001,20.35,8
2025-08-17,University,Cappuccino,13,4.25,55.25,Coffee,1.0,13.0,42.25,8
2025-08-17,University,Cold Brew,10,4.75,47.5,Coffee,0.95,9.5,38.0,8
2025-08-17,University,Croissant,13,3.25,42.25,Bakery,1.3,16.900000000000002,25.349999999999998,8
2025-08-17,University,Espresso,11,3.0,33.0,Coffee,0.55,6.050000000000001,26.95,8
2025-08-17,University,Latte,22,4.5,99.0,Coffee,1.1,24.200000000000003,74.8,8
2025-08-18,Downtown,Blueberry Muffin,24,2.95,70.8,Bakery,1.1,26.400000000000002,44.39999999999999,8
2025-08-18,Downtown,Cappuccino,36,4.25,153.0,Coffee,1.0,36.0,117.0,8
2025-08-18,Downtown,Cold Brew,30,4.75,142.5,Coffee,0.95,28.5,114.0,8
2025-08-18,Downtown,Croissant,32,3.25,104.0,Bakery,1.3,41.6,62.4,8
2025-08-18,Downtown,Espresso,26,3.0,78.0,Coffee,0.55,14.3,63.7,8
2025-08-18,Downtown,Latte,46,4.5,207.0,Coffee,1.1,50.6,156.4,8
2025-08-18,Harbor Kiosk,Blueberry Muffin,7,2.95,20.65,Bakery,1.1,7.700000000000001,12.949999999999998,8
2025-08-18,Harbor Kiosk,Cappuccino,17,4.25,72.25,Coffee,1.0,17.0,55.25,8
2025-08-18,Harbor Kiosk,Cold Brew,15,4.75,71.25,Coffee,0.95,14.25,57.0,8
2025-08-18,Harbor Kiosk,Croissant,13,3.25,42.25,Bakery,1.3,16.900000000000002,25.349999999999998,8
2025-08-18,Harbor Kiosk,Espresso,16,3.0,48.0,Coffee,0.55,8.8,39.2,8
2025-08-18,Harbor Kiosk,Latte,23,4.5,103.5,Coffee,1.1,25.3,78.2,8
2025-08-18,Riverside,Blueberry Muffin,14,2.95,41.3,Bakery,1.1,15.400000000000002,25.899999999999995,8
2025-08-18,Riverside,Cappuccino,20,4.25,85.0,Coffee,1.0,20.0,65.0,8
2025-08-18,Riverside,Cold Brew,22,4.75,104.5,Coffee,0.95,20.9,83.6,8
2025-08-18,Riverside,Croissant,20,3.25,65.0,Bakery,1.3,26.0,39.0,8
2025-08-18,Riverside,Espresso,15,3.0,45.0,Coffee,0.55,8.25,36.75,8
2025-08-18,Riverside,Latte,26,4.5,117.0,Coffee,1.1,28.6,88.4,8
2025-08-18,University,Blueberry Muffin,19,2.95,56.05,Bakery,1.1,20.900000000000002,35.14999999999999,8
2025-08-18,University,Cappuccino,20,4.25,85.0,Coffee,1.0,20.0,65.0,8
2025-08-18,University,Cold Brew,18,4.75,85.5,Coffee,0.95,17.099999999999998,68.4,8
2025-08-18,University,Croissant,19,3.25,61.75,Bakery,1.3,24.7,37.05,8
2025-08-18,University,Espresso,17,3.0,51.0,Coffee,0.55,9.350000000000001,41.65,8
2025-08-18,University,Latte,30,4.5,135.0,Coffee,1.1,33.0,102.0,8
2025-08-19,Downtown,Blueberry Muffin,26,2.95,76.7,Bakery,1.1,28.6,48.1,8
2025-08-19,Downtown,Cappuccino,31,4.25,131.75,Coffee,1.0,31.0,100.75,8
2025-08-19,Downtown,Cold Brew,36,4.75,171.0,Coffee,0.95,34.199999999999996,136.8,8
2025-08-19,Downtown,Croissant,32,3.25,104.0,Bakery,1.3,41.6,62.4,8
2025-08-19,Downtown,Espresso,24,3.0,72.0,Coffee,0.55,13.200000000000001,58.8,8
2025-08-19,Downtown,Latte,47,4.5,211.5,Coffee,1.1,51.7,159.8,8
2025-08-19,Harbor Kiosk,Blueberry Muffin,10,2.95,29.5,Bakery,1.1,11.0,18.5,8
2025-08-19,Harbor Kiosk,Cappuccino,11,4.25,46.75,Coffee,1.0,11.0,35.75,8
2025-08-19,Harbor Kiosk,Cold Brew,12,4.75,57.0,Coffee,0.95,11.399999999999999,45.6,8
2025-08-19,Harbor Kiosk,Croissant,11,3.25,35.75,Bakery,1.3,14.3,21.45,8
2025-08-19,Harbor Kiosk,Espresso,13,3.0,39.0,Coffee,0.55,7.15,31.85,8
2025-08-19,Harbor Kiosk,Latte,28,4.5,126.0,Coffee,1.1,30.800000000000004,95.19999999999999,8
2025-08-19,Riverside,Blueberry Muffin,15,2.95,44.25,Bakery,1.1,16.5,27.75,8
2025-08-19,Riverside,Cappuccino,18,4.25,76.5,Coffee,1.0,18.0,58.5,8
2025-08-19,Riverside,Cold Brew,14,4.75,66.5,Coffee,0.95,13.299999999999999,53.2,8
2025-08-19,Riverside,Croissant,17,3.25,55.25,Bakery,1.3,22.1,33.15,8
2025-08-19,Riverside,Espresso,14,3.0,42.0,Coffee,0.55,7.700000000000001,34.3,8
2025-08-19,Riverside,Latte,25,4.5,112.5,Coffee,1.1,27.500000000000004,85.0,8
2025-08-19,University,Blueberry Muffin,12,2.95,35.4,Bakery,1.1,13.200000000000001,22.199999999999996,8
2025-08-19,University,Cappuccino,19,4.25,80.75,Coffee,1.0,19.0,61.75,8
2025-08-19,University,Cold Brew,16,4.75,76.0,Coffee,0.95,15.2,60.8,8
2025-08-19,University,Croissant,19,3.25,61.75,Bakery,1.3,24.7,37.05,8
2025-08-19,University,Espresso,16,3.0,48.0,Coffee,0.55,8.8,39.2,8
2025-08-19,University,Latte,27,4.5,121.5,Coffee,1.1,29.700000000000003,91.8,8
2025-08-20,Downtown,Blueberry Muffin,23,2.95,67.85,Bakery,1.1,25.3,42.55,8
2025-08-20,Downtown,Cappuccino,41,4.25,174.25,Coffee,1.0,41.0,133.25,8
2025-08-20,Downtown,Cold Brew,35,4.75,166.25,Coffee,0.95,33.25,133.0,8
2025-08-20,Downtown,Croissant,42,3.25,136.5,Bakery,1.3,54.6,81.9,8
2025-08-20,Downtown,Espresso,32,3.0,96.0,Coffee,0.55,17.6,78.4,8
2025-08-20,Downtown,Latte,52,4.5,234.0,Coffee,1.1,57.2,176.8,8
2025-08-20,Harbor Kiosk,Blueberry Muffin,10,2.95,29.5,Bakery,1.1,11.0,18.5,8
2025-08-20,Harbor Kiosk,Cappuccino,22,4.25,93.5,Coffee,1.0,22.0,71.5,8
2025-08-20,Harbor Kiosk,Cold Brew,21,4.75,99.75,Coffee,0.95,19.95,79.8,8
2025-08-20,Harbor Kiosk,Croissant,18,3.25,58.5,Bakery,1.3,23.400000000000002,35.099999999999994,8
2025-08-20,Harbor Kiosk,Espresso,17,3.0,51.0,Coffee,0.55,9.350000000000001,41.65,8
2025-08-20,Harbor Kiosk,Latte,28,4.5,126.0,Coffee,1.1,30.800000000000004,95.19999999999999,8
2025-08-20,Riverside,Blueberry Muffin,17,2.95,50.15,Bakery,1.1,18.700000000000003,31.449999999999996,8
2025-08-20,Riverside,Cappuccino,19,4.25,80.75,Coffee,1.0,19.0,61.75,8
2025-08-20,Riverside,Cold Brew,16,4.75,76.0,Coffee,0.95,15.2,60.8,8
2025-08-20,Riverside,Croissant,19,3.25,61.75,Bakery,1.3,24.7,37.05,8
2025-08-20,Riverside,Espresso,18,3.0,54.0,Coffee,0.55,9.9,44.1,8
2025-08-20,Riverside,Latte,30,4.5,135.0,Coffee,1.1,33.0,102.0,8
2025-08-20,University,Blueberry Muffin,15,2.95,44.25,Bakery,1.1,16.5,27.75,8
2025-08-20,University,Cappuccino,24,4.25,102.0,Coffee,1.0,24.0,78.0,8
2025-08-20,University,Cold Brew,19,4.75,90.25,Coffee,0.95,18.05,72.2,8
2025-08-20,University,Croissant,20,3.25,65.0,Bakery,1.3,26.0,39.0,8
2025-08-20,University,Espresso,18,3.0,54.0,Coffee,0.55,9.9,44.1,8
2025-08-20,University,Latte,34,4.5,153.0,Coffee,1.1,37.400000000000006,115.6,8
2025-08-21,Downtown,Blueberry Muffin,17,2.95,50.15,Bakery,1.1,18.700000000000003,31.449999999999996,8
2025-08-21,Downtown,Cappuccino,30,4.25,127.5,Coffee,1.0,30.0,97.5,8
2025-08-21,Downtown,Cold Brew,35,4.75,166.25,Coffee,0.95,33.25,133.0,8
2025-08-21,Downtown,Croissant,26,3.25,84.5,Bakery,1.3,33.800000000000004,50.699999999999996,8
2025-08-21,Downtown,Espresso,26,3.0,78.0,Coffee,0.55,14.3,63.7,8
2025-08-21,Downtown,Latte,43,4.5,193.5,Coffee,1.1,47.300000000000004,146.2,8
2025-08-21,Harbor Kiosk,Blueberry Muffin,11,2.95,32.45,Bakery,1.1,12.100000000000001,20.35,8
2025-08-21,Harbor Kiosk,Cappuccino,14,4.25,59.5,Coffee,1.0,14.0,45.5,8
2025-08-21,Harbor Kiosk,Cold Brew,21,4.75,99.75,Coffee,0.95,19.95,79.8,8
2025-08-21,Harbor Kiosk,Croissant,15,3.25,48.75,Bakery,1.3,19.5,29.25,8
2025-08-21,Harbor Kiosk,Espresso,9,3.0,27.0,Coffee,0.55,4.95,22.05,8
2025-08-21,Harbor Kiosk,Latte,18,4.5,81.0,Coffee,1.1,19.8,61.2,8
2025-08-21,Riverside,Blueberry Muffin,11,2.95,32.45,Bakery,1.1,12.100000000000001,20.35,8
2025-08-21,Riverside,Cappuccino,19,4.25,80.75,Coffee,1.0,19.0,61.75,8
2025-08-21,Riverside,Cold Brew,18,4.75,85.5,Coffee,0.95,17.099999999999998,68.4,8
2025-08-21,Riverside,Croissant,18,3.25,58.5,Bakery,1.3,23.400000000000002,35.099999999999994,8
2025-08-21,Riverside,Espresso,16,3.0,48.0,Coffee,0.55,8.8,39.2,8
2025-08-21,Riverside,Latte,24,4.5,108.0,Coffee,1.1,26.400000000000002,81.6,8
2025-08-21,University,Blueberry Muffin,16,2.95,47.2,Bakery,1.1,17.6,29.6,8
2025-08-21,University,Cappuccino,24,4.25,102.0,Coffee,1.0,24.0,78.0,8
2025-08-21,University,Cold Brew,25,4.75,118.75,Coffee,0.95,23.75,95.0,8
2025-08-21,University,Croissant,21,3.25,68.25,Bakery,1.3,27.3,40.95,8
2025-08-21,University,Espresso,22,3.0,66.0,Coffee,0.55,12.100000000000001,53.9,8
2025-08-21,University,Latte,32,4.5,144.0,Coffee,1.1,35.2,108.8,8
2025-08-22,Downtown,Blueberry Muffin,28,2.95,82.6,Bakery,1.1,30.800000000000004,51.79999999999999,8
2025-08-22,Downtown,Cappuccino,38,4.25,161.5,Coffee,1.0,38.0,123.5,8
2025-08-22,Downtown,Cold Brew,26,4.75,123.5,Coffee,0.95,24.7,98.8,8
2025-08-22,Downtown,Croissant,34,3.25,110.5,Bakery,1.3,44.2,66.3,8
2025-08-22,Downtown,Espresso,32,3.0,96.0,Coffee,0.55,17.6,78.4,8
2025-08-22,Downtown,Latte,51,4.5,229.5,Coffee,1.1,56.1,173.4,8
2025-08-22,Harbor Kiosk,Blueberry Muffin,4,2.95,11.8,Bakery,1.1,4.4,7.4,8
2025-08-22,Harbor Kiosk,Cappuccino,12,4.25,51.0,Coffee,1.0,12.0,39.0,8
2025-08-22,Harbor Kiosk,Cold Brew,19,4.75,90.25,Coffee,0.95,18.05,72.2,8
2025-08-22,Harbor Kiosk,Croissant,16,3.25,52.0,Bakery,1.3,20.8,31.2,8
2025-08-22,Harbor Kiosk,Espresso,15,3.0,45.0,Coffee,0.55,8.25,36.75,8
2025-08-22,Harbor Kiosk,Latte,25,4.5,112.5,Coffee,1.1,27.500000000000004,85.0,8
2025-08-22,Riverside,Blueberry Muffin,16,2.95,47.2,Bakery,1.1,17.6,29.6,8
2025-08-22,Riverside,Cappuccino,20,4.25,85.0,Coffee,1.0,20.0,65.0,8
2025-08-22,Riverside,Cold Brew,15,4.75,71.25,Coffee,0.95,14.25,57.0,8
2025-08-22,Riverside,Croissant,18,3.25,58.5,Bakery,1.3,23.400000000000002,35.099999999999994,8
2025-08-22,Riverside,Espresso,17,3.0,51.0,Coffee,0.55,9.350000000000001,41.65,8
2025-08-22,Riverside,Latte,29,4.5,130.5,Coffee,1.1,31.900000000000002,98.6,8
2025-08-22,University,Blueberry Muffin,17,2.95,50.15,Bakery,1.1,18.700000000000003,31.449999999999996,8
2025-08-22,University,Cappuccino,20,4.25,85.0,Coffee,1.0,20.0,65.0,8
2025-08-22,University,Cold Brew,22,4.75,104.5,Coffee,0.95,20.9,83.6,8
2025-08-22,University,Croissant,20,3.25,65.0,Bakery,1.3,26.0,39.0,8
2025-08-22,University,Espresso,16,3.0,48.0,Coffee,0.55,8.8,39.2,8
2025-08-22,University,Latte,31,4.5,139.5,Coffee,1.1,34.1,105.4,8
2025-08-23,Downtown,Blueberry Muffin,21,2.95,61.95,Bakery,1.1,23.1,38.85,8
2025-08-23,Downtown,Cappuccino,38,4.25,161.5,Coffee,1.0,38.0,123.5,8
2025-08-23,Downtown,Cold Brew,42,4.75,199.5,Coffee,0.95,39.9,159.6,8
2025-08-23,Downtown,Croissant,41,3.25,133.25,Bakery,1.3,53.300000000000004,79.94999999999999,8
2025-08-23,Downtown,Espresso,35,3.0,105.0,Coffee,0.55,19.25,85.75,8
2025-08-23,Downtown,Latte,62,4.5,279.0,Coffee,1.1,68.2,210.8,8
2025-08-23,Harbor Kiosk,Blueberry Muffin,21,2.95,61.95,Bakery,1.1,23.1,38.85,8
2025-08-23,Harbor Kiosk,Cappuccino,26,4.25,110.5,Coffee,1.0,26.0,84.5,8
2025-08-23,Harbor Kiosk,Cold Brew,32,4.75,152.0,Coffee,0.95,30.4,121.6,8
2025-08-23,Harbor Kiosk,Croissant,26,3.25,84.5,Bakery,1.3,33.800000000000004,50.699999999999996,8
2025-08-23,Harbor Kiosk,Espresso,28,3.0,84.0,Coffee,0.55,15.400000000000002,68.6,8
2025-08-23,Harbor Kiosk,Latte,39,4.5,175.5,Coffee,1.1,42.900000000000006,132.6,8
2025-08-23,Riverside,Blueberry Muffin,17,2.95,50.15,Bakery,1.1,18.700000000000003,31.449999999999996,8
2025-08-23,Riverside,Cappuccino,21,4.25,89.25,Coffee,1.0,21.0,68.25,8
2025-08-23,Riverside,Cold Brew,27,4.75,128.25,Coffee,0.95,25.65,102.6,8
2025-08-23,Riverside,Croissant,23,3.25,74.75,Bakery,1.3,29.900000000000002,44.849999999999994,8
2025-08-23,Riverside,Espresso,20,3.0,60.0,Coffee,0.55,11.0,49.0,8
2025-08-23,Riverside,Latte,34,4.5,153.0,Coffee,1.1,37.400000000000006,115.6,8
2025-08-23,University,Blueberry Muffin,12,2.95,35.4,Bakery,1.1,13.200000000000001,22.199999999999996,8
2025-08-23,University,Cappuccino,16,4.25,68.0,Coffee,1.0,16.0,52.0,8
2025-08-23,University,Cold Brew,17,4.75,80.75,Coffee,0.95,16.15,64.6,8
2025-08-23,University,Croissant,13,3.25,42.25,Bakery,1.3,16.900000000000002,25.349999999999998,8
2025-08-23,University,Espresso,12,3.0,36.0,Coffee,0.55,6.6000000000000005,29.4,8
2025-08-23,University,Latte,22,4.5,99.0,Coffee,1.1,24.200000000000003,74.8,8
2025-08-24,Downtown,Blueberry Muffin,30,2.95,88.5,Bakery,1.1,33.0,55.5,8
2025-08-24,Downtown,Cappuccino,47,4.25,199.75,Coffee,1.0,47.0,152.75,8
2025-08-24,Downtown,Cold Brew,35,4.75,166.25,Coffee,0.95,33.25,133.0,8
2025-08-24,Downtown,Croissant,38,3.25,123.5,Bakery,1.3,49.4,74.1,8
2025-08-24,Downtown,Espresso,39,3.0,117.0,Coffee,0.55,21.450000000000003,95.55,8
2025-08-24,Downtown,Latte,62,4.5,279.0,Coffee,1.1,68.2,210.8,8
2025-08-24,Harbor Kiosk,Blueberry Muffin,20,2.95,59.0,Bakery,1.1,22.0,37.0,8
2025-08-24,Harbor Kiosk,Cappuccino,22,4.25,93.5,Coffee,1.0,22.0,71.5,8
2025-08-24,Harbor Kiosk,Cold Brew,32,4.75,152.0,Coffee,0.95,30.4,121.6,8
2025-08-24,Harbor Kiosk,Croissant,31,3.25,100.75,Bakery,1.3,40.300000000000004,60.449999999999996,8
2025-08-24,Harbor Kiosk,Espresso,18,3.0,54.0,Coffee,0.55,9.9,44.1,8
2025-08-24,Harbor Kiosk,Latte,37,4.5,166.5,Coffee,1.1,40.7,125.8,8
2025-08-24,Riverside,Blueberry Muffin,15,2.95,44.25,Bakery,1.1,16.5,27.75,8
2025-08-24,Riverside,Cappuccino,26,4.25,110.5,Coffee,1.0,26.0,84.5,8
2025-08-24,Riverside,Cold Brew,26,4.75,123.5,Coffee,0.95,24.7,98.8,8
2025-08-24,Riverside,Croissant,23,3.25,74.75,Bakery,1.3,29.900000000000002,44.849999999999994,8
2025-08-24,Riverside,Espresso,21,3.0,63.0,Coffee,0.55,11.55,51.45,8
2025-08-24,Riverside,Latte,36,4.5,162.0,Coffee,1.1,39.6,122.4,8
2025-08-24,University,Blueberry Muffin,9,2.95,26.55,Bakery,1.1,9.9,16.65,8
2025-08-24,University,Cappuccino,16,4.25,68.0,Coffee,1.0,16.0,52.0,8
2025-08-24,University,Cold Brew,16,4.75,76.0,Coffee,0.95,15.2,60.8,8
2025-08-24,University,Croissant,15,3.25,48.75,Bakery,1.3,19.5,29.25,8
2025-08-24,University,Espresso,13,3.0,39.0,Coffee,0.55,7.15,31.85,8
2025-08-24,University,Latte,24,4.5,108.0,Coffee,1.1,26.400000000000002,81.6,8
2025-08-25,Downtown,Blueberry Muffin,25,2.95,73.75,Bakery,1.1,27.500000000000004,46.25,8
2025-08-25,Downtown,Cappuccino,38,4.25,161.5,Coffee,1.0,38.0,123.5,8
2025-08-25,Downtown,Cold Brew,31,4.75,147.25,Coffee,0.95,29.45,117.8,8
2025-08-25,Downtown,Croissant,31,3.25,100.75,Bakery,1.3,40.300000000000004,60.449999999999996,8
2025-08-25,Downtown,Espresso,32,3.0,96.0,Coffee,0.55,17.6,78.4,8
2025-08-25,Downtown,Latte,48,4.5,216.0,Coffee,1.1,52.800000000000004,163.2,8
2025-08-25,Harbor Kiosk,Blueberry Muffin,15,2.95,44.25,Bakery,1.1,16.5,27.75,8
2025-08-25,Harbor Kiosk,Cappuccino,13,4.25,55.25,Coffee,1.0,13.0,42.25,8
2025-08-25,Harbor Kiosk,Cold Brew,26,4.75,123.5,Coffee,0.95,24.7,98.8,8
2025-08-25,Harbor Kiosk,Croissant,20,3.25,65.0,Bakery,1.3,26.0,39.0,8
2025-08-25,Harbor Kiosk,Espresso,10,3.0,30.0,Coffee,0.55,5.5,24.5,8
2025-08-25,Harbor Kiosk,Latte,22,4.5,99.0,Coffee,1.1,24.200000000000003,74.8,8
2025-08-25,Riverside,Blueberry Muffin,14,2.95,41.3,Bakery,1.1,15.400000000000002,25.899999999999995,8
2025-08-25,Riverside,Cappuccino,20,4.25,85.0,Coffee,1.0,20.0,65.0,8
2025-08-25,Riverside,Cold Brew,18,4.75,85.5,Coffee,0.95,17.099999999999998,68.4,8
2025-08-25,Riverside,Croissant,17,3.25,55.25,Bakery,1.3,22.1,33.15,8
2025-08-25,Riverside,Espresso,18,3.0,54.0,Coffee,0.55,9.9,44.1,8
2025-08-25,Riverside,Latte,30,4.5,135.0,Coffee,1.1,33.0,102.0,8
2025-08-25,University,Blueberry Muffin,15,2.95,44.25,Bakery,1.1,16.5,27.75,8
2025-08-25,University,Cappuccino,23,4.25,97.75,Coffee,1.0,23.0,74.75,8
2025-08-25,University,Cold Brew,25,4.75,118.75,Coffee,0.95,23.75,95.0,8
2025-08-25,University,Croissant,20,3.25,65.0,Bakery,1.3,26.0,39.0,8
2025-08-25,University,Espresso,18,3.0,54.0,Coffee,0.55,9.9,44.1,8
2025-08-25,University,Latte,31,4.5,139.5,Coffee,1.1,34.1,105.4,8
2025-08-26,Downtown,Blueberry Muffin,25,2.95,73.75,Bakery,1.1,27.500000000000004,46.25,8
2025-08-26,Downtown,Cappuccino,34,4.25,144.5,Coffee,1.0,34.0,110.5,8
2025-08-26,Downtown,Cold Brew,33,4.75,156.75,Coffee,0.95,31.349999999999998,125.4,8
2025-08-26,Downtown,Croissant,35,3.25,113.75,Bakery,1.3,45.5,68.25,8
2025-08-26,Downtown,Espresso,32,3.0,96.0,Coffee,0.55,17.6,78.4,8
2025-08-26,Downtown,Latte,53,4.5,238.5,Coffee,1.1,58.300000000000004,180.2,8
2025-08-26,Harbor Kiosk,Blueberry Muffin,11,2.95,32.45,Bakery,1.1,12.100000000000001,20.35,8
2025-08-26,Harbor Kiosk,Cappuccino,9,4.25,38.25,Coffee,1.0,9.0,29.25,8
2025-08-26,Harbor Kiosk,Cold Brew,26,4.75,123.5,Coffee,0.95,24.7,98.8,8
2025-08-26,Harbor Kiosk,Croissant,21,3.25,68.25,Bakery,1.3,27.3,40.95,8
2025-08-26,Harbor Kiosk,Espresso,10,3.0,30.0,Coffee,0.55,5.5,24.5,8
2025-08-26,Harbor Kiosk,Latte,16,4.5,72.0,Coffee,1.1,17.6,54.4,8
2025-08-26,Riverside,Blueberry Muffin,11,2.95,32.45,Bakery,1.1,12.100000000000001,20.35,8
2025-08-26,Riverside,Cappuccino,21,4.25,89.25,Coffee,1.0,21.0,68.25,8
2025-08-26,Riverside,Cold Brew,14,4.75,66.5,Coffee,0.95,13.299999999999999,53.2,8
2025-08-26,Riverside,Croissant,20,3.25,65.0,Bakery,1.3,26.0,39.0,8
2025-08-26,Riverside,Espresso,17,3.0,51.0,Coffee,0.55,9.350000000000001,41.65,8
2025-08-26,Riverside,Latte,27,4.5,121.5,Coffee,1.1,29.700000000000003,91.8,8
2025-08-26,University,Blueberry Muffin,16,2.95,47.2,Bakery,1.1,17.6,29.6,8
2025-08-26,University,Cappuccino,24,4.25,102.0,Coffee,1.0,24.0,78.0,8
2025-08-26,University,Cold Brew,20,4.75,95.0,Coffee,0.95,19.0,76.0,8
2025-08-26,University,Croissant,22,3.25,71.5,Bakery,1.3,28.6,42.9,8
2025-08-26,University,Espresso,17,3.0,51.0,Coffee,0.55,9.350000000000001,41.65,8
2025-08-26,University,Latte,32,4.5,144.0,Coffee,1.1,35.2,108.8,8
2025-08-27,Downtown,Blueberry Muffin,28,2.95,82.6,Bakery,1.1,30.800000000000004,51.79999999999999,8
2025-08-27,Downtown,Cappuccino,30,4.25,127.5,Coffee,1.0,30.0,97.5,8
2025-08-27,Downtown,Cold Brew,32,4.75,152.0,Coffee,0.95,30.4,121.6,8
2025-08-27,Downtown,Croissant,34,3.25,110.5,Bakery,1.3,44.2,66.3,8
2025-08-27,Downtown,Espresso,28,3.0,84.0,Coffee,0.55,15.400000000000002,68.6,8
2025-08-27,Downtown,Latte,47,4.5,211.5,Coffee,1.1,51.7,159.8,8
2025-08-27,Harbor Kiosk,Blueberry Muffin,10,2.95,29.5,Bakery,1.1,11.0,18.5,8
2025-08-27,Harbor Kiosk,Cappuccino,17,4.25,72.25,Coffee,1.0,17.0,55.25,8
2025-08-27,Harbor Kiosk,Cold Brew,24,4.75,114.0,Coffee,0.95,22.799999999999997,91.2,8
2025-08-27,Harbor Kiosk,Croissant,15,3.25,48.75,Bakery,1.3,19.5,29.25,8
2025-08-27,Harbor Kiosk,Espresso,22,3.0,66.0,Coffee,0.55,12.100000000000001,53.9,8
2025-08-27,Harbor Kiosk,Latte,16,4.5,72.0,Coffee,1.1,17.6,54.4,8
2025-08-27,Riverside,Blueberry Muffin,17,2.95,50.15,Bakery,1.1,18.700000000000003,31.449999999999996,8
2025-08-27,Riverside,Cappuccino,19,4.25,80.75,Coffee,1.0,19.0,61.75,8
2025-08-27,Riverside,Cold Brew,18,4.75,85.5,Coffee,0.95,17.099999999999998,68.4,8
2025-08-27,Riverside,Croissant,21,3.25,68.25,Bakery,1.3,27.3,40.95,8
2025-08-27,Riverside,Espresso,18,3.0,54.0,Coffee,0.55,9.9,44.1,8
2025-08-27,Riverside,Latte,31,4.5,139.5,Coffee,1.1,34.1,105.4,8
2025-08-27,University,Blueberry Muffin,17,2.95,50.15,Bakery,1.1,18.700000000000003,31.449999999999996,8
2025-08-27,University,Cappuccino,23,4.25,97.75,Coffee,1.0,23.0,74.75,8
2025-08-27,University,Cold Brew,21,4.75,99.75,Coffee,0.95,19.95,79.8,8
2025-08-27,University,Croissant,20,3.25,65.0,Bakery,1.3,26.0,39.0,8
2025-08-27,University,Espresso,18,3.0,54.0,Coffee,0.55,9.9,44.1,8
2025-08-27,University,Latte,31,4.5,139.5,Coffee,1.1,34.1,105.4,8
2025-08-28,Downtown,Blueberry Muffin,27,2.95,79.65,Bakery,1.1,29.700000000000003,49.95,8
2025-08-28,Downtown,Cappuccino,33,4.25,140.25,Coffee,1.0,33.0,107.25,8
2025-08-28,Downtown,Cold Brew,50,4.75,237.5,Coffee,0.95,47.5,190.0,8
2025-08-28,Downtown,Croissant,36,3.25,117.0,Bakery,1.3,46.800000000000004,70.19999999999999,8
2025-08-28,Downtown,Espresso,31,3.0,93.0,Coffee,0.55,17.05,75.95,8
2025-08-28,Downtown,Latte,51,4.5,229.5,Coffee,1.1,56.1,173.4,8
2025-08-28,Harbor Kiosk,Blueberry Muffin,15,2.95,44.25,Bakery,1.1,16.5,27.75,8
2025-08-28,Harbor Kiosk,Cappuccino,19,4.25,80.75,Coffee,1.0,19.0,61.75,8
2025-08-28,Harbor Kiosk,Cold Brew,23,4.75,109.25,Coffee,0.95,21.849999999999998,87.4,8
2025-08-28,Harbor Kiosk,Croissant,11,3.25,35.75,Bakery,1.3,14.3,21.45,8
2025-08-28,Harbor Kiosk,Espresso,17,3.0,51.0,Coffee,0.55,9.350000000000001,41.65,8
2025-08-28,Harbor Kiosk,Latte,25,4.5,112.5,Coffee,1.1,27.500000000000004,85.0,8
2025-08-28,Riverside,Blueberry Muffin,13,2.95,38.35,Bakery,1.1,14.3,24.05,8
2025-08-28,Riverside,Cappuccino,19,4.25,80.75,Coffee,1.0,19.0,61.75,8
2025-08-28,Riverside,Cold Brew,24,4.75,114.0,Coffee,0.95,22.799999999999997,91.2,8
2025-08-28,Riverside,Croissant,18,3.25,58.5,Bakery,1.3,23.400000000000002,35.099999999999994,8
2025-08-28,Riverside,Espresso,15,3.0,45.0,Coffee,0.55,8.25,36.75,8
2025-08-28,Riverside,Latte,27,4.5,121.5,Coffee,1.1,29.700000000000003,91.8,8
2025-08-28,University,Blueberry Muffin,15,2.95,44.25,Bakery,1.1,16.5,27.75,8
2025-08-28,University,Cappuccino,23,4.25,97.75,Coffee,1.0,23.0,74.75,8
2025-08-28,University,Cold Brew,23,4.75,109.25,Coffee,0.95,21.849999999999998,87.4,8
2025-08-28,University,Croissant,25,3.25,81.25,Bakery,1.3,32.5,48.75,8
2025-08-28,University,Espresso,20,3.0,60.0,Coffee,0.55,11.0,49.0,8
2025-08-28,University,Latte,32,4.5,144.0,Coffee,1.1,35.2,108.8,8
2025-08-29,Downtown,Blueberry Muffin,25,2.95,73.75,Bakery,1.1,27.500000000000004,46.25,8
2025-08-29,Downtown,Cappuccino,33,4.25,140.25,Coffee,1.0,33.0,107.25,8
2025-08-29,Downtown,Cold Brew,37,4.75,175.75,Coffee,0.95,35.15,140.6,8
2025-08-29,Downtown,Croissant,33,3.25,107.25,Bakery,1.3,42.9,64.35,8
2025-08-29,Downtown,Espresso,30,3.0,90.0,Coffee,0.55,16.5,73.5,8
2025-08-29,Downtown,Latte,50,4.5,225.0,Coffee,1.1,55.00000000000001,170.0,8
2025-08-29,Harbor Kiosk,Blueberry Muffin,7,2.95,20.65,Bakery,1.1,7.700000000000001,12.949999999999998,8
2025-08-29,Harbor Kiosk,Cappuccino,13,4.25,55.25,Coffee,1.0,13.0,42.25,8
2025-08-29,Harbor Kiosk,Cold Brew,20,4.75,95.0,Coffee,0.95,19.0,76.0,8
2025-08-29,Harbor Kiosk,Croissant,16,3.25,52.0,Bakery,1.3,20.8,31.2,8
2025-08-29,Harbor Kiosk,Espresso,10,3.0,30.0,Coffee,0.55,5.5,24.5,8
2025-08-29,Harbor Kiosk,Latte,29,4.5,130.5,Coffee,1.1,31.900000000000002,98.6,8
2025-08-29,Riverside,Blueberry Muffin,12,2.95,35.4,Bakery,1.1,13.200000000000001,22.199999999999996,8
2025-08-29,Riverside,Cappuccino,18,4.25,76.5,Coffee,1.0,18.0,58.5,8
2025-08-29,Riverside,Cold Brew,22,4.75,104.5,Coffee,0.95,20.9,83.6,8
2025-08-29,Riverside,Croissant,16,3.25,52.0,Bakery,1.3,20.8,31.2,8
2025-08-29,Riverside,Espresso,17,3.0,51.0,Coffee,0.55,9.350000000000001,41.65,8
2025-08-29,Riverside,Latte,26,4.5,117.0,Coffee,1.1,28.6,88.4,8
2025-08-29,University,Blueberry Muffin,14,2.95,41.3,Bakery,1.1,15.400000000000002,25.899999999999995,8
2025-08-29,University,Cappuccino,21,4.25,89.25,Coffee,1.0,21.0,68.25,8
2025-08-29,University,Cold Brew,24,4.75,114.0,Coffee,0.95,22.799999999999997,91.2,8
2025-08-29,University,Croissant,18,3.25,58.5,Bakery,1.3,23.400000000000002,35.099999999999994,8
2025-08-29,University,Espresso,18,3.0,54.0,Coffee,0.55,9.9,44.1,8
2025-08-29,University,Latte,30,4.5,135.0,Coffee,1.1,33.0,102.0,8
2025-08-30,Downtown,Blueberry Muffin,26,2.95,76.7,Bakery,1.1,28.6,48.1,8
2025-08-30,Downtown,Cappuccino,36,4.25,153.0,Coffee,1.0,36.0,117.0,8
2025-08-30,Downtown,Cold Brew,36,4.75,171.0,Coffee,0.95,34.199999999999996,136.8,8
2025-08-30,Downtown,Croissant,37,3.25,120.25,Bakery,1.3,48.1,72.15,8
2025-08-30,Downtown,Espresso,38,3.0,114.0,Coffee,0.55,20.900000000000002,93.1,8
2025-08-30,Downtown,Latte,52,4.5,234.0,Coffee,1.1,57.2,176.8,8
2025-08-30,Harbor Kiosk,Blueberry Muffin,15,2.95,44.25,Bakery,1.1,16.5,27.75,8
2025-08-30,Harbor Kiosk,Cappuccino,24,4.25,102.0,Coffee,1.0,24.0,78.0,8
2025-08-30,Harbor Kiosk,Cold Brew,54,4.75,256.5,Coffee,0.95,51.3,205.2,8
2025-08-30,Harbor Kiosk,Croissant,17,3.25,55.25,Bakery,1.3,22.1,33.15,8
2025-08-30,Harbor Kiosk,Espresso,16,3.0,48.0,Coffee,0.55,8.8,39.2,8
2025-08-30,Harbor Kiosk,Latte,27,4.5,121.5,Coffee,1.1,29.700000000000003,91.8,8
2025-08-30,Riverside,Blueberry Muffin,19,2.95,56.05,Bakery,1.1,20.900000000000002,35.14999999999999,8
2025-08-30,Riverside,Cappuccino,25,4.25,106.25,Coffee,1.0,25.0,81.25,8
2025-08-30,Riverside,Cold Brew,24,4.75,114.0,Coffee,0.95,22.799999999999997,91.2,8
2025-08-30,Riverside,Croissant,24,3.25,78.0,Bakery,1.3,31.200000000000003,46.8,8
2025-08-30,Riverside,Espresso,24,3.0,72.0,Coffee,0.55,13.200000000000001,58.8,8
2025-08-30,Riverside,Latte,39,4.5,175.5,Coffee,1.1,42.900000000000006,132.6,8
2025-08-30,University,Blueberry Muffin,9,2.95,26.55,Bakery,1.1,9.9,16.65,8
2025-08-30,University,Cappuccino,15,4.25,63.75,Coffee,1.0,15.0,48.75,8
2025-08-30,University,Cold Brew,14,4.75,66.5,Coffee,0.95,13.299999999999999,53.2,8
2025-08-30,University,Croissant,14,3.25,45.5,Bakery,1.3,18.2,27.3,8
2025-08-30,University,Espresso,12,3.0,36.0,Coffee,0.55,6.6000000000000005,29.4,8
2025-08-30,University,Latte,21,4.5,94.5,Coffee,1.1,23.1,71.4,8
2025-08-31,Downtown,Blueberry Muffin,28,2.95,82.6,Bakery,1.1,30.800000000000004,51.79999999999999,8
2025-08-31,Downtown,Cappuccino,43,4.25,182.75,Coffee,1.0,43.0,139.75,8
2025-08-31,Downtown,Cold Brew,54,4.75,256.5,Coffee,0.95,51.3,205.2,8
2025-08-31,Downtown,Croissant,42,3.25,136.5,Bakery,1.3,54.6,81.9,8
2025-08-31,Downtown,Espresso,37,3.0,111.0,Coffee,0.55,20.35,90.65,8
2025-08-31,Downtown,Latte,66,4.5,297.0,Coffee,1.1,72.60000000000001,224.39999999999998,8
2025-08-31,Harbor Kiosk,Blueberry Muffin,15,2.95,44.25,Bakery,1.1,16.5,27.75,8
2025-08-31,Harbor Kiosk,Cappuccino,27,4.25,114.75,Coffee,1.0,27.0,87.75,8
2025-08-31,Harbor Kiosk,Cold Brew,41,4.75,194.75,Coffee,0.95,38.949999999999996,155.8,8
2025-08-31,Harbor Kiosk,Croissant,24,3.25,78.0,Bakery,1.3,31.200000000000003,46.8,8
2025-08-31,Harbor Kiosk,Espresso,18,3.0,54.0,Coffee,0.55,9.9,44.1,8
2025-08-31,Harbor Kiosk,Latte,41,4.5,184.5,Coffee,1.1,45.1,139.4,8
2025-08-31,Riverside,Blueberry Muffin,23,2.95,67.85,Bakery,1.1,25.3,42.55,8
2025-08-31,Riverside,Cappuccino,25,4.25,106.25,Coffee,1.0,25.0,81.25,8
2025-08-31,Riverside,Cold Brew,36,4.75,171.0,Coffee,0.95,34.199999999999996,136.8,8
2025-08-31,Riverside,Croissant,28,3.25,91.0,Bakery,1.3,36.4,54.6,8
2025-08-31,Riverside,Espresso,25,3.0,75.0,Coffee,0.55,13.750000000000002,61.25,8
2025-08-31,Riverside,Latte,40,4.5,180.0,Coffee,1.1,44.0,136.0,8
2025-08-31,University,Blueberry Muffin,14,2.95,41.3,Bakery,1.1,15.400000000000002,25.899999999999995,8
2025-08-31,University,Cappuccino,17,4.25,72.25,Coffee,1.0,17.0,55.25,8
2025-08-31,University,Cold Brew,15,4.75,71.25,Coffee,0.95,14.25,57.0,8
2025-08-31,University,Croissant,16,3.25,52.0,Bakery,1.3,20.8,31.2,8
2025-08-31,University,Espresso,16,3.0,48.0,Coffee,0.55,8.8,39.2,8
2025-08-31,University,Latte,22,4.5,99.0,Coffee,1.1,24.200000000000003,74.8,8
2025-09-01,Downtown,Blueberry Muffin,23,2.95,67.85,Bakery,1.1,25.3,42.55,9
2025-09-01,Downtown,Cappuccino,32,4.25,136.0,Coffee,1.0,32.0,104.0,9
2025-09-01,Downtown,Cold Brew,40,4.75,190.0,Coffee,0.95,38.0,152.0,9
2025-09-01,Downtown,Croissant,28,3.25,91.0,Bakery,1.3,36.4,54.6,9
2025-09-01,Downtown,Espresso,25,3.0,75.0,Coffee,0.55,13.750000000000002,61.25,9
2025-09-01,Downtown,Latte,43,4.5,193.5,Coffee,1.1,47.300000000000004,146.2,9
2025-09-01,Harbor Kiosk,Blueberry Muffin,7,2.95,20.65,Bakery,1.1,7.700000000000001,12.949999999999998,9
2025-09-01,Harbor Kiosk,Cappuccino,14,4.25,59.5,Coffee,1.0,14.0,45.5,9
2025-09-01,Harbor Kiosk,Cold Brew,20,4.75,95.0,Coffee,0.95,19.0,76.0,9
2025-09-01,Harbor Kiosk,Croissant,11,3.25,35.75,Bakery,1.3,14.3,21.45,9
2025-09-01,Harbor Kiosk,Espresso,8,3.0,24.0,Coffee,0.55,4.4,19.6,9
2025-09-01,Harbor Kiosk,Latte,14,4.5,63.0,Coffee,1.1,15.400000000000002,47.599999999999994,9
2025-09-01,Riverside,Blueberry Muffin,19,2.95,56.05,Bakery,1.1,20.900000000000002,35.14999999999999,9
2025-09-01,Riverside,Cappuccino,21,4.25,89.25,Coffee,1.0,21.0,68.25,9
2025-09-01,Riverside,Cold Brew,18,4.75,85.5,Coffee,0.95,17.099999999999998,68.4,9
2025-09-01,Riverside,Croissant,23,3.25,74.75,Bakery,1.3,29.900000000000002,44.849999999999994,9
2025-09-01,Riverside,Espresso,18,3.0,54.0,Coffee,0.55,9.9,44.1,9
2025-09-01,Riverside,Latte,34,4.5,153.0,Coffee,1.1,37.400000000000006,115.6,9
2025-09-01,University,Blueberry Muffin,24,2.95,70.8,Bakery,1.1,26.400000000000002,44.39999999999999,9
2025-09-01,University,Cappuccino,29,4.25,123.25,Coffee,1.0,29.0,94.25,9
2025-09-01,University,Cold Brew,28,4.75,133.0,Coffee,0.95,26.599999999999998,106.4,9
2025-09-01,University,Croissant,31,3.25,100.75,Bakery,1.3,40.300000000000004,60.449999999999996,9
2025-09-01,University,Espresso,25,3.0,75.0,Coffee,0.55,13.750000000000002,61.25,9
2025-09-01,University,Latte,43,4.5,193.5,Coffee,1.1,47.300000000000004,146.2,9
2025-09-02,Downtown,Blueberry Muffin,26,2.95,76.7,Bakery,1.1,28.6,48.1,9
2025-09-02,Downtown,Cappuccino,36,4.25,153.0,Coffee,1.0,36.0,117.0,9
2025-09-02,Downtown,Cold Brew,39,4.75,185.25,Coffee,0.95,37.05,148.2,9
2025-09-02,Downtown,Croissant,31,3.25,100.75,Bakery,1.3,40.300000000000004,60.449999999999996,9
2025-09-02,Downtown,Espresso,28,3.0,84.0,Coffee,0.55,15.400000000000002,68.6,9
2025-09-02,Downtown,Latte,52,4.5,234.0,Coffee,1.1,57.2,176.8,9
2025-09-02,Harbor Kiosk,Blueberry Muffin,7,2.95,20.65,Bakery,1.1,7.700000000000001,12.949999999999998,9
2025-09-02,Harbor Kiosk,Cappuccino,13,4.25,55.25,Coffee,1.0,13.0,42.25,9
2025-09-02,Harbor Kiosk,Cold Brew,17,4.75,80.75,Coffee,0.95,16.15,64.6,9
2025-09-02,Harbor Kiosk,Croissant,11,3.25,35.75,Bakery,1.3,14.3,21.45,9
2025-09-02,Harbor Kiosk,Espresso,5,3.0,15.0,Coffee,0.55,2.75,12.25,9
2025-09-02,Harbor Kiosk,Latte,11,4.5,49.5,Coffee,1.1,12.100000000000001,37.4,9
2025-09-02,Riverside,Blueberry Muffin,15,2.95,44.25,Bakery,1.1,16.5,27.75,9
2025-09-02,Riverside,Cappuccino,20,4.25,85.0,Coffee,1.0,20.0,65.0,9
2025-09-02,Riverside,Cold Brew,13,4.75,61.75,Coffee,0.95,12.35,49.4,9
2025-09-02,Riverside,Croissant,15,3.25,48.75,Bakery,1.3,19.5,29.25,9
2025-09-02,Riverside,Espresso,15,3.0,45.0,Coffee,0.55,8.25,36.75,9
2025-09-02,Riverside,Latte,30,4.5,135.0,Coffee,1.1,33.0,102.0,9
2025-09-02,University,Blueberry Muffin,17,2.95,50.15,Bakery,1.1,18.700000000000003,31.449999999999996,9
2025-09-02,University,Cappuccino,21,4.25,89.25,Coffee,1.0,21.0,68.25,9
2025-09-02,University,Cold Brew,28,4.75,133.0,Coffee,0.95,26.599999999999998,106.4,9
2025-09-02,University,Croissant,24,3.25,78.0,Bakery,1.3,31.200000000000003,46.8,9
2025-09-02,University,Espresso,21,3.0,63.0,Coffee,0.55,11.55,51.45,9
2025-09-02,University,Latte,36,4.5,162.0,Coffee,1.1,39.6,122.4,9
2025-09-03,Downtown,Blueberry Muffin,25,2.95,73.75,Bakery,1.1,27.500000000000004,46.25,9
2025-09-03,Downtown,Cappuccino,37,4.25,157.25,Coffee,1.0,37.0,120.25,9
2025-09-03,Downtown,Cold Brew,41,4.75,194.75,Coffee,0.95,38.949999999999996,155.8,9
2025-09-03,Downtown,Croissant,36,3.25,117.0,Bakery,1.3,46.800000000000004,70.19999999999999,9
2025-09-03,Downtown,Espresso,34,3.0,102.0,Coffee,0.55,18.700000000000003,83.3,9
2025-09-03,Downtown,Latte,48,4.5,216.0,Coffee,1.1,52.800000000000004,163.2,9
2025-09-03,Harbor Kiosk,Blueberry Muffin,6,2.95,17.7,Bakery,1.1,6.6000000000000005,11.099999999999998,9
2025-09-03,Harbor Kiosk,Cappuccino,13,4.25,55.25,Coffee,1.0,13.0,42.25,9
2025-09-03,Harbor Kiosk,Cold Brew,14,4.75,66.5,Coffee,0.95,13.299999999999999,53.2,9
2025-09-03,Harbor Kiosk,Croissant,16,3.25,52.0,Bakery,1.3,20.8,31.2,9
2025-09-03,Harbor Kiosk,Espresso,10,3.0,30.0,Coffee,0.55,5.5,24.5,9
2025-09-03,Harbor Kiosk,Latte,20,4.5,90.0,Coffee,1.1,22.0,68.0,9
2025-09-03,Riverside,Blueberry Muffin,14,2.95,41.3,Bakery,1.1,15.400000000000002,25.899999999999995,9
2025-09-03,Riverside,Cappuccino,21,4.25,89.25,Coffee,1.0,21.0,68.25,9
2025-09-03,Riverside,Cold Brew,21,4.75,99.75,Coffee,0.95,19.95,79.8,9
2025-09-03,Riverside,Croissant,18,3.25,58.5,Bakery,1.3,23.400000000000002,35.099999999999994,9
2025-09-03,Riverside,Espresso,17,3.0,51.0,Coffee,0.55,9.350000000000001,41.65,9
2025-09-03,Riverside,Latte,29,4.5,130.5,Coffee,1.1,31.900000000000002,98.6,9
2025-09-03,University,Blueberry Muffin,18,2.95,53.1,Bakery,1.1,19.8,33.3,9
2025-09-03,University,Cappuccino,32,4.25,136.0,Coffee,1.0,32.0,104.0,9
2025-09-03,University,Cold Brew,24,4.75,114.0,Coffee,0.95,22.799999999999997,91.2,9
2025-09-03,University,Croissant,26,3.25,84.5,Bakery,1.3,33.800000000000004,50.699999999999996,9
2025-09-03,University,Espresso,23,3.0,69.0,Coffee,0.55,12.65,56.35,9
2025-09-03,University,Latte,38,4.5,171.0,Coffee,1.1,41.800000000000004,129.2,9
2025-09-04,Downtown,Blueberry Muffin,25,2.95,73.75,Bakery,1.1,27.500000000000004,46.25,9
2025-09-04,Downtown,Cappuccino,34,4.25,144.5,Coffee,1.0,34.0,110.5,9
2025-09-04,Downtown,Cold Brew,22,4.75,104.5,Coffee,0.95,20.9,83.6,9
2025-09-04,Downtown,Croissant,34,3.25,110.5,Bakery,1.3,44.2,66.3,9
2025-09-04,Downtown,Espresso,29,3.0,87.0,Coffee,0.55,15.950000000000001,71.05,9
2025-09-04,Downtown,Latte,60,4.5,270.0,Coffee,1.1,66.0,204.0,9
2025-09-04,Harbor Kiosk,Blueberry Muffin,16,2.95,47.2,Bakery,1.1,17.6,29.6,9
2025-09-04,Harbor Kiosk,Cappuccino,9,4.25,38.25,Coffee,1.0,9.0,29.25,9
2025-09-04,Harbor Kiosk,Cold Brew,13,4.75,61.75,Coffee,0.95,12.35,49.4,9
2025-09-04,Harbor Kiosk,Croissant,7,3.25,22.75,Bakery,1.3,9.1,13.65,9
2025-09-04,Harbor Kiosk,Espresso,11,3.0,33.0,Coffee,0.55,6.050000000000001,26.95,9
2025-09-04,Harbor Kiosk,Latte,17,4.5,76.5,Coffee,1.1,18.700000000000003,57.8,9
2025-09-04,Riverside,Blueberry Muffin,9,2.95,26.55,Bakery,1.1,9.9,16.65,9
2025-09-04,Riverside,Cappuccino,19,4.25,80.75,Coffee,1.0,19.0,61.75,9
2025-09-04,Riverside,Cold Brew,16,4.75,76.0,Coffee,0.95,15.2,60.8,9
2025-09-04,Riverside,Croissant,18,3.25,58.5,Bakery,1.3,23.400000000000002,35.099999999999994,9
2025-09-04,Riverside,Espresso,17,3.0,51.0,Coffee,0.55,9.350000000000001,41.65,9
2025-09-04,Riverside,Latte,31,4.5,139.5,Coffee,1.1,34.1,105.4,9
2025-09-04,University,Blueberry Muffin,19,2.95,56.05,Bakery,1.1,20.900000000000002,35.14999999999999,9
2025-09-04,University,Cappuccino,34,4.25,144.5,Coffee,1.0,34.0,110.5,9
2025-09-04,University,Cold Brew,18,4.75,85.5,Coffee,0.95,17.099999999999998,68.4,9
2025-09-04,University,Croissant,26,3.25,84.5,Bakery,1.3,33.800000000000004,50.699999999999996,9
2025-09-04,University,Espresso,24,3.0,72.0,Coffee,0.55,13.200000000000001,58.8,9
2025-09-04,University,Latte,43,4.5,193.5,Coffee,1.1,47.300000000000004,146.2,9
2025-09-05,Downtown,Blueberry Muffin,25,2.95,73.75,Bakery,1.1,27.500000000000004,46.25,9
2025-09-05,Downtown,Cappuccino,40,4.25,170.0,Coffee,1.0,40.0,130.0,9
2025-09-05,Downtown,Cold Brew,23,4.75,109.25,Coffee,0.95,21.849999999999998,87.4,9
2025-09-05,Downtown,Croissant,32,3.25,104.0,Bakery,1.3,41.6,62.4,9
2025-09-05,Downtown,Espresso,26,3.0,78.0,Coffee,0.55,14.3,63.7,9
2025-09-05,Downtown,Latte,57,4.5,256.5,Coffee,1.1,62.7,193.8,9
2025-09-05,Harbor Kiosk,Blueberry Muffin,7,2.95,20.65,Bakery,1.1,7.700000000000001,12.949999999999998,9
2025-09-05,Harbor Kiosk,Cappuccino,7,4.25,29.75,Coffee,1.0,7.0,22.75,9
2025-09-05,Harbor Kiosk,Cold Brew,5,4.75,23.75,Coffee,0.95,4.75,19.0,9
2025-09-05,Harbor Kiosk,Croissant,4,3.25,13.0,Bakery,1.3,5.2,7.8,9
2025-09-05,Harbor Kiosk,Espresso,14,3.0,42.0,Coffee,0.55,7.700000000000001,34.3,9
2025-09-05,Harbor Kiosk,Latte,12,4.5,54.0,Coffee,1.1,13.200000000000001,40.8,9
2025-09-05,Riverside,Blueberry Muffin,13,2.95,38.35,Bakery,1.1,14.3,24.05,9
2025-09-05,Riverside,Cappuccino,21,4.25,89.25,Coffee,1.0,21.0,68.25,9
2025-09-05,Riverside,Cold Brew,17,4.75,80.75,Coffee,0.95,16.15,64.6,9
2025-09-05,Riverside,Croissant,24,3.25,78.0,Bakery,1.3,31.200000000000003,46.8,9
2025-09-05,Riverside,Espresso,20,3.0,60.0,Coffee,0.55,11.0,49.0,9
2025-09-05,Riverside,Latte,34,4.5,153.0,Coffee,1.1,37.400000000000006,115.6,9
2025-09-05,University,Blueberry Muffin,23,2.95,67.85,Bakery,1.1,25.3,42.55,9
2025-09-05,University,Cappuccino,29,4.25,123.25,Coffee,1.0,29.0,94.25,9
2025-09-05,University,Cold Brew,19,4.75,90.25,Coffee,0.95,18.05,72.2,9
2025-09-05,University,Croissant,23,3.25,74.75,Bakery,1.3,29.900000000000002,44.849999999999994,9
2025-09-05,University,Espresso,23,3.0,69.0,Coffee,0.55,12.65,56.35,9
2025-09-05,University,Latte,48,4.5,216.0,Coffee,1.1,52.800000000000004,163.2,9
2025-09-06,Downtown,Blueberry Muffin,39,2.95,115.05,Bakery,1.1,42.900000000000006,72.14999999999999,9
2025-09-06,Downtown,Cappuccino,49,4.25,208.25,Coffee,1.0,49.0,159.25,9
2025-09-06,Downtown,Cold Brew,33,4.75,156.75,Coffee,0.95,31.349999999999998,125.4,9
2025-09-06,Downtown,Croissant,52,3.25,169.0,Bakery,1.3,67.60000000000001,101.39999999999999,9
2025-09-06,Downtown,Espresso,44,3.0,132.0,Coffee,0.55,24.200000000000003,107.8,9
2025-09-06,Downtown,Latte,74,4.5,333.0,Coffee,1.1,81.4,251.6,9
2025-09-06,Harbor Kiosk,Blueberry Muffin,12,2.95,35.4,Bakery,1.1,13.200000000000001,22.199999999999996,9
2025-09-06,Harbor Kiosk,Cappuccino,17,4.25,72.25,Coffee,1.0,17.0,55.25,9
2025-09-06,Harbor Kiosk,Cold Brew,20,4.75,95.0,Coffee,0.95,19.0,76.0,9
2025-09-06,Harbor Kiosk,Croissant,18,3.25,58.5,Bakery,1.3,23.400000000000002,35.099999999999994,9
2025-09-06,Harbor Kiosk,Espresso,14,3.0,42.0,Coffee,0.55,7.700000000000001,34.3,9
2025-09-06,Harbor Kiosk,Latte,29,4.5,130.5,Coffee,1.1,31.900000000000002,98.6,9
2025-09-06,Riverside,Blueberry Muffin,17,2.95,50.15,Bakery,1.1,18.700000000000003,31.449999999999996,9
2025-09-06,Riverside,Cappuccino,23,4.25,97.75,Coffee,1.0,23.0,74.75,9
2025-09-06,Riverside,Cold Brew,17,4.75,80.75,Coffee,0.95,16.15,64.6,9
2025-09-06,Riverside,Croissant,23,3.25,74.75,Bakery,1.3,29.900000000000002,44.849999999999994,9
2025-09-06,Riverside,Espresso,21,3.0,63.0,Coffee,0.55,11.55,51.45,9
2025-09-06,Riverside,Latte,39,4.5,175.5,Coffee,1.1,42.900000000000006,132.6,9
2025-09-06,University,Blueberry Muffin,15,2.95,44.25,Bakery,1.1,16.5,27.75,9
2025-09-06,University,Cappuccino,20,4.25,85.0,Coffee,1.0,20.0,65.0,9
2025-09-06,University,Cold Brew,18,4.75,85.5,Coffee,0.95,17.099999999999998,68.4,9
2025-09-06,University,Croissant,19,3.25,61.75,Bakery,1.3,24.7,37.05,9
2025-09-06,University,Espresso,16,3.0,48.0,Coffee,0.55,8.8,39.2,9
2025-09-06,University,Latte,36,4.5,162.0,Coffee,1.1,39.6,122.4,9
2025-09-07,Downtown,Blueberry Muffin,31,2.95,91.45,Bakery,1.1,34.1,57.35,9
2025-09-07,Downtown,Cappuccino,44,4.25,187.0,Coffee,1.0,44.0,143.0,9
2025-09-07,Downtown,Cold Brew,42,4.75,199.5,Coffee,0.95,39.9,159.6,9
2025-09-07,Downtown,Croissant,42,3.25,136.5,Bakery,1.3,54.6,81.9,9
2025-09-07,Downtown,Espresso,42,3.0,126.0,Coffee,0.55,23.1,102.9,9
2025-09-07,Downtown,Latte,72,4.5,324.0,Coffee,1.1,79.2,244.8,9
2025-09-07,Harbor Kiosk,Blueberry Muffin,21,2.95,61.95,Bakery,1.1,23.1,38.85,9
2025-09-07,Harbor Kiosk,Cappuccino,19,4.25,80.75,Coffee,1.0,19.0,61.75,9
2025-09-07,Harbor Kiosk,Cold Brew,21,4.75,99.75,Coffee,0.95,19.95,79.8,9
2025-09-07,Harbor Kiosk,Croissant,7,3.25,22.75,Bakery,1.3,9.1,13.65,9
2025-09-07,Harbor Kiosk,Espresso,14,3.0,42.0,Coffee,0.55,7.700000000000001,34.3,9
2025-09-07,Harbor Kiosk,Latte,26,4.5,117.0,Coffee,1.1,28.6,88.4,9
2025-09-07,Riverside,Blueberry Muffin,20,2.95,59.0,Bakery,1.1,22.0,37.0,9
2025-09-07,Riverside,Cappuccino,24,4.25,102.0,Coffee,1.0,24.0,78.0,9
2025-09-07,Riverside,Cold Brew,19,4.75,90.25,Coffee,0.95,18.05,72.2,9
2025-09-07,Riverside,Croissant,23,3.25,74.75,Bakery,1.3,29.900000000000002,44.849999999999994,9
2025-09-07,Riverside,Espresso,24,3.0,72.0,Coffee,0.55,13.200000000000001,58.8,9
2025-09-07,Riverside,Latte,36,4.5,162.0,Coffee,1.1,39.6,122.4,9
2025-09-07,University,Blueberry Muffin,14,2.95,41.3,Bakery,1.1,15.400000000000002,25.899999999999995,9
2025-09-07,University,Cappuccino,16,4.25,68.0,Coffee,1.0,16.0,52.0,9
2025-09-07,University,Cold Brew,21,4.75,99.75,Coffee,0.95,19.95,79.8,9
2025-09-07,University,Croissant,13,3.25,42.25,Bakery,1.3,16.900000000000002,25.349999999999998,9
2025-09-07,University,Espresso,14,3.0,42.0,Coffee,0.55,7.700000000000001,34.3,9
2025-09-07,University,Latte,22,4.5,99.0,Coffee,1.1,24.200000000000003,74.8,9
2025-09-08,Downtown,Blueberry Muffin,21,2.95,61.95,Bakery,1.1,23.1,38.85,9
2025-09-08,Downtown,Cappuccino,29,4.25,123.25,Coffee,1.0,29.0,94.25,9
2025-09-08,Downtown,Cold Brew,38,4.75,180.5,Coffee,0.95,36.1,144.4,9
2025-09-08,Downtown,Croissant,29,3.25,94.25,Bakery,1.3,37.7,56.55,9
2025-09-08,Downtown,Espresso,26,3.0,78.0,Coffee,0.55,14.3,63.7,9
2025-09-08,Downtown,Latte,48,4.5,216.0,Coffee,1.1,52.800000000000004,163.2,9
2025-09-08,Harbor Kiosk,Blueberry Muffin,6,2.95,17.7,Bakery,1.1,6.6000000000000005,11.099999999999998,9
2025-09-08,Harbor Kiosk,Cappuccino,10,4.25,42.5,Coffee,1.0,10.0,32.5,9
2025-09-08,Harbor Kiosk,Cold Brew,9,4.75,42.75,Coffee,0.95,8.549999999999999,34.2,9
2025-09-08,Harbor Kiosk,Croissant,10,3.25,32.5,Bakery,1.3,13.0,19.5,9
2025-09-08,Harbor Kiosk,Espresso,4,3.0,12.0,Coffee,0.55,2.2,9.8,9
2025-09-08,Harbor Kiosk,Latte,15,4.5,67.5,Coffee,1.1,16.5,51.0,9
2025-09-08,Riverside,Blueberry Muffin,17,2.95,50.15,Bakery,1.1,18.700000000000003,31.449999999999996,9
2025-09-08,Riverside,Cappuccino,20,4.25,85.0,Coffee,1.0,20.0,65.0,9
2025-09-08,Riverside,Cold Brew,17,4.75,80.75,Coffee,0.95,16.15,64.6,9
2025-09-08,Riverside,Croissant,19,3.25,61.75,Bakery,1.3,24.7,37.05,9
2025-09-08,Riverside,Espresso,16,3.0,48.0,Coffee,0.55,8.8,39.2,9
2025-09-08,Riverside,Latte,31,4.5,139.5,Coffee,1.1,34.1,105.4,9
2025-09-08,University,Blueberry Muffin,18,2.95,53.1,Bakery,1.1,19.8,33.3,9
2025-09-08,University,Cappuccino,28,4.25,119.0,Coffee,1.0,28.0,91.0,9
2025-09-08,University,Cold Brew,25,4.75,118.75,Coffee,0.95,23.75,95.0,9
2025-09-08,University,Croissant,23,3.25,74.75,Bakery,1.3,29.900000000000002,44.849999999999994,9
2025-09-08,University,Espresso,26,3.0,78.0,Coffee,0.55,14.3,63.7,9
2025-09-08,University,Latte,39,4.5,175.5,Coffee,1.1,42.900000000000006,132.6,9
2025-09-09,Downtown,Blueberry Muffin,24,2.95,70.8,Bakery,1.1,26.400000000000002,44.39999999999999,9
2025-09-09,Downtown,Cappuccino,35,4.25,148.75,Coffee,1.0,35.0,113.75,9
2025-09-09,Downtown,Cold Brew,25,4.75,118.75,Coffee,0.95,23.75,95.0,9
2025-09-09,Downtown,Croissant,33,3.25,107.25,Bakery,1.3,42.9,64.35,9
2025-09-09,Downtown,Espresso,27,3.0,81.0,Coffee,0.55,14.850000000000001,66.15,9
2025-09-09,Downtown,Latte,55,4.5,247.5,Coffee,1.1,60.50000000000001,187.0,9
2025-09-09,Harbor Kiosk,Blueberry Muffin,8,2.95,23.6,Bakery,1.1,8.8,14.8,9
2025-09-09,Harbor Kiosk,Cappuccino,15,4.25,63.75,Coffee,1.0,15.0,48.75,9
2025-09-09,Harbor Kiosk,Cold Brew,6,4.75,28.5,Coffee,0.95,5.699999999999999,22.8,9
2025-09-09,Harbor Kiosk,Croissant,12,3.25,39.0,Bakery,1.3,15.600000000000001,23.4,9
2025-09-09,Harbor Kiosk,Espresso,7,3.0,21.0,Coffee,0.55,3.8500000000000005,17.15,9
2025-09-09,Harbor Kiosk,Latte,19,4.5,85.5,Coffee,1.1,20.900000000000002,64.6,9
2025-09-09,Riverside,Blueberry Muffin,14,2.95,41.3,Bakery,1.1,15.400000000000002,25.899999999999995,9
2025-09-09,Riverside,Cappuccino,21,4.25,89.25,Coffee,1.0,21.0,68.25,9
2025-09-09,Riverside,Cold Brew,19,4.75,90.25,Coffee,0.95,18.05,72.2,9
2025-09-09,Riverside,Croissant,19,3.25,61.75,Bakery,1.3,24.7,37.05,9
2025-09-09,Riverside,Espresso,16,3.0,48.0,Coffee,0.55,8.8,39.2,9
2025-09-09,Riverside,Latte,32,4.5,144.0,Coffee,1.1,35.2,108.8,9
2025-09-09,University,Blueberry Muffin,18,2.95,53.1,Bakery,1.1,19.8,33.3,9
2025-09-09,University,Cappuccino,28,4.25,119.0,Coffee,1.0,28.0,91.0,9
2025-09-09,University,Cold Brew,22,4.75,104.5,Coffee,0.95,20.9,83.6,9
2025-09-09,University,Croissant,25,3.25,81.25,Bakery,1.3,32.5,48.75,9
2025-09-09,University,Espresso,21,3.0,63.0,Coffee,0.55,11.55,51.45,9
2025-09-09,University,Latte,40,4.5,180.0,Coffee,1.1,44.0,136.0,9
2025-09-10,Downtown,Blueberry Muffin,23,2.95,67.85,Bakery,1.1,25.3,42.55,9
2025-09-10,Downtown,Cappuccino,35,4.25,148.75,Coffee,1.0,35.0,113.75,9
2025-09-10,Downtown,Cold Brew,31,4.75,147.25,Coffee,0.95,29.45,117.8,9
2025-09-10,Downtown,Croissant,29,3.25,94.25,Bakery,1.3,37.7,56.55,9
2025-09-10,Downtown,Espresso,30,3.0,90.0,Coffee,0.55,16.5,73.5,9
2025-09-10,Downtown,Latte,54,4.5,243.0,Coffee,1.1,59.400000000000006,183.6,9
2025-09-10,Harbor Kiosk,Blueberry Muffin,7,2.95,20.65,Bakery,1.1,7.700000000000001,12.949999999999998,9
2025-09-10,Harbor Kiosk,Cappuccino,16,4.25,68.0,Coffee,1.0,16.0,52.0,9
2025-09-10,Harbor Kiosk,Cold Brew,7,4.75,33.25,Coffee,0.95,6.6499999999999995,26.6,9
2025-09-10,Harbor Kiosk,Croissant,7,3.25,22.75,Bakery,1.3,9.1,13.65,9
2025-09-10,Harbor Kiosk,Espresso,13,3.0,39.0,Coffee,0.55,7.15,31.85,9
2025-09-10,Harbor Kiosk,Latte,8,4.5,36.0,Coffee,1.1,8.8,27.2,9
2025-09-10,Riverside,Blueberry Muffin,10,2.95,29.5,Bakery,1.1,11.0,18.5,9
2025-09-10,Riverside,Cappuccino,20,4.25,85.0,Coffee,1.0,20.0,65.0,9
2025-09-10,Riverside,Cold Brew,19,4.75,90.25,Coffee,0.95,18.05,72.2,9
2025-09-10,Riverside,Croissant,20,3.25,65.0,Bakery,1.3,26.0,39.0,9
2025-09-10,Riverside,Espresso,14,3.0,42.0,Coffee,0.55,7.700000000000001,34.3,9
2025-09-10,Riverside,Latte,32,4.5,144.0,Coffee,1.1,35.2,108.8,9
2025-09-10,University,Blueberry Muffin,25,2.95,73.75,Bakery,1.1,27.500000000000004,46.25,9
2025-09-10,University,Cappuccino,32,4.25,136.0,Coffee,1.0,32.0,104.0,9
2025-09-10,University,Cold Brew,24,4.75,114.0,Coffee,0.95,22.799999999999997,91.2,9
2025-09-10,University,Croissant,35,3.25,113.75,Bakery,1.3,45.5,68.25,9
2025-09-10,University,Espresso,27,3.0,81.0,Coffee,0.55,14.850000000000001,66.15,9
2025-09-10,University,Latte,50,4.5,225.0,Coffee,1.1,55.00000000000001,170.0,9
2025-09-11,Downtown,Blueberry Muffin,23,2.95,67.85,Bakery,1.1,25.3,42.55,9
2025-09-11,Downtown,Cappuccino,34,4.25,144.5,Coffee,1.0,34.0,110.5,9
2025-09-11,Downtown,Cold Brew,33,4.75,156.75,Coffee,0.95,31.349999999999998,125.4,9
2025-09-11,Downtown,Croissant,32,3.25,104.0,Bakery,1.3,41.6,62.4,9
2025-09-11,Downtown,Espresso,28,3.0,84.0,Coffee,0.55,15.400000000000002,68.6,9
2025-09-11,Downtown,Latte,51,4.5,229.5,Coffee,1.1,56.1,173.4,9
2025-09-11,Harbor Kiosk,Blueberry Muffin,4,2.95,11.8,Bakery,1.1,4.4,7.4,9
2025-09-11,Harbor Kiosk,Cappuccino,6,4.25,25.5,Coffee,1.0,6.0,19.5,9
2025-09-11,Harbor Kiosk,Cold Brew,14,4.75,66.5,Coffee,0.95,13.299999999999999,53.2,9
2025-09-11,Harbor Kiosk,Croissant,11,3.25,35.75,Bakery,1.3,14.3,21.45,9
2025-09-11,Harbor Kiosk,Espresso,4,3.0,12.0,Coffee,0.55,2.2,9.8,9
2025-09-11,Harbor Kiosk,Latte,14,4.5,63.0,Coffee,1.1,15.400000000000002,47.599999999999994,9
2025-09-11,Riverside,Blueberry Muffin,15,2.95,44.25,Bakery,1.1,16.5,27.75,9
2025-09-11,Riverside,Cappuccino,21,4.25,89.25,Coffee,1.0,21.0,68.25,9
2025-09-11,Riverside,Cold Brew,20,4.75,95.0,Coffee,0.95,19.0,76.0,9
2025-09-11,Riverside,Croissant,22,3.25,71.5,Bakery,1.3,28.6,42.9,9
2025-09-11,Riverside,Espresso,18,3.0,54.0,Coffee,0.55,9.9,44.1,9
2025-09-11,Riverside,Latte,30,4.5,135.0,Coffee,1.1,33.0,102.0,9
2025-09-11,University,Blueberry Muffin,21,2.95,61.95,Bakery,1.1,23.1,38.85,9
2025-09-11,University,Cappuccino,28,4.25,119.0,Coffee,1.0,28.0,91.0,9
2025-09-11,University,Cold Brew,20,4.75,95.0,Coffee,0.95,19.0,76.0,9
2025-09-11,University,Croissant,31,3.25,100.75,Bakery,1.3,40.300000000000004,60.449999999999996,9
2025-09-11,University,Espresso,26,3.0,78.0,Coffee,0.55,14.3,63.7,9
2025-09-11,University,Latte,43,4.5,193.5,Coffee,1.1,47.300000000000004,146.2,9
2025-09-12,Downtown,Blueberry Muffin,20,2.95,59.0,Bakery,1.1,22.0,37.0,9
2025-09-12,Downtown,Cappuccino,32,4.25,136.0,Coffee,1.0,32.0,104.0,9
2025-09-12,Downtown,Cold Brew,27,4.75,128.25,Coffee,0.95,25.65,102.6,9
2025-09-12,Downtown,Croissant,30,3.25,97.5,Bakery,1.3,39.0,58.5,9
2025-09-12,Downtown,Espresso,26,3.0,78.0,Coffee,0.55,14.3,63.7,9
2025-09-12,Downtown,Latte,45,4.5,202.5,Coffee,1.1,49.50000000000001,153.0,9
2025-09-12,Harbor Kiosk,Blueberry Muffin,4,2.95,11.8,Bakery,1.1,4.4,7.4,9
2025-09-12,Harbor Kiosk,Cappuccino,14,4.25,59.5,Coffee,1.0,14.0,45.5,9
2025-09-12,Harbor Kiosk,Cold Brew,10,4.75,47.5,Coffee,0.95,9.5,38.0,9
2025-09-12,Harbor Kiosk,Croissant,12,3.25,39.0,Bakery,1.3,15.600000000000001,23.4,9
2025-09-12,Harbor Kiosk,Espresso,6,3.0,18.0,Coffee,0.55,3.3000000000000003,14.7,9
2025-09-12,Harbor Kiosk,Latte,17,4.5,76.5,Coffee,1.1,18.700000000000003,57.8,9
2025-09-12,Riverside,Blueberry Muffin,17,2.95,50.15,Bakery,1.1,18.700000000000003,31.449999999999996,9
2025-09-12,Riverside,Cappuccino,28,4.25,119.0,Coffee,1.0,28.0,91.0,9
2025-09-12,Riverside,Cold Brew,18,4.75,85.5,Coffee,0.95,17.099999999999998,68.4,9
2025-09-12,Riverside,Croissant,22,3.25,71.5,Bakery,1.3,28.6,42.9,9
2025-09-12,Riverside,Espresso,18,3.0,54.0,Coffee,0.55,9.9,44.1,9
2025-09-12,Riverside,Latte,36,4.5,162.0,Coffee,1.1,39.6,122.4,9
2025-09-12,University,Blueberry Muffin,18,2.95,53.1,Bakery,1.1,19.8,33.3,9
2025-09-12,University,Cappuccino,32,4.25,136.0,Coffee,1.0,32.0,104.0,9
2025-09-12,University,Cold Brew,21,4.75,99.75,Coffee,0.95,19.95,79.8,9
2025-09-12,University,Croissant,30,3.25,97.5,Bakery,1.3,39.0,58.5,9
2025-09-12,University,Espresso,28,3.0,84.0,Coffee,0.55,15.400000000000002,68.6,9
2025-09-12,University,Latte,42,4.5,189.0,Coffee,1.1,46.2,142.8,9
2025-09-13,Downtown,Blueberry Muffin,23,2.95,67.85,Bakery,1.1,25.3,42.55,9
2025-09-13,Downtown,Cappuccino,36,4.25,153.0,Coffee,1.0,36.0,117.0,9
2025-09-13,Downtown,Cold Brew,31,4.75,147.25,Coffee,0.95,29.45,117.8,9
2025-09-13,Downtown,Croissant,32,3.25,104.0,Bakery,1.3,41.6,62.4,9
2025-09-13,Downtown,Espresso,30,3.0,90.0,Coffee,0.55,16.5,73.5,9
2025-09-13,Downtown,Latte,46,4.5,207.0,Coffee,1.1,50.6,156.4,9
2025-09-13,Harbor Kiosk,Blueberry Muffin,9,2.95,26.55,Bakery,1.1,9.9,16.65,9
2025-09-13,Harbor Kiosk,Cappuccino,14,4.25,59.5,Coffee,1.0,14.0,45.5,9
2025-09-13,Harbor Kiosk,Cold Brew,20,4.75,95.0,Coffee,0.95,19.0,76.0,9
2025-09-13,Harbor Kiosk,Croissant,12,3.25,39.0,Bakery,1.3,15.600000000000001,23.4,9
2025-09-13,Harbor Kiosk,Espresso,15,3.0,45.0,Coffee,0.55,8.25,36.75,9
2025-09-13,Harbor Kiosk,Latte,20,4.5,90.0,Coffee,1.1,22.0,68.0,9
2025-09-13,Riverside,Blueberry Muffin,19,2.95,56.05,Bakery,1.1,20.900000000000002,35.14999999999999,9
2025-09-13,Riverside,Cappuccino,22,4.25,93.5,Coffee,1.0,22.0,71.5,9
2025-09-13,Riverside,Cold Brew,16,4.75,76.0,Coffee,0.95,15.2,60.8,9
2025-09-13,Riverside,Croissant,20,3.25,65.0,Bakery,1.3,26.0,39.0,9
2025-09-13,Riverside,Espresso,22,3.0,66.0,Coffee,0.55,12.100000000000001,53.9,9
2025-09-13,Riverside,Latte,35,4.5,157.5,Coffee,1.1,38.5,119.0,9
2025-09-13,University,Blueberry Muffin,16,2.95,47.2,Bakery,1.1,17.6,29.6,9
2025-09-13,University,Cappuccino,23,4.25,97.75,Coffee,1.0,23.0,74.75,9
2025-09-13,University,Cold Brew,20,4.75,95.0,Coffee,0.95,19.0,76.0,9
2025-09-13,University,Croissant,20,3.25,65.0,Bakery,1.3,26.0,39.0,9
2025-09-13,University,Espresso,18,3.0,54.0,Coffee,0.55,9.9,44.1,9
2025-09-13,University,Latte,33,4.5,148.5,Coffee,1.1,36.300000000000004,112.19999999999999,9
2025-09-14,Downtown,Blueberry Muffin,33,2.95,97.35,Bakery,1.1,36.300000000000004,61.04999999999999,9
2025-09-14,Downtown,Cappuccino,48,4.25,204.0,Coffee,1.0,48.0,156.0,9
2025-09-14,Downtown,Cold Brew,32,4.75,152.0,Coffee,0.95,30.4,121.6,9
2025-09-14,Downtown,Croissant,36,3.25,117.0,Bakery,1.3,46.800000000000004,70.19999999999999,9
2025-09-14,Downtown,Espresso,38,3.0,114.0,Coffee,0.55,20.900000000000002,93.1,9
2025-09-14,Downtown,Latte,72,4.5,324.0,Coffee,1.1,79.2,244.8,9
2025-09-14,Harbor Kiosk,Blueberry Muffin,11,2.95,32.45,Bakery,1.1,12.100000000000001,20.35,9
2025-09-14,Harbor Kiosk,Cappuccino,20,4.25,85.0,Coffee,1.0,20.0,65.0,9
2025-09-14,Harbor Kiosk,Cold Brew,11,4.75,52.25,Coffee,0.95,10.45,41.8,9
2025-09-14,Harbor Kiosk,Croissant,19,3.25,61.75,Bakery,1.3,24.7,37.05,9
2025-09-14,Harbor Kiosk,Espresso,11,3.0,33.0,Coffee,0.55,6.050000000000001,26.95,9
2025-09-14,Harbor Kiosk,Latte,18,4.5,81.0,Coffee,1.1,19.8,61.2,9
2025-09-14,Riverside,Blueberry Muffin,20,2.95,59.0,Bakery,1.1,22.0,37.0,9
2025-09-14,Riverside,Cappuccino,31,4.25,131.75,Coffee,1.0,31.0,100.75,9
2025-09-14,Riverside,Cold Brew,23,4.75,109.25,Coffee,0.95,21.849999999999998,87.4,9
2025-09-14,Riverside,Croissant,23,3.25,74.75,Bakery,1.3,29.900000000000002,44.849999999999994,9
2025-09-14,Riverside,Espresso,26,3.0,78.0,Coffee,0.55,14.3,63.7,9
2025-09-14,Riverside,Latte,42,4.5,189.0,Coffee,1.1,46.2,142.8,9
2025-09-14,University,Blueberry Muffin,17,2.95,50.15,Bakery,1.1,18.700000000000003,31.449999999999996,9
2025-09-14,University,Cappuccino,21,4.25,89.25,Coffee,1.0,21.0,68.25,9
2025-09-14,University,Cold Brew,17,4.75,80.75,Coffee,0.95,16.15,64.6,9
2025-09-14,University,Croissant,20,3.25,65.0,Bakery,1.3,26.0,39.0,9
2025-09-14,University,Espresso,19,3.0,57.0,Coffee,0.55,10.450000000000001,46.55,9
2025-09-14,University,Latte,32,4.5,144.0,Coffee,1.1,35.2,108.8,9
2025-09-15,Downtown,Blueberry Muffin,25,2.95,73.75,Bakery,1.1,27.500000000000004,46.25,9
2025-09-15,Downtown,Cappuccino,39,4.25,165.75,Coffee,1.0,39.0,126.75,9
2025-09-15,Downtown,Cold Brew,19,4.75,90.25,Coffee,0.95,18.05,72.2,9
2025-09-15,Downtown,Croissant,30,3.25,97.5,Bakery,1.3,39.0,58.5,9
2025-09-15,Downtown,Espresso,33,3.0,99.0,Coffee,0.55,18.150000000000002,80.85,9
2025-09-15,Downtown,Latte,50,4.5,225.0,Coffee,1.1,55.00000000000001,170.0,9
2025-09-15,Harbor Kiosk,Blueberry Muffin,6,2.95,17.7,Bakery,1.1,6.6000000000000005,11.099999999999998,9
2025-09-15,Harbor Kiosk,Cappuccino,16,4.25,68.0,Coffee,1.0,16.0,52.0,9
2025-09-15,Harbor Kiosk,Cold Brew,10,4.75,47.5,Coffee,0.95,9.5,38.0,9
2025-09-15,Harbor Kiosk,Croissant,13,3.25,42.25,Bakery,1.3,16.900000000000002,25.349999999999998,9
2025-09-15,Harbor Kiosk,Espresso,12,3.0,36.0,Coffee,0.55,6.6000000000000005,29.4,9
2025-09-15,Harbor Kiosk,Latte,17,4.5,76.5,Coffee,1.1,18.700000000000003,57.8,9
2025-09-15,Riverside,Blueberry Muffin,15,2.95,44.25,Bakery,1.1,16.5,27.75,9
2025-09-15,Riverside,Cappuccino,20,4.25,85.0,Coffee,1.0,20.0,65.0,9
2025-09-15,Riverside,Cold Brew,10,4.75,47.5,Coffee,0.95,9.5,38.0,9
2025-09-15,Riverside,Croissant,16,3.25,52.0,Bakery,1.3,20.8,31.2,9
2025-09-15,Riverside,Espresso,14,3.0,42.0,Coffee,0.55,7.700000000000001,34.3,9
2025-09-15,Riverside,Latte,29,4.5,130.5,Coffee,1.1,31.900000000000002,98.6,9
2025-09-15,University,Blueberry Muffin,21,2.95,61.95,Bakery,1.1,23.1,38.85,9
2025-09-15,University,Cappuccino,32,4.25,136.0,Coffee,1.0,32.0,104.0,9
2025-09-15,University,Cold Brew,24,4.75,114.0,Coffee,0.95,22.799999999999997,91.2,9
2025-09-15,University,Croissant,29,3.25,94.25,Bakery,1.3,37.7,56.55,9
2025-09-15,University,Espresso,26,3.0,78.0,Coffee,0.55,14.3,63.7,9
2025-09-15,University,Latte,47,4.5,211.5,Coffee,1.1,51.7,159.8,9
2025-09-16,Downtown,Blueberry Muffin,27,2.95,79.65,Bakery,1.1,29.700000000000003,49.95,9
2025-09-16,Downtown,Cappuccino,42,4.25,178.5,Coffee,1.0,42.0,136.5,9
2025-09-16,Downtown,Cold Brew,28,4.75,133.0,Coffee,0.95,26.599999999999998,106.4,9
2025-09-16,Downtown,Croissant,34,3.25,110.5,Bakery,1.3,44.2,66.3,9
2025-09-16,Downtown,Espresso,29,3.0,87.0,Coffee,0.55,15.950000000000001,71.05,9
2025-09-16,Downtown,Latte,52,4.5,234.0,Coffee,1.1,57.2,176.8,9
2025-09-16,Harbor Kiosk,Blueberry Muffin,11,2.95,32.45,Bakery,1.1,12.100000000000001,20.35,9
2025-09-16,Harbor Kiosk,Cappuccino,6,4.25,25.5,Coffee,1.0,6.0,19.5,9
2025-09-16,Harbor Kiosk,Cold Brew,14,4.75,66.5,Coffee,0.95,13.299999999999999,53.2,9
2025-09-16,Harbor Kiosk,Croissant,10,3.25,32.5,Bakery,1.3,13.0,19.5,9
2025-09-16,Harbor Kiosk,Espresso,9,3.0,27.0,Coffee,0.55,4.95,22.05,9
2025-09-16,Harbor Kiosk,Latte,10,4.5,45.0,Coffee,1.1,11.0,34.0,9
2025-09-16,Riverside,Blueberry Muffin,14,2.95,41.3,Bakery,1.1,15.400000000000002,25.899999999999995,9
2025-09-16,Riverside,Cappuccino,21,4.25,89.25,Coffee,1.0,21.0,68.25,9
2025-09-16,Riverside,Cold Brew,16,4.75,76.0,Coffee,0.95,15.2,60.8,9
2025-09-16,Riverside,Croissant,18,3.25,58.5,Bakery,1.3,23.400000000000002,35.099999999999994,9
2025-09-16,Riverside,Espresso,16,3.0,48.0,Coffee,0.55,8.8,39.2,9
2025-09-16,Riverside,Latte,32,4.5,144.0,Coffee,1.1,35.2,108.8,9
2025-09-16,University,Blueberry Muffin,25,2.95,73.75,Bakery,1.1,27.500000000000004,46.25,9
2025-09-16,University,Cappuccino,36,4.25,153.0,Coffee,1.0,36.0,117.0,9
2025-09-16,University,Cold Brew,24,4.75,114.0,Coffee,0.95,22.799999999999997,91.2,9
2025-09-16,University,Croissant,29,3.25,94.25,Bakery,1.3,37.7,56.55,9
2025-09-16,University,Espresso,29,3.0,87.0,Coffee,0.55,15.950000000000001,71.05,9
2025-09-16,University,Latte,55,4.5,247.5,Coffee,1.1,60.50000000000001,187.0,9
2025-09-17,Downtown,Blueberry Muffin,29,2.95,85.55,Bakery,1.1,31.900000000000002,53.64999999999999,9
2025-09-17,Downtown,Cappuccino,44,4.25,187.0,Coffee,1.0,44.0,143.0,9
2025-09-17,Downtown,Cold Brew,40,4.75,190.0,Coffee,0.95,38.0,152.0,9
2025-09-17,Downtown,Croissant,36,3.25,117.0,Bakery,1.3,46.800000000000004,70.19999999999999,9
2025-09-17,Downtown,Espresso,31,3.0,93.0,Coffee,0.55,17.05,75.95,9
2025-09-17,Downtown,Latte,61,4.5,274.5,Coffee,1.1,67.10000000000001,207.39999999999998,9
2025-09-17,Harbor Kiosk,Blueberry Muffin,11,2.95,32.45,Bakery,1.1,12.100000000000001,20.35,9
2025-09-17,Harbor Kiosk,Cappuccino,6,4.25,25.5,Coffee,1.0,6.0,19.5,9
2025-09-17,Harbor Kiosk,Cold Brew,8,4.75,38.0,Coffee,0.95,7.6,30.4,9
2025-09-17,Harbor Kiosk,Croissant,8,3.25,26.0,Bakery,1.3,10.4,15.6,9
2025-09-17,Harbor Kiosk,Espresso,7,3.0,21.0,Coffee,0.55,3.8500000000000005,17.15,9
2025-09-17,Harbor Kiosk,Latte,13,4.5,58.5,Coffee,1.1,14.3,44.2,9
2025-09-17,Riverside,Blueberry Muffin,16,2.95,47.2,Bakery,1.1,17.6,29.6,9
2025-09-17,Riverside,Cappuccino,21,4.25,89.25,Coffee,1.0,21.0,68.25,9
2025-09-17,Riverside,Cold Brew,15,4.75,71.25,Coffee,0.95,14.25,57.0,9
2025-09-17,Riverside,Croissant,18,3.25,58.5,Bakery,1.3,23.400000000000002,35.099999999999994,9
2025-09-17,Riverside,Espresso,16,3.0,48.0,Coffee,0.55,8.8,39.2,9
2025-09-17,Riverside,Latte,30,4.5,135.0,Coffee,1.1,33.0,102.0,9
2025-09-17,University,Blueberry Muffin,17,2.95,50.15,Bakery,1.1,18.700000000000003,31.449999999999996,9
2025-09-17,University,Cappuccino,33,4.25,140.25,Coffee,1.0,33.0,107.25,9
2025-09-17,University,Cold Brew,28,4.75,133.0,Coffee,0.95,26.599999999999998,106.4,9
2025-09-17,University,Croissant,25,3.25,81.25,Bakery,1.3,32.5,48.75,9
2025-09-17,University,Espresso,26,3.0,78.0,Coffee,0.55,14.3,63.7,9
2025-09-17,University,Latte,42,4.5,189.0,Coffee,1.1,46.2,142.8,9
2025-09-18,Downtown,Blueberry Muffin,23,2.95,67.85,Bakery,1.1,25.3,42.55,9
2025-09-18,Downtown,Cappuccino,41,4.25,174.25,Coffee,1.0,41.0,133.25,9
2025-09-18,Downtown,Cold Brew,28,4.75,133.0,Coffee,0.95,26.599999999999998,106.4,9
2025-09-18,Downtown,Croissant,32,3.25,104.0,Bakery,1.3,41.6,62.4,9
2025-09-18,Downtown,Espresso,31,3.0,93.0,Coffee,0.55,17.05,75.95,9
2025-09-18,Downtown,Latte,54,4.5,243.0,Coffee,1.1,59.400000000000006,183.6,9
2025-09-18,Harbor Kiosk,Blueberry Muffin,16,2.95,47.2,Bakery,1.1,17.6,29.6,9
2025-09-18,Harbor Kiosk,Cappuccino,14,4.25,59.5,Coffee,1.0,14.0,45.5,9
2025-09-18,Harbor Kiosk,Cold Brew,9,4.75,42.75,Coffee,0.95,8.549999999999999,34.2,9
2025-09-18,Harbor Kiosk,Croissant,5,3.25,16.25,Bakery,1.3,6.5,9.75,9
2025-09-18,Harbor Kiosk,Espresso,15,3.0,45.0,Coffee,0.55,8.25,36.75,9
2025-09-18,Harbor Kiosk,Latte,11,4.5,49.5,Coffee,1.1,12.100000000000001,37.4,9
2025-09-18,Riverside,Blueberry Muffin,12,2.95,35.4,Bakery,1.1,13.200000000000001,22.199999999999996,9
2025-09-18,Riverside,Cappuccino,25,4.25,106.25,Coffee,1.0,25.0,81.25,9
2025-09-18,Riverside,Cold Brew,15,4.75,71.25,Coffee,0.95,14.25,57.0,9
2025-09-18,Riverside,Croissant,17,3.25,55.25,Bakery,1.3,22.1,33.15,9
2025-09-18,Riverside,Espresso,19,3.0,57.0,Coffee,0.55,10.450000000000001,46.55,9
2025-09-18,Riverside,Latte,28,4.5,126.0,Coffee,1.1,30.800000000000004,95.19999999999999,9
2025-09-18,University,Blueberry Muffin,24,2.95,70.8,Bakery,1.1,26.400000000000002,44.39999999999999,9
2025-09-18,University,Cappuccino,33,4.25,140.25,Coffee,1.0,33.0,107.25,9
2025-09-18,University,Cold Brew,24,4.75,114.0,Coffee,0.95,22.799999999999997,91.2,9
2025-09-18,University,Croissant,29,3.25,94.25,Bakery,1.3,37.7,56.55,9
2025-09-18,University,Espresso,30,3.0,90.0,Coffee,0.55,16.5,73.5,9
2025-09-18,University,Latte,47,4.5,211.5,Coffee,1.1,51.7,159.8,9
2025-09-19,Downtown,Blueberry Muffin,29,2.95,85.55,Bakery,1.1,31.900000000000002,53.64999999999999,9
2025-09-19,Downtown,Cappuccino,38,4.25,161.5,Coffee,1.0,38.0,123.5,9
2025-09-19,Downtown,Cold Brew,33,4.75,156.75,Coffee,0.95,31.349999999999998,125.4,9
2025-09-19,Downtown,Croissant,33,3.25,107.25,Bakery,1.3,42.9,64.35,9
2025-09-19,Downtown,Espresso,31,3.0,93.0,Coffee,0.55,17.05,75.95,9
2025-09-19,Downtown,Latte,54,4.5,243.0,Coffee,1.1,59.400000000000006,183.6,9
2025-09-19,Harbor Kiosk,Blueberry Muffin,5,2.95,14.75,Bakery,1.1,5.5,9.25,9
2025-09-19,Harbor Kiosk,Cappuccino,7,4.25,29.75,Coffee,1.0,7.0,22.75,9
2025-09-19,Harbor Kiosk,Cold Brew,13,4.75,61.75,Coffee,0.95,12.35,49.4,9
2025-09-19,Harbor Kiosk,Croissant,4,3.25,13.0,Bakery,1.3,5.2,7.8,9
2025-09-19,Harbor Kiosk,Espresso,8,3.0,24.0,Coffee,0.55,4.4,19.6,9
2025-09-19,Harbor Kiosk,Latte,14,4.5,63.0,Coffee,1.1,15.400000000000002,47.599999999999994,9
2025-09-19,Riverside,Blueberry Muffin,15,2.95,44.25,Bakery,1.1,16.5,27.75,9
2025-09-19,Riverside,Cappuccino,24,4.25,102.0,Coffee,1.0,24.0,78.0,9
2025-09-19,Riverside,Cold Brew,14,4.75,66.5,Coffee,0.95,13.299999999999999,53.2,9
2025-09-19,Riverside,Croissant,21,3.25,68.25,Bakery,1.3,27.3,40.95,9
2025-09-19,Riverside,Espresso,19,3.0,57.0,Coffee,0.55,10.450000000000001,46.55,9
2025-09-19,Riverside,Latte,34,4.5,153.0,Coffee,1.1,37.400000000000006,115.6,9
2025-09-19,University,Blueberry Muffin,22,2.95,64.9,Bakery,1.1,24.200000000000003,40.7,9
2025-09-19,University,Cappuccino,33,4.25,140.25,Coffee,1.0,33.0,107.25,9
2025-09-19,University,Cold Brew,20,4.75,95.0,Coffee,0.95,19.0,76.0,9
2025-09-19,University,Croissant,30,3.25,97.5,Bakery,1.3,39.0,58.5,9
2025-09-19,University,Espresso,27,3.0,81.0,Coffee,0.55,14.850000000000001,66.15,9
2025-09-19,University,Latte,49,4.5,220.5,Coffee,1.1,53.900000000000006,166.6,9
2025-09-20,Downtown,Blueberry Muffin,28,2.95,82.6,Bakery,1.1,30.800000000000004,51.79999999999999,9
2025-09-20,Downtown,Cappuccino,44,4.25,187.0,Coffee,1.0,44.0,143.0,9
2025-09-20,Downtown,Cold Brew,49,4.75,232.75,Coffee,0.95,46.55,186.2,9
2025-09-20,Downtown,Croissant,42,3.25,136.5,Bakery,1.3,54.6,81.9,9
2025-09-20,Downtown,Espresso,38,3.0,114.0,Coffee,0.55,20.900000000000002,93.1,9
2025-09-20,Downtown,Latte,60,4.5,270.0,Coffee,1.1,66.0,204.0,9
2025-09-20,Harbor Kiosk,Blueberry Muffin,12,2.95,35.4,Bakery,1.1,13.200000000000001,22.199999999999996,9
2025-09-20,Harbor Kiosk,Cappuccino,22,4.25,93.5,Coffee,1.0,22.0,71.5,9
2025-09-20,Harbor Kiosk,Cold Brew,25,4.75,118.75,Coffee,0.95,23.75,95.0,9
2025-09-20,Harbor Kiosk,Croissant,17,3.25,55.25,Bakery,1.3,22.1,33.15,9
2025-09-20,Harbor Kiosk,Espresso,11,3.0,33.0,Coffee,0.55,6.050000000000001,26.95,9
2025-09-20,Harbor Kiosk,Latte,25,4.5,112.5,Coffee,1.1,27.500000000000004,85.0,9
2025-09-20,Riverside,Blueberry Muffin,14,2.95,41.3,Bakery,1.1,15.400000000000002,25.899999999999995,9
2025-09-20,Riverside,Cappuccino,22,4.25,93.5,Coffee,1.0,22.0,71.5,9
2025-09-20,Riverside,Cold Brew,28,4.75,133.0,Coffee,0.95,26.599999999999998,106.4,9
2025-09-20,Riverside,Croissant,21,3.25,68.25,Bakery,1.3,27.3,40.95,9
2025-09-20,Riverside,Espresso,20,3.0,60.0,Coffee,0.55,11.0,49.0,9
2025-09-20,Riverside,Latte,30,4.5,135.0,Coffee,1.1,33.0,102.0,9
2025-09-20,University,Blueberry Muffin,16,2.95,47.2,Bakery,1.1,17.6,29.6,9
2025-09-20,University,Cappuccino,22,4.25,93.5,Coffee,1.0,22.0,71.5,9
2025-09-20,University,Cold Brew,19,4.75,90.25,Coffee,0.95,18.05,72.2,9
2025-09-20,University,Croissant,19,3.25,61.75,Bakery,1.3,24.7,37.05,9
2025-09-20,University,Espresso,19,3.0,57.0,Coffee,0.55,10.450000000000001,46.55,9
2025-09-20,University,Latte,28,4.5,126.0,Coffee,1.1,30.800000000000004,95.19999999999999,9
2025-09-21,Downtown,Blueberry Muffin,30,2.95,88.5,Bakery,1.1,33.0,55.5,9
2025-09-21,Downtown,Cappuccino,43,4.25,182.75,Coffee,1.0,43.0,139.75,9
2025-09-21,Downtown,Cold Brew,33,4.75,156.75,Coffee,0.95,31.349999999999998,125.4,9
2025-09-21,Downtown,Croissant,35,3.25,113.75,Bakery,1.3,45.5,68.25,9
2025-09-21,Downtown,Espresso,39,3.0,117.0,Coffee,0.55,21.450000000000003,95.55,9
2025-09-21,Downtown,Latte,64,4.5,288.0,Coffee,1.1,70.4,217.6,9
2025-09-21,Harbor Kiosk,Blueberry Muffin,8,2.95,23.6,Bakery,1.1,8.8,14.8,9
2025-09-21,Harbor Kiosk,Cappuccino,15,4.25,63.75,Coffee,1.0,15.0,48.75,9
2025-09-21,Harbor Kiosk,Cold Brew,19,4.75,90.25,Coffee,0.95,18.05,72.2,9
2025-09-21,Harbor Kiosk,Croissant,13,3.25,42.25,Bakery,1.3,16.900000000000002,25.349999999999998,9
2025-09-21,Harbor Kiosk,Espresso,15,3.0,45.0,Coffee,0.55,8.25,36.75,9
2025-09-21,Harbor Kiosk,Latte,16,4.5,72.0,Coffee,1.1,17.6,54.4,9
2025-09-21,Riverside,Blueberry Muffin,22,2.95,64.9,Bakery,1.1,24.200000000000003,40.7,9
2025-09-21,Riverside,Cappuccino,31,4.25,131.75,Coffee,1.0,31.0,100.75,9
2025-09-21,Riverside,Cold Brew,27,4.75,128.25,Coffee,0.95,25.65,102.6,9
2025-09-21,Riverside,Croissant,26,3.25,84.5,Bakery,1.3,33.800000000000004,50.699999999999996,9
2025-09-21,Riverside,Espresso,22,3.0,66.0,Coffee,0.55,12.100000000000001,53.9,9
2025-09-21,Riverside,Latte,40,4.5,180.0,Coffee,1.1,44.0,136.0,9
2025-09-21,University,Blueberry Muffin,14,2.95,41.3,Bakery,1.1,15.400000000000002,25.899999999999995,9
2025-09-21,University,Cappuccino,24,4.25,102.0,Coffee,1.0,24.0,78.0,9
2025-09-21,University,Cold Brew,20,4.75,95.0,Coffee,0.95,19.0,76.0,9
2025-09-21,University,Croissant,19,3.25,61.75,Bakery,1.3,24.7,37.05,9
2025-09-21,University,Espresso,17,3.0,51.0,Coffee,0.55,9.350000000000001,41.65,9
2025-09-21,University,Latte,32,4.5,144.0,Coffee,1.1,35.2,108.8,9
2025-09-22,Downtown,Blueberry Muffin,27,2.95,79.65,Bakery,1.1,29.700000000000003,49.95,9
2025-09-22,Downtown,Cappuccino,37,4.25,157.25,Coffee,1.0,37.0,120.25,9
2025-09-22,Downtown,Cold Brew,26,4.75,123.5,Coffee,0.95,24.7,98.8,9
2025-09-22,Downtown,Croissant,34,3.25,110.5,Bakery,1.3,44.2,66.3,9
2025-09-22,Downtown,Espresso,26,3.0,78.0,Coffee,0.55,14.3,63.7,9
2025-09-22,Downtown,Latte,49,4.5,220.5,Coffee,1.1,53.900000000000006,166.6,9
2025-09-22,Harbor Kiosk,Blueberry Muffin,9,2.95,26.55,Bakery,1.1,9.9,16.65,9
2025-09-22,Harbor Kiosk,Cappuccino,11,4.25,46.75,Coffee,1.0,11.0,35.75,9
2025-09-22,Harbor Kiosk,Cold Brew,8,4.75,38.0,Coffee,0.95,7.6,30.4,9
2025-09-22,Harbor Kiosk,Croissant,13,3.25,42.25,Bakery,1.3,16.900000000000002,25.349999999999998,9
2025-09-22,Harbor Kiosk,Espresso,7,3.0,21.0,Coffee,0.55,3.8500000000000005,17.15,9
2025-09-22,Harbor Kiosk,Latte,14,4.5,63.0,Coffee,1.1,15.400000000000002,47.599999999999994,9
2025-09-22,Riverside,Blueberry Muffin,14,2.95,41.3,Bakery,1.1,15.400000000000002,25.899999999999995,9
2025-09-22,Riverside,Cappuccino,19,4.25,80.75,Coffee,1.0,19.0,61.75,9
2025-09-22,Riverside,Cold Brew,16,4.75,76.0,Coffee,0.95,15.2,60.8,9
2025-09-22,Riverside,Croissant,20,3.25,65.0,Bakery,1.3,26.0,39.0,9
2025-09-22,Riverside,Espresso,16,3.0,48.0,Coffee,0.55,8.8,39.2,9
2025-09-22,Riverside,Latte,26,4.5,117.0,Coffee,1.1,28.6,88.4,9
2025-09-22,University,Blueberry Muffin,19,2.95,56.05,Bakery,1.1,20.900000000000002,35.14999999999999,9
2025-09-22,University,Cappuccino,27,4.25,114.75,Coffee,1.0,27.0,87.75,9
2025-09-22,University,Cold Brew,35,4.75,166.25,Coffee,0.95,33.25,133.0,9
2025-09-22,University,Croissant,26,3.25,84.5,Bakery,1.3,33.800000000000004,50.699999999999996,9
2025-09-22,University,Espresso,24,3.0,72.0,Coffee,0.55,13.200000000000001,58.8,9
2025-09-22,University,Latte,41,4.5,184.5,Coffee,1.1,45.1,139.4,9
2025-09-23,Downtown,Blueberry Muffin,24,2.95,70.8,Bakery,1.1,26.400000000000002,44.39999999999999,9
2025-09-23,Downtown,Cappuccino,41,4.25,174.25,Coffee,1.0,41.0,133.25,9
2025-09-23,Downtown,Cold Brew,28,4.75,133.0,Coffee,0.95,26.599999999999998,106.4,9
2025-09-23,Downtown,Croissant,38,3.25,123.5,Bakery,1.3,49.4,74.1,9
2025-09-23,Downtown,Espresso,34,3.0,102.0,Coffee,0.55,18.700000000000003,83.3,9
2025-09-23,Downtown,Latte,56,4.5,252.0,Coffee,1.1,61.60000000000001,190.39999999999998,9
2025-09-23,Harbor Kiosk,Blueberry Muffin,10,2.95,29.5,Bakery,1.1,11.0,18.5,9
2025-09-23,Harbor Kiosk,Cappuccino,15,4.25,63.75,Coffee,1.0,15.0,48.75,9
2025-09-23,Harbor Kiosk,Cold Brew,8,4.75,38.0,Coffee,0.95,7.6,30.4,9
2025-09-23,Harbor Kiosk,Croissant,10,3.25,32.5,Bakery,1.3,13.0,19.5,9
2025-09-23,Harbor Kiosk,Espresso,12,3.0,36.0,Coffee,0.55,6.6000000000000005,29.4,9
2025-09-23,Harbor Kiosk,Latte,10,4.5,45.0,Coffee,1.1,11.0,34.0,9
2025-09-23,Riverside,Blueberry Muffin,17,2.95,50.15,Bakery,1.1,18.700000000000003,31.449999999999996,9
2025-09-23,Riverside,Cappuccino,23,4.25,97.75,Coffee,1.0,23.0,74.75,9
2025-09-23,Riverside,Cold Brew,15,4.75,71.25,Coffee,0.95,14.25,57.0,9
2025-09-23,Riverside,Croissant,21,3.25,68.25,Bakery,1.3,27.3,40.95,9
2025-09-23,Riverside,Espresso,17,3.0,51.0,Coffee,0.55,9.350000000000001,41.65,9
2025-09-23,Riverside,Latte,30,4.5,135.0,Coffee,1.1,33.0,102.0,9
2025-09-23,University,Blueberry Muffin,23,2.95,67.85,Bakery,1.1,25.3,42.55,9
2025-09-23,University,Cappuccino,31,4.25,131.75,Coffee,1.0,31.0,100.75,9
2025-09-23,University,Cold Brew,24,4.75,114.0,Coffee,0.95,22.799999999999997,91.2,9
2025-09-23,University,Croissant,29,3.25,94.25,Bakery,1.3,37.7,56.55,9
2025-09-23,University,Espresso,29,3.0,87.0,Coffee,0.55,15.950000000000001,71.05,9
2025-09-23,University,Latte,47,4.5,211.5,Coffee,1.1,51.7,159.8,9
2025-09-24,Downtown,Blueberry Muffin,21,2.95,61.95,Bakery,1.1,23.1,38.85,9
2025-09-24,Downtown,Cappuccino,33,4.25,140.25,Coffee,1.0,33.0,107.25,9
2025-09-24,Downtown,Cold Brew,35,4.75,166.25,Coffee,0.95,33.25,133.0,9
2025-09-24,Downtown,Croissant,28,3.25,91.0,Bakery,1.3,36.4,54.6,9
2025-09-24,Downtown,Espresso,28,3.0,84.0,Coffee,0.55,15.400000000000002,68.6,9
2025-09-24,Downtown,Latte,56,4.5,252.0,Coffee,1.1,61.60000000000001,190.39999999999998,9
2025-09-24,Harbor Kiosk,Blueberry Muffin,3,2.95,8.85,Bakery,1.1,3.3000000000000003,5.549999999999999,9
2025-09-24,Harbor Kiosk,Cappuccino,10,4.25,42.5,Coffee,1.0,10.0,32.5,9
2025-09-24,Harbor Kiosk,Cold Brew,4,4.75,19.0,Coffee,0.95,3.8,15.2,9
2025-09-24,Harbor Kiosk,Croissant,10,3.25,32.5,Bakery,1.3,13.0,19.5,9
2025-09-24,Harbor Kiosk,Espresso,5,3.0,15.0,Coffee,0.55,2.75,12.25,9
2025-09-24,Harbor Kiosk,Latte,14,4.5,63.0,Coffee,1.1,15.400000000000002,47.599999999999994,9
2025-09-24,Riverside,Blueberry Muffin,9,2.95,26.55,Bakery,1.1,9.9,16.65,9
2025-09-24,Riverside,Cappuccino,17,4.25,72.25,Coffee,1.0,17.0,55.25,9
2025-09-24,Riverside,Cold Brew,18,4.75,85.5,Coffee,0.95,17.099999999999998,68.4,9
2025-09-24,Riverside,Croissant,17,3.25,55.25,Bakery,1.3,22.1,33.15,9
2025-09-24,Riverside,Espresso,16,3.0,48.0,Coffee,0.55,8.8,39.2,9
2025-09-24,Riverside,Latte,28,4.5,126.0,Coffee,1.1,30.800000000000004,95.19999999999999,9
2025-09-24,University,Blueberry Muffin,21,2.95,61.95,Bakery,1.1,23.1,38.85,9
2025-09-24,University,Cappuccino,30,4.25,127.5,Coffee,1.0,30.0,97.5,9
2025-09-24,University,Cold Brew,22,4.75,104.5,Coffee,0.95,20.9,83.6,9
2025-09-24,University,Croissant,25,3.25,81.25,Bakery,1.3,32.5,48.75,9
2025-09-24,University,Espresso,30,3.0,90.0,Coffee,0.55,16.5,73.5,9
2025-09-24,University,Latte,39,4.5,175.5,Coffee,1.1,42.900000000000006,132.6,9
2025-09-25,Downtown,Blueberry Muffin,21,2.95,61.95,Bakery,1.1,23.1,38.85,9
2025-09-25,Downtown,Cappuccino,33,4.25,140.25,Coffee,1.0,33.0,107.25,9
2025-09-25,Downtown,Cold Brew,26,4.75,123.5,Coffee,0.95,24.7,98.8,9
2025-09-25,Downtown,Croissant,31,3.25,100.75,Bakery,1.3,40.300000000000004,60.449999999999996,9
2025-09-25,Downtown,Espresso,29,3.0,87.0,Coffee,0.55,15.950000000000001,71.05,9
2025-09-25,Downtown,Latte,57,4.5,256.5,Coffee,1.1,62.7,193.8,9
2025-09-25,Harbor Kiosk,Blueberry Muffin,8,2.95,23.6,Bakery,1.1,8.8,14.8,9
2025-09-25,Harbor Kiosk,Cappuccino,5,4.25,21.25,Coffee,1.0,5.0,16.25,9
2025-09-25,Harbor Kiosk,Cold Brew,8,4.75,38.0,Coffee,0.95,7.6,30.4,9
2025-09-25,Harbor Kiosk,Croissant,10,3.25,32.5,Bakery,1.3,13.0,19.5,9
2025-09-25,Harbor Kiosk,Espresso,8,3.0,24.0,Coffee,0.55,4.4,19.6,9
2025-09-25,Harbor Kiosk,Latte,19,4.5,85.5,Coffee,1.1,20.900000000000002,64.6,9
2025-09-25,Riverside,Blueberry Muffin,17,2.95,50.15,Bakery,1.1,18.700000000000003,31.449999999999996,9
2025-09-25,Riverside,Cappuccino,24,4.25,102.0,Coffee,1.0,24.0,78.0,9
2025-09-25,Riverside,Cold Brew,13,4.75,61.75,Coffee,0.95,12.35,49.4,9
2025-09-25,Riverside,Croissant,21,3.25,68.25,Bakery,1.3,27.3,40.95,9
2025-09-25,Riverside,Espresso,18,3.0,54.0,Coffee,0.55,9.9,44.1,9
2025-09-25,Riverside,Latte,35,4.5,157.5,Coffee,1.1,38.5,119.0,9
2025-09-25,University,Blueberry Muffin,20,2.95,59.0,Bakery,1.1,22.0,37.0,9
2025-09-25,University,Cappuccino,33,4.25,140.25,Coffee,1.0,33.0,107.25,9
2025-09-25,University,Cold Brew,25,4.75,118.75,Coffee,0.95,23.75,95.0,9
2025-09-25,University,Croissant,27,3.25,87.75,Bakery,1.3,35.1,52.65,9
2025-09-25,University,Espresso,23,3.0,69.0,Coffee,0.55,12.65,56.35,9
2025-09-25,University,Latte,44,4.5,198.0,Coffee,1.1,48.400000000000006,149.6,9
2025-09-26,Downtown,Blueberry Muffin,26,2.95,76.7,Bakery,1.1,28.6,48.1,9
2025-09-26,Downtown,Cappuccino,38,4.25,161.5,Coffee,1.0,38.0,123.5,9
2025-09-26,Downtown,Cold Brew,33,4.75,156.75,Coffee,0.95,31.349999999999998,125.4,9
2025-09-26,Downtown,Croissant,33,3.25,107.25,Bakery,1.3,42.9,64.35,9
2025-09-26,Downtown,Espresso,28,3.0,84.0,Coffee,0.55,15.400000000000002,68.6,9
2025-09-26,Downtown,Latte,50,4.5,225.0,Coffee,1.1,55.00000000000001,170.0,9
2025-09-26,Harbor Kiosk,Blueberry Muffin,7,2.95,20.65,Bakery,1.1,7.700000000000001,12.949999999999998,9
2025-09-26,Harbor Kiosk,Cappuccino,10,4.25,42.5,Coffee,1.0,10.0,32.5,9
2025-09-26,Harbor Kiosk,Cold Brew,13,4.75,61.75,Coffee,0.95,12.35,49.4,9
2025-09-26,Harbor Kiosk,Croissant,11,3.25,35.75,Bakery,1.3,14.3,21.45,9
2025-09-26,Harbor Kiosk,Espresso,4,3.0,12.0,Coffee,0.55,2.2,9.8,9
2025-09-26,Harbor Kiosk,Latte,15,4.5,67.5,Coffee,1.1,16.5,51.0,9
2025-09-26,Riverside,Blueberry Muffin,11,2.95,32.45,Bakery,1.1,12.100000000000001,20.35,9
2025-09-26,Riverside,Cappuccino,20,4.25,85.0,Coffee,1.0,20.0,65.0,9
2025-09-26,Riverside,Cold Brew,27,4.75,128.25,Coffee,0.95,25.65,102.6,9
2025-09-26,Riverside,Croissant,17,3.25,55.25,Bakery,1.3,22.1,33.15,9
2025-09-26,Riverside,Espresso,18,3.0,54.0,Coffee,0.55,9.9,44.1,9
2025-09-26,Riverside,Latte,29,4.5,130.5,Coffee,1.1,31.900000000000002,98.6,9
2025-09-26,University,Blueberry Muffin,21,2.95,61.95,Bakery,1.1,23.1,38.85,9
2025-09-26,University,Cappuccino,33,4.25,140.25,Coffee,1.0,33.0,107.25,9
2025-09-26,University,Cold Brew,27,4.75,128.25,Coffee,0.95,25.65,102.6,9
2025-09-26,University,Croissant,29,3.25,94.25,Bakery,1.3,37.7,56.55,9
2025-09-26,University,Espresso,23,3.0,69.0,Coffee,0.55,12.65,56.35,9
2025-09-26,University,Latte,44,4.5,198.0,Coffee,1.1,48.400000000000006,149.6,9
2025-09-27,Downtown,Blueberry Muffin,36,2.95,106.2,Bakery,1.1,39.6,66.6,9
2025-09-27,Downtown,Cappuccino,46,4.25,195.5,Coffee,1.0,46.0,149.5,9
2025-09-27,Downtown,Cold Brew,36,4.75,171.0,Coffee,0.95,34.199999999999996,136.8,9
2025-09-27,Downtown,Croissant,43,3.25,139.75,Bakery,1.3,55.9,83.85,9
2025-09-27,Downtown,Espresso,40,3.0,120.0,Coffee,0.55,22.0,98.0,9
2025-09-27,Downtown,Latte,68,4.5,306.0,Coffee,1.1,74.80000000000001,231.2,9
2025-09-27,Harbor Kiosk,Blueberry Muffin,13,2.95,38.35,Bakery,1.1,14.3,24.05,9
2025-09-27,Harbor Kiosk,Cappuccino,17,4.25,72.25,Coffee,1.0,17.0,55.25,9
2025-09-27,Harbor Kiosk,Cold Brew,23,4.75,109.25,Coffee,0.95,21.849999999999998,87.4,9
2025-09-27,Harbor Kiosk,Croissant,17,3.25,55.25,Bakery,1.3,22.1,33.15,9
2025-09-27,Harbor Kiosk,Espresso,15,3.0,45.0,Coffee,0.55,8.25,36.75,9
2025-09-27,Harbor Kiosk,Latte,22,4.5,99.0,Coffee,1.1,24.200000000000003,74.8,9
2025-09-27,Riverside,Blueberry Muffin,18,2.95,53.1,Bakery,1.1,19.8,33.3,9
2025-09-27,Riverside,Cappuccino,30,4.25,127.5,Coffee,1.0,30.0,97.5,9
2025-09-27,Riverside,Cold Brew,24,4.75,114.0,Coffee,0.95,22.799999999999997,91.2,9
2025-09-27,Riverside,Croissant,27,3.25,87.75,Bakery,1.3,35.1,52.65,9
2025-09-27,Riverside,Espresso,22,3.0,66.0,Coffee,0.55,12.100000000000001,53.9,9
2025-09-27,Riverside,Latte,39,4.5,175.5,Coffee,1.1,42.900000000000006,132.6,9
2025-09-27,University,Blueberry Muffin,15,2.95,44.25,Bakery,1.1,16.5,27.75,9
2025-09-27,University,Cappuccino,18,4.25,76.5,Coffee,1.0,18.0,58.5,9
2025-09-27,University,Cold Brew,20,4.75,95.0,Coffee,0.95,19.0,76.0,9
2025-09-27,University,Croissant,19,3.25,61.75,Bakery,1.3,24.7,37.05,9
2025-09-27,University,Espresso,18,3.0,54.0,Coffee,0.55,9.9,44.1,9
2025-09-27,University,Latte,27,4.5,121.5,Coffee,1.1,29.700000000000003,91.8,9
2025-09-28,Downtown,Blueberry Muffin,28,2.95,82.6,Bakery,1.1,30.800000000000004,51.79999999999999,9
2025-09-28,Downtown,Cappuccino,44,4.25,187.0,Coffee,1.0,44.0,143.0,9
2025-09-28,Downtown,Cold Brew,36,4.75,171.0,Coffee,0.95,34.199999999999996,136.8,9
2025-09-28,Downtown,Croissant,34,3.25,110.5,Bakery,1.3,44.2,66.3,9
2025-09-28,Downtown,Espresso,34,3.0,102.0,Coffee,0.55,18.700000000000003,83.3,9
2025-09-28,Downtown,Latte,60,4.5,270.0,Coffee,1.1,66.0,204.0,9
2025-09-28,Harbor Kiosk,Blueberry Muffin,10,2.95,29.5,Bakery,1.1,11.0,18.5,9
2025-09-28,Harbor Kiosk,Cappuccino,22,4.25,93.5,Coffee,1.0,22.0,71.5,9
2025-09-28,Harbor Kiosk,Cold Brew,12,4.75,57.0,Coffee,0.95,11.399999999999999,45.6,9
2025-09-28,Harbor Kiosk,Croissant,23,3.25,74.75,Bakery,1.3,29.900000000000002,44.849999999999994,9
2025-09-28,Harbor Kiosk,Espresso,11,3.0,33.0,Coffee,0.55,6.050000000000001,26.95,9
2025-09-28,Harbor Kiosk,Latte,26,4.5,117.0,Coffee,1.1,28.6,88.4,9
2025-09-28,Riverside,Blueberry Muffin,17,2.95,50.15,Bakery,1.1,18.700000000000003,31.449999999999996,9
2025-09-28,Riverside,Cappuccino,29,4.25,123.25,Coffee,1.0,29.0,94.25,9
2025-09-28,Riverside,Cold Brew,17,4.75,80.75,Coffee,0.95,16.15,64.6,9
2025-09-28,Riverside,Croissant,27,3.25,87.75,Bakery,1.3,35.1,52.65,9
2025-09-28,Riverside,Espresso,25,3.0,75.0,Coffee,0.55,13.750000000000002,61.25,9
2025-09-28,Riverside,Latte,40,4.5,180.0,Coffee,1.1,44.0,136.0,9
2025-09-28,University,Blueberry Muffin,14,2.95,41.3,Bakery,1.1,15.400000000000002,25.899999999999995,9
2025-09-28,University,Cappuccino,22,4.25,93.5,Coffee,1.0,22.0,71.5,9
2025-09-28,University,Cold Brew,14,4.75,66.5,Coffee,0.95,13.299999999999999,53.2,9
2025-09-28,University,Croissant,18,3.25,58.5,Bakery,1.3,23.400000000000002,35.099999999999994,9
2025-09-28,University,Espresso,14,3.0,42.0,Coffee,0.55,7.700000000000001,34.3,9
2025-09-28,University,Latte,30,4.5,135.0,Coffee,1.1,33.0,102.0,9
2025-09-29,Downtown,Blueberry Muffin,28,2.95,82.6,Bakery,1.1,30.800000000000004,51.79999999999999,9
2025-09-29,Downtown,Cappuccino,45,4.25,191.25,Coffee,1.0,45.0,146.25,9
2025-09-29,Downtown,Cold Brew,24,4.75,114.0,Coffee,0.95,22.799999999999997,91.2,9
2025-09-29,Downtown,Croissant,37,3.25,120.25,Bakery,1.3,48.1,72.15,9
2025-09-29,Downtown,Espresso,38,3.0,114.0,Coffee,0.55,20.900000000000002,93.1,9
2025-09-29,Downtown,Latte,58,4.5,261.0,Coffee,1.1,63.800000000000004,197.2,9
2025-09-29,Harbor Kiosk,Blueberry Muffin,4,2.95,11.8,Bakery,1.1,4.4,7.4,9
2025-09-29,Harbor Kiosk,Cappuccino,8,4.25,34.0,Coffee,1.0,8.0,26.0,9
2025-09-29,Harbor Kiosk,Cold Brew,9,4.75,42.75,Coffee,0.95,8.549999999999999,34.2,9
2025-09-29,Harbor Kiosk,Croissant,13,3.25,42.25,Bakery,1.3,16.900000000000002,25.349999999999998,9
2025-09-29,Harbor Kiosk,Espresso,15,3.0,45.0,Coffee,0.55,8.25,36.75,9
2025-09-29,Harbor Kiosk,Latte,15,4.5,67.5,Coffee,1.1,16.5,51.0,9
2025-09-29,Riverside,Blueberry Muffin,16,2.95,47.2,Bakery,1.1,17.6,29.6,9
2025-09-29,Riverside,Cappuccino,19,4.25,80.75,Coffee,1.0,19.0,61.75,9
2025-09-29,Riverside,Cold Brew,15,4.75,71.25,Coffee,0.95,14.25,57.0,9
2025-09-29,Riverside,Croissant,15,3.25,48.75,Bakery,1.3,19.5,29.25,9
2025-09-29,Riverside,Espresso,16,3.0,48.0,Coffee,0.55,8.8,39.2,9
2025-09-29,Riverside,Latte,31,4.5,139.5,Coffee,1.1,34.1,105.4,9
2025-09-29,University,Blueberry Muffin,23,2.95,67.85,Bakery,1.1,25.3,42.55,9
2025-09-29,University,Cappuccino,31,4.25,131.75,Coffee,1.0,31.0,100.75,9
2025-09-29,University,Cold Brew,25,4.75,118.75,Coffee,0.95,23.75,95.0,9
2025-09-29,University,Croissant,26,3.25,84.5,Bakery,1.3,33.800000000000004,50.699999999999996,9
2025-09-29,University,Espresso,26,3.0,78.0,Coffee,0.55,14.3,63.7,9
2025-09-29,University,Latte,44,4.5,198.0,Coffee,1.1,48.400000000000006,149.6,9
2025-09-30,Downtown,Blueberry Muffin,22,2.95,64.9,Bakery,1.1,24.200000000000003,40.7,9
2025-09-30,Downtown,Cappuccino,37,4.25,157.25,Coffee,1.0,37.0,120.25,9
2025-09-30,Downtown,Cold Brew,21,4.75,99.75,Coffee,0.95,19.95,79.8,9
2025-09-30,Downtown,Croissant,35,3.25,113.75,Bakery,1.3,45.5,68.25,9
2025-09-30,Downtown,Espresso,27,3.0,81.0,Coffee,0.55,14.850000000000001,66.15,9
2025-09-30,Downtown,Latte,63,4.5,283.5,Coffee,1.1,69.30000000000001,214.2,9
2025-09-30,Harbor Kiosk,Blueberry Muffin,8,2.95,23.6,Bakery,1.1,8.8,14.8,9
2025-09-30,Harbor Kiosk,Cappuccino,5,4.25,21.25,Coffee,1.0,5.0,16.25,9
2025-09-30,Harbor Kiosk,Cold Brew,5,4.75,23.75,Coffee,0.95,4.75,19.0,9
2025-09-30,Harbor Kiosk,Croissant,10,3.25,32.5,Bakery,1.3,13.0,19.5,9
2025-09-30,Harbor Kiosk,Espresso,6,3.0,18.0,Coffee,0.55,3.3000000000000003,14.7,9
2025-09-30,Harbor Kiosk,Latte,12,4.5,54.0,Coffee,1.1,13.200000000000001,40.8,9
2025-09-30,Riverside,Blueberry Muffin,14,2.95,41.3,Bakery,1.1,15.400000000000002,25.899999999999995,9
2025-09-30,Riverside,Cappuccino,20,4.25,85.0,Coffee,1.0,20.0,65.0,9
2025-09-30,Riverside,Cold Brew,11,4.75,52.25,Coffee,0.95,10.45,41.8,9
2025-09-30,Riverside,Croissant,21,3.25,68.25,Bakery,1.3,27.3,40.95,9
2025-09-30,Riverside,Espresso,17,3.0,51.0,Coffee,0.55,9.350000000000001,41.65,9
2025-09-30,Riverside,Latte,31,4.5,139.5,Coffee,1.1,34.1,105.4,9
2025-09-30,University,Blueberry Muffin,18,2.95,53.1,Bakery,1.1,19.8,33.3,9
2025-09-30,University,Cappuccino,35,4.25,148.75,Coffee,1.0,35.0,113.75,9
2025-09-30,University,Cold Brew,17,4.75,80.75,Coffee,0.95,16.15,64.6,9
2025-09-30,University,Croissant,27,3.25,87.75,Bakery,1.3,35.1,52.65,9
2025-09-30,University,Espresso,26,3.0,78.0,Coffee,0.55,14.3,63.7,9
2025-09-30,University,Latte,44,4.5,198.0,Coffee,1.1,48.400000000000006,149.6,9
2025-10-01,Downtown,Blueberry Muffin,27,2.95,79.65,Bakery,1.1,29.700000000000003,49.95,10
2025-10-01,Downtown,Cappuccino,31,4.25,131.75,Coffee,1.0,31.0,100.75,10
2025-10-01,Downtown,Cold Brew,29,4.75,137.75,Coffee,0.95,27.549999999999997,110.2,10
2025-10-01,Downtown,Croissant,28,3.25,91.0,Bakery,1.3,36.4,54.6,10
2025-10-01,Downtown,Espresso,27,3.0,81.0,Coffee,0.55,14.850000000000001,66.15,10
2025-10-01,Downtown,Latte,45,4.5,202.5,Coffee,1.1,49.50000000000001,153.0,10
2025-10-01,Riverside,Blueberry Muffin,12,2.95,35.4,Bakery,1.1,13.200000000000001,22.199999999999996,10
2025-10-01,Riverside,Cappuccino,20,4.25,85.0,Coffee,1.0,20.0,65.0,10
2025-10-01,Riverside,Cold Brew,19,4.75,90.25,Coffee,0.95,18.05,72.2,10
2025-10-01,Riverside,Croissant,20,3.25,65.0,Bakery,1.3,26.0,39.0,10
2025-10-01,Riverside,Espresso,17,3.0,51.0,Coffee,0.55,9.350000000000001,41.65,10
2025-10-01,Riverside,Latte,32,4.5,144.0,Coffee,1.1,35.2,108.8,10
2025-10-01,University,Blueberry Muffin,18,2.95,53.1,Bakery,1.1,19.8,33.3,10
2025-10-01,University,Cappuccino,33,4.25,140.25,Coffee,1.0,33.0,107.25,10
2025-10-01,University,Cold Brew,15,4.75,71.25,Coffee,0.95,14.25,57.0,10
2025-10-01,University,Croissant,26,3.25,84.5,Bakery,1.3,33.800000000000004,50.699999999999996,10
2025-10-01,University,Espresso,23,3.0,69.0,Coffee,0.55,12.65,56.35,10
2025-10-01,University,Latte,45,4.5,202.5,Coffee,1.1,49.50000000000001,153.0,10
2025-10-02,Downtown,Blueberry Muffin,28,2.95,82.6,Bakery,1.1,30.800000000000004,51.79999999999999,10
2025-10-02,Downtown,Cappuccino,38,4.25,161.5,Coffee,1.0,38.0,123.5,10
2025-10-02,Downtown,Cold Brew,40,4.75,190.0,Coffee,0.95,38.0,152.0,10
2025-10-02,Downtown,Croissant,32,3.25,104.0,Bakery,1.3,41.6,62.4,10
2025-10-02,Downtown,Espresso,29,3.0,87.0,Coffee,0.55,15.950000000000001,71.05,10
2025-10-02,Downtown,Latte,56,4.5,252.0,Coffee,1.1,61.60000000000001,190.39999999999998,10
2025-10-02,Riverside,Blueberry Muffin,16,2.95,47.2,Bakery,1.1,17.6,29.6,10
2025-10-02,Riverside,Cappuccino,24,4.25,102.0,Coffee,1.0,24.0,78.0,10
2025-10-02,Riverside,Cold Brew,14,4.75,66.5,Coffee,0.95,13.299999999999999,53.2,10
2025-10-02,Riverside,Croissant,21,3.25,68.25,Bakery,1.3,27.3,40.95,10
2025-10-02,Riverside,Espresso,18,3.0,54.0,Coffee,0.55,9.9,44.1,10
2025-10-02,Riverside,Latte,35,4.5,157.5,Coffee,1.1,38.5,119.0,10
2025-10-02,University,Blueberry Muffin,22,2.95,64.9,Bakery,1.1,24.200000000000003,40.7,10
2025-10-02,University,Cappuccino,34,4.25,144.5,Coffee,1.0,34.0,110.5,10
2025-10-02,University,Cold Brew,22,4.75,104.5,Coffee,0.95,20.9,83.6,10
2025-10-02,University,Croissant,28,3.25,91.0,Bakery,1.3,36.4,54.6,10
2025-10-02,University,Espresso,25,3.0,75.0,Coffee,0.55,13.750000000000002,61.25,10
2025-10-02,University,Latte,48,4.5,216.0,Coffee,1.1,52.800000000000004,163.2,10
2025-10-03,Downtown,Blueberry Muffin,22,2.95,64.9,Bakery,1.1,24.200000000000003,40.7,10
2025-10-03,Downtown,Cappuccino,33,4.25,140.25,Coffee,1.0,33.0,107.25,10
2025-10-03,Downtown,Cold Brew,26,4.75,123.5,Coffee,0.95,24.7,98.8,10
2025-10-03,Downtown,Croissant,31,3.25,100.75,Bakery,1.3,40.300000000000004,60.449999999999996,10
2025-10-03,Downtown,Espresso,29,3.0,87.0,Coffee,0.55,15.950000000000001,71.05,10
2025-10-03,Downtown,Latte,48,4.5,216.0,Coffee,1.1,52.800000000000004,163.2,10
2025-10-03,Riverside,Blueberry Muffin,12,2.95,35.4,Bakery,1.1,13.200000000000001,22.199999999999996,10
2025-10-03,Riverside,Cappuccino,23,4.25,97.75,Coffee,1.0,23.0,74.75,10
2025-10-03,Riverside,Cold Brew,10,4.75,47.5,Coffee,0.95,9.5,38.0,10
2025-10-03,Riverside,Croissant,19,3.25,61.75,Bakery,1.3,24.7,37.05,10
2025-10-03,Riverside,Espresso,17,3.0,51.0,Coffee,0.55,9.350000000000001,41.65,10
2025-10-03,Riverside,Latte,28,4.5,126.0,Coffee,1.1,30.800000000000004,95.19999999999999,10
2025-10-03,University,Blueberry Muffin,22,2.95,64.9,Bakery,1.1,24.200000000000003,40.7,10
2025-10-03,University,Cappuccino,28,4.25,119.0,Coffee,1.0,28.0,91.0,10
2025-10-03,University,Cold Brew,23,4.75,109.25,Coffee,0.95,21.849999999999998,87.4,10
2025-10-03,University,Croissant,27,3.25,87.75,Bakery,1.3,35.1,52.65,10
2025-10-03,University,Espresso,24,3.0,72.0,Coffee,0.55,13.200000000000001,58.8,10
2025-10-03,University,Latte,41,4.5,184.5,Coffee,1.1,45.1,139.4,10
2025-10-04,Downtown,Blueberry Muffin,34,2.95,100.3,Bakery,1.1,37.400000000000006,62.89999999999999,10
2025-10-04,Downtown,Cappuccino,57,4.25,242.25,Coffee,1.0,57.0,185.25,10
2025-10-04,Downtown,Cold Brew,31,4.75,147.25,Coffee,0.95,29.45,117.8,10
2025-10-04,Downtown,Croissant,44,3.25,143.0,Bakery,1.3,57.2,85.8,10
2025-10-04,Downtown,Espresso,45,3.0,135.0,Coffee,0.55,24.750000000000004,110.25,10
2025-10-04,Downtown,Latte,75,4.5,337.5,Coffee,1.1,82.5,255.0,10
2025-10-04,Riverside,Blueberry Muffin,18,2.95,53.1,Bakery,1.1,19.8,33.3,10
2025-10-04,Riverside,Cappuccino,29,4.25,123.25,Coffee,1.0,29.0,94.25,10
2025-10-04,Riverside,Cold Brew,17,4.75,80.75,Coffee,0.95,16.15,64.6,10
2025-10-04,Riverside,Croissant,25,3.25,81.25,Bakery,1.3,32.5,48.75,10
2025-10-04,Riverside,Espresso,21,3.0,63.0,Coffee,0.55,11.55,51.45,10
2025-10-04,Riverside,Latte,41,4.5,184.5,Coffee,1.1,45.1,139.4,10
2025-10-04,University,Blueberry Muffin,14,2.95,41.3,Bakery,1.1,15.400000000000002,25.899999999999995,10
2025-10-04,University,Cappuccino,20,4.25,85.0,Coffee,1.0,20.0,65.0,10
2025-10-04,University,Cold Brew,15,4.75,71.25,Coffee,0.95,14.25,57.0,10
2025-10-04,University,Croissant,18,3.25,58.5,Bakery,1.3,23.400000000000002,35.099999999999994,10
2025-10-04,University,Espresso,17,3.0,51.0,Coffee,0.55,9.350000000000001,41.65,10
2025-10-04,University,Latte,31,4.5,139.5,Coffee,1.1,34.1,105.4,10
2025-10-05,Downtown,Blueberry Muffin,36,2.95,106.2,Bakery,1.1,39.6,66.6,10
2025-10-05,Downtown,Cappuccino,56,4.25,238.0,Coffee,1.0,56.0,182.0,10
2025-10-05,Downtown,Cold Brew,26,4.75,123.5,Coffee,0.95,24.7,98.8,10
2025-10-05,Downtown,Croissant,46,3.25,149.5,Bakery,1.3,59.800000000000004,89.69999999999999,10
2025-10-05,Downtown,Espresso,41,3.0,123.0,Coffee,0.55,22.55,100.45,10
2025-10-05,Downtown,Latte,82,4.5,369.0,Coffee,1.1,90.2,278.8,10
2025-10-05,Riverside,Blueberry Muffin,17,2.95,50.15,Bakery,1.1,18.700000000000003,31.449999999999996,10
2025-10-05,Riverside,Cappuccino,24,4.25,102.0,Coffee,1.0,24.0,78.0,10
2025-10-05,Riverside,Cold Brew,14,4.75,66.5,Coffee,0.95,13.299999999999999,53.2,10
2025-10-05,Riverside,Croissant,24,3.25,78.0,Bakery,1.3,31.200000000000003,46.8,10
2025-10-05,Riverside,Espresso,20,3.0,60.0,Coffee,0.55,11.0,49.0,10
2025-10-05,Riverside,Latte,40,4.5,180.0,Coffee,1.1,44.0,136.0,10
2025-10-05,University,Blueberry Muffin,10,2.95,29.5,Bakery,1.1,11.0,18.5,10
2025-10-05,University,Cappuccino,22,4.25,93.5,Coffee,1.0,22.0,71.5,10
2025-10-05,University,Cold Brew,9,4.75,42.75,Coffee,0.95,8.549999999999999,34.2,10
2025-10-05,University,Croissant,17,3.25,55.25,Bakery,1.3,22.1,33.15,10
2025-10-05,University,Espresso,15,3.0,45.0,Coffee,0.55,8.25,36.75,10
2025-10-05,University,Latte,27,4.5,121.5,Coffee,1.1,29.700000000000003,91.8,10
2025-10-06,Downtown,Blueberry Muffin,25,2.95,73.75,Bakery,1.1,27.500000000000004,46.25,10
2025-10-06,Downtown,Cappuccino,36,4.25,153.0,Coffee,1.0,36.0,117.0,10
2025-10-06,Downtown,Cold Brew,26,4.75,123.5,Coffee,0.95,24.7,98.8,10
2025-10-06,Downtown,Croissant,33,3.25,107.25,Bakery,1.3,42.9,64.35,10
2025-10-06,Downtown,Espresso,28,3.0,84.0,Coffee,0.55,15.400000000000002,68.6,10
2025-10-06,Downtown,Latte,52,4.5,234.0,Coffee,1.1,57.2,176.8,10
2025-10-06,Riverside,Blueberry Muffin,14,2.95,41.3,Bakery,1.1,15.400000000000002,25.899999999999995,10
2025-10-06,Riverside,Cappuccino,19,4.25,80.75,Coffee,1.0,19.0,61.75,10
2025-10-06,Riverside,Cold Brew,15,4.75,71.25,Coffee,0.95,14.25,57.0,10
2025-10-06,Riverside,Croissant,15,3.25,48.75,Bakery,1.3,19.5,29.25,10
2025-10-06,Riverside,Espresso,17,3.0,51.0,Coffee,0.55,9.350000000000001,41.65,10
2025-10-06,Riverside,Latte,28,4.5,126.0,Coffee,1.1,30.800000000000004,95.19999999999999,10
2025-10-06,University,Blueberry Muffin,19,2.95,56.05,Bakery,1.1,20.900000000000002,35.14999999999999,10
2025-10-06,University,Cappuccino,25,4.25,106.25,Coffee,1.0,25.0,81.25,10
2025-10-06,University,Cold Brew,22,4.75,104.5,Coffee,0.95,20.9,83.6,10
2025-10-06,University,Croissant,25,3.25,81.25,Bakery,1.3,32.5,48.75,10
2025-10-06,University,Espresso,21,3.0,63.0,Coffee,0.55,11.55,51.45,10
2025-10-06,University,Latte,34,4.5,153.0,Coffee,1.1,37.400000000000006,115.6,10
2025-10-07,Downtown,Blueberry Muffin,21,2.95,61.95,Bakery,1.1,23.1,38.85,10
2025-10-07,Downtown,Cappuccino,38,4.25,161.5,Coffee,1.0,38.0,123.5,10
2025-10-07,Downtown,Cold Brew,25,4.75,118.75,Coffee,0.95,23.75,95.0,10
2025-10-07,Downtown,Croissant,33,3.25,107.25,Bakery,1.3,42.9,64.35,10
2025-10-07,Downtown,Espresso,31,3.0,93.0,Coffee,0.55,17.05,75.95,10
2025-10-07,Downtown,Latte,48,4.5,216.0,Coffee,1.1,52.800000000000004,163.2,10
2025-10-07,Riverside,Blueberry Muffin,16,2.95,47.2,Bakery,1.1,17.6,29.6,10
2025-10-07,Riverside,Cappuccino,20,4.25,85.0,Coffee,1.0,20.0,65.0,10
2025-10-07,Riverside,Cold Brew,12,4.75,57.0,Coffee,0.95,11.399999999999999,45.6,10
2025-10-07,Riverside,Croissant,17,3.25,55.25,Bakery,1.3,22.1,33.15,10
2025-10-07,Riverside,Espresso,14,3.0,42.0,Coffee,0.55,7.700000000000001,34.3,10
2025-10-07,Riverside,Latte,29,4.5,130.5,Coffee,1.1,31.900000000000002,98.6,10
2025-10-07,University,Blueberry Muffin,26,2.95,76.7,Bakery,1.1,28.6,48.1,10
2025-10-07,University,Cappuccino,32,4.25,136.0,Coffee,1.0,32.0,104.0,10
2025-10-07,University,Cold Brew,23,4.75,109.25,Coffee,0.95,21.849999999999998,87.4,10
2025-10-07,University,Croissant,26,3.25,84.5,Bakery,1.3,33.800000000000004,50.699999999999996,10
2025-10-07,University,Espresso,22,3.0,66.0,Coffee,0.55,12.100000000000001,53.9,10
2025-10-07,University,Latte,46,4.5,207.0,Coffee,1.1,50.6,156.4,10
2025-10-08,Downtown,Blueberry Muffin,26,2.95,76.7,Bakery,1.1,28.6,48.1,10
2025-10-08,Downtown,Cappuccino,35,4.25,148.75,Coffee,1.0,35.0,113.75,10
2025-10-08,Downtown,Cold Brew,30,4.75,142.5,Coffee,0.95,28.5,114.0,10
2025-10-08,Downtown,Croissant,32,3.25,104.0,Bakery,1.3,41.6,62.4,10
2025-10-08,Downtown,Espresso,27,3.0,81.0,Coffee,0.55,14.850000000000001,66.15,10
2025-10-08,Downtown,Latte,54,4.5,243.0,Coffee,1.1,59.400000000000006,183.6,10
2025-10-08,Riverside,Blueberry Muffin,11,2.95,32.45,Bakery,1.1,12.100000000000001,20.35,10
2025-10-08,Riverside,Cappuccino,19,4.25,80.75,Coffee,1.0,19.0,61.75,10
2025-10-08,Riverside,Cold Brew,16,4.75,76.0,Coffee,0.95,15.2,60.8,10
2025-10-08,Riverside,Croissant,16,3.25,52.0,Bakery,1.3,20.8,31.2,10
2025-10-08,Riverside,Espresso,16,3.0,48.0,Coffee,0.55,8.8,39.2,10
2025-10-08,Riverside,Latte,28,4.5,126.0,Coffee,1.1,30.800000000000004,95.19999999999999,10
2025-10-08,University,Blueberry Muffin,14,2.95,41.3,Bakery,1.1,15.400000000000002,25.899999999999995,10
2025-10-08,University,Cappuccino,29,4.25,123.25,Coffee,1.0,29.0,94.25,10
2025-10-08,University,Cold Brew,20,4.75,95.0,Coffee,0.95,19.0,76.0,10
2025-10-08,University,Croissant,28,3.25,91.0,Bakery,1.3,36.4,54.6,10
2025-10-08,University,Espresso,19,3.0,57.0,Coffee,0.55,10.450000000000001,46.55,10
2025-10-08,University,Latte,41,4.5,184.5,Coffee,1.1,45.1,139.4,10
2025-10-09,Downtown,Blueberry Muffin,21,2.95,61.95,Bakery,1.1,23.1,38.85,10
2025-10-09,Downtown,Cappuccino,31,4.25,131.75,Coffee,1.0,31.0,100.75,10
2025-10-09,Downtown,Cold Brew,26,4.75,123.5,Coffee,0.95,24.7,98.8,10
2025-10-09,Downtown,Croissant,31,3.25,100.75,Bakery,1.3,40.300000000000004,60.449999999999996,10
2025-10-09,Downtown,Espresso,29,3.0,87.0,Coffee,0.55,15.950000000000001,71.05,10
2025-10-09,Downtown,Latte,49,4.5,220.5,Coffee,1.1,53.900000000000006,166.6,10
2025-10-09,Riverside,Blueberry Muffin,15,2.95,44.25,Bakery,1.1,16.5,27.75,10
2025-10-09,Riverside,Cappuccino,21,4.25,89.25,Coffee,1.0,21.0,68.25,10
2025-10-09,Riverside,Cold Brew,16,4.75,76.0,Coffee,0.95,15.2,60.8,10
2025-10-09,Riverside,Croissant,19,3.25,61.75,Bakery,1.3,24.7,37.05,10
2025-10-09,Riverside,Espresso,18,3.0,54.0,Coffee,0.55,9.9,44.1,10
2025-10-09,Riverside,Latte,26,4.5,117.0,Coffee,1.1,28.6,88.4,10
2025-10-09,University,Blueberry Muffin,23,2.95,67.85,Bakery,1.1,25.3,42.55,10
2025-10-09,University,Cappuccino,31,4.25,131.75,Coffee,1.0,31.0,100.75,10
2025-10-09,University,Cold Brew,22,4.75,104.5,Coffee,0.95,20.9,83.6,10
2025-10-09,University,Croissant,32,3.25,104.0,Bakery,1.3,41.6,62.4,10
2025-10-09,University,Espresso,27,3.0,81.0,Coffee,0.55,14.850000000000001,66.15,10
2025-10-09,University,Latte,50,4.5,225.0,Coffee,1.1,55.00000000000001,170.0,10
2025-10-10,Downtown,Blueberry Muffin,21,2.95,61.95,Bakery,1.1,23.1,38.85,10
2025-10-10,Downtown,Cappuccino,27,4.25,114.75,Coffee,1.0,27.0,87.75,10
2025-10-10,Downtown,Cold Brew,24,4.75,114.0,Coffee,0.95,22.799999999999997,91.2,10
2025-10-10,Downtown,Croissant,30,3.25,97.5,Bakery,1.3,39.0,58.5,10
2025-10-10,Downtown,Espresso,23,3.0,69.0,Coffee,0.55,12.65,56.35,10
2025-10-10,Downtown,Latte,41,4.5,184.5,Coffee,1.1,45.1,139.4,10
2025-10-10,Riverside,Blueberry Muffin,14,2.95,41.3,Bakery,1.1,15.400000000000002,25.899999999999995,10
2025-10-10,Riverside,Cappuccino,21,4.25,89.25,Coffee,1.0,21.0,68.25,10
2025-10-10,Riverside,Cold Brew,15,4.75,71.25,Coffee,0.95,14.25,57.0,10
2025-10-10,Riverside,Croissant,22,3.25,71.5,Bakery,1.3,28.6,42.9,10
2025-10-10,Riverside,Espresso,18,3.0,54.0,Coffee,0.55,9.9,44.1,10
2025-10-10,Riverside,Latte,31,4.5,139.5,Coffee,1.1,34.1,105.4,10
2025-10-10,University,Blueberry Muffin,19,2.95,56.05,Bakery,1.1,20.900000000000002,35.14999999999999,10
2025-10-10,University,Cappuccino,28,4.25,119.0,Coffee,1.0,28.0,91.0,10
2025-10-10,University,Cold Brew,19,4.75,90.25,Coffee,0.95,18.05,72.2,10
2025-10-10,University,Croissant,27,3.25,87.75,Bakery,1.3,35.1,52.65,10
2025-10-10,University,Espresso,26,3.0,78.0,Coffee,0.55,14.3,63.7,10
2025-10-10,University,Latte,43,4.5,193.5,Coffee,1.1,47.300000000000004,146.2,10
2025-10-11,Downtown,Blueberry Muffin,31,2.95,91.45,Bakery,1.1,34.1,57.35,10
2025-10-11,Downtown,Cappuccino,51,4.25,216.75,Coffee,1.0,51.0,165.75,10
2025-10-11,Downtown,Cold Brew,23,4.75,109.25,Coffee,0.95,21.849999999999998,87.4,10
2025-10-11,Downtown,Croissant,43,3.25,139.75,Bakery,1.3,55.9,83.85,10
2025-10-11,Downtown,Espresso,37,3.0,111.0,Coffee,0.55,20.35,90.65,10
2025-10-11,Downtown,Latte,71,4.5,319.5,Coffee,1.1,78.10000000000001,241.39999999999998,10
2025-10-11,Riverside,Blueberry Muffin,17,2.95,50.15,Bakery,1.1,18.700000000000003,31.449999999999996,10
2025-10-11,Riverside,Cappuccino,29,4.25,123.25,Coffee,1.0,29.0,94.25,10
2025-10-11,Riverside,Cold Brew,19,4.75,90.25,Coffee,0.95,18.05,72.2,10
2025-10-11,Riverside,Croissant,26,3.25,84.5,Bakery,1.3,33.800000000000004,50.699999999999996,10
2025-10-11,Riverside,Espresso,24,3.0,72.0,Coffee,0.55,13.200000000000001,58.8,10
2025-10-11,Riverside,Latte,40,4.5,180.0,Coffee,1.1,44.0,136.0,10
2025-10-11,University,Blueberry Muffin,19,2.95,56.05,Bakery,1.1,20.900000000000002,35.14999999999999,10
2025-10-11,University,Cappuccino,21,4.25,89.25,Coffee,1.0,21.0,68.25,10
2025-10-11,University,Cold Brew,16,4.75,76.0,Coffee,0.95,15.2,60.8,10
2025-10-11,University,Croissant,22,3.25,71.5,Bakery,1.3,28.6,42.9,10
2025-10-11,University,Espresso,20,3.0,60.0,Coffee,0.55,11.0,49.0,10
2025-10-11,University,Latte,34,4.5,153.0,Coffee,1.1,37.400000000000006,115.6,10
2025-10-12,Downtown,Blueberry Muffin,32,2.95,94.4,Bakery,1.1,35.2,59.2,10
2025-10-12,Downtown,Cappuccino,49,4.25,208.25,Coffee,1.0,49.0,159.25,10
2025-10-12,Downtown,Cold Brew,30,4.75,142.5,Coffee,0.95,28.5,114.0,10
2025-10-12,Downtown,Croissant,40,3.25,130.0,Bakery,1.3,52.0,78.0,10
2025-10-12,Downtown,Espresso,39,3.0,117.0,Coffee,0.55,21.450000000000003,95.55,10
2025-10-12,Downtown,Latte,64,4.5,288.0,Coffee,1.1,70.4,217.6,10
2025-10-12,Riverside,Blueberry Muffin,19,2.95,56.05,Bakery,1.1,20.900000000000002,35.14999999999999,10
2025-10-12,Riverside,Cappuccino,25,4.25,106.25,Coffee,1.0,25.0,81.25,10
2025-10-12,Riverside,Cold Brew,16,4.75,76.0,Coffee,0.95,15.2,60.8,10
2025-10-12,Riverside,Croissant,23,3.25,74.75,Bakery,1.3,29.900000000000002,44.849999999999994,10
2025-10-12,Riverside,Espresso,19,3.0,57.0,Coffee,0.55,10.450000000000001,46.55,10
2025-10-12,Riverside,Latte,39,4.5,175.5,Coffee,1.1,42.900000000000006,132.6,10
2025-10-12,University,Blueberry Muffin,15,2.95,44.25,Bakery,1.1,16.5,27.75,10
2025-10-12,University,Cappuccino,24,4.25,102.0,Coffee,1.0,24.0,78.0,10
2025-10-12,University,Cold Brew,11,4.75,52.25,Coffee,0.95,10.45,41.8,10
2025-10-12,University,Croissant,21,3.25,68.25,Bakery,1.3,27.3,40.95,10
2025-10-12,University,Espresso,18,3.0,54.0,Coffee,0.55,9.9,44.1,10
2025-10-12,University,Latte,31,4.5,139.5,Coffee,1.1,34.1,105.4,10
2025-10-13,Downtown,Blueberry Muffin,25,2.95,73.75,Bakery,1.1,27.500000000000004,46.25,10
2025-10-13,Downtown,Cappuccino,38,4.25,161.5,Coffee,1.0,38.0,123.5,10
2025-10-13,Downtown,Cold Brew,23,4.75,109.25,Coffee,0.95,21.849999999999998,87.4,10
2025-10-13,Downtown,Croissant,35,3.25,113.75,Bakery,1.3,45.5,68.25,10
2025-10-13,Downtown,Espresso,24,3.0,72.0,Coffee,0.55,13.200000000000001,58.8,10
2025-10-13,Downtown,Latte,52,4.5,234.0,Coffee,1.1,57.2,176.8,10
2025-10-13,Riverside,Blueberry Muffin,13,2.95,38.35,Bakery,1.1,14.3,24.05,10
2025-10-13,Riverside,Cappuccino,23,4.25,97.75,Coffee,1.0,23.0,74.75,10
2025-10-13,Riverside,Cold Brew,11,4.75,52.25,Coffee,0.95,10.45,41.8,10
2025-10-13,Riverside,Croissant,22,3.25,71.5,Bakery,1.3,28.6,42.9,10
2025-10-13,Riverside,Espresso,21,3.0,63.0,Coffee,0.55,11.55,51.45,10
2025-10-13,Riverside,Latte,31,4.5,139.5,Coffee,1.1,34.1,105.4,10
2025-10-13,University,Blueberry Muffin,18,2.95,53.1,Bakery,1.1,19.8,33.3,10
2025-10-13,University,Cappuccino,28,4.25,119.0,Coffee,1.0,28.0,91.0,10
2025-10-13,University,Cold Brew,19,4.75,90.25,Coffee,0.95,18.05,72.2,10
2025-10-13,University,Croissant,26,3.25,84.5,Bakery,1.3,33.800000000000004,50.699999999999996,10
2025-10-13,University,Espresso,23,3.0,69.0,Coffee,0.55,12.65,56.35,10
2025-10-13,University,Latte,45,4.5,202.5,Coffee,1.1,49.50000000000001,153.0,10
2025-10-14,Downtown,Blueberry Muffin,23,2.95,67.85,Bakery,1.1,25.3,42.55,10
2025-10-14,Downtown,Cappuccino,37,4.25,157.25,Coffee,1.0,37.0,120.25,10
2025-10-14,Downtown,Cold Brew,19,4.75,90.25,Coffee,0.95,18.05,72.2,10
2025-10-14,Downtown,Croissant,32,3.25,104.0,Bakery,1.3,41.6,62.4,10
2025-10-14,Downtown,Espresso,29,3.0,87.0,Coffee,0.55,15.950000000000001,71.05,10
2025-10-14,Downtown,Latte,49,4.5,220.5,Coffee,1.1,53.900000000000006,166.6,10
2025-10-14,Riverside,Blueberry Muffin,15,2.95,44.25,Bakery,1.1,16.5,27.75,10
2025-10-14,Riverside,Cappuccino,20,4.25,85.0,Coffee,1.0,20.0,65.0,10
2025-10-14,Riverside,Cold Brew,11,4.75,52.25,Coffee,0.95,10.45,41.8,10
2025-10-14,Riverside,Croissant,16,3.25,52.0,Bakery,1.3,20.8,31.2,10
2025-10-14,Riverside,Espresso,17,3.0,51.0,Coffee,0.55,9.350000000000001,41.65,10
2025-10-14,Riverside,Latte,27,4.5,121.5,Coffee,1.1,29.700000000000003,91.8,10
2025-10-14,University,Blueberry Muffin,21,2.95,61.95,Bakery,1.1,23.1,38.85,10
2025-10-14,University,Cappuccino,28,4.25,119.0,Coffee,1.0,28.0,91.0,10
2025-10-14,University,Cold Brew,22,4.75,104.5,Coffee,0.95,20.9,83.6,10
2025-10-14,University,Croissant,30,3.25,97.5,Bakery,1.3,39.0,58.5,10
2025-10-14,University,Espresso,26,3.0,78.0,Coffee,0.55,14.3,63.7,10
2025-10-14,University,Latte,50,4.5,225.0,Coffee,1.1,55.00000000000001,170.0,10
2025-10-15,Downtown,Blueberry Muffin,22,2.95,64.9,Bakery,1.1,24.200000000000003,40.7,10
2025-10-15,Downtown,Cappuccino,30,4.25,127.5,Coffee,1.0,30.0,97.5,10
2025-10-15,Downtown,Cold Brew,30,4.75,142.5,Coffee,0.95,28.5,114.0,10
2025-10-15,Downtown,Croissant,30,3.25,97.5,Bakery,1.3,39.0,58.5,10
2025-10-15,Downtown,Espresso,24,3.0,72.0,Coffee,0.55,13.200000000000001,58.8,10
2025-10-15,Downtown,Latte,48,4.5,216.0,Coffee,1.1,52.800000000000004,163.2,10
2025-10-15,Riverside,Blueberry Muffin,16,2.95,47.2,Bakery,1.1,17.6,29.6,10
2025-10-15,Riverside,Cappuccino,23,4.25,97.75,Coffee,1.0,23.0,74.75,10
2025-10-15,Riverside,Cold Brew,25,4.75,118.75,Coffee,0.95,23.75,95.0,10
2025-10-15,Riverside,Croissant,20,3.25,65.0,Bakery,1.3,26.0,39.0,10
2025-10-15,Riverside,Espresso,18,3.0,54.0,Coffee,0.55,9.9,44.1,10
2025-10-15,Riverside,Latte,32,4.5,144.0,Coffee,1.1,35.2,108.8,10
2025-10-15,University,Blueberry Muffin,15,2.95,44.25,Bakery,1.1,16.5,27.75,10
2025-10-15,University,Cappuccino,34,4.25,144.5,Coffee,1.0,34.0,110.5,10
2025-10-15,University,Cold Brew,25,4.75,118.75,Coffee,0.95,23.75,95.0,10
2025-10-15,University,Croissant,23,3.25,74.75,Bakery,1.3,29.900000000000002,44.849999999999994,10
2025-10-15,University,Espresso,24,3.0,72.0,Coffee,0.55,13.200000000000001,58.8,10
2025-10-15,University,Latte,40,4.5,180.0,Coffee,1.1,44.0,136.0,10
2025-10-16,Downtown,Blueberry Muffin,18,2.95,53.1,Bakery,1.1,19.8,33.3,10
2025-10-16,Downtown,Cappuccino,29,4.25,123.25,Coffee,1.0,29.0,94.25,10
2025-10-16,Downtown,Cold Brew,25,4.75,118.75,Coffee,0.95,23.75,95.0,10
2025-10-16,Downtown,Croissant,28,3.25,91.0,Bakery,1.3,36.4,54.6,10
2025-10-16,Downtown,Espresso,23,3.0,69.0,Coffee,0.55,12.65,56.35,10
2025-10-16,Downtown,Latte,43,4.5,193.5,Coffee,1.1,47.300000000000004,146.2,10
2025-10-16,Riverside,Blueberry Muffin,12,2.95,35.4,Bakery,1.1,13.200000000000001,22.199999999999996,10
2025-10-16,Riverside,Cappuccino,22,4.25,93.5,Coffee,1.0,22.0,71.5,10
2025-10-16,Riverside,Cold Brew,20,4.75,95.0,Coffee,0.95,19.0,76.0,10
2025-10-16,Riverside,Croissant,17,3.25,55.25,Bakery,1.3,22.1,33.15,10
2025-10-16,Riverside,Espresso,14,3.0,42.0,Coffee,0.55,7.700000000000001,34.3,10
2025-10-16,Riverside,Latte,31,4.5,139.5,Coffee,1.1,34.1,105.4,10
2025-10-16,University,Blueberry Muffin,18,2.95,53.1,Bakery,1.1,19.8,33.3,10
2025-10-16,University,Cappuccino,34,4.25,144.5,Coffee,1.0,34.0,110.5,10
2025-10-16,University,Cold Brew,20,4.75,95.0,Coffee,0.95,19.0,76.0,10
2025-10-16,University,Croissant,28,3.25,91.0,Bakery,1.3,36.4,54.6,10
2025-10-16,University,Espresso,27,3.0,81.0,Coffee,0.55,14.850000000000001,66.15,10
2025-10-16,University,Latte,44,4.5,198.0,Coffee,1.1,48.400000000000006,149.6,10
2025-10-17,Downtown,Blueberry Muffin,22,2.95,64.9,Bakery,1.1,24.200000000000003,40.7,10
2025-10-17,Downtown,Cappuccino,29,4.25,123.25,Coffee,1.0,29.0,94.25,10
2025-10-17,Downtown,Cold Brew,20,4.75,95.0,Coffee,0.95,19.0,76.0,10
2025-10-17,Downtown,Croissant,24,3.25,78.0,Bakery,1.3,31.200000000000003,46.8,10
2025-10-17,Downtown,Espresso,22,3.0,66.0,Coffee,0.55,12.100000000000001,53.9,10
2025-10-17,Downtown,Latte,44,4.5,198.0,Coffee,1.1,48.400000000000006,149.6,10
2025-10-17,Riverside,Blueberry Muffin,14,2.95,41.3,Bakery,1.1,15.400000000000002,25.899999999999995,10
2025-10-17,Riverside,Cappuccino,17,4.25,72.25,Coffee,1.0,17.0,55.25,10
2025-10-17,Riverside,Cold Brew,12,4.75,57.0,Coffee,0.95,11.399999999999999,45.6,10
2025-10-17,Riverside,Croissant,18,3.25,58.5,Bakery,1.3,23.400000000000002,35.099999999999994,10
2025-10-17,Riverside,Espresso,17,3.0,51.0,Coffee,0.55,9.350000000000001,41.65,10
2025-10-17,Riverside,Latte,30,4.5,135.0,Coffee,1.1,33.0,102.0,10
2025-10-17,University,Blueberry Muffin,23,2.95,67.85,Bakery,1.1,25.3,42.55,10
2025-10-17,University,Cappuccino,33,4.25,140.25,Coffee,1.0,33.0,107.25,10
2025-10-17,University,Cold Brew,21,4.75,99.75,Coffee,0.95,19.95,79.8,10
2025-10-17,University,Croissant,30,3.25,97.5,Bakery,1.3,39.0,58.5,10
2025-10-17,University,Espresso,27,3.0,81.0,Coffee,0.55,14.850000000000001,66.15,10
2025-10-17,University,Latte,52,4.5,234.0,Coffee,1.1,57.2,176.8,10
2025-10-18,Downtown,Blueberry Muffin,29,2.95,85.55,Bakery,1.1,31.900000000000002,53.64999999999999,10
2025-10-18,Downtown,Cappuccino,46,4.25,195.5,Coffee,1.0,46.0,149.5,10
2025-10-18,Downtown,Cold Brew,32,4.75,152.0,Coffee,0.95,30.4,121.6,10
2025-10-18,Downtown,Croissant,36,3.25,117.0,Bakery,1.3,46.800000000000004,70.19999999999999,10
2025-10-18,Downtown,Espresso,34,3.0,102.0,Coffee,0.55,18.700000000000003,83.3,10
2025-10-18,Downtown,Latte,65,4.5,292.5,Coffee,1.1,71.5,221.0,10
2025-10-18,Riverside,Blueberry Muffin,18,2.95,53.1,Bakery,1.1,19.8,33.3,10
2025-10-18,Riverside,Cappuccino,27,4.25,114.75,Coffee,1.0,27.0,87.75,10
2025-10-18,Riverside,Cold Brew,15,4.75,71.25,Coffee,0.95,14.25,57.0,10
2025-10-18,Riverside,Croissant,22,3.25,71.5,Bakery,1.3,28.6,42.9,10
2025-10-18,Riverside,Espresso,19,3.0,57.0,Coffee,0.55,10.450000000000001,46.55,10
2025-10-18,Riverside,Latte,42,4.5,189.0,Coffee,1.1,46.2,142.8,10
2025-10-18,University,Blueberry Muffin,13,2.95,38.35,Bakery,1.1,14.3,24.05,10
2025-10-18,University,Cappuccino,22,4.25,93.5,Coffee,1.0,22.0,71.5,10
2025-10-18,University,Cold Brew,17,4.75,80.75,Coffee,0.95,16.15,64.6,10
2025-10-18,University,Croissant,22,3.25,71.5,Bakery,1.3,28.6,42.9,10
2025-10-18,University,Espresso,19,3.0,57.0,Coffee,0.55,10.450000000000001,46.55,10
2025-10-18,University,Latte,29,4.5,130.5,Coffee,1.1,31.900000000000002,98.6,10
2025-10-19,Downtown,Blueberry Muffin,31,2.95,91.45,Bakery,1.1,34.1,57.35,10
2025-10-19,Downtown,Cappuccino,45,4.25,191.25,Coffee,1.0,45.0,146.25,10
2025-10-19,Downtown,Cold Brew,26,4.75,123.5,Coffee,0.95,24.7,98.8,10
2025-10-19,Downtown,Croissant,41,3.25,133.25,Bakery,1.3,53.300000000000004,79.94999999999999,10
2025-10-19,Downtown,Espresso,35,3.0,105.0,Coffee,0.55,19.25,85.75,10
2025-10-19,Downtown,Latte,69,4.5,310.5,Coffee,1.1,75.9,234.6,10
2025-10-19,Riverside,Blueberry Muffin,20,2.95,59.0,Bakery,1.1,22.0,37.0,10
2025-10-19,Riverside,Cappuccino,28,4.25,119.0,Coffee,1.0,28.0,91.0,10
2025-10-19,Riverside,Cold Brew,10,4.75,47.5,Coffee,0.95,9.5,38.0,10
2025-10-19,Riverside,Croissant,24,3.25,78.0,Bakery,1.3,31.200000000000003,46.8,10
2025-10-19,Riverside,Espresso,20,3.0,60.0,Coffee,0.55,11.0,49.0,10
2025-10-19,Riverside,Latte,39,4.5,175.5,Coffee,1.1,42.900000000000006,132.6,10
2025-10-19,University,Blueberry Muffin,13,2.95,38.35,Bakery,1.1,14.3,24.05,10
2025-10-19,University,Cappuccino,20,4.25,85.0,Coffee,1.0,20.0,65.0,10
2025-10-19,University,Cold Brew,17,4.75,80.75,Coffee,0.95,16.15,64.6,10
2025-10-19,University,Croissant,18,3.25,58.5,Bakery,1.3,23.400000000000002,35.099999999999994,10
2025-10-19,University,Espresso,18,3.0,54.0,Coffee,0.55,9.9,44.1,10
2025-10-19,University,Latte,33,4.5,148.5,Coffee,1.1,36.300000000000004,112.19999999999999,10
2025-10-20,Downtown,Blueberry Muffin,23,2.95,67.85,Bakery,1.1,25.3,42.55,10
2025-10-20,Downtown,Cappuccino,37,4.25,157.25,Coffee,1.0,37.0,120.25,10
2025-10-20,Downtown,Cold Brew,21,4.75,99.75,Coffee,0.95,19.95,79.8,10
2025-10-20,Downtown,Croissant,35,3.25,113.75,Bakery,1.3,45.5,68.25,10
2025-10-20,Downtown,Espresso,32,3.0,96.0,Coffee,0.55,17.6,78.4,10
2025-10-20,Downtown,Latte,56,4.5,252.0,Coffee,1.1,61.60000000000001,190.39999999999998,10
2025-10-20,Riverside,Blueberry Muffin,14,2.95,41.3,Bakery,1.1,15.400000000000002,25.899999999999995,10
2025-10-20,Riverside,Cappuccino,24,4.25,102.0,Coffee,1.0,24.0,78.0,10
2025-10-20,Riverside,Cold Brew,13,4.75,61.75,Coffee,0.95,12.35,49.4,10
2025-10-20,Riverside,Croissant,18,3.25,58.5,Bakery,1.3,23.400000000000002,35.099999999999994,10
2025-10-20,Riverside,Espresso,19,3.0,57.0,Coffee,0.55,10.450000000000001,46.55,10
2025-10-20,Riverside,Latte,32,4.5,144.0,Coffee,1.1,35.2,108.8,10
2025-10-20,University,Blueberry Muffin,22,2.95,64.9,Bakery,1.1,24.200000000000003,40.7,10
2025-10-20,University,Cappuccino,30,4.25,127.5,Coffee,1.0,30.0,97.5,10
2025-10-20,University,Cold Brew,25,4.75,118.75,Coffee,0.95,23.75,95.0,10
2025-10-20,University,Croissant,25,3.25,81.25,Bakery,1.3,32.5,48.75,10
2025-10-20,University,Espresso,27,3.0,81.0,Coffee,0.55,14.850000000000001,66.15,10
2025-10-20,University,Latte,44,4.5,198.0,Coffee,1.1,48.400000000000006,149.6,10
2025-10-21,Downtown,Blueberry Muffin,25,2.95,73.75,Bakery,1.1,27.500000000000004,46.25,10
2025-10-21,Downtown,Cappuccino,33,4.25,140.25,Coffee,1.0,33.0,107.25,10
2025-10-21,Downtown,Cold Brew,15,4.75,71.25,Coffee,0.95,14.25,57.0,10
2025-10-21,Downtown,Croissant,33,3.25,107.25,Bakery,1.3,42.9,64.35,10
2025-10-21,Downtown,Espresso,27,3.0,81.0,Coffee,0.55,14.850000000000001,66.15,10
2025-10-21,Downtown,Latte,54,4.5,243.0,Coffee,1.1,59.400000000000006,183.6,10
2025-10-21,Riverside,Blueberry Muffin,16,2.95,47.2,Bakery,1.1,17.6,29.6,10
2025-10-21,Riverside,Cappuccino,19,4.25,80.75,Coffee,1.0,19.0,61.75,10
2025-10-21,Riverside,Cold Brew,11,4.75,52.25,Coffee,0.95,10.45,41.8,10
2025-10-21,Riverside,Croissant,16,3.25,52.0,Bakery,1.3,20.8,31.2,10
2025-10-21,Riverside,Espresso,16,3.0,48.0,Coffee,0.55,8.8,39.2,10
2025-10-21,Riverside,Latte,29,4.5,130.5,Coffee,1.1,31.900000000000002,98.6,10
2025-10-21,University,Blueberry Muffin,21,2.95,61.95,Bakery,1.1,23.1,38.85,10
2025-10-21,University,Cappuccino,40,4.25,170.0,Coffee,1.0,40.0,130.0,10
2025-10-21,University,Cold Brew,15,4.75,71.25,Coffee,0.95,14.25,57.0,10
2025-10-21,University,Croissant,31,3.25,100.75,Bakery,1.3,40.300000000000004,60.449999999999996,10
2025-10-21,University,Espresso,34,3.0,102.0,Coffee,0.55,18.700000000000003,83.3,10
2025-10-21,University,Latte,53,4.5,238.5,Coffee,1.1,58.300000000000004,180.2,10
2025-10-22,Downtown,Blueberry Muffin,22,2.95,64.9,Bakery,1.1,24.200000000000003,40.7,10
2025-10-22,Downtown,Cappuccino,39,4.25,165.75,Coffee,1.0,39.0,126.75,10
2025-10-22,Downtown,Cold Brew,16,4.75,76.0,Coffee,0.95,15.2,60.8,10
2025-10-22,Downtown,Croissant,24,3.25,78.0,Bakery,1.3,31.200000000000003,46.8,10
2025-10-22,Downtown,Espresso,24,3.0,72.0,Coffee,0.55,13.200000000000001,58.8,10
2025-10-22,Downtown,Latte,46,4.5,207.0,Coffee,1.1,50.6,156.4,10
2025-10-22,Riverside,Blueberry Muffin,14,2.95,41.3,Bakery,1.1,15.400000000000002,25.899999999999995,10
2025-10-22,Riverside,Cappuccino,22,4.25,93.5,Coffee,1.0,22.0,71.5,10
2025-10-22,Riverside,Cold Brew,12,4.75,57.0,Coffee,0.95,11.399999999999999,45.6,10
2025-10-22,Riverside,Croissant,18,3.25,58.5,Bakery,1.3,23.400000000000002,35.099999999999994,10
2025-10-22,Riverside,Espresso,18,3.0,54.0,Coffee,0.55,9.9,44.1,10
2025-10-22,Riverside,Latte,32,4.5,144.0,Coffee,1.1,35.2,108.8,10
2025-10-22,University,Blueberry Muffin,23,2.95,67.85,Bakery,1.1,25.3,42.55,10
2025-10-22,University,Cappuccino,36,4.25,153.0,Coffee,1.0,36.0,117.0,10
2025-10-22,University,Cold Brew,12,4.75,57.0,Coffee,0.95,11.399999999999999,45.6,10
2025-10-22,University,Croissant,31,3.25,100.75,Bakery,1.3,40.300000000000004,60.449999999999996,10
2025-10-22,University,Espresso,28,3.0,84.0,Coffee,0.55,15.400000000000002,68.6,10
2025-10-22,University,Latte,47,4.5,211.5,Coffee,1.1,51.7,159.8,10
2025-10-23,Downtown,Blueberry Muffin,23,2.95,67.85,Bakery,1.1,25.3,42.55,10
2025-10-23,Downtown,Cappuccino,45,4.25,191.25,Coffee,1.0,45.0,146.25,10
2025-10-23,Downtown,Cold Brew,19,4.75,90.25,Coffee,0.95,18.05,72.2,10
2025-10-23,Downtown,Croissant,33,3.25,107.25,Bakery,1.3,42.9,64.35,10
2025-10-23,Downtown,Espresso,33,3.0,99.0,Coffee,0.55,18.150000000000002,80.85,10
2025-10-23,Downtown,Latte,54,4.5,243.0,Coffee,1.1,59.400000000000006,183.6,10
2025-10-23,Riverside,Blueberry Muffin,12,2.95,35.4,Bakery,1.1,13.200000000000001,22.199999999999996,10
2025-10-23,Riverside,Cappuccino,24,4.25,102.0,Coffee,1.0,24.0,78.0,10
2025-10-23,Riverside,Cold Brew,10,4.75,47.5,Coffee,0.95,9.5,38.0,10
2025-10-23,Riverside,Croissant,17,3.25,55.25,Bakery,1.3,22.1,33.15,10
2025-10-23,Riverside,Espresso,17,3.0,51.0,Coffee,0.55,9.350000000000001,41.65,10
2025-10-23,Riverside,Latte,33,4.5,148.5,Coffee,1.1,36.300000000000004,112.19999999999999,10
2025-10-23,University,Blueberry Muffin,19,2.95,56.05,Bakery,1.1,20.900000000000002,35.14999999999999,10
2025-10-23,University,Cappuccino,33,4.25,140.25,Coffee,1.0,33.0,107.25,10
2025-10-23,University,Cold Brew,10,4.75,47.5,Coffee,0.95,9.5,38.0,10
2025-10-23,University,Croissant,29,3.25,94.25,Bakery,1.3,37.7,56.55,10
2025-10-23,University,Espresso,23,3.0,69.0,Coffee,0.55,12.65,56.35,10
2025-10-23,University,Latte,42,4.5,189.0,Coffee,1.1,46.2,142.8,10
2025-10-24,Downtown,Blueberry Muffin,24,2.95,70.8,Bakery,1.1,26.400000000000002,44.39999999999999,10
2025-10-24,Downtown,Cappuccino,33,4.25,140.25,Coffee,1.0,33.0,107.25,10
2025-10-24,Downtown,Cold Brew,16,4.75,76.0,Coffee,0.95,15.2,60.8,10
2025-10-24,Downtown,Croissant,30,3.25,97.5,Bakery,1.3,39.0,58.5,10
2025-10-24,Downtown,Espresso,32,3.0,96.0,Coffee,0.55,17.6,78.4,10
2025-10-24,Downtown,Latte,58,4.5,261.0,Coffee,1.1,63.800000000000004,197.2,10
2025-10-24,Riverside,Blueberry Muffin,15,2.95,44.25,Bakery,1.1,16.5,27.75,10
2025-10-24,Riverside,Cappuccino,20,4.25,85.0,Coffee,1.0,20.0,65.0,10
2025-10-24,Riverside,Cold Brew,8,4.75,38.0,Coffee,0.95,7.6,30.4,10
2025-10-24,Riverside,Croissant,18,3.25,58.5,Bakery,1.3,23.400000000000002,35.099999999999994,10
2025-10-24,Riverside,Espresso,16,3.0,48.0,Coffee,0.55,8.8,39.2,10
2025-10-24,Riverside,Latte,31,4.5,139.5,Coffee,1.1,34.1,105.4,10
2025-10-24,University,Blueberry Muffin,22,2.95,64.9,Bakery,1.1,24.200000000000003,40.7,10
2025-10-24,University,Cappuccino,30,4.25,127.5,Coffee,1.0,30.0,97.5,10
2025-10-24,University,Cold Brew,12,4.75,57.0,Coffee,0.95,11.399999999999999,45.6,10
2025-10-24,University,Croissant,28,3.25,91.0,Bakery,1.3,36.4,54.6,10
2025-10-24,University,Espresso,26,3.0,78.0,Coffee,0.55,14.3,63.7,10
2025-10-24,University,Latte,40,4.5,180.0,Coffee,1.1,44.0,136.0,10
2025-10-25,Downtown,Blueberry Muffin,30,2.95,88.5,Bakery,1.1,33.0,55.5,10
2025-10-25,Downtown,Cappuccino,56,4.25,238.0,Coffee,1.0,56.0,182.0,10
2025-10-25,Downtown,Cold Brew,29,4.75,137.75,Coffee,0.95,27.549999999999997,110.2,10
2025-10-25,Downtown,Croissant,44,3.25,143.0,Bakery,1.3,57.2,85.8,10
2025-10-25,Downtown,Espresso,35,3.0,105.0,Coffee,0.55,19.25,85.75,10
2025-10-25,Downtown,Latte,69,4.5,310.5,Coffee,1.1,75.9,234.6,10
2025-10-25,Riverside,Blueberry Muffin,18,2.95,53.1,Bakery,1.1,19.8,33.3,10
2025-10-25,Riverside,Cappuccino,27,4.25,114.75,Coffee,1.0,27.0,87.75,10
2025-10-25,Riverside,Cold Brew,16,4.75,76.0,Coffee,0.95,15.2,60.8,10
2025-10-25,Riverside,Croissant,21,3.25,68.25,Bakery,1.3,27.3,40.95,10
2025-10-25,Riverside,Espresso,20,3.0,60.0,Coffee,0.55,11.0,49.0,10
2025-10-25,Riverside,Latte,36,4.5,162.0,Coffee,1.1,39.6,122.4,10
2025-10-25,University,Blueberry Muffin,11,2.95,32.45,Bakery,1.1,12.100000000000001,20.35,10
2025-10-25,University,Cappuccino,20,4.25,85.0,Coffee,1.0,20.0,65.0,10
2025-10-25,University,Cold Brew,12,4.75,57.0,Coffee,0.95,11.399999999999999,45.6,10
2025-10-25,University,Croissant,19,3.25,61.75,Bakery,1.3,24.7,37.05,10
2025-10-25,University,Espresso,18,3.0,54.0,Coffee,0.55,9.9,44.1,10
2025-10-25,University,Latte,28,4.5,126.0,Coffee,1.1,30.800000000000004,95.19999999999999,10
2025-10-26,Downtown,Blueberry Muffin,28,2.95,82.6,Bakery,1.1,30.800000000000004,51.79999999999999,10
2025-10-26,Downtown,Cappuccino,47,4.25,199.75,Coffee,1.0,47.0,152.75,10
2025-10-26,Downtown,Cold Brew,22,4.75,104.5,Coffee,0.95,20.9,83.6,10
2025-10-26,Downtown,Croissant,39,3.25,126.75,Bakery,1.3,50.7,76.05,10
2025-10-26,Downtown,Espresso,33,3.0,99.0,Coffee,0.55,18.150000000000002,80.85,10
2025-10-26,Downtown,Latte,69,4.5,310.5,Coffee,1.1,75.9,234.6,10
2025-10-26,Riverside,Blueberry Muffin,17,2.95,50.15,Bakery,1.1,18.700000000000003,31.449999999999996,10
2025-10-26,Riverside,Cappuccino,25,4.25,106.25,Coffee,1.0,25.0,81.25,10
2025-10-26,Riverside,Cold Brew,20,4.75,95.0,Coffee,0.95,19.0,76.0,10
2025-10-26,Riverside,Croissant,22,3.25,71.5,Bakery,1.3,28.6,42.9,10
2025-10-26,Riverside,Espresso,21,3.0,63.0,Coffee,0.55,11.55,51.45,10
2025-10-26,Riverside,Latte,35,4.5,157.5,Coffee,1.1,38.5,119.0,10
2025-10-26,University,Blueberry Muffin,13,2.95,38.35,Bakery,1.1,14.3,24.05,10
2025-10-26,University,Cappuccino,21,4.25,89.25,Coffee,1.0,21.0,68.25,10
2025-10-26,University,Cold Brew,13,4.75,61.75,Coffee,0.95,12.35,49.4,10
2025-10-26,University,Croissant,23,3.25,74.75,Bakery,1.3,29.900000000000002,44.849999999999994,10
2025-10-26,University,Espresso,18,3.0,54.0,Coffee,0.55,9.9,44.1,10
2025-10-26,University,Latte,30,4.5,135.0,Coffee,1.1,33.0,102.0,10
2025-10-27,Downtown,Blueberry Muffin,27,2.95,79.65,Bakery,1.1,29.700000000000003,49.95,10
2025-10-27,Downtown,Cappuccino,39,4.25,165.75,Coffee,1.0,39.0,126.75,10
2025-10-27,Downtown,Cold Brew,18,4.75,85.5,Coffee,0.95,17.099999999999998,68.4,10
2025-10-27,Downtown,Croissant,33,3.25,107.25,Bakery,1.3,42.9,64.35,10
2025-10-27,Downtown,Espresso,29,3.0,87.0,Coffee,0.55,15.950000000000001,71.05,10
2025-10-27,Downtown,Latte,63,4.5,283.5,Coffee,1.1,69.30000000000001,214.2,10
2025-10-27,Riverside,Blueberry Muffin,14,2.95,41.3,Bakery,1.1,15.400000000000002,25.899999999999995,10
2025-10-27,Riverside,Cappuccino,23,4.25,97.75,Coffee,1.0,23.0,74.75,10
2025-10-27,Riverside,Cold Brew,9,4.75,42.75,Coffee,0.95,8.549999999999999,34.2,10
2025-10-27,Riverside,Croissant,17,3.25,55.25,Bakery,1.3,22.1,33.15,10
2025-10-27,Riverside,Espresso,17,3.0,51.0,Coffee,0.55,9.350000000000001,41.65,10
2025-10-27,Riverside,Latte,30,4.5,135.0,Coffee,1.1,33.0,102.0,10
2025-10-27,University,Blueberry Muffin,15,2.95,44.25,Bakery,1.1,16.5,27.75,10
2025-10-27,University,Cappuccino,30,4.25,127.5,Coffee,1.0,30.0,97.5,10
2025-10-27,University,Cold Brew,19,4.75,90.25,Coffee,0.95,18.05,72.2,10
2025-10-27,University,Croissant,24,3.25,78.0,Bakery,1.3,31.200000000000003,46.8,10
2025-10-27,University,Espresso,22,3.0,66.0,Coffee,0.55,12.100000000000001,53.9,10
2025-10-27,University,Latte,42,4.5,189.0,Coffee,1.1,46.2,142.8,10
2025-10-28,Downtown,Blueberry Muffin,23,2.95,67.85,Bakery,1.1,25.3,42.55,10
2025-10-28,Downtown,Cappuccino,36,4.25,153.0,Coffee,1.0,36.0,117.0,10
2025-10-28,Downtown,Cold Brew,19,4.75,90.25,Coffee,0.95,18.05,72.2,10
2025-10-28,Downtown,Croissant,35,3.25,113.75,Bakery,1.3,45.5,68.25,10
2025-10-28,Downtown,Espresso,28,3.0,84.0,Coffee,0.55,15.400000000000002,68.6,10
2025-10-28,Downtown,Latte,60,4.5,270.0,Coffee,1.1,66.0,204.0,10
2025-10-28,Riverside,Blueberry Muffin,14,2.95,41.3,Bakery,1.1,15.400000000000002,25.899999999999995,10
2025-10-28,Riverside,Cappuccino,22,4.25,93.5,Coffee,1.0,22.0,71.5,10
2025-10-28,Riverside,Cold Brew,14,4.75,66.5,Coffee,0.95,13.299999999999999,53.2,10
2025-10-28,Riverside,Croissant,19,3.25,61.75,Bakery,1.3,24.7,37.05,10
2025-10-28,Riverside,Espresso,19,3.0,57.0,Coffee,0.55,10.450000000000001,46.55,10
2025-10-28,Riverside,Latte,37,4.5,166.5,Coffee,1.1,40.7,125.8,10
2025-10-28,University,Blueberry Muffin,21,2.95,61.95,Bakery,1.1,23.1,38.85,10
2025-10-28,University,Cappuccino,34,4.25,144.5,Coffee,1.0,34.0,110.5,10
2025-10-28,University,Cold Brew,15,4.75,71.25,Coffee,0.95,14.25,57.0,10
2025-10-28,University,Croissant,24,3.25,78.0,Bakery,1.3,31.200000000000003,46.8,10
2025-10-28,University,Espresso,24,3.0,72.0,Coffee,0.55,13.200000000000001,58.8,10
2025-10-28,University,Latte,48,4.5,216.0,Coffee,1.1,52.800000000000004,163.2,10
2025-10-29,Downtown,Blueberry Muffin,26,2.95,76.7,Bakery,1.1,28.6,48.1,10
2025-10-29,Downtown,Cappuccino,34,4.25,144.5,Coffee,1.0,34.0,110.5,10
2025-10-29,Downtown,Cold Brew,20,4.75,95.0,Coffee,0.95,19.0,76.0,10
2025-10-29,Downtown,Croissant,33,3.25,107.25,Bakery,1.3,42.9,64.35,10
2025-10-29,Downtown,Espresso,28,3.0,84.0,Coffee,0.55,15.400000000000002,68.6,10
2025-10-29,Downtown,Latte,56,4.5,252.0,Coffee,1.1,61.60000000000001,190.39999999999998,10
2025-10-29,Riverside,Blueberry Muffin,15,2.95,44.25,Bakery,1.1,16.5,27.75,10
2025-10-29,Riverside,Cappuccino,24,4.25,102.0,Coffee,1.0,24.0,78.0,10
2025-10-29,Riverside,Cold Brew,13,4.75,61.75,Coffee,0.95,12.35,49.4,10
2025-10-29,Riverside,Croissant,19,3.25,61.75,Bakery,1.3,24.7,37.05,10
2025-10-29,Riverside,Espresso,17,3.0,51.0,Coffee,0.55,9.350000000000001,41.65,10
2025-10-29,Riverside,Latte,30,4.5,135.0,Coffee,1.1,33.0,102.0,10
2025-10-29,University,Blueberry Muffin,19,2.95,56.05,Bakery,1.1,20.900000000000002,35.14999999999999,10
2025-10-29,University,Cappuccino,31,4.25,131.75,Coffee,1.0,31.0,100.75,10
2025-10-29,University,Cold Brew,17,4.75,80.75,Coffee,0.95,16.15,64.6,10
2025-10-29,University,Croissant,25,3.25,81.25,Bakery,1.3,32.5,48.75,10
2025-10-29,University,Espresso,23,3.0,69.0,Coffee,0.55,12.65,56.35,10
2025-10-29,University,Latte,44,4.5,198.0,Coffee,1.1,48.400000000000006,149.6,10
2025-10-30,Downtown,Blueberry Muffin,24,2.95,70.8,Bakery,1.1,26.400000000000002,44.39999999999999,10
2025-10-30,Downtown,Cappuccino,37,4.25,157.25,Coffee,1.0,37.0,120.25,10
2025-10-30,Downtown,Cold Brew,26,4.75,123.5,Coffee,0.95,24.7,98.8,10
2025-10-30,Downtown,Croissant,28,3.25,91.0,Bakery,1.3,36.4,54.6,10
2025-10-30,Downtown,Espresso,30,3.0,90.0,Coffee,0.55,16.5,73.5,10
2025-10-30,Downtown,Latte,57,4.5,256.5,Coffee,1.1,62.7,193.8,10
2025-10-30,Riverside,Blueberry Muffin,13,2.95,38.35,Bakery,1.1,14.3,24.05,10
2025-10-30,Riverside,Cappuccino,21,4.25,89.25,Coffee,1.0,21.0,68.25,10
2025-10-30,Riverside,Cold Brew,8,4.75,38.0,Coffee,0.95,7.6,30.4,10
2025-10-30,Riverside,Croissant,19,3.25,61.75,Bakery,1.3,24.7,37.05,10
2025-10-30,Riverside,Espresso,17,3.0,51.0,Coffee,0.55,9.350000000000001,41.65,10
2025-10-30,Riverside,Latte,35,4.5,157.5,Coffee,1.1,38.5,119.0,10
2025-10-30,University,Blueberry Muffin,22,2.95,64.9,Bakery,1.1,24.200000000000003,40.7,10
2025-10-30,University,Cappuccino,29,4.25,123.25,Coffee,1.0,29.0,94.25,10
2025-10-30,University,Cold Brew,12,4.75,57.0,Coffee,0.95,11.399999999999999,45.6,10
2025-10-30,University,Croissant,30,3.25,97.5,Bakery,1.3,39.0,58.5,10
2025-10-30,University,Espresso,25,3.0,75.0,Coffee,0.55,13.750000000000002,61.25,10
2025-10-30,University,Latte,49,4.5,220.5,Coffee,1.1,53.900000000000006,166.6,10
2025-10-31,Downtown,Blueberry Muffin,19,2.95,56.05,Bakery,1.1,20.900000000000002,35.14999999999999,10
2025-10-31,Downtown,Cappuccino,37,4.25,157.25,Coffee,1.0,37.0,120.25,10
2025-10-31,Downtown,Cold Brew,17,4.75,80.75,Coffee,0.95,16.15,64.6,10
2025-10-31,Downtown,Croissant,30,3.25,97.5,Bakery,1.3,39.0,58.5,10
2025-10-31,Downtown,Espresso,30,3.0,90.0,Coffee,0.55,16.5,73.5,10
2025-10-31,Downtown,Latte,58,4.5,261.0,Coffee,1.1,63.800000000000004,197.2,10
2025-10-31,Riverside,Blueberry Muffin,15,2.95,44.25,Bakery,1.1,16.5,27.75,10
2025-10-31,Riverside,Cappuccino,17,4.25,72.25,Coffee,1.0,17.0,55.25,10
2025-10-31,Riverside,Cold Brew,11,4.75,52.25,Coffee,0.95,10.45,41.8,10
2025-10-31,Riverside,Croissant,14,3.25,45.5,Bakery,1.3,18.2,27.3,10
2025-10-31,Riverside,Espresso,13,3.0,39.0,Coffee,0.55,7.15,31.85,10
2025-10-31,Riverside,Latte,26,4.5,117.0,Coffee,1.1,28.6,88.4,10
2025-10-31,University,Blueberry Muffin,15,2.95,44.25,Bakery,1.1,16.5,27.75,10
2025-10-31,University,Cappuccino,26,4.25,110.5,Coffee,1.0,26.0,84.5,10
2025-10-31,University,Cold Brew,16,4.75,76.0,Coffee,0.95,15.2,60.8,10
2025-10-31,University,Croissant,24,3.25,78.0,Bakery,1.3,31.200000000000003,46.8,10
2025-10-31,University,Espresso,23,3.0,69.0,Coffee,0.55,12.65,56.35,10
2025-10-31,University,Latte,39,4.5,175.5,Coffee,1.1,42.900000000000006,132.6,10
2025-11-01,Downtown,Blueberry Muffin,34,2.95,100.3,Bakery,1.1,37.400000000000006,62.89999999999999,11
2025-11-01,Downtown,Cappuccino,45,4.25,191.25,Coffee,1.0,45.0,146.25,11
2025-11-01,Downtown,Cold Brew,21,4.75,99.75,Coffee,0.95,19.95,79.8,11
2025-11-01,Downtown,Croissant,39,3.25,126.75,Bakery,1.3,50.7,76.05,11
2025-11-01,Downtown,Espresso,35,3.0,105.0,Coffee,0.55,19.25,85.75,11
2025-11-01,Downtown,Latte,59,4.5,265.5,Coffee,1.1,64.9,200.6,11
2025-11-01,Riverside,Blueberry Muffin,14,2.95,41.3,Bakery,1.1,15.400000000000002,25.899999999999995,11
2025-11-01,Riverside,Cappuccino,23,4.25,97.75,Coffee,1.0,23.0,74.75,11
2025-11-01,Riverside,Cold Brew,12,4.75,57.0,Coffee,0.95,11.399999999999999,45.6,11
2025-11-01,Riverside,Croissant,21,3.25,68.25,Bakery,1.3,27.3,40.95,11
2025-11-01,Riverside,Espresso,20,3.0,60.0,Coffee,0.55,11.0,49.0,11
2025-11-01,Riverside,Latte,33,4.5,148.5,Coffee,1.1,36.300000000000004,112.19999999999999,11
2025-11-01,University,Blueberry Muffin,16,2.95,47.2,Bakery,1.1,17.6,29.6,11
2025-11-01,University,Cappuccino,28,4.25,119.0,Coffee,1.0,28.0,91.0,11
2025-11-01,University,Cold Brew,15,4.75,71.25,Coffee,0.95,14.25,57.0,11
2025-11-01,University,Croissant,21,3.25,68.25,Bakery,1.3,27.3,40.95,11
2025-11-01,University,Espresso,19,3.0,57.0,Coffee,0.55,10.450000000000001,46.55,11
2025-11-01,University,Latte,32,4.5,144.0,Coffee,1.1,35.2,108.8,11
2025-11-02,Downtown,Blueberry Muffin,27,2.95,79.65,Bakery,1.1,29.700000000000003,49.95,11
2025-11-02,Downtown,Cappuccino,41,4.25,174.25,Coffee,1.0,41.0,133.25,11
2025-11-02,Downtown,Cold Brew,21,4.75,99.75,Coffee,0.95,19.95,79.8,11
2025-11-02,Downtown,Croissant,30,3.25,97.5,Bakery,1.3,39.0,58.5,11
2025-11-02,Downtown,Espresso,30,3.0,90.0,Coffee,0.55,16.5,73.5,11
2025-11-02,Downtown,Latte,57,4.5,256.5,Coffee,1.1,62.7,193.8,11
2025-11-02,Riverside,Blueberry Muffin,17,2.95,50.15,Bakery,1.1,18.700000000000003,31.449999999999996,11
2025-11-02,Riverside,Cappuccino,27,4.25,114.75,Coffee,1.0,27.0,87.75,11
2025-11-02,Riverside,Cold Brew,21,4.75,99.75,Coffee,0.95,19.95,79.8,11
2025-11-02,Riverside,Croissant,25,3.25,81.25,Bakery,1.3,32.5,48.75,11
2025-11-02,Riverside,Espresso,19,3.0,57.0,Coffee,0.55,10.450000000000001,46.55,11
2025-11-02,Riverside,Latte,38,4.5,171.0,Coffee,1.1,41.800000000000004,129.2,11
2025-11-02,University,Blueberry Muffin,17,2.95,50.15,Bakery,1.1,18.700000000000003,31.449999999999996,11
2025-11-02,University,Cappuccino,20,4.25,85.0,Coffee,1.0,20.0,65.0,11
2025-11-02,University,Cold Brew,14,4.75,66.5,Coffee,0.95,13.299999999999999,53.2,11
2025-11-02,University,Croissant,21,3.25,68.25,Bakery,1.3,27.3,40.95,11
2025-11-02,University,Espresso,18,3.0,54.0,Coffee,0.55,9.9,44.1,11
2025-11-02,University,Latte,33,4.5,148.5,Coffee,1.1,36.300000000000004,112.19999999999999,11
2025-11-03,Downtown,Blueberry Muffin,22,2.95,64.9,Bakery,1.1,24.200000000000003,40.7,11
2025-11-03,Downtown,Cappuccino,36,4.25,153.0,Coffee,1.0,36.0,117.0,11
2025-11-03,Downtown,Cold Brew,33,4.75,156.75,Coffee,0.95,31.349999999999998,125.4,11
2025-11-03,Downtown,Croissant,28,3.25,91.0,Bakery,1.3,36.4,54.6,11
2025-11-03,Downtown,Espresso,23,3.0,69.0,Coffee,0.55,12.65,56.35,11
2025-11-03,Downtown,Latte,53,4.5,238.5,Coffee,1.1,58.300000000000004,180.2,11
2025-11-03,Riverside,Blueberry Muffin,17,2.95,50.15,Bakery,1.1,18.700000000000003,31.449999999999996,11
2025-11-03,Riverside,Cappuccino,23,4.25,97.75,Coffee,1.0,23.0,74.75,11
2025-11-03,Riverside,Cold Brew,13,4.75,61.75,Coffee,0.95,12.35,49.4,11
2025-11-03,Riverside,Croissant,22,3.25,71.5,Bakery,1.3,28.6,42.9,11
2025-11-03,Riverside,Espresso,17,3.0,51.0,Coffee,0.55,9.350000000000001,41.65,11
2025-11-03,Riverside,Latte,34,4.5,153.0,Coffee,1.1,37.400000000000006,115.6,11
2025-11-03,University,Blueberry Muffin,20,2.95,59.0,Bakery,1.1,22.0,37.0,11
2025-11-03,University,Cappuccino,26,4.25,110.5,Coffee,1.0,26.0,84.5,11
2025-11-03,University,Cold Brew,18,4.75,85.5,Coffee,0.95,17.099999999999998,68.4,11
2025-11-03,University,Croissant,23,3.25,74.75,Bakery,1.3,29.900000000000002,44.849999999999994,11
2025-11-03,University,Espresso,24,3.0,72.0,Coffee,0.55,13.200000000000001,58.8,11
2025-11-03,University,Latte,36,4.5,162.0,Coffee,1.1,39.6,122.4,11
2025-11-04,Downtown,Blueberry Muffin,23,2.95,67.85,Bakery,1.1,25.3,42.55,11
2025-11-04,Downtown,Cappuccino,39,4.25,165.75,Coffee,1.0,39.0,126.75,11
2025-11-04,Downtown,Cold Brew,23,4.75,109.25,Coffee,0.95,21.849999999999998,87.4,11
2025-11-04,Downtown,Croissant,30,3.25,97.5,Bakery,1.3,39.0,58.5,11
2025-11-04,Downtown,Espresso,30,3.0,90.0,Coffee,0.55,16.5,73.5,11
2025-11-04,Downtown,Latte,47,4.5,211.5,Coffee,1.1,51.7,159.8,11
2025-11-04,Riverside,Blueberry Muffin,12,2.95,35.4,Bakery,1.1,13.200000000000001,22.199999999999996,11
2025-11-04,Riverside,Cappuccino,24,4.25,102.0,Coffee,1.0,24.0,78.0,11
2025-11-04,Riverside,Cold Brew,17,4.75,80.75,Coffee,0.95,16.15,64.6,11
2025-11-04,Riverside,Croissant,19,3.25,61.75,Bakery,1.3,24.7,37.05,11
2025-11-04,Riverside,Espresso,16,3.0,48.0,Coffee,0.55,8.8,39.2,11
2025-11-04,Riverside,Latte,34,4.5,153.0,Coffee,1.1,37.400000000000006,115.6,11
2025-11-04,University,Blueberry Muffin,20,2.95,59.0,Bakery,1.1,22.0,37.0,11
2025-11-04,University,Cappuccino,30,4.25,127.5,Coffee,1.0,30.0,97.5,11
2025-11-04,University,Cold Brew,22,4.75,104.5,Coffee,0.95,20.9,83.6,11
2025-11-04,University,Croissant,29,3.25,94.25,Bakery,1.3,37.7,56.55,11
2025-11-04,University,Espresso,25,3.0,75.0,Coffee,0.55,13.750000000000002,61.25,11
2025-11-04,University,Latte,47,4.5,211.5,Coffee,1.1,51.7,159.8,11
2025-11-05,Downtown,Blueberry Muffin,22,2.95,64.9,Bakery,1.1,24.200000000000003,40.7,11
2025-11-05,Downtown,Cappuccino,35,4.25,148.75,Coffee,1.0,35.0,113.75,11
2025-11-05,Downtown,Cold Brew,32,4.75,152.0,Coffee,0.95,30.4,121.6,11
2025-11-05,Downtown,Croissant,31,3.25,100.75,Bakery,1.3,40.300000000000004,60.449999999999996,11
2025-11-05,Downtown,Espresso,28,3.0,84.0,Coffee,0.55,15.400000000000002,68.6,11
2025-11-05,Downtown,Latte,47,4.5,211.5,Coffee,1.1,51.7,159.8,11
2025-11-05,Riverside,Blueberry Muffin,14,2.95,41.3,Bakery,1.1,15.400000000000002,25.899999999999995,11
2025-11-05,Riverside,Cappuccino,19,4.25,80.75,Coffee,1.0,19.0,61.75,11
2025-11-05,Riverside,Cold Brew,9,4.75,42.75,Coffee,0.95,8.549999999999999,34.2,11
2025-11-05,Riverside,Croissant,16,3.25,52.0,Bakery,1.3,20.8,31.2,11
2025-11-05,Riverside,Espresso,19,3.0,57.0,Coffee,0.55,10.450000000000001,46.55,11
2025-11-05,Riverside,Latte,32,4.5,144.0,Coffee,1.1,35.2,108.8,11
2025-11-05,University,Blueberry Muffin,22,2.95,64.9,Bakery,1.1,24.200000000000003,40.7,11
2025-11-05,University,Cappuccino,34,4.25,144.5,Coffee,1.0,34.0,110.5,11
2025-11-05,University,Cold Brew,23,4.75,109.25,Coffee,0.95,21.849999999999998,87.4,11
2025-11-05,University,Croissant,28,3.25,91.0,Bakery,1.3,36.4,54.6,11
2025-11-05,University,Espresso,27,3.0,81.0,Coffee,0.55,14.850000000000001,66.15,11
2025-11-05,University,Latte,48,4.5,216.0,Coffee,1.1,52.800000000000004,163.2,11
2025-11-06,Downtown,Blueberry Muffin,25,2.95,73.75,Bakery,1.1,27.500000000000004,46.25,11
2025-11-06,Downtown,Cappuccino,39,4.25,165.75,Coffee,1.0,39.0,126.75,11
2025-11-06,Downtown,Cold Brew,29,4.75,137.75,Coffee,0.95,27.549999999999997,110.2,11
2025-11-06,Downtown,Croissant,32,3.25,104.0,Bakery,1.3,41.6,62.4,11
2025-11-06,Downtown,Espresso,31,3.0,93.0,Coffee,0.55,17.05,75.95,11
2025-11-06,Downtown,Latte,64,4.5,288.0,Coffee,1.1,70.4,217.6,11
2025-11-06,Riverside,Blueberry Muffin,11,2.95,32.45,Bakery,1.1,12.100000000000001,20.35,11
2025-11-06,Riverside,Cappuccino,19,4.25,80.75,Coffee,1.0,19.0,61.75,11
2025-11-06,Riverside,Cold Brew,10,4.75,47.5,Coffee,0.95,9.5,38.0,11
2025-11-06,Riverside,Croissant,18,3.25,58.5,Bakery,1.3,23.400000000000002,35.099999999999994,11
2025-11-06,Riverside,Espresso,13,3.0,39.0,Coffee,0.55,7.15,31.85,11
2025-11-06,Riverside,Latte,27,4.5,121.5,Coffee,1.1,29.700000000000003,91.8,11
2025-11-06,University,Blueberry Muffin,17,2.95,50.15,Bakery,1.1,18.700000000000003,31.449999999999996,11
2025-11-06,University,Cappuccino,34,4.25,144.5,Coffee,1.0,34.0,110.5,11
2025-11-06,University,Cold Brew,31,4.75,147.25,Coffee,0.95,29.45,117.8,11
2025-11-06,University,Croissant,25,3.25,81.25,Bakery,1.3,32.5,48.75,11
2025-11-06,University,Espresso,28,3.0,84.0,Coffee,0.55,15.400000000000002,68.6,11
2025-11-06,University,Latte,46,4.5,207.0,Coffee,1.1,50.6,156.4,11
2025-11-07,Downtown,Blueberry Muffin,19,2.95,56.05,Bakery,1.1,20.900000000000002,35.14999999999999,11
2025-11-07,Downtown,Cappuccino,31,4.25,131.75,Coffee,1.0,31.0,100.75,11
2025-11-07,Downtown,Cold Brew,9,4.75,42.75,Coffee,0.95,8.549999999999999,34.2,11
2025-11-07,Downtown,Croissant,27,3.25,87.75,Bakery,1.3,35.1,52.65,11
2025-11-07,Downtown,Espresso,24,3.0,72.0,Coffee,0.55,13.200000000000001,58.8,11
2025-11-07,Downtown,Latte,46,4.5,207.0,Coffee,1.1,50.6,156.4,11
2025-11-07,Riverside,Blueberry Muffin,12,2.95,35.4,Bakery,1.1,13.200000000000001,22.199999999999996,11
2025-11-07,Riverside,Cappuccino,19,4.25,80.75,Coffee,1.0,19.0,61.75,11
2025-11-07,Riverside,Cold Brew,14,4.75,66.5,Coffee,0.95,13.299999999999999,53.2,11
2025-11-07,Riverside,Croissant,20,3.25,65.0,Bakery,1.3,26.0,39.0,11
2025-11-07,Riverside,Espresso,16,3.0,48.0,Coffee,0.55,8.8,39.2,11
2025-11-07,Riverside,Latte,30,4.5,135.0,Coffee,1.1,33.0,102.0,11
2025-11-07,University,Blueberry Muffin,21,2.95,61.95,Bakery,1.1,23.1,38.85,11
2025-11-07,University,Cappuccino,29,4.25,123.25,Coffee,1.0,29.0,94.25,11
2025-11-07,University,Cold Brew,15,4.75,71.25,Coffee,0.95,14.25,57.0,11
2025-11-07,University,Croissant,25,3.25,81.25,Bakery,1.3,32.5,48.75,11
2025-11-07,University,Espresso,26,3.0,78.0,Coffee,0.55,14.3,63.7,11
2025-11-07,University,Latte,48,4.5,216.0,Coffee,1.1,52.800000000000004,163.2,11
2025-11-08,Downtown,Blueberry Muffin,30,2.95,88.5,Bakery,1.1,33.0,55.5,11
2025-11-08,Downtown,Cappuccino,43,4.25,182.75,Coffee,1.0,43.0,139.75,11
2025-11-08,Downtown,Cold Brew,20,4.75,95.0,Coffee,0.95,19.0,76.0,11
2025-11-08,Downtown,Croissant,42,3.25,136.5,Bakery,1.3,54.6,81.9,11
2025-11-08,Downtown,Espresso,34,3.0,102.0,Coffee,0.55,18.700000000000003,83.3,11
2025-11-08,Downtown,Latte,69,4.5,310.5,Coffee,1.1,75.9,234.6,11
2025-11-08,Riverside,Blueberry Muffin,18,2.95,53.1,Bakery,1.1,19.8,33.3,11
2025-11-08,Riverside,Cappuccino,30,4.25,127.5,Coffee,1.0,30.0,97.5,11
2025-11-08,Riverside,Cold Brew,17,4.75,80.75,Coffee,0.95,16.15,64.6,11
2025-11-08,Riverside,Croissant,20,3.25,65.0,Bakery,1.3,26.0,39.0,11
2025-11-08,Riverside,Espresso,20,3.0,60.0,Coffee,0.55,11.0,49.0,11
2025-11-08,Riverside,Latte,32,4.5,144.0,Coffee,1.1,35.2,108.8,11
2025-11-08,University,Blueberry Muffin,15,2.95,44.25,Bakery,1.1,16.5,27.75,11
2025-11-08,University,Cappuccino,25,4.25,106.25,Coffee,1.0,25.0,81.25,11
2025-11-08,University,Cold Brew,15,4.75,71.25,Coffee,0.95,14.25,57.0,11
2025-11-08,University,Croissant,18,3.25,58.5,Bakery,1.3,23.400000000000002,35.099999999999994,11
2025-11-08,University,Espresso,20,3.0,60.0,Coffee,0.55,11.0,49.0,11
2025-11-08,University,Latte,35,4.5,157.5,Coffee,1.1,38.5,119.0,11
2025-11-09,Downtown,Blueberry Muffin,27,2.95,79.65,Bakery,1.1,29.700000000000003,49.95,11
2025-11-09,Downtown,Cappuccino,43,4.25,182.75,Coffee,1.0,43.0,139.75,11
2025-11-09,Downtown,Cold Brew,20,4.75,95.0,Coffee,0.95,19.0,76.0,11
2025-11-09,Downtown,Croissant,39,3.25,126.75,Bakery,1.3,50.7,76.05,11
2025-11-09,Downtown,Espresso,31,3.0,93.0,Coffee,0.55,17.05,75.95,11
2025-11-09,Downtown,Latte,73,4.5,328.5,Coffee,1.1,80.30000000000001,248.2,11
2025-11-09,Riverside,Blueberry Muffin,15,2.95,44.25,Bakery,1.1,16.5,27.75,11
2025-11-09,Riverside,Cappuccino,28,4.25,119.0,Coffee,1.0,28.0,91.0,11
2025-11-09,Riverside,Cold Brew,10,4.75,47.5,Coffee,0.95,9.5,38.0,11
2025-11-09,Riverside,Croissant,24,3.25,78.0,Bakery,1.3,31.200000000000003,46.8,11
2025-11-09,Riverside,Espresso,23,3.0,69.0,Coffee,0.55,12.65,56.35,11
2025-11-09,Riverside,Latte,45,4.5,202.5,Coffee,1.1,49.50000000000001,153.0,11
2025-11-09,University,Blueberry Muffin,14,2.95,41.3,Bakery,1.1,15.400000000000002,25.899999999999995,11
2025-11-09,University,Cappuccino,22,4.25,93.5,Coffee,1.0,22.0,71.5,11
2025-11-09,University,Cold Brew,16,4.75,76.0,Coffee,0.95,15.2,60.8,11
2025-11-09,University,Croissant,20,3.25,65.0,Bakery,1.3,26.0,39.0,11
2025-11-09,University,Espresso,16,3.0,48.0,Coffee,0.55,8.8,39.2,11
2025-11-09,University,Latte,29,4.5,130.5,Coffee,1.1,31.900000000000002,98.6,11
2025-11-10,Downtown,Blueberry Muffin,20,2.95,59.0,Bakery,1.1,22.0,37.0,11
2025-11-10,Downtown,Cappuccino,33,4.25,140.25,Coffee,1.0,33.0,107.25,11
2025-11-10,Downtown,Cold Brew,18,4.75,85.5,Coffee,0.95,17.099999999999998,68.4,11
2025-11-10,Downtown,Croissant,30,3.25,97.5,Bakery,1.3,39.0,58.5,11
2025-11-10,Downtown,Espresso,26,3.0,78.0,Coffee,0.55,14.3,63.7,11
2025-11-10,Downtown,Latte,52,4.5,234.0,Coffee,1.1,57.2,176.8,11
2025-11-10,Riverside,Blueberry Muffin,12,2.95,35.4,Bakery,1.1,13.200000000000001,22.199999999999996,11
2025-11-10,Riverside,Cappuccino,21,4.25,89.25,Coffee,1.0,21.0,68.25,11
2025-11-10,Riverside,Cold Brew,8,4.75,38.0,Coffee,0.95,7.6,30.4,11
2025-11-10,Riverside,Croissant,19,3.25,61.75,Bakery,1.3,24.7,37.05,11
2025-11-10,Riverside,Espresso,14,3.0,42.0,Coffee,0.55,7.700000000000001,34.3,11
2025-11-10,Riverside,Latte,28,4.5,126.0,Coffee,1.1,30.800000000000004,95.19999999999999,11
2025-11-10,University,Blueberry Muffin,17,2.95,50.15,Bakery,1.1,18.700000000000003,31.449999999999996,11
2025-11-10,University,Cappuccino,29,4.25,123.25,Coffee,1.0,29.0,94.25,11
2025-11-10,University,Cold Brew,11,4.75,52.25,Coffee,0.95,10.45,41.8,11
2025-11-10,University,Croissant,25,3.25,81.25,Bakery,1.3,32.5,48.75,11
2025-11-10,University,Espresso,24,3.0,72.0,Coffee,0.55,13.200000000000001,58.8,11
2025-11-10,University,Latte,46,4.5,207.0,Coffee,1.1,50.6,156.4,11
2025-11-11,Downtown,Blueberry Muffin,25,2.95,73.75,Bakery,1.1,27.500000000000004,46.25,11
2025-11-11,Downtown,Cappuccino,36,4.25,153.0,Coffee,1.0,36.0,117.0,11
2025-11-11,Downtown,Cold Brew,13,4.75,61.75,Coffee,0.95,12.35,49.4,11
2025-11-11,Downtown,Croissant,26,3.25,84.5,Bakery,1.3,33.800000000000004,50.699999999999996,11
2025-11-11,Downtown,Espresso,25,3.0,75.0,Coffee,0.55,13.750000000000002,61.25,11
2025-11-11,Downtown,Latte,50,4.5,225.0,Coffee,1.1,55.00000000000001,170.0,11
2025-11-11,Riverside,Blueberry Muffin,14,2.95,41.3,Bakery,1.1,15.400000000000002,25.899999999999995,11
2025-11-11,Riverside,Cappuccino,22,4.25,93.5,Coffee,1.0,22.0,71.5,11
2025-11-11,Riverside,Cold Brew,7,4.75,33.25,Coffee,0.95,6.6499999999999995,26.6,11
2025-11-11,Riverside,Croissant,18,3.25,58.5,Bakery,1.3,23.400000000000002,35.099999999999994,11
2025-11-11,Riverside,Espresso,19,3.0,57.0,Coffee,0.55,10.450000000000001,46.55,11
2025-11-11,Riverside,Latte,33,4.5,148.5,Coffee,1.1,36.300000000000004,112.19999999999999,11
2025-11-11,University,Blueberry Muffin,19,2.95,56.05,Bakery,1.1,20.900000000000002,35.14999999999999,11
2025-11-11,University,Cappuccino,31,4.25,131.75,Coffee,1.0,31.0,100.75,11
2025-11-11,University,Cold Brew,12,4.75,57.0,Coffee,0.95,11.399999999999999,45.6,11
2025-11-11,University,Croissant,27,3.25,87.75,Bakery,1.3,35.1,52.65,11
2025-11-11,University,Espresso,25,3.0,75.0,Coffee,0.55,13.750000000000002,61.25,11
2025-11-11,University,Latte,44,4.5,198.0,Coffee,1.1,48.400000000000006,149.6,11
2025-11-12,Downtown,Blueberry Muffin,26,2.95,76.7,Bakery,1.1,28.6,48.1,11
2025-11-12,Downtown,Cappuccino,43,4.25,182.75,Coffee,1.0,43.0,139.75,11
2025-11-12,Downtown,Cold Brew,8,4.75,38.0,Coffee,0.95,7.6,30.4,11
2025-11-12,Downtown,Croissant,32,3.25,104.0,Bakery,1.3,41.6,62.4,11
2025-11-12,Downtown,Espresso,30,3.0,90.0,Coffee,0.55,16.5,73.5,11
2025-11-12,Downtown,Latte,60,4.5,270.0,Coffee,1.1,66.0,204.0,11
2025-11-12,Riverside,Blueberry Muffin,13,2.95,38.35,Bakery,1.1,14.3,24.05,11
2025-11-12,Riverside,Cappuccino,20,4.25,85.0,Coffee,1.0,20.0,65.0,11
2025-11-12,Riverside,Cold Brew,7,4.75,33.25,Coffee,0.95,6.6499999999999995,26.6,11
2025-11-12,Riverside,Croissant,18,3.25,58.5,Bakery,1.3,23.400000000000002,35.099999999999994,11
2025-11-12,Riverside,Espresso,16,3.0,48.0,Coffee,0.55,8.8,39.2,11
2025-11-12,Riverside,Latte,31,4.5,139.5,Coffee,1.1,34.1,105.4,11
2025-11-12,University,Blueberry Muffin,22,2.95,64.9,Bakery,1.1,24.200000000000003,40.7,11
2025-11-12,University,Cappuccino,36,4.25,153.0,Coffee,1.0,36.0,117.0,11
2025-11-12,University,Cold Brew,9,4.75,42.75,Coffee,0.95,8.549999999999999,34.2,11
2025-11-12,University,Croissant,27,3.25,87.75,Bakery,1.3,35.1,52.65,11
2025-11-12,University,Espresso,28,3.0,84.0,Coffee,0.55,15.400000000000002,68.6,11
2025-11-12,University,Latte,49,4.5,220.5,Coffee,1.1,53.900000000000006,166.6,11
2025-11-13,Downtown,Blueberry Muffin,24,2.95,70.8,Bakery,1.1,26.400000000000002,44.39999999999999,11
2025-11-13,Downtown,Cappuccino,42,4.25,178.5,Coffee,1.0,42.0,136.5,11
2025-11-13,Downtown,Cold Brew,9,4.75,42.75,Coffee,0.95,8.549999999999999,34.2,11
2025-11-13,Downtown,Croissant,39,3.25,126.75,Bakery,1.3,50.7,76.05,11
2025-11-13,Downtown,Espresso,32,3.0,96.0,Coffee,0.55,17.6,78.4,11
2025-11-13,Downtown,Latte,63,4.5,283.5,Coffee,1.1,69.30000000000001,214.2,11
2025-11-13,Riverside,Blueberry Muffin,15,2.95,44.25,Bakery,1.1,16.5,27.75,11
2025-11-13,Riverside,Cappuccino,23,4.25,97.75,Coffee,1.0,23.0,74.75,11
2025-11-13,Riverside,Cold Brew,9,4.75,42.75,Coffee,0.95,8.549999999999999,34.2,11
2025-11-13,Riverside,Croissant,21,3.25,68.25,Bakery,1.3,27.3,40.95,11
2025-11-13,Riverside,Espresso,18,3.0,54.0,Coffee,0.55,9.9,44.1,11
2025-11-13,Riverside,Latte,36,4.5,162.0,Coffee,1.1,39.6,122.4,11
2025-11-13,University,Blueberry Muffin,21,2.95,61.95,Bakery,1.1,23.1,38.85,11
2025-11-13,University,Cappuccino,35,4.25,148.75,Coffee,1.0,35.0,113.75,11
2025-11-13,University,Cold Brew,12,4.75,57.0,Coffee,0.95,11.399999999999999,45.6,11
2025-11-13,University,Croissant,29,3.25,94.25,Bakery,1.3,37.7,56.55,11
2025-11-13,University,Espresso,26,3.0,78.0,Coffee,0.55,14.3,63.7,11
2025-11-13,University,Latte,50,4.5,225.0,Coffee,1.1,55.00000000000001,170.0,11
2025-11-14,Downtown,Blueberry Muffin,26,2.95,76.7,Bakery,1.1,28.6,48.1,11
2025-11-14,Downtown,Cappuccino,35,4.25,148.75,Coffee,1.0,35.0,113.75,11
2025-11-14,Downtown,Cold Brew,17,4.75,80.75,Coffee,0.95,16.15,64.6,11
2025-11-14,Downtown,Croissant,31,3.25,100.75,Bakery,1.3,40.300000000000004,60.449999999999996,11
2025-11-14,Downtown,Espresso,27,3.0,81.0,Coffee,0.55,14.850000000000001,66.15,11
2025-11-14,Downtown,Latte,57,4.5,256.5,Coffee,1.1,62.7,193.8,11
2025-11-14,Riverside,Blueberry Muffin,14,2.95,41.3,Bakery,1.1,15.400000000000002,25.899999999999995,11
2025-11-14,Riverside,Cappuccino,23,4.25,97.75,Coffee,1.0,23.0,74.75,11
2025-11-14,Riverside,Cold Brew,7,4.75,33.25,Coffee,0.95,6.6499999999999995,26.6,11
2025-11-14,Riverside,Croissant,18,3.25,58.5,Bakery,1.3,23.400000000000002,35.099999999999994,11
2025-11-14,Riverside,Espresso,16,3.0,48.0,Coffee,0.55,8.8,39.2,11
2025-11-14,Riverside,Latte,31,4.5,139.5,Coffee,1.1,34.1,105.4,11
2025-11-14,University,Blueberry Muffin,19,2.95,56.05,Bakery,1.1,20.900000000000002,35.14999999999999,11
2025-11-14,University,Cappuccino,32,4.25,136.0,Coffee,1.0,32.0,104.0,11
2025-11-14,University,Cold Brew,17,4.75,80.75,Coffee,0.95,16.15,64.6,11
2025-11-14,University,Croissant,26,3.25,84.5,Bakery,1.3,33.800000000000004,50.699999999999996,11
2025-11-14,University,Espresso,24,3.0,72.0,Coffee,0.55,13.200000000000001,58.8,11
2025-11-14,University,Latte,41,4.5,184.5,Coffee,1.1,45.1,139.4,11
2025-11-15,Downtown,Blueberry Muffin,29,2.95,85.55,Bakery,1.1,31.900000000000002,53.64999999999999,11
2025-11-15,Downtown,Cappuccino,49,4.25,208.25,Coffee,1.0,49.0,159.25,11
2025-11-15,Downtown,Cold Brew,17,4.75,80.75,Coffee,0.95,16.15,64.6,11
2025-11-15,Downtown,Croissant,43,3.25,139.75,Bakery,1.3,55.9,83.85,11
2025-11-15,Downtown,Espresso,39,3.0,117.0,Coffee,0.55,21.450000000000003,95.55,11
2025-11-15,Downtown,Latte,76,4.5,342.0,Coffee,1.1,83.60000000000001,258.4,11
2025-11-15,Riverside,Blueberry Muffin,17,2.95,50.15,Bakery,1.1,18.700000000000003,31.449999999999996,11
2025-11-15,Riverside,Cappuccino,26,4.25,110.5,Coffee,1.0,26.0,84.5,11
2025-11-15,Riverside,Cold Brew,10,4.75,47.5,Coffee,0.95,9.5,38.0,11
2025-11-15,Riverside,Croissant,21,3.25,68.25,Bakery,1.3,27.3,40.95,11
2025-11-15,Riverside,Espresso,19,3.0,57.0,Coffee,0.55,10.450000000000001,46.55,11
2025-11-15,Riverside,Latte,36,4.5,162.0,Coffee,1.1,39.6,122.4,11
2025-11-15,University,Blueberry Muffin,15,2.95,44.25,Bakery,1.1,16.5,27.75,11
2025-11-15,University,Cappuccino,20,4.25,85.0,Coffee,1.0,20.0,65.0,11
2025-11-15,University,Cold Brew,16,4.75,76.0,Coffee,0.95,15.2,60.8,11
2025-11-15,University,Croissant,16,3.25,52.0,Bakery,1.3,20.8,31.2,11
2025-11-15,University,Espresso,16,3.0,48.0,Coffee,0.55,8.8,39.2,11
2025-11-15,University,Latte,34,4.5,153.0,Coffee,1.1,37.400000000000006,115.6,11
2025-11-16,Downtown,Blueberry Muffin,27,2.95,79.65,Bakery,1.1,29.700000000000003,49.95,11
2025-11-16,Downtown,Cappuccino,45,4.25,191.25,Coffee,1.0,45.0,146.25,11
2025-11-16,Downtown,Cold Brew,17,4.75,80.75,Coffee,0.95,16.15,64.6,11
2025-11-16,Downtown,Croissant,32,3.25,104.0,Bakery,1.3,41.6,62.4,11
2025-11-16,Downtown,Espresso,35,3.0,105.0,Coffee,0.55,19.25,85.75,11
2025-11-16,Downtown,Latte,59,4.5,265.5,Coffee,1.1,64.9,200.6,11
2025-11-16,Riverside,Blueberry Muffin,17,2.95,50.15,Bakery,1.1,18.700000000000003,31.449999999999996,11
2025-11-16,Riverside,Cappuccino,25,4.25,106.25,Coffee,1.0,25.0,81.25,11
2025-11-16,Riverside,Cold Brew,15,4.75,71.25,Coffee,0.95,14.25,57.0,11
2025-11-16,Riverside,Croissant,26,3.25,84.5,Bakery,1.3,33.800000000000004,50.699999999999996,11
2025-11-16,Riverside,Espresso,20,3.0,60.0,Coffee,0.55,11.0,49.0,11
2025-11-16,Riverside,Latte,44,4.5,198.0,Coffee,1.1,48.400000000000006,149.6,11
2025-11-16,University,Blueberry Muffin,14,2.95,41.3,Bakery,1.1,15.400000000000002,25.899999999999995,11
2025-11-16,University,Cappuccino,21,4.25,89.25,Coffee,1.0,21.0,68.25,11
2025-11-16,University,Cold Brew,6,4.75,28.5,Coffee,0.95,5.699999999999999,22.8,11
2025-11-16,University,Croissant,22,3.25,71.5,Bakery,1.3,28.6,42.9,11
2025-11-16,University,Espresso,18,3.0,54.0,Coffee,0.55,9.9,44.1,11
2025-11-16,University,Latte,36,4.5,162.0,Coffee,1.1,39.6,122.4,11
2025-11-17,Downtown,Blueberry Muffin,20,2.95,59.0,Bakery,1.1,22.0,37.0,11
2025-11-17,Downtown,Cappuccino,37,4.25,157.25,Coffee,1.0,37.0,120.25,11
2025-11-17,Downtown,Cold Brew,19,4.75,90.25,Coffee,0.95,18.05,72.2,11
2025-11-17,Downtown,Croissant,32,3.25,104.0,Bakery,1.3,41.6,62.4,11
2025-11-17,Downtown,Espresso,29,3.0,87.0,Coffee,0.55,15.950000000000001,71.05,11
2025-11-17,Downtown,Latte,49,4.5,220.5,Coffee,1.1,53.900000000000006,166.6,11
2025-11-17,Riverside,Blueberry Muffin,11,2.95,32.45,Bakery,1.1,12.100000000000001,20.35,11
2025-11-17,Riverside,Cappuccino,25,4.25,106.25,Coffee,1.0,25.0,81.25,11
2025-11-17,Riverside,Cold Brew,9,4.75,42.75,Coffee,0.95,8.549999999999999,34.2,11
2025-11-17,Riverside,Croissant,19,3.25,61.75,Bakery,1.3,24.7,37.05,11
2025-11-17,Riverside,Espresso,17,3.0,51.0,Coffee,0.55,9.350000000000001,41.65,11
2025-11-17,Riverside,Latte,36,4.5,162.0,Coffee,1.1,39.6,122.4,11
2025-11-17,University,Blueberry Muffin,23,2.95,67.85,Bakery,1.1,25.3,42.55,11
2025-11-17,University,Cappuccino,35,4.25,148.75,Coffee,1.0,35.0,113.75,11
2025-11-17,University,Cold Brew,12,4.75,57.0,Coffee,0.95,11.399999999999999,45.6,11
2025-11-17,University,Croissant,31,3.25,100.75,Bakery,1.3,40.300000000000004,60.449999999999996,11
2025-11-17,University,Espresso,26,3.0,78.0,Coffee,0.55,14.3,63.7,11
2025-11-17,University,Latte,51,4.5,229.5,Coffee,1.1,56.1,173.4,11
2025-11-18,Downtown,Blueberry Muffin,19,2.95,56.05,Bakery,1.1,20.900000000000002,35.14999999999999,11
2025-11-18,Downtown,Cappuccino,35,4.25,148.75,Coffee,1.0,35.0,113.75,11
2025-11-18,Downtown,Cold Brew,12,4.75,57.0,Coffee,0.95,11.399999999999999,45.6,11
2025-11-18,Downtown,Croissant,27,3.25,87.75,Bakery,1.3,35.1,52.65,11
2025-11-18,Downtown,Espresso,25,3.0,75.0,Coffee,0.55,13.750000000000002,61.25,11
2025-11-18,Downtown,Latte,49,4.5,220.5,Coffee,1.1,53.900000000000006,166.6,11
2025-11-18,Riverside,Blueberry Muffin,9,2.95,26.55,Bakery,1.1,9.9,16.65,11
2025-11-18,Riverside,Cappuccino,20,4.25,85.0,Coffee,1.0,20.0,65.0,11
2025-11-18,Riverside,Cold Brew,6,4.75,28.5,Coffee,0.95,5.699999999999999,22.8,11
2025-11-18,Riverside,Croissant,17,3.25,55.25,Bakery,1.3,22.1,33.15,11
2025-11-18,Riverside,Espresso,14,3.0,42.0,Coffee,0.55,7.700000000000001,34.3,11
2025-11-18,Riverside,Latte,32,4.5,144.0,Coffee,1.1,35.2,108.8,11
2025-11-18,University,Blueberry Muffin,15,2.95,44.25,Bakery,1.1,16.5,27.75,11
2025-11-18,University,Cappuccino,32,4.25,136.0,Coffee,1.0,32.0,104.0,11
2025-11-18,University,Cold Brew,13,4.75,61.75,Coffee,0.95,12.35,49.4,11
2025-11-18,University,Croissant,24,3.25,78.0,Bakery,1.3,31.200000000000003,46.8,11
2025-11-18,University,Espresso,22,3.0,66.0,Coffee,0.55,12.100000000000001,53.9,11
2025-11-18,University,Latte,39,4.5,175.5,Coffee,1.1,42.900000000000006,132.6,11
2025-11-19,Downtown,Blueberry Muffin,21,2.95,61.95,Bakery,1.1,23.1,38.85,11
2025-11-19,Downtown,Cappuccino,37,4.25,157.25,Coffee,1.0,37.0,120.25,11
2025-11-19,Downtown,Cold Brew,14,4.75,66.5,Coffee,0.95,13.299999999999999,53.2,11
2025-11-19,Downtown,Croissant,36,3.25,117.0,Bakery,1.3,46.800000000000004,70.19999999999999,11
2025-11-19,Downtown,Espresso,31,3.0,93.0,Coffee,0.55,17.05,75.95,11
2025-11-19,Downtown,Latte,58,4.5,261.0,Coffee,1.1,63.800000000000004,197.2,11
2025-11-19,Riverside,Blueberry Muffin,16,2.95,47.2,Bakery,1.1,17.6,29.6,11
2025-11-19,Riverside,Cappuccino,23,4.25,97.75,Coffee,1.0,23.0,74.75,11
2025-11-19,Riverside,Cold Brew,8,4.75,38.0,Coffee,0.95,7.6,30.4,11
2025-11-19,Riverside,Croissant,20,3.25,65.0,Bakery,1.3,26.0,39.0,11
2025-11-19,Riverside,Espresso,15,3.0,45.0,Coffee,0.55,8.25,36.75,11
2025-11-19,Riverside,Latte,32,4.5,144.0,Coffee,1.1,35.2,108.8,11
2025-11-19,University,Blueberry Muffin,18,2.95,53.1,Bakery,1.1,19.8,33.3,11
2025-11-19,University,Cappuccino,32,4.25,136.0,Coffee,1.0,32.0,104.0,11
2025-11-19,University,Cold Brew,12,4.75,57.0,Coffee,0.95,11.399999999999999,45.6,11
2025-11-19,University,Croissant,25,3.25,81.25,Bakery,1.3,32.5,48.75,11
2025-11-19,University,Espresso,23,3.0,69.0,Coffee,0.55,12.65,56.35,11
2025-11-19,University,Latte,45,4.5,202.5,Coffee,1.1,49.50000000000001,153.0,11
2025-11-20,Downtown,Blueberry Muffin,25,2.95,73.75,Bakery,1.1,27.500000000000004,46.25,11
2025-11-20,Downtown,Cappuccino,42,4.25,178.5,Coffee,1.0,42.0,136.5,11
2025-11-20,Downtown,Cold Brew,21,4.75,99.75,Coffee,0.95,19.95,79.8,11
2025-11-20,Downtown,Croissant,35,3.25,113.75,Bakery,1.3,45.5,68.25,11
2025-11-20,Downtown,Espresso,29,3.0,87.0,Coffee,0.55,15.950000000000001,71.05,11
2025-11-20,Downtown,Latte,57,4.5,256.5,Coffee,1.1,62.7,193.8,11
2025-11-20,Riverside,Blueberry Muffin,11,2.95,32.45,Bakery,1.1,12.100000000000001,20.35,11
2025-11-20,Riverside,Cappuccino,21,4.25,89.25,Coffee,1.0,21.0,68.25,11
2025-11-20,Riverside,Cold Brew,9,4.75,42.75,Coffee,0.95,8.549999999999999,34.2,11
2025-11-20,Riverside,Croissant,16,3.25,52.0,Bakery,1.3,20.8,31.2,11
2025-11-20,Riverside,Espresso,14,3.0,42.0,Coffee,0.55,7.700000000000001,34.3,11
2025-11-20,Riverside,Latte,26,4.5,117.0,Coffee,1.1,28.6,88.4,11
2025-11-20,University,Blueberry Muffin,22,2.95,64.9,Bakery,1.1,24.200000000000003,40.7,11
2025-11-20,University,Cappuccino,31,4.25,131.75,Coffee,1.0,31.0,100.75,11
2025-11-20,University,Cold Brew,12,4.75,57.0,Coffee,0.95,11.399999999999999,45.6,11
2025-11-20,University,Croissant,26,3.25,84.5,Bakery,1.3,33.800000000000004,50.699999999999996,11
2025-11-20,University,Espresso,24,3.0,72.0,Coffee,0.55,13.200000000000001,58.8,11
2025-11-20,University,Latte,50,4.5,225.0,Coffee,1.1,55.00000000000001,170.0,11
2025-11-21,Downtown,Blueberry Muffin,25,2.95,73.75,Bakery,1.1,27.500000000000004,46.25,11
2025-11-21,Downtown,Cappuccino,44,4.25,187.0,Coffee,1.0,44.0,143.0,11
2025-11-21,Downtown,Cold Brew,12,4.75,57.0,Coffee,0.95,11.399999999999999,45.6,11
2025-11-21,Downtown,Croissant,35,3.25,113.75,Bakery,1.3,45.5,68.25,11
2025-11-21,Downtown,Espresso,29,3.0,87.0,Coffee,0.55,15.950000000000001,71.05,11
2025-11-21,Downtown,Latte,60,4.5,270.0,Coffee,1.1,66.0,204.0,11
2025-11-21,Riverside,Blueberry Muffin,13,2.95,38.35,Bakery,1.1,14.3,24.05,11
2025-11-21,Riverside,Cappuccino,25,4.25,106.25,Coffee,1.0,25.0,81.25,11
2025-11-21,Riverside,Cold Brew,6,4.75,28.5,Coffee,0.95,5.699999999999999,22.8,11
2025-11-21,Riverside,Croissant,17,3.25,55.25,Bakery,1.3,22.1,33.15,11
2025-11-21,Riverside,Espresso,14,3.0,42.0,Coffee,0.55,7.700000000000001,34.3,11
2025-11-21,Riverside,Latte,32,4.5,144.0,Coffee,1.1,35.2,108.8,11
2025-11-21,University,Blueberry Muffin,21,2.95,61.95,Bakery,1.1,23.1,38.85,11
2025-11-21,University,Cappuccino,33,4.25,140.25,Coffee,1.0,33.0,107.25,11
2025-11-21,University,Cold Brew,8,4.75,38.0,Coffee,0.95,7.6,30.4,11
2025-11-21,University,Croissant,28,3.25,91.0,Bakery,1.3,36.4,54.6,11
2025-11-21,University,Espresso,25,3.0,75.0,Coffee,0.55,13.750000000000002,61.25,11
2025-11-21,University,Latte,49,4.5,220.5,Coffee,1.1,53.900000000000006,166.6,11
2025-11-22,Downtown,Blueberry Muffin,28,2.95,82.6,Bakery,1.1,30.800000000000004,51.79999999999999,11
2025-11-22,Downtown,Cappuccino,47,4.25,199.75,Coffee,1.0,47.0,152.75,11
2025-11-22,Downtown,Cold Brew,21,4.75,99.75,Coffee,0.95,19.95,79.8,11
2025-11-22,Downtown,Croissant,36,3.25,117.0,Bakery,1.3,46.800000000000004,70.19999999999999,11
2025-11-22,Downtown,Espresso,33,3.0,99.0,Coffee,0.55,18.150000000000002,80.85,11
2025-11-22,Downtown,Latte,70,4.5,315.0,Coffee,1.1,77.0,238.0,11
2025-11-22,Riverside,Blueberry Muffin,18,2.95,53.1,Bakery,1.1,19.8,33.3,11
2025-11-22,Riverside,Cappuccino,25,4.25,106.25,Coffee,1.0,25.0,81.25,11
2025-11-22,Riverside,Cold Brew,7,4.75,33.25,Coffee,0.95,6.6499999999999995,26.6,11
2025-11-22,Riverside,Croissant,23,3.25,74.75,Bakery,1.3,29.900000000000002,44.849999999999994,11
2025-11-22,Riverside,Espresso,20,3.0,60.0,Coffee,0.55,11.0,49.0,11
2025-11-22,Riverside,Latte,38,4.5,171.0,Coffee,1.1,41.800000000000004,129.2,11
2025-11-22,University,Blueberry Muffin,17,2.95,50.15,Bakery,1.1,18.700000000000003,31.449999999999996,11
2025-11-22,University,Cappuccino,25,4.25,106.25,Coffee,1.0,25.0,81.25,11
2025-11-22,University,Cold Brew,10,4.75,47.5,Coffee,0.95,9.5,38.0,11
2025-11-22,University,Croissant,19,3.25,61.75,Bakery,1.3,24.7,37.05,11
2025-11-22,University,Espresso,19,3.0,57.0,Coffee,0.55,10.450000000000001,46.55,11
2025-11-22,University,Latte,34,4.5,153.0,Coffee,1.1,37.400000000000006,115.6,11
2025-11-23,Downtown,Blueberry Muffin,24,2.95,70.8,Bakery,1.1,26.400000000000002,44.39999999999999,11
2025-11-23,Downtown,Cappuccino,47,4.25,199.75,Coffee,1.0,47.0,152.75,11
2025-11-23,Downtown,Cold Brew,22,4.75,104.5,Coffee,0.95,20.9,83.6,11
2025-11-23,Downtown,Croissant,31,3.25,100.75,Bakery,1.3,40.300000000000004,60.449999999999996,11
2025-11-23,Downtown,Espresso,32,3.0,96.0,Coffee,0.55,17.6,78.4,11
2025-11-23,Downtown,Latte,67,4.5,301.5,Coffee,1.1,73.7,227.8,11
2025-11-23,Riverside,Blueberry Muffin,20,2.95,59.0,Bakery,1.1,22.0,37.0,11
2025-11-23,Riverside,Cappuccino,30,4.25,127.5,Coffee,1.0,30.0,97.5,11
2025-11-23,Riverside,Cold Brew,13,4.75,61.75,Coffee,0.95,12.35,49.4,11
2025-11-23,Riverside,Croissant,28,3.25,91.0,Bakery,1.3,36.4,54.6,11
2025-11-23,Riverside,Espresso,22,3.0,66.0,Coffee,0.55,12.100000000000001,53.9,11
2025-11-23,Riverside,Latte,47,4.5,211.5,Coffee,1.1,51.7,159.8,11
2025-11-23,University,Blueberry Muffin,15,2.95,44.25,Bakery,1.1,16.5,27.75,11
2025-11-23,University,Cappuccino,20,4.25,85.0,Coffee,1.0,20.0,65.0,11
2025-11-23,University,Cold Brew,10,4.75,47.5,Coffee,0.95,9.5,38.0,11
2025-11-23,University,Croissant,18,3.25,58.5,Bakery,1.3,23.400000000000002,35.099999999999994,11
2025-11-23,University,Espresso,18,3.0,54.0,Coffee,0.55,9.9,44.1,11
2025-11-23,University,Latte,30,4.5,135.0,Coffee,1.1,33.0,102.0,11
2025-11-24,Downtown,Blueberry Muffin,26,2.95,76.7,Bakery,1.1,28.6,48.1,11
2025-11-24,Downtown,Cappuccino,36,4.25,153.0,Coffee,1.0,36.0,117.0,11
2025-11-24,Downtown,Cold Brew,19,4.75,90.25,Coffee,0.95,18.05,72.2,11
2025-11-24,Downtown,Croissant,32,3.25,104.0,Bakery,1.3,41.6,62.4,11
2025-11-24,Downtown,Espresso,23,3.0,69.0,Coffee,0.55,12.65,56.35,11
2025-11-24,Downtown,Latte,50,4.5,225.0,Coffee,1.1,55.00000000000001,170.0,11
2025-11-24,Riverside,Blueberry Muffin,12,2.95,35.4,Bakery,1.1,13.200000000000001,22.199999999999996,11
2025-11-24,Riverside,Cappuccino,25,4.25,106.25,Coffee,1.0,25.0,81.25,11
2025-11-24,Riverside,Cold Brew,8,4.75,38.0,Coffee,0.95,7.6,30.4,11
2025-11-24,Riverside,Croissant,17,3.25,55.25,Bakery,1.3,22.1,33.15,11
2025-11-24,Riverside,Espresso,16,3.0,48.0,Coffee,0.55,8.8,39.2,11
2025-11-24,Riverside,Latte,31,4.5,139.5,Coffee,1.1,34.1,105.4,11
2025-11-24,University,Blueberry Muffin,18,2.95,53.1,Bakery,1.1,19.8,33.3,11
2025-11-24,University,Cappuccino,34,4.25,144.5,Coffee,1.0,34.0,110.5,11
2025-11-24,University,Cold Brew,16,4.75,76.0,Coffee,0.95,15.2,60.8,11
2025-11-24,University,Croissant,24,3.25,78.0,Bakery,1.3,31.200000000000003,46.8,11
2025-11-24,University,Espresso,21,3.0,63.0,Coffee,0.55,11.55,51.45,11
2025-11-24,University,Latte,41,4.5,184.5,Coffee,1.1,45.1,139.4,11
2025-11-25,Downtown,Blueberry Muffin,22,2.95,64.9,Bakery,1.1,24.200000000000003,40.7,11
2025-11-25,Downtown,Cappuccino,34,4.25,144.5,Coffee,1.0,34.0,110.5,11
2025-11-25,Downtown,Cold Brew,21,4.75,99.75,Coffee,0.95,19.95,79.8,11
2025-11-25,Downtown,Croissant,32,3.25,104.0,Bakery,1.3,41.6,62.4,11
2025-11-25,Downtown,Espresso,32,3.0,96.0,Coffee,0.55,17.6,78.4,11
2025-11-25,Downtown,Latte,59,4.5,265.5,Coffee,1.1,64.9,200.6,11
2025-11-25,Riverside,Blueberry Muffin,16,2.95,47.2,Bakery,1.1,17.6,29.6,11
2025-11-25,Riverside,Cappuccino,26,4.25,110.5,Coffee,1.0,26.0,84.5,11
2025-11-25,Riverside,Cold Brew,9,4.75,42.75,Coffee,0.95,8.549999999999999,34.2,11
2025-11-25,Riverside,Croissant,19,3.25,61.75,Bakery,1.3,24.7,37.05,11
2025-11-25,Riverside,Espresso,18,3.0,54.0,Coffee,0.55,9.9,44.1,11
2025-11-25,Riverside,Latte,35,4.5,157.5,Coffee,1.1,38.5,119.0,11
2025-11-25,University,Blueberry Muffin,22,2.95,64.9,Bakery,1.1,24.200000000000003,40.7,11
2025-11-25,University,Cappuccino,31,4.25,131.75,Coffee,1.0,31.0,100.75,11
2025-11-25,University,Cold Brew,17,4.75,80.75,Coffee,0.95,16.15,64.6,11
2025-11-25,University,Croissant,25,3.25,81.25,Bakery,1.3,32.5,48.75,11
2025-11-25,University,Espresso,31,3.0,93.0,Coffee,0.55,17.05,75.95,11
2025-11-25,University,Latte,45,4.5,202.5,Coffee,1.1,49.50000000000001,153.0,11
2025-11-26,Downtown,Blueberry Muffin,22,2.95,64.9,Bakery,1.1,24.200000000000003,40.7,11
2025-11-26,Downtown,Cappuccino,37,4.25,157.25,Coffee,1.0,37.0,120.25,11
2025-11-26,Downtown,Cold Brew,19,4.75,90.25,Coffee,0.95,18.05,72.2,11
2025-11-26,Downtown,Croissant,32,3.25,104.0,Bakery,1.3,41.6,62.4,11
2025-11-26,Downtown,Espresso,29,3.0,87.0,Coffee,0.55,15.950000000000001,71.05,11
2025-11-26,Downtown,Latte,50,4.5,225.0,Coffee,1.1,55.00000000000001,170.0,11
2025-11-26,Riverside,Blueberry Muffin,13,2.95,38.35,Bakery,1.1,14.3,24.05,11
2025-11-26,Riverside,Cappuccino,22,4.25,93.5,Coffee,1.0,22.0,71.5,11
2025-11-26,Riverside,Cold Brew,17,4.75,80.75,Coffee,0.95,16.15,64.6,11
2025-11-26,Riverside,Croissant,16,3.25,52.0,Bakery,1.3,20.8,31.2,11
2025-11-26,Riverside,Espresso,15,3.0,45.0,Coffee,0.55,8.25,36.75,11
2025-11-26,Riverside,Latte,29,4.5,130.5,Coffee,1.1,31.900000000000002,98.6,11
2025-11-26,University,Blueberry Muffin,22,2.95,64.9,Bakery,1.1,24.200000000000003,40.7,11
2025-11-26,University,Cappuccino,30,4.25,127.5,Coffee,1.0,30.0,97.5,11
2025-11-26,University,Cold Brew,14,4.75,66.5,Coffee,0.95,13.299999999999999,53.2,11
2025-11-26,University,Croissant,25,3.25,81.25,Bakery,1.3,32.5,48.75,11
2025-11-26,University,Espresso,27,3.0,81.0,Coffee,0.55,14.850000000000001,66.15,11
2025-11-26,University,Latte,50,4.5,225.0,Coffee,1.1,55.00000000000001,170.0,11
2025-11-27,Downtown,Blueberry Muffin,21,2.95,61.95,Bakery,1.1,23.1,38.85,11
2025-11-27,Downtown,Cappuccino,36,4.25,153.0,Coffee,1.0,36.0,117.0,11
2025-11-27,Downtown,Cold Brew,14,4.75,66.5,Coffee,0.95,13.299999999999999,53.2,11
2025-11-27,Downtown,Croissant,28,3.25,91.0,Bakery,1.3,36.4,54.6,11
2025-11-27,Downtown,Espresso,26,3.0,78.0,Coffee,0.55,14.3,63.7,11
2025-11-27,Downtown,Latte,41,4.5,184.5,Coffee,1.1,45.1,139.4,11
2025-11-27,Riverside,Blueberry Muffin,10,2.95,29.5,Bakery,1.1,11.0,18.5,11
2025-11-27,Riverside,Cappuccino,17,4.25,72.25,Coffee,1.0,17.0,55.25,11
2025-11-27,Riverside,Cold Brew,9,4.75,42.75,Coffee,0.95,8.549999999999999,34.2,11
2025-11-27,Riverside,Croissant,16,3.25,52.0,Bakery,1.3,20.8,31.2,11
2025-11-27,Riverside,Espresso,15,3.0,45.0,Coffee,0.55,8.25,36.75,11
2025-11-27,Riverside,Latte,27,4.5,121.5,Coffee,1.1,29.700000000000003,91.8,11
2025-11-27,University,Blueberry Muffin,16,2.95,47.2,Bakery,1.1,17.6,29.6,11
2025-11-27,University,Cappuccino,26,4.25,110.5,Coffee,1.0,26.0,84.5,11
2025-11-27,University,Cold Brew,16,4.75,76.0,Coffee,0.95,15.2,60.8,11
2025-11-27,University,Croissant,20,3.25,65.0,Bakery,1.3,26.0,39.0,11
2025-11-27,University,Espresso,20,3.0,60.0,Coffee,0.55,11.0,49.0,11
2025-11-27,University,Latte,41,4.5,184.5,Coffee,1.1,45.1,139.4,11
2025-11-28,Downtown,Blueberry Muffin,21,2.95,61.95,Bakery,1.1,23.1,38.85,11
2025-11-28,Downtown,Cappuccino,31,4.25,131.75,Coffee,1.0,31.0,100.75,11
2025-11-28,Downtown,Cold Brew,16,4.75,76.0,Coffee,0.95,15.2,60.8,11
2025-11-28,Downtown,Croissant,32,3.25,104.0,Bakery,1.3,41.6,62.4,11
2025-11-28,Downtown,Espresso,27,3.0,81.0,Coffee,0.55,14.850000000000001,66.15,11
2025-11-28,Downtown,Latte,53,4.5,238.5,Coffee,1.1,58.300000000000004,180.2,11
2025-11-28,Riverside,Blueberry Muffin,14,2.95,41.3,Bakery,1.1,15.400000000000002,25.899999999999995,11
2025-11-28,Riverside,Cappuccino,21,4.25,89.25,Coffee,1.0,21.0,68.25,11
2025-11-28,Riverside,Cold Brew,10,4.75,47.5,Coffee,0.95,9.5,38.0,11
2025-11-28,Riverside,Croissant,17,3.25,55.25,Bakery,1.3,22.1,33.15,11
2025-11-28,Riverside,Espresso,16,3.0,48.0,Coffee,0.55,8.8,39.2,11
2025-11-28,Riverside,Latte,31,4.5,139.5,Coffee,1.1,34.1,105.4,11
2025-11-28,University,Blueberry Muffin,20,2.95,59.0,Bakery,1.1,22.0,37.0,11
2025-11-28,University,Cappuccino,32,4.25,136.0,Coffee,1.0,32.0,104.0,11
2025-11-28,University,Cold Brew,16,4.75,76.0,Coffee,0.95,15.2,60.8,11
2025-11-28,University,Croissant,33,3.25,107.25,Bakery,1.3,42.9,64.35,11
2025-11-28,University,Espresso,20,3.0,60.0,Coffee,0.55,11.0,49.0,11
2025-11-28,University,Latte,47,4.5,211.5,Coffee,1.1,51.7,159.8,11
2025-11-29,Downtown,Blueberry Muffin,31,2.95,91.45,Bakery,1.1,34.1,57.35,11
2025-11-29,Downtown,Cappuccino,48,4.25,204.0,Coffee,1.0,48.0,156.0,11
2025-11-29,Downtown,Cold Brew,24,4.75,114.0,Coffee,0.95,22.799999999999997,91.2,11
2025-11-29,Downtown,Croissant,35,3.25,113.75,Bakery,1.3,45.5,68.25,11
2025-11-29,Downtown,Espresso,38,3.0,114.0,Coffee,0.55,20.900000000000002,93.1,11
2025-11-29,Downtown,Latte,63,4.5,283.5,Coffee,1.1,69.30000000000001,214.2,11
2025-11-29,Riverside,Blueberry Muffin,16,2.95,47.2,Bakery,1.1,17.6,29.6,11
2025-11-29,Riverside,Cappuccino,25,4.25,106.25,Coffee,1.0,25.0,81.25,11
2025-11-29,Riverside,Cold Brew,9,4.75,42.75,Coffee,0.95,8.549999999999999,34.2,11
2025-11-29,Riverside,Croissant,23,3.25,74.75,Bakery,1.3,29.900000000000002,44.849999999999994,11
2025-11-29,Riverside,Espresso,18,3.0,54.0,Coffee,0.55,9.9,44.1,11
2025-11-29,Riverside,Latte,40,4.5,180.0,Coffee,1.1,44.0,136.0,11
2025-11-29,University,Blueberry Muffin,18,2.95,53.1,Bakery,1.1,19.8,33.3,11
2025-11-29,University,Cappuccino,24,4.25,102.0,Coffee,1.0,24.0,78.0,11
2025-11-29,University,Cold Brew,12,4.75,57.0,Coffee,0.95,11.399999999999999,45.6,11
2025-11-29,University,Croissant,18,3.25,58.5,Bakery,1.3,23.400000000000002,35.099999999999994,11
2025-11-29,University,Espresso,17,3.0,51.0,Coffee,0.55,9.350000000000001,41.65,11
2025-11-29,University,Latte,35,4.5,157.5,Coffee,1.1,38.5,119.0,11
2025-11-30,Downtown,Blueberry Muffin,25,2.95,73.75,Bakery,1.1,27.500000000000004,46.25,11
2025-11-30,Downtown,Cappuccino,43,4.25,182.75,Coffee,1.0,43.0,139.75,11
2025-11-30,Downtown,Cold Brew,28,4.75,133.0,Coffee,0.95,26.599999999999998,106.4,11
2025-11-30,Downtown,Croissant,34,3.25,110.5,Bakery,1.3,44.2,66.3,11
2025-11-30,Downtown,Espresso,29,3.0,87.0,Coffee,0.55,15.950000000000001,71.05,11
2025-11-30,Downtown,Latte,63,4.5,283.5,Coffee,1.1,69.30000000000001,214.2,11
2025-11-30,Riverside,Blueberry Muffin,16,2.95,47.2,Bakery,1.1,17.6,29.6,11
2025-11-30,Riverside,Cappuccino,24,4.25,102.0,Coffee,1.0,24.0,78.0,11
2025-11-30,Riverside,Cold Brew,11,4.75,52.25,Coffee,0.95,10.45,41.8,11
2025-11-30,Riverside,Croissant,21,3.25,68.25,Bakery,1.3,27.3,40.95,11
2025-11-30,Riverside,Espresso,17,3.0,51.0,Coffee,0.55,9.350000000000001,41.65,11
2025-11-30,Riverside,Latte,32,4.5,144.0,Coffee,1.1,35.2,108.8,11
2025-11-30,University,Blueberry Muffin,14,2.95,41.3,Bakery,1.1,15.400000000000002,25.899999999999995,11
2025-11-30,University,Cappuccino,20,4.25,85.0,Coffee,1.0,20.0,65.0,11
2025-11-30,University,Cold Brew,8,4.75,38.0,Coffee,0.95,7.6,30.4,11
2025-11-30,University,Croissant,16,3.25,52.0,Bakery,1.3,20.8,31.2,11
2025-11-30,University,Espresso,14,3.0,42.0,Coffee,0.55,7.700000000000001,34.3,11
2025-11-30,University,Latte,29,4.5,130.5,Coffee,1.1,31.900000000000002,98.6,11
2025-12-01,Downtown,Blueberry Muffin,34,2.95,100.3,Bakery,1.1,37.400000000000006,62.89999999999999,12
2025-12-01,Downtown,Cappuccino,41,4.25,174.25,Coffee,1.0,41.0,133.25,12
2025-12-01,Downtown,Cold Brew,25,4.75,118.75,Coffee,0.95,23.75,95.0,12
2025-12-01,Downtown,Croissant,36,3.25,117.0,Bakery,1.3,46.800000000000004,70.19999999999999,12
2025-12-01,Downtown,Espresso,31,3.0,93.0,Coffee,0.55,17.05,75.95,12
2025-12-01,Downtown,Latte,58,4.5,261.0,Coffee,1.1,63.800000000000004,197.2,12
2025-12-01,Riverside,Blueberry Muffin,14,2.95,41.3,Bakery,1.1,15.400000000000002,25.899999999999995,12
2025-12-01,Riverside,Cappuccino,26,4.25,110.5,Coffee,1.0,26.0,84.5,12
2025-12-01,Riverside,Cold Brew,7,4.75,33.25,Coffee,0.95,6.6499999999999995,26.6,12
2025-12-01,Riverside,Croissant,23,3.25,74.75,Bakery,1.3,29.900000000000002,44.849999999999994,12
2025-12-01,Riverside,Espresso,19,3.0,57.0,Coffee,0.55,10.450000000000001,46.55,12
2025-12-01,Riverside,Latte,40,4.5,180.0,Coffee,1.1,44.0,136.0,12
2025-12-01,University,Blueberry Muffin,22,2.95,64.9,Bakery,1.1,24.200000000000003,40.7,12
2025-12-01,University,Cappuccino,35,4.25,148.75,Coffee,1.0,35.0,113.75,12
2025-12-01,University,Cold Brew,17,4.75,80.75,Coffee,0.95,16.15,64.6,12
2025-12-01,University,Croissant,34,3.25,110.5,Bakery,1.3,44.2,66.3,12
2025-12-01,University,Espresso,30,3.0,90.0,Coffee,0.55,16.5,73.5,12
2025-12-01,University,Latte,59,4.5,265.5,Coffee,1.1,64.9,200.6,12
2025-12-02,Downtown,Blueberry Muffin,32,2.95,94.4,Bakery,1.1,35.2,59.2,12
2025-12-02,Downtown,Cappuccino,56,4.25,238.0,Coffee,1.0,56.0,182.0,12
2025-12-02,Downtown,Cold Brew,13,4.75,61.75,Coffee,0.95,12.35,49.4,12
2025-12-02,Downtown,Croissant,42,3.25,136.5,Bakery,1.3,54.6,81.9,12
2025-12-02,Downtown,Espresso,38,3.0,114.0,Coffee,0.55,20.900000000000002,93.1,12
2025-12-02,Downtown,Latte,71,4.5,319.5,Coffee,1.1,78.10000000000001,241.39999999999998,12
2025-12-02,Riverside,Blueberry Muffin,15,2.95,44.25,Bakery,1.1,16.5,27.75,12
2025-12-02,Riverside,Cappuccino,29,4.25,123.25,Coffee,1.0,29.0,94.25,12
2025-12-02,Riverside,Cold Brew,5,4.75,23.75,Coffee,0.95,4.75,19.0,12
2025-12-02,Riverside,Croissant,22,3.25,71.5,Bakery,1.3,28.6,42.9,12
2025-12-02,Riverside,Espresso,19,3.0,57.0,Coffee,0.55,10.450000000000001,46.55,12
2025-12-02,Riverside,Latte,36,4.5,162.0,Coffee,1.1,39.6,122.4,12
2025-12-02,University,Blueberry Muffin,25,2.95,73.75,Bakery,1.1,27.500000000000004,46.25,12
2025-12-02,University,Cappuccino,35,4.25,148.75,Coffee,1.0,35.0,113.75,12
2025-12-02,University,Cold Brew,8,4.75,38.0,Coffee,0.95,7.6,30.4,12
2025-12-02,University,Croissant,30,3.25,97.5,Bakery,1.3,39.0,58.5,12
2025-12-02,University,Espresso,24,3.0,72.0,Coffee,0.55,13.200000000000001,58.8,12
2025-12-02,University,Latte,53,4.5,238.5,Coffee,1.1,58.300000000000004,180.2,12
2025-12-03,Downtown,Blueberry Muffin,23,2.95,67.85,Bakery,1.1,25.3,42.55,12
2025-12-03,Downtown,Cappuccino,38,4.25,161.5,Coffee,1.0,38.0,123.5,12
2025-12-03,Downtown,Cold Brew,12,4.75,57.0,Coffee,0.95,11.399999999999999,45.6,12
2025-12-03,Downtown,Croissant,28,3.25,91.0,Bakery,1.3,36.4,54.6,12
2025-12-03,Downtown,Espresso,23,3.0,69.0,Coffee,0.55,12.65,56.35,12
2025-12-03,Downtown,Latte,56,4.5,252.0,Coffee,1.1,61.60000000000001,190.39999999999998,12
2025-12-03,Riverside,Blueberry Muffin,21,2.95,61.95,Bakery,1.1,23.1,38.85,12
2025-12-03,Riverside,Cappuccino,33,4.25,140.25,Coffee,1.0,33.0,107.25,12
2025-12-03,Riverside,Cold Brew,7,4.75,33.25,Coffee,0.95,6.6499999999999995,26.6,12
2025-12-03,Riverside,Croissant,26,3.25,84.5,Bakery,1.3,33.800000000000004,50.699999999999996,12
2025-12-03,Riverside,Espresso,23,3.0,69.0,Coffee,0.55,12.65,56.35,12
2025-12-03,Riverside,Latte,42,4.5,189.0,Coffee,1.1,46.2,142.8,12
2025-12-03,University,Blueberry Muffin,20,2.95,59.0,Bakery,1.1,22.0,37.0,12
2025-12-03,University,Cappuccino,35,4.25,148.75,Coffee,1.0,35.0,113.75,12
2025-12-03,University,Cold Brew,9,4.75,42.75,Coffee,0.95,8.549999999999999,34.2,12
2025-12-03,University,Croissant,27,3.25,87.75,Bakery,1.3,35.1,52.65,12
2025-12-03,University,Espresso,26,3.0,78.0,Coffee,0.55,14.3,63.7,12
2025-12-03,University,Latte,55,4.5,247.5,Coffee,1.1,60.50000000000001,187.0,12
2025-12-04,Downtown,Blueberry Muffin,27,2.95,79.65,Bakery,1.1,29.700000000000003,49.95,12
2025-12-04,Downtown,Cappuccino,44,4.25,187.0,Coffee,1.0,44.0,143.0,12
2025-12-04,Downtown,Cold Brew,14,4.75,66.5,Coffee,0.95,13.299999999999999,53.2,12
2025-12-04,Downtown,Croissant,39,3.25,126.75,Bakery,1.3,50.7,76.05,12
2025-12-04,Downtown,Espresso,33,3.0,99.0,Coffee,0.55,18.150000000000002,80.85,12
2025-12-04,Downtown,Latte,65,4.5,292.5,Coffee,1.1,71.5,221.0,12
2025-12-04,Riverside,Blueberry Muffin,16,2.95,47.2,Bakery,1.1,17.6,29.6,12
2025-12-04,Riverside,Cappuccino,26,4.25,110.5,Coffee,1.0,26.0,84.5,12
2025-12-04,Riverside,Cold Brew,8,4.75,38.0,Coffee,0.95,7.6,30.4,12
2025-12-04,Riverside,Croissant,22,3.25,71.5,Bakery,1.3,28.6,42.9,12
2025-12-04,Riverside,Espresso,20,3.0,60.0,Coffee,0.55,11.0,49.0,12
2025-12-04,Riverside,Latte,38,4.5,171.0,Coffee,1.1,41.800000000000004,129.2,12
2025-12-04,University,Blueberry Muffin,19,2.95,56.05,Bakery,1.1,20.900000000000002,35.14999999999999,12
2025-12-04,University,Cappuccino,39,4.25,165.75,Coffee,1.0,39.0,126.75,12
2025-12-04,University,Cold Brew,7,4.75,33.25,Coffee,0.95,6.6499999999999995,26.6,12
2025-12-04,University,Croissant,29,3.25,94.25,Bakery,1.3,37.7,56.55,12
2025-12-04,University,Espresso,26,3.0,78.0,Coffee,0.55,14.3,63.7,12
2025-12-04,University,Latte,45,4.5,202.5,Coffee,1.1,49.50000000000001,153.0,12
2025-12-05,Downtown,Blueberry Muffin,23,2.95,67.85,Bakery,1.1,25.3,42.55,12
2025-12-05,Downtown,Cappuccino,36,4.25,153.0,Coffee,1.0,36.0,117.0,12
2025-12-05,Downtown,Cold Brew,9,4.75,42.75,Coffee,0.95,8.549999999999999,34.2,12
2025-12-05,Downtown,Croissant,30,3.25,97.5,Bakery,1.3,39.0,58.5,12
2025-12-05,Downtown,Espresso,29,3.0,87.0,Coffee,0.55,15.950000000000001,71.05,12
2025-12-05,Downtown,Latte,58,4.5,261.0,Coffee,1.1,63.800000000000004,197.2,12
2025-12-05,Riverside,Blueberry Muffin,17,2.95,50.15,Bakery,1.1,18.700000000000003,31.449999999999996,12
2025-12-05,Riverside,Cappuccino,26,4.25,110.5,Coffee,1.0,26.0,84.5,12
2025-12-05,Riverside,Cold Brew,6,4.75,28.5,Coffee,0.95,5.699999999999999,22.8,12
2025-12-05,Riverside,Croissant,17,3.25,55.25,Bakery,1.3,22.1,33.15,12
2025-12-05,Riverside,Espresso,19,3.0,57.0,Coffee,0.55,10.450000000000001,46.55,12
2025-12-05,Riverside,Latte,36,4.5,162.0,Coffee,1.1,39.6,122.4,12
2025-12-05,University,Blueberry Muffin,23,2.95,67.85,Bakery,1.1,25.3,42.55,12
2025-12-05,University,Cappuccino,31,4.25,131.75,Coffee,1.0,31.0,100.75,12
2025-12-05,University,Cold Brew,8,4.75,38.0,Coffee,0.95,7.6,30.4,12
2025-12-05,University,Croissant,27,3.25,87.75,Bakery,1.3,35.1,52.65,12
2025-12-05,University,Espresso,23,3.0,69.0,Coffee,0.55,12.65,56.35,12
2025-12-05,University,Latte,53,4.5,238.5,Coffee,1.1,58.300000000000004,180.2,12
2025-12-06,Downtown,Blueberry Muffin,31,2.95,91.45,Bakery,1.1,34.1,57.35,12
2025-12-06,Downtown,Cappuccino,50,4.25,212.5,Coffee,1.0,50.0,162.5,12
2025-12-06,Downtown,Cold Brew,15,4.75,71.25,Coffee,0.95,14.25,57.0,12
2025-12-06,Downtown,Croissant,40,3.25,130.0,Bakery,1.3,52.0,78.0,12
2025-12-06,Downtown,Espresso,42,3.0,126.0,Coffee,0.55,23.1,102.9,12
2025-12-06,Downtown,Latte,72,4.5,324.0,Coffee,1.1,79.2,244.8,12
2025-12-06,Riverside,Blueberry Muffin,21,2.95,61.95,Bakery,1.1,23.1,38.85,12
2025-12-06,Riverside,Cappuccino,34,4.25,144.5,Coffee,1.0,34.0,110.5,12
2025-12-06,Riverside,Cold Brew,6,4.75,28.5,Coffee,0.95,5.699999999999999,22.8,12
2025-12-06,Riverside,Croissant,27,3.25,87.75,Bakery,1.3,35.1,52.65,12
2025-12-06,Riverside,Espresso,24,3.0,72.0,Coffee,0.55,13.200000000000001,58.8,12
2025-12-06,Riverside,Latte,47,4.5,211.5,Coffee,1.1,51.7,159.8,12
2025-12-06,University,Blueberry Muffin,19,2.95,56.05,Bakery,1.1,20.900000000000002,35.14999999999999,12
2025-12-06,University,Cappuccino,28,4.25,119.0,Coffee,1.0,28.0,91.0,12
2025-12-06,University,Cold Brew,6,4.75,28.5,Coffee,0.95,5.699999999999999,22.8,12
2025-12-06,University,Croissant,22,3.25,71.5,Bakery,1.3,28.6,42.9,12
2025-12-06,University,Espresso,21,3.0,63.0,Coffee,0.55,11.55,51.45,12
2025-12-06,University,Latte,37,4.5,166.5,Coffee,1.1,40.7,125.8,12
2025-12-07,Downtown,Blueberry Muffin,36,2.95,106.2,Bakery,1.1,39.6,66.6,12
2025-12-07,Downtown,Cappuccino,52,4.25,221.0,Coffee,1.0,52.0,169.0,12
2025-12-07,Downtown,Cold Brew,17,4.75,80.75,Coffee,0.95,16.15,64.6,12
2025-12-07,Downtown,Croissant,45,3.25,146.25,Bakery,1.3,58.5,87.75,12
2025-12-07,Downtown,Espresso,40,3.0,120.0,Coffee,0.55,22.0,98.0,12
2025-12-07,Downtown,Latte,82,4.5,369.0,Coffee,1.1,90.2,278.8,12
2025-12-07,Riverside,Blueberry Muffin,18,2.95,53.1,Bakery,1.1,19.8,33.3,12
2025-12-07,Riverside,Cappuccino,27,4.25,114.75,Coffee,1.0,27.0,87.75,12
2025-12-07,Riverside,Cold Brew,6,4.75,28.5,Coffee,0.95,5.699999999999999,22.8,12
2025-12-07,Riverside,Croissant,24,3.25,78.0,Bakery,1.3,31.200000000000003,46.8,12
2025-12-07,Riverside,Espresso,23,3.0,69.0,Coffee,0.55,12.65,56.35,12
2025-12-07,Riverside,Latte,41,4.5,184.5,Coffee,1.1,45.1,139.4,12
2025-12-07,University,Blueberry Muffin,12,2.95,35.4,Bakery,1.1,13.200000000000001,22.199999999999996,12
2025-12-07,University,Cappuccino,26,4.25,110.5,Coffee,1.0,26.0,84.5,12
2025-12-07,University,Cold Brew,6,4.75,28.5,Coffee,0.95,5.699999999999999,22.8,12
2025-12-07,University,Croissant,19,3.25,61.75,Bakery,1.3,24.7,37.05,12
2025-12-07,University,Espresso,17,3.0,51.0,Coffee,0.55,9.350000000000001,41.65,12
2025-12-07,University,Latte,36,4.5,162.0,Coffee,1.1,39.6,122.4,12
2025-12-08,Downtown,Blueberry Muffin,28,2.95,82.6,Bakery,1.1,30.800000000000004,51.79999999999999,12
2025-12-08,Downtown,Cappuccino,41,4.25,174.25,Coffee,1.0,41.0,133.25,12
2025-12-08,Downtown,Cold Brew,14,4.75,66.5,Coffee,0.95,13.299999999999999,53.2,12
2025-12-08,Downtown,Croissant,36,3.25,117.0,Bakery,1.3,46.800000000000004,70.19999999999999,12
2025-12-08,Downtown,Espresso,29,3.0,87.0,Coffee,0.55,15.950000000000001,71.05,12
2025-12-08,Downtown,Latte,55,4.5,247.5,Coffee,1.1,60.50000000000001,187.0,12
2025-12-08,Riverside,Blueberry Muffin,17,2.95,50.15,Bakery,1.1,18.700000000000003,31.449999999999996,12
2025-12-08,Riverside,Cappuccino,29,4.25,123.25,Coffee,1.0,29.0,94.25,12
2025-12-08,Riverside,Cold Brew,12,4.75,57.0,Coffee,0.95,11.399999999999999,45.6,12
2025-12-08,Riverside,Croissant,22,3.25,71.5,Bakery,1.3,28.6,42.9,12
2025-12-08,Riverside,Espresso,17,3.0,51.0,Coffee,0.55,9.350000000000001,41.65,12
2025-12-08,Riverside,Latte,38,4.5,171.0,Coffee,1.1,41.800000000000004,129.2,12
2025-12-08,University,Blueberry Muffin,23,2.95,67.85,Bakery,1.1,25.3,42.55,12
2025-12-08,University,Cappuccino,32,4.25,136.0,Coffee,1.0,32.0,104.0,12
2025-12-08,University,Cold Brew,13,4.75,61.75,Coffee,0.95,12.35,49.4,12
2025-12-08,University,Croissant,29,3.25,94.25,Bakery,1.3,37.7,56.55,12
2025-12-08,University,Espresso,30,3.0,90.0,Coffee,0.55,16.5,73.5,12
2025-12-08,University,Latte,52,4.5,234.0,Coffee,1.1,57.2,176.8,12
2025-12-09,Downtown,Blueberry Muffin,21,2.95,61.95,Bakery,1.1,23.1,38.85,12
2025-12-09,Downtown,Cappuccino,41,4.25,174.25,Coffee,1.0,41.0,133.25,12
2025-12-09,Downtown,Cold Brew,17,4.75,80.75,Coffee,0.95,16.15,64.6,12
2025-12-09,Downtown,Croissant,30,3.25,97.5,Bakery,1.3,39.0,58.5,12
2025-12-09,Downtown,Espresso,28,3.0,84.0,Coffee,0.55,15.400000000000002,68.6,12
2025-12-09,Downtown,Latte,60,4.5,270.0,Coffee,1.1,66.0,204.0,12
2025-12-09,Riverside,Blueberry Muffin,12,2.95,35.4,Bakery,1.1,13.200000000000001,22.199999999999996,12
2025-12-09,Riverside,Cappuccino,21,4.25,89.25,Coffee,1.0,21.0,68.25,12
2025-12-09,Riverside,Cold Brew,8,4.75,38.0,Coffee,0.95,7.6,30.4,12
2025-12-09,Riverside,Croissant,19,3.25,61.75,Bakery,1.3,24.7,37.05,12
2025-12-09,Riverside,Espresso,18,3.0,54.0,Coffee,0.55,9.9,44.1,12
2025-12-09,Riverside,Latte,31,4.5,139.5,Coffee,1.1,34.1,105.4,12
2025-12-09,University,Blueberry Muffin,23,2.95,67.85,Bakery,1.1,25.3,42.55,12
2025-12-09,University,Cappuccino,33,4.25,140.25,Coffee,1.0,33.0,107.25,12
2025-12-09,University,Cold Brew,15,4.75,71.25,Coffee,0.95,14.25,57.0,12
2025-12-09,University,Croissant,31,3.25,100.75,Bakery,1.3,40.300000000000004,60.449999999999996,12
2025-12-09,University,Espresso,25,3.0,75.0,Coffee,0.55,13.750000000000002,61.25,12
2025-12-09,University,Latte,48,4.5,216.0,Coffee,1.1,52.800000000000004,163.2,12
2025-12-10,Downtown,Blueberry Muffin,26,2.95,76.7,Bakery,1.1,28.6,48.1,12
2025-12-10,Downtown,Cappuccino,40,4.25,170.0,Coffee,1.0,40.0,130.0,12
2025-12-10,Downtown,Cold Brew,9,4.75,42.75,Coffee,0.95,8.549999999999999,34.2,12
2025-12-10,Downtown,Croissant,30,3.25,97.5,Bakery,1.3,39.0,58.5,12
2025-12-10,Downtown,Espresso,24,3.0,72.0,Coffee,0.55,13.200000000000001,58.8,12
2025-12-10,Downtown,Latte,54,4.5,243.0,Coffee,1.1,59.400000000000006,183.6,12
2025-12-10,Riverside,Blueberry Muffin,16,2.95,47.2,Bakery,1.1,17.6,29.6,12
2025-12-10,Riverside,Cappuccino,22,4.25,93.5,Coffee,1.0,22.0,71.5,12
2025-12-10,Riverside,Cold Brew,6,4.75,28.5,Coffee,0.95,5.699999999999999,22.8,12
2025-12-10,Riverside,Croissant,20,3.25,65.0,Bakery,1.3,26.0,39.0,12
2025-12-10,Riverside,Espresso,16,3.0,48.0,Coffee,0.55,8.8,39.2,12
2025-12-10,Riverside,Latte,36,4.5,162.0,Coffee,1.1,39.6,122.4,12
2025-12-10,University,Blueberry Muffin,24,2.95,70.8,Bakery,1.1,26.400000000000002,44.39999999999999,12
2025-12-10,University,Cappuccino,38,4.25,161.5,Coffee,1.0,38.0,123.5,12
2025-12-10,University,Cold Brew,9,4.75,42.75,Coffee,0.95,8.549999999999999,34.2,12
2025-12-10,University,Croissant,33,3.25,107.25,Bakery,1.3,42.9,64.35,12
2025-12-10,University,Espresso,27,3.0,81.0,Coffee,0.55,14.850000000000001,66.15,12
2025-12-10,University,Latte,57,4.5,256.5,Coffee,1.1,62.7,193.8,12
2025-12-11,Downtown,Blueberry Muffin,21,2.95,61.95,Bakery,1.1,23.1,38.85,12
2025-12-11,Downtown,Cappuccino,40,4.25,170.0,Coffee,1.0,40.0,130.0,12
2025-12-11,Downtown,Cold Brew,14,4.75,66.5,Coffee,0.95,13.299999999999999,53.2,12
2025-12-11,Downtown,Croissant,34,3.25,110.5,Bakery,1.3,44.2,66.3,12
2025-12-11,Downtown,Espresso,26,3.0,78.0,Coffee,0.55,14.3,63.7,12
2025-12-11,Downtown,Latte,51,4.5,229.5,Coffee,1.1,56.1,173.4,12
2025-12-11,Riverside,Blueberry Muffin,16,2.95,47.2,Bakery,1.1,17.6,29.6,12
2025-12-11,Riverside,Cappuccino,23,4.25,97.75,Coffee,1.0,23.0,74.75,12
2025-12-11,Riverside,Cold Brew,7,4.75,33.25,Coffee,0.95,6.6499999999999995,26.6,12
2025-12-11,Riverside,Croissant,19,3.25,61.75,Bakery,1.3,24.7,37.05,12
2025-12-11,Riverside,Espresso,17,3.0,51.0,Coffee,0.55,9.350000000000001,41.65,12
2025-12-11,Riverside,Latte,37,4.5,166.5,Coffee,1.1,40.7,125.8,12
2025-12-11,University,Blueberry Muffin,28,2.95,82.6,Bakery,1.1,30.800000000000004,51.79999999999999,12
2025-12-11,University,Cappuccino,37,4.25,157.25,Coffee,1.0,37.0,120.25,12
2025-12-11,University,Cold Brew,11,4.75,52.25,Coffee,0.95,10.45,41.8,12
2025-12-11,University,Croissant,34,3.25,110.5,Bakery,1.3,44.2,66.3,12
2025-12-11,University,Espresso,30,3.0,90.0,Coffee,0.55,16.5,73.5,12
2025-12-11,University,Latte,60,4.5,270.0,Coffee,1.1,66.0,204.0,12
2025-12-12,Downtown,Blueberry Muffin,24,2.95,70.8,Bakery,1.1,26.400000000000002,44.39999999999999,12
2025-12-12,Downtown,Cappuccino,41,4.25,174.25,Coffee,1.0,41.0,133.25,12
2025-12-12,Downtown,Cold Brew,9,4.75,42.75,Coffee,0.95,8.549999999999999,34.2,12
2025-12-12,Downtown,Croissant,32,3.25,104.0,Bakery,1.3,41.6,62.4,12
2025-12-12,Downtown,Espresso,28,3.0,84.0,Coffee,0.55,15.400000000000002,68.6,12
2025-12-12,Downtown,Latte,59,4.5,265.5,Coffee,1.1,64.9,200.6,12
2025-12-12,Riverside,Blueberry Muffin,16,2.95,47.2,Bakery,1.1,17.6,29.6,12
2025-12-12,Riverside,Cappuccino,25,4.25,106.25,Coffee,1.0,25.0,81.25,12
2025-12-12,Riverside,Cold Brew,4,4.75,19.0,Coffee,0.95,3.8,15.2,12
2025-12-12,Riverside,Croissant,19,3.25,61.75,Bakery,1.3,24.7,37.05,12
2025-12-12,Riverside,Espresso,18,3.0,54.0,Coffee,0.55,9.9,44.1,12
2025-12-12,Riverside,Latte,35,4.5,157.5,Coffee,1.1,38.5,119.0,12
2025-12-12,University,Blueberry Muffin,20,2.95,59.0,Bakery,1.1,22.0,37.0,12
2025-12-12,University,Cappuccino,37,4.25,157.25,Coffee,1.0,37.0,120.25,12
2025-12-12,University,Cold Brew,7,4.75,33.25,Coffee,0.95,6.6499999999999995,26.6,12
2025-12-12,University,Croissant,28,3.25,91.0,Bakery,1.3,36.4,54.6,12
2025-12-12,University,Espresso,23,3.0,69.0,Coffee,0.55,12.65,56.35,12
2025-12-12,University,Latte,50,4.5,225.0,Coffee,1.1,55.00000000000001,170.0,12
2025-12-13,Downtown,Blueberry Muffin,34,2.95,100.3,Bakery,1.1,37.400000000000006,62.89999999999999,12
2025-12-13,Downtown,Cappuccino,57,4.25,242.25,Coffee,1.0,57.0,185.25,12
2025-12-13,Downtown,Cold Brew,18,4.75,85.5,Coffee,0.95,17.099999999999998,68.4,12
2025-12-13,Downtown,Croissant,48,3.25,156.0,Bakery,1.3,62.400000000000006,93.6,12
2025-12-13,Downtown,Espresso,45,3.0,135.0,Coffee,0.55,24.750000000000004,110.25,12
2025-12-13,Downtown,Latte,85,4.5,382.5,Coffee,1.1,93.50000000000001,289.0,12
2025-12-13,Riverside,Blueberry Muffin,16,2.95,47.2,Bakery,1.1,17.6,29.6,12
2025-12-13,Riverside,Cappuccino,35,4.25,148.75,Coffee,1.0,35.0,113.75,12
2025-12-13,Riverside,Cold Brew,8,4.75,38.0,Coffee,0.95,7.6,30.4,12
2025-12-13,Riverside,Croissant,25,3.25,81.25,Bakery,1.3,32.5,48.75,12
2025-12-13,Riverside,Espresso,24,3.0,72.0,Coffee,0.55,13.200000000000001,58.8,12
2025-12-13,Riverside,Latte,52,4.5,234.0,Coffee,1.1,57.2,176.8,12
2025-12-13,University,Blueberry Muffin,12,2.95,35.4,Bakery,1.1,13.200000000000001,22.199999999999996,12
2025-12-13,University,Cappuccino,22,4.25,93.5,Coffee,1.0,22.0,71.5,12
2025-12-13,University,Cold Brew,10,4.75,47.5,Coffee,0.95,9.5,38.0,12
2025-12-13,University,Croissant,19,3.25,61.75,Bakery,1.3,24.7,37.05,12
2025-12-13,University,Espresso,16,3.0,48.0,Coffee,0.55,8.8,39.2,12
2025-12-13,University,Latte,31,4.5,139.5,Coffee,1.1,34.1,105.4,12
2025-12-14,Downtown,Blueberry Muffin,32,2.95,94.4,Bakery,1.1,35.2,59.2,12
2025-12-14,Downtown,Cappuccino,51,4.25,216.75,Coffee,1.0,51.0,165.75,12
2025-12-14,Downtown,Cold Brew,16,4.75,76.0,Coffee,0.95,15.2,60.8,12
2025-12-14,Downtown,Croissant,40,3.25,130.0,Bakery,1.3,52.0,78.0,12
2025-12-14,Downtown,Espresso,37,3.0,111.0,Coffee,0.55,20.35,90.65,12
2025-12-14,Downtown,Latte,84,4.5,378.0,Coffee,1.1,92.4,285.6,12
2025-12-14,Riverside,Blueberry Muffin,26,2.95,76.7,Bakery,1.1,28.6,48.1,12
2025-12-14,Riverside,Cappuccino,39,4.25,165.75,Coffee,1.0,39.0,126.75,12
2025-12-14,Riverside,Cold Brew,6,4.75,28.5,Coffee,0.95,5.699999999999999,22.8,12
2025-12-14,Riverside,Croissant,26,3.25,84.5,Bakery,1.3,33.800000000000004,50.699999999999996,12
2025-12-14,Riverside,Espresso,26,3.0,78.0,Coffee,0.55,14.3,63.7,12
2025-12-14,Riverside,Latte,50,4.5,225.0,Coffee,1.1,55.00000000000001,170.0,12
2025-12-14,University,Blueberry Muffin,16,2.95,47.2,Bakery,1.1,17.6,29.6,12
2025-12-14,University,Cappuccino,26,4.25,110.5,Coffee,1.0,26.0,84.5,12
2025-12-14,University,Cold Brew,10,4.75,47.5,Coffee,0.95,9.5,38.0,12
2025-12-14,University,Croissant,23,3.25,74.75,Bakery,1.3,29.900000000000002,44.849999999999994,12
2025-12-14,University,Espresso,24,3.0,72.0,Coffee,0.55,13.200000000000001,58.8,12
2025-12-14,University,Latte,41,4.5,184.5,Coffee,1.1,45.1,139.4,12
2025-12-15,Downtown,Blueberry Muffin,24,2.95,70.8,Bakery,1.1,26.400000000000002,44.39999999999999,12
2025-12-15,Downtown,Cappuccino,51,4.25,216.75,Coffee,1.0,51.0,165.75,12
2025-12-15,Downtown,Cold Brew,11,4.75,52.25,Coffee,0.95,10.45,41.8,12
2025-12-15,Downtown,Croissant,42,3.25,136.5,Bakery,1.3,54.6,81.9,12
2025-12-15,Downtown,Espresso,32,3.0,96.0,Coffee,0.55,17.6,78.4,12
2025-12-15,Downtown,Latte,65,4.5,292.5,Coffee,1.1,71.5,221.0,12
2025-12-15,Riverside,Blueberry Muffin,16,2.95,47.2,Bakery,1.1,17.6,29.6,12
2025-12-15,Riverside,Cappuccino,25,4.25,106.25,Coffee,1.0,25.0,81.25,12
2025-12-15,Riverside,Cold Brew,7,4.75,33.25,Coffee,0.95,6.6499999999999995,26.6,12
2025-12-15,Riverside,Croissant,18,3.25,58.5,Bakery,1.3,23.400000000000002,35.099999999999994,12
2025-12-15,Riverside,Espresso,17,3.0,51.0,Coffee,0.55,9.350000000000001,41.65,12
2025-12-15,Riverside,Latte,38,4.5,171.0,Coffee,1.1,41.800000000000004,129.2,12
2025-12-15,University,Blueberry Muffin,26,2.95,76.7,Bakery,1.1,28.6,48.1,12
2025-12-15,University,Cappuccino,36,4.25,153.0,Coffee,1.0,36.0,117.0,12
2025-12-15,University,Cold Brew,12,4.75,57.0,Coffee,0.95,11.399999999999999,45.6,12
2025-12-15,University,Croissant,29,3.25,94.25,Bakery,1.3,37.7,56.55,12
2025-12-15,University,Espresso,22,3.0,66.0,Coffee,0.55,12.100000000000001,53.9,12
2025-12-15,University,Latte,53,4.5,238.5,Coffee,1.1,58.300000000000004,180.2,12
2025-12-16,Downtown,Blueberry Muffin,28,2.95,82.6,Bakery,1.1,30.800000000000004,51.79999999999999,12
2025-12-16,Downtown,Cappuccino,41,4.25,174.25,Coffee,1.0,41.0,133.25,12
2025-12-16,Downtown,Cold Brew,10,4.75,47.5,Coffee,0.95,9.5,38.0,12
2025-12-16,Downtown,Croissant,38,3.25,123.5,Bakery,1.3,49.4,74.1,12
2025-12-16,Downtown,Espresso,30,3.0,90.0,Coffee,0.55,16.5,73.5,12
2025-12-16,Downtown,Latte,67,4.5,301.5,Coffee,1.1,73.7,227.8,12
2025-12-16,Riverside,Blueberry Muffin,13,2.95,38.35,Bakery,1.1,14.3,24.05,12
2025-12-16,Riverside,Cappuccino,28,4.25,119.0,Coffee,1.0,28.0,91.0,12
2025-12-16,Riverside,Cold Brew,6,4.75,28.5,Coffee,0.95,5.699999999999999,22.8,12
2025-12-16,Riverside,Croissant,19,3.25,61.75,Bakery,1.3,24.7,37.05,12
2025-12-16,Riverside,Espresso,18,3.0,54.0,Coffee,0.55,9.9,44.1,12
2025-12-16,Riverside,Latte,35,4.5,157.5,Coffee,1.1,38.5,119.0,12
2025-12-16,University,Blueberry Muffin,21,2.95,61.95,Bakery,1.1,23.1,38.85,12
2025-12-16,University,Cappuccino,37,4.25,157.25,Coffee,1.0,37.0,120.25,12
2025-12-16,University,Cold Brew,6,4.75,28.5,Coffee,0.95,5.699999999999999,22.8,12
2025-12-16,University,Croissant,30,3.25,97.5,Bakery,1.3,39.0,58.5,12
2025-12-16,University,Espresso,27,3.0,81.0,Coffee,0.55,14.850000000000001,66.15,12
2025-12-16,University,Latte,48,4.5,216.0,Coffee,1.1,52.800000000000004,163.2,12
2025-12-17,Downtown,Blueberry Muffin,26,2.95,76.7,Bakery,1.1,28.6,48.1,12
2025-12-17,Downtown,Cappuccino,49,4.25,208.25,Coffee,1.0,49.0,159.25,12
2025-12-17,Downtown,Cold Brew,16,4.75,76.0,Coffee,0.95,15.2,60.8,12
2025-12-17,Downtown,Croissant,32,3.25,104.0,Bakery,1.3,41.6,62.4,12
2025-12-17,Downtown,Espresso,36,3.0,108.0,Coffee,0.55,19.8,88.2,12
2025-12-17,Downtown,Latte,69,4.5,310.5,Coffee,1.1,75.9,234.6,12
2025-12-17,Riverside,Blueberry Muffin,11,2.95,32.45,Bakery,1.1,12.100000000000001,20.35,12
2025-12-17,Riverside,Cappuccino,24,4.25,102.0,Coffee,1.0,24.0,78.0,12
2025-12-17,Riverside,Cold Brew,5,4.75,23.75,Coffee,0.95,4.75,19.0,12
2025-12-17,Riverside,Croissant,18,3.25,58.5,Bakery,1.3,23.400000000000002,35.099999999999994,12
2025-12-17,Riverside,Espresso,16,3.0,48.0,Coffee,0.55,8.8,39.2,12
2025-12-17,Riverside,Latte,37,4.5,166.5,Coffee,1.1,40.7,125.8,12
2025-12-17,University,Blueberry Muffin,21,2.95,61.95,Bakery,1.1,23.1,38.85,12
2025-12-17,University,Cappuccino,43,4.25,182.75,Coffee,1.0,43.0,139.75,12
2025-12-17,University,Cold Brew,12,4.75,57.0,Coffee,0.95,11.399999999999999,45.6,12
2025-12-17,University,Croissant,32,3.25,104.0,Bakery,1.3,41.6,62.4,12
2025-12-17,University,Espresso,26,3.0,78.0,Coffee,0.55,14.3,63.7,12
2025-12-17,University,Latte,55,4.5,247.5,Coffee,1.1,60.50000000000001,187.0,12
2025-12-18,Downtown,Blueberry Muffin,22,2.95,64.9,Bakery,1.1,24.200000000000003,40.7,12
2025-12-18,Downtown,Cappuccino,42,4.25,178.5,Coffee,1.0,42.0,136.5,12
2025-12-18,Downtown,Cold Brew,17,4.75,80.75,Coffee,0.95,16.15,64.6,12
2025-12-18,Downtown,Croissant,34,3.25,110.5,Bakery,1.3,44.2,66.3,12
2025-12-18,Downtown,Espresso,31,3.0,93.0,Coffee,0.55,17.05,75.95,12
2025-12-18,Downtown,Latte,65,4.5,292.5,Coffee,1.1,71.5,221.0,12
2025-12-18,Riverside,Blueberry Muffin,13,2.95,38.35,Bakery,1.1,14.3,24.05,12
2025-12-18,Riverside,Cappuccino,25,4.25,106.25,Coffee,1.0,25.0,81.25,12
2025-12-18,Riverside,Cold Brew,14,4.75,66.5,Coffee,0.95,13.299999999999999,53.2,12
2025-12-18,Riverside,Croissant,24,3.25,78.0,Bakery,1.3,31.200000000000003,46.8,12
2025-12-18,Riverside,Espresso,21,3.0,63.0,Coffee,0.55,11.55,51.45,12
2025-12-18,Riverside,Latte,39,4.5,175.5,Coffee,1.1,42.900000000000006,132.6,12
2025-12-18,University,Blueberry Muffin,24,2.95,70.8,Bakery,1.1,26.400000000000002,44.39999999999999,12
2025-12-18,University,Cappuccino,36,4.25,153.0,Coffee,1.0,36.0,117.0,12
2025-12-18,University,Cold Brew,16,4.75,76.0,Coffee,0.95,15.2,60.8,12
2025-12-18,University,Croissant,29,3.25,94.25,Bakery,1.3,37.7,56.55,12
2025-12-18,University,Espresso,23,3.0,69.0,Coffee,0.55,12.65,56.35,12
2025-12-18,University,Latte,45,4.5,202.5,Coffee,1.1,49.50000000000001,153.0,12
2025-12-19,Downtown,Blueberry Muffin,24,2.95,70.8,Bakery,1.1,26.400000000000002,44.39999999999999,12
2025-12-19,Downtown,Cappuccino,41,4.25,174.25,Coffee,1.0,41.0,133.25,12
2025-12-19,Downtown,Cold Brew,13,4.75,61.75,Coffee,0.95,12.35,49.4,12
2025-12-19,Downtown,Croissant,34,3.25,110.5,Bakery,1.3,44.2,66.3,12
2025-12-19,Downtown,Espresso,31,3.0,93.0,Coffee,0.55,17.05,75.95,12
2025-12-19,Downtown,Latte,67,4.5,301.5,Coffee,1.1,73.7,227.8,12
2025-12-19,Riverside,Blueberry Muffin,15,2.95,44.25,Bakery,1.1,16.5,27.75,12
2025-12-19,Riverside,Cappuccino,24,4.25,102.0,Coffee,1.0,24.0,78.0,12
2025-12-19,Riverside,Cold Brew,8,4.75,38.0,Coffee,0.95,7.6,30.4,12
2025-12-19,Riverside,Croissant,19,3.25,61.75,Bakery,1.3,24.7,37.05,12
2025-12-19,Riverside,Espresso,18,3.0,54.0,Coffee,0.55,9.9,44.1,12
2025-12-19,Riverside,Latte,33,4.5,148.5,Coffee,1.1,36.300000000000004,112.19999999999999,12
2025-12-19,University,Blueberry Muffin,26,2.95,76.7,Bakery,1.1,28.6,48.1,12
2025-12-19,University,Cappuccino,36,4.25,153.0,Coffee,1.0,36.0,117.0,12
2025-12-19,University,Cold Brew,9,4.75,42.75,Coffee,0.95,8.549999999999999,34.2,12
2025-12-19,University,Croissant,28,3.25,91.0,Bakery,1.3,36.4,54.6,12
2025-12-19,University,Espresso,26,3.0,78.0,Coffee,0.55,14.3,63.7,12
2025-12-19,University,Latte,60,4.5,270.0,Coffee,1.1,66.0,204.0,12
2025-12-20,Downtown,Blueberry Muffin,32,2.95,94.4,Bakery,1.1,35.2,59.2,12
2025-12-20,Downtown,Cappuccino,51,4.25,216.75,Coffee,1.0,51.0,165.75,12
2025-12-20,Downtown,Cold Brew,20,4.75,95.0,Coffee,0.95,19.0,76.0,12
2025-12-20,Downtown,Croissant,42,3.25,136.5,Bakery,1.3,54.6,81.9,12
2025-12-20,Downtown,Espresso,37,3.0,111.0,Coffee,0.55,20.35,90.65,12
2025-12-20,Downtown,Latte,78,4.5,351.0,Coffee,1.1,85.80000000000001,265.2,12
2025-12-20,Riverside,Blueberry Muffin,19,2.95,56.05,Bakery,1.1,20.900000000000002,35.14999999999999,12
2025-12-20,Riverside,Cappuccino,31,4.25,131.75,Coffee,1.0,31.0,100.75,12
2025-12-20,Riverside,Cold Brew,10,4.75,47.5,Coffee,0.95,9.5,38.0,12
2025-12-20,Riverside,Croissant,24,3.25,78.0,Bakery,1.3,31.200000000000003,46.8,12
2025-12-20,Riverside,Espresso,23,3.0,69.0,Coffee,0.55,12.65,56.35,12
2025-12-20,Riverside,Latte,48,4.5,216.0,Coffee,1.1,52.800000000000004,163.2,12
2025-12-20,University,Blueberry Muffin,9,2.95,26.55,Bakery,1.1,9.9,16.65,12
2025-12-20,University,Cappuccino,18,4.25,76.5,Coffee,1.0,18.0,58.5,12
2025-12-20,University,Cold Brew,8,4.75,38.0,Coffee,0.95,7.6,30.4,12
2025-12-20,University,Croissant,14,3.25,45.5,Bakery,1.3,18.2,27.3,12
2025-12-20,University,Espresso,15,3.0,45.0,Coffee,0.55,8.25,36.75,12
2025-12-20,University,Latte,25,4.5,112.5,Coffee,1.1,27.500000000000004,85.0,12
2025-12-21,Downtown,Blueberry Muffin,27,2.95,79.65,Bakery,1.1,29.700000000000003,49.95,12
2025-12-21,Downtown,Cappuccino,48,4.25,204.0,Coffee,1.0,48.0,156.0,12
2025-12-21,Downtown,Cold Brew,25,4.75,118.75,Coffee,0.95,23.75,95.0,12
2025-12-21,Downtown,Croissant,35,3.25,113.75,Bakery,1.3,45.5,68.25,12
2025-12-21,Downtown,Espresso,39,3.0,117.0,Coffee,0.55,21.450000000000003,95.55,12
2025-12-21,Downtown,Latte,69,4.5,310.5,Coffee,1.1,75.9,234.6,12
2025-12-21,Riverside,Blueberry Muffin,18,2.95,53.1,Bakery,1.1,19.8,33.3,12
2025-12-21,Riverside,Cappuccino,25,4.25,106.25,Coffee,1.0,25.0,81.25,12
2025-12-21,Riverside,Cold Brew,16,4.75,76.0,Coffee,0.95,15.2,60.8,12
2025-12-21,Riverside,Croissant,24,3.25,78.0,Bakery,1.3,31.200000000000003,46.8,12
2025-12-21,Riverside,Espresso,19,3.0,57.0,Coffee,0.55,10.450000000000001,46.55,12
2025-12-21,Riverside,Latte,40,4.5,180.0,Coffee,1.1,44.0,136.0,12
2025-12-21,University,Blueberry Muffin,11,2.95,32.45,Bakery,1.1,12.100000000000001,20.35,12
2025-12-21,University,Cappuccino,15,4.25,63.75,Coffee,1.0,15.0,48.75,12
2025-12-21,University,Cold Brew,6,4.75,28.5,Coffee,0.95,5.699999999999999,22.8,12
2025-12-21,University,Croissant,12,3.25,39.0,Bakery,1.3,15.600000000000001,23.4,12
2025-12-21,University,Espresso,12,3.0,36.0,Coffee,0.55,6.6000000000000005,29.4,12
2025-12-21,University,Latte,22,4.5,99.0,Coffee,1.1,24.200000000000003,74.8,12
2025-12-22,Downtown,Blueberry Muffin,27,2.95,79.65,Bakery,1.1,29.700000000000003,49.95,12
2025-12-22,Downtown,Cappuccino,42,4.25,178.5,Coffee,1.0,42.0,136.5,12
2025-12-22,Downtown,Cold Brew,18,4.75,85.5,Coffee,0.95,17.099999999999998,68.4,12
2025-12-22,Downtown,Croissant,37,3.25,120.25,Bakery,1.3,48.1,72.15,12
2025-12-22,Downtown,Espresso,31,3.0,93.0,Coffee,0.55,17.05,75.95,12
2025-12-22,Downtown,Latte,60,4.5,270.0,Coffee,1.1,66.0,204.0,12
2025-12-22,Riverside,Blueberry Muffin,16,2.95,47.2,Bakery,1.1,17.6,29.6,12
2025-12-22,Riverside,Cappuccino,28,4.25,119.0,Coffee,1.0,28.0,91.0,12
2025-12-22,Riverside,Cold Brew,8,4.75,38.0,Coffee,0.95,7.6,30.4,12
2025-12-22,Riverside,Croissant,17,3.25,55.25,Bakery,1.3,22.1,33.15,12
2025-12-22,Riverside,Espresso,18,3.0,54.0,Coffee,0.55,9.9,44.1,12
2025-12-22,Riverside,Latte,34,4.5,153.0,Coffee,1.1,37.400000000000006,115.6,12
2025-12-22,University,Blueberry Muffin,14,2.95,41.3,Bakery,1.1,15.400000000000002,25.899999999999995,12
2025-12-22,University,Cappuccino,26,4.25,110.5,Coffee,1.0,26.0,84.5,12
2025-12-22,University,Cold Brew,12,4.75,57.0,Coffee,0.95,11.399999999999999,45.6,12
2025-12-22,University,Croissant,25,3.25,81.25,Bakery,1.3,32.5,48.75,12
2025-12-22,University,Espresso,20,3.0,60.0,Coffee,0.55,11.0,49.0,12
2025-12-22,University,Latte,36,4.5,162.0,Coffee,1.1,39.6,122.4,12
2025-12-23,Downtown,Blueberry Muffin,28,2.95,82.6,Bakery,1.1,30.800000000000004,51.79999999999999,12
2025-12-23,Downtown,Cappuccino,51,4.25,216.75,Coffee,1.0,51.0,165.75,12
2025-12-23,Downtown,Cold Brew,15,4.75,71.25,Coffee,0.95,14.25,57.0,12
2025-12-23,Downtown,Croissant,40,3.25,130.0,Bakery,1.3,52.0,78.0,12
2025-12-23,Downtown,Espresso,37,3.0,111.0,Coffee,0.55,20.35,90.65,12
2025-12-23,Downtown,Latte,75,4.5,337.5,Coffee,1.1,82.5,255.0,12
2025-12-23,Riverside,Blueberry Muffin,15,2.95,44.25,Bakery,1.1,16.5,27.75,12
2025-12-23,Riverside,Cappuccino,23,4.25,97.75,Coffee,1.0,23.0,74.75,12
2025-12-23,Riverside,Cold Brew,9,4.75,42.75,Coffee,0.95,8.549999999999999,34.2,12
2025-12-23,Riverside,Croissant,18,3.25,58.5,Bakery,1.3,23.400000000000002,35.099999999999994,12
2025-12-23,Riverside,Espresso,18,3.0,54.0,Coffee,0.55,9.9,44.1,12
2025-12-23,Riverside,Latte,38,4.5,171.0,Coffee,1.1,41.800000000000004,129.2,12
2025-12-23,University,Blueberry Muffin,15,2.95,44.25,Bakery,1.1,16.5,27.75,12
2025-12-23,University,Cappuccino,27,4.25,114.75,Coffee,1.0,27.0,87.75,12
2025-12-23,University,Cold Brew,13,4.75,61.75,Coffee,0.95,12.35,49.4,12
2025-12-23,University,Croissant,22,3.25,71.5,Bakery,1.3,28.6,42.9,12
2025-12-23,University,Espresso,21,3.0,63.0,Coffee,0.55,11.55,51.45,12
2025-12-23,University,Latte,39,4.5,175.5,Coffee,1.1,42.900000000000006,132.6,12
2025-12-24,Downtown,Blueberry Muffin,28,2.95,82.6,Bakery,1.1,30.800000000000004,51.79999999999999,12
2025-12-24,Downtown,Cappuccino,44,4.25,187.0,Coffee,1.0,44.0,143.0,12
2025-12-24,Downtown,Cold Brew,12,4.75,57.0,Coffee,0.95,11.399999999999999,45.6,12
2025-12-24,Downtown,Croissant,39,3.25,126.75,Bakery,1.3,50.7,76.05,12
2025-12-24,Downtown,Espresso,35,3.0,105.0,Coffee,0.55,19.25,85.75,12
2025-12-24,Downtown,Latte,67,4.5,301.5,Coffee,1.1,73.7,227.8,12
2025-12-24,Riverside,Blueberry Muffin,16,2.95,47.2,Bakery,1.1,17.6,29.6,12
2025-12-24,Riverside,Cappuccino,24,4.25,102.0,Coffee,1.0,24.0,78.0,12
2025-12-24,Riverside,Cold Brew,8,4.75,38.0,Coffee,0.95,7.6,30.4,12
2025-12-24,Riverside,Croissant,18,3.25,58.5,Bakery,1.3,23.400000000000002,35.099999999999994,12
2025-12-24,Riverside,Espresso,19,3.0,57.0,Coffee,0.55,10.450000000000001,46.55,12
2025-12-24,Riverside,Latte,35,4.5,157.5,Coffee,1.1,38.5,119.0,12
2025-12-24,University,Blueberry Muffin,13,2.95,38.35,Bakery,1.1,14.3,24.05,12
2025-12-24,University,Cappuccino,24,4.25,102.0,Coffee,1.0,24.0,78.0,12
2025-12-24,University,Cold Brew,7,4.75,33.25,Coffee,0.95,6.6499999999999995,26.6,12
2025-12-24,University,Croissant,18,3.25,58.5,Bakery,1.3,23.400000000000002,35.099999999999994,12
2025-12-24,University,Espresso,18,3.0,54.0,Coffee,0.55,9.9,44.1,12
2025-12-24,University,Latte,33,4.5,148.5,Coffee,1.1,36.300000000000004,112.19999999999999,12
2025-12-26,Downtown,Blueberry Muffin,27,2.95,79.65,Bakery,1.1,29.700000000000003,49.95,12
2025-12-26,Downtown,Cappuccino,32,4.25,136.0,Coffee,1.0,32.0,104.0,12
2025-12-26,Downtown,Cold Brew,15,4.75,71.25,Coffee,0.95,14.25,57.0,12
2025-12-26,Downtown,Croissant,28,3.25,91.0,Bakery,1.3,36.4,54.6,12
2025-12-26,Downtown,Espresso,29,3.0,87.0,Coffee,0.55,15.950000000000001,71.05,12
2025-12-26,Downtown,Latte,51,4.5,229.5,Coffee,1.1,56.1,173.4,12
2025-12-26,Riverside,Blueberry Muffin,11,2.95,32.45,Bakery,1.1,12.100000000000001,20.35,12
2025-12-26,Riverside,Cappuccino,18,4.25,76.5,Coffee,1.0,18.0,58.5,12
2025-12-26,Riverside,Cold Brew,8,4.75,38.0,Coffee,0.95,7.6,30.4,12
2025-12-26,Riverside,Croissant,14,3.25,45.5,Bakery,1.3,18.2,27.3,12
2025-12-26,Riverside,Espresso,13,3.0,39.0,Coffee,0.55,7.15,31.85,12
2025-12-26,Riverside,Latte,26,4.5,117.0,Coffee,1.1,28.6,88.4,12
2025-12-26,University,Blueberry Muffin,16,2.95,47.2,Bakery,1.1,17.6,29.6,12
2025-12-26,University,Cappuccino,23,4.25,97.75,Coffee,1.0,23.0,74.75,12
2025-12-26,University,Cold Brew,9,4.75,42.75,Coffee,0.95,8.549999999999999,34.2,12
2025-12-26,University,Croissant,18,3.25,58.5,Bakery,1.3,23.400000000000002,35.099999999999994,12
2025-12-26,University,Espresso,16,3.0,48.0,Coffee,0.55,8.8,39.2,12
2025-12-26,University,Latte,30,4.5,135.0,Coffee,1.1,33.0,102.0,12
2025-12-27,Downtown,Blueberry Muffin,37,2.95,109.15,Bakery,1.1,40.7,68.45,12
2025-12-27,Downtown,Cappuccino,54,4.25,229.5,Coffee,1.0,54.0,175.5,12
2025-12-27,Downtown,Cold Brew,21,4.75,99.75,Coffee,0.95,19.95,79.8,12
2025-12-27,Downtown,Croissant,48,3.25,156.0,Bakery,1.3,62.400000000000006,93.6,12
2025-12-27,Downtown,Espresso,42,3.0,126.0,Coffee,0.55,23.1,102.9,12
2025-12-27,Downtown,Latte,75,4.5,337.5,Coffee,1.1,82.5,255.0,12
2025-12-27,Riverside,Blueberry Muffin,16,2.95,47.2,Bakery,1.1,17.6,29.6,12
2025-12-27,Riverside,Cappuccino,26,4.25,110.5,Coffee,1.0,26.0,84.5,12
2025-12-27,Riverside,Cold Brew,7,4.75,33.25,Coffee,0.95,6.6499999999999995,26.6,12
2025-12-27,Riverside,Croissant,22,3.25,71.5,Bakery,1.3,28.6,42.9,12
2025-12-27,Riverside,Espresso,18,3.0,54.0,Coffee,0.55,9.9,44.1,12
2025-12-27,Riverside,Latte,40,4.5,180.0,Coffee,1.1,44.0,136.0,12
2025-12-27,University,Blueberry Muffin,15,2.95,44.25,Bakery,1.1,16.5,27.75,12
2025-12-27,University,Cappuccino,19,4.25,80.75,Coffee,1.0,19.0,61.75,12
2025-12-27,University,Cold Brew,7,4.75,33.25,Coffee,0.95,6.6499999999999995,26.6,12
2025-12-27,University,Croissant,16,3.25,52.0,Bakery,1.3,20.8,31.2,12
2025-12-27,University,Espresso,15,3.0,45.0,Coffee,0.55,8.25,36.75,12
2025-12-27,University,Latte,23,4.5,103.5,Coffee,1.1,25.3,78.2,12
2025-12-28,Downtown,Blueberry Muffin,28,2.95,82.6,Bakery,1.1,30.800000000000004,51.79999999999999,12
2025-12-28,Downtown,Cappuccino,45,4.25,191.25,Coffee,1.0,45.0,146.25,12
2025-12-28,Downtown,Cold Brew,29,4.75,137.75,Coffee,0.95,27.549999999999997,110.2,12
2025-12-28,Downtown,Croissant,39,3.25,126.75,Bakery,1.3,50.7,76.05,12
2025-12-28,Downtown,Espresso,35,3.0,105.0,Coffee,0.55,19.25,85.75,12
2025-12-28,Downtown,Latte,62,4.5,279.0,Coffee,1.1,68.2,210.8,12
2025-12-28,Riverside,Blueberry Muffin,18,2.95,53.1,Bakery,1.1,19.8,33.3,12
2025-12-28,Riverside,Cappuccino,25,4.25,106.25,Coffee,1.0,25.0,81.25,12
2025-12-28,Riverside,Cold Brew,10,4.75,47.5,Coffee,0.95,9.5,38.0,12
2025-12-28,Riverside,Croissant,21,3.25,68.25,Bakery,1.3,27.3,40.95,12
2025-12-28,Riverside,Espresso,19,3.0,57.0,Coffee,0.55,10.450000000000001,46.55,12
2025-12-28,Riverside,Latte,38,4.5,171.0,Coffee,1.1,41.800000000000004,129.2,12
2025-12-28,University,Blueberry Muffin,9,2.95,26.55,Bakery,1.1,9.9,16.65,12
2025-12-28,University,Cappuccino,13,4.25,55.25,Coffee,1.0,13.0,42.25,12
2025-12-28,University,Cold Brew,6,4.75,28.5,Coffee,0.95,5.699999999999999,22.8,12
2025-12-28,University,Croissant,11,3.25,35.75,Bakery,1.3,14.3,21.45,12
2025-12-28,University,Espresso,10,3.0,30.0,Coffee,0.55,5.5,24.5,12
2025-12-28,University,Latte,20,4.5,90.0,Coffee,1.1,22.0,68.0,12
2025-12-29,Downtown,Blueberry Muffin,27,2.95,79.65,Bakery,1.1,29.700000000000003,49.95,12
2025-12-29,Downtown,Cappuccino,39,4.25,165.75,Coffee,1.0,39.0,126.75,12
2025-12-29,Downtown,Cold Brew,20,4.75,95.0,Coffee,0.95,19.0,76.0,12
2025-12-29,Downtown,Croissant,30,3.25,97.5,Bakery,1.3,39.0,58.5,12
2025-12-29,Downtown,Espresso,34,3.0,102.0,Coffee,0.55,18.700000000000003,83.3,12
2025-12-29,Downtown,Latte,58,4.5,261.0,Coffee,1.1,63.800000000000004,197.2,12
2025-12-29,Riverside,Blueberry Muffin,14,2.95,41.3,Bakery,1.1,15.400000000000002,25.899999999999995,12
2025-12-29,Riverside,Cappuccino,21,4.25,89.25,Coffee,1.0,21.0,68.25,12
2025-12-29,Riverside,Cold Brew,9,4.75,42.75,Coffee,0.95,8.549999999999999,34.2,12
2025-12-29,Riverside,Croissant,15,3.25,48.75,Bakery,1.3,19.5,29.25,12
2025-12-29,Riverside,Espresso,13,3.0,39.0,Coffee,0.55,7.15,31.85,12
2025-12-29,Riverside,Latte,29,4.5,130.5,Coffee,1.1,31.900000000000002,98.6,12
2025-12-29,University,Blueberry Muffin,13,2.95,38.35,Bakery,1.1,14.3,24.05,12
2025-12-29,University,Cappuccino,23,4.25,97.75,Coffee,1.0,23.0,74.75,12
2025-12-29,University,Cold Brew,12,4.75,57.0,Coffee,0.95,11.399999999999999,45.6,12
2025-12-29,University,Croissant,22,3.25,71.5,Bakery,1.3,28.6,42.9,12
2025-12-29,University,Espresso,15,3.0,45.0,Coffee,0.55,8.25,36.75,12
2025-12-29,University,Latte,34,4.5,153.0,Coffee,1.1,37.400000000000006,115.6,12
2025-12-30,Downtown,Blueberry Muffin,18,2.95,53.1,Bakery,1.1,19.8,33.3,12
2025-12-30,Downtown,Cappuccino,38,4.25,161.5,Coffee,1.0,38.0,123.5,12
2025-12-30,Downtown,Cold Brew,13,4.75,61.75,Coffee,0.95,12.35,49.4,12
2025-12-30,Downtown,Croissant,29,3.25,94.25,Bakery,1.3,37.7,56.55,12
2025-12-30,Downtown,Espresso,27,3.0,81.0,Coffee,0.55,14.850000000000001,66.15,12
2025-12-30,Downtown,Latte,52,4.5,234.0,Coffee,1.1,57.2,176.8,12
2025-12-30,Riverside,Blueberry Muffin,12,2.95,35.4,Bakery,1.1,13.200000000000001,22.199999999999996,12
2025-12-30,Riverside,Cappuccino,26,4.25,110.5,Coffee,1.0,26.0,84.5,12
2025-12-30,Riverside,Cold Brew,7,4.75,33.25,Coffee,0.95,6.6499999999999995,26.6,12
2025-12-30,Riverside,Croissant,23,3.25,74.75,Bakery,1.3,29.900000000000002,44.849999999999994,12
2025-12-30,Riverside,Espresso,17,3.0,51.0,Coffee,0.55,9.350000000000001,41.65,12
2025-12-30,Riverside,Latte,39,4.5,175.5,Coffee,1.1,42.900000000000006,132.6,12
2025-12-30,University,Blueberry Muffin,20,2.95,59.0,Bakery,1.1,22.0,37.0,12
2025-12-30,University,Cappuccino,25,4.25,106.25,Coffee,1.0,25.0,81.25,12
2025-12-30,University,Cold Brew,10,4.75,47.5,Coffee,0.95,9.5,38.0,12
2025-12-30,University,Croissant,20,3.25,65.0,Bakery,1.3,26.0,39.0,12
2025-12-30,University,Espresso,20,3.0,60.0,Coffee,0.55,11.0,49.0,12
2025-12-30,University,Latte,39,4.5,175.5,Coffee,1.1,42.900000000000006,132.6,12
2025-12-31,Downtown,Blueberry Muffin,20,2.95,59.0,Bakery,1.1,22.0,37.0,12
2025-12-31,Downtown,Cappuccino,31,4.25,131.75,Coffee,1.0,31.0,100.75,12
2025-12-31,Downtown,Cold Brew,13,4.75,61.75,Coffee,0.95,12.35,49.4,12
2025-12-31,Downtown,Croissant,27,3.25,87.75,Bakery,1.3,35.1,52.65,12
2025-12-31,Downtown,Espresso,24,3.0,72.0,Coffee,0.55,13.200000000000001,58.8,12
2025-12-31,Downtown,Latte,48,4.5,216.0,Coffee,1.1,52.800000000000004,163.2,12
2025-12-31,Riverside,Blueberry Muffin,12,2.95,35.4,Bakery,1.1,13.200000000000001,22.199999999999996,12
2025-12-31,Riverside,Cappuccino,20,4.25,85.0,Coffee,1.0,20.0,65.0,12
2025-12-31,Riverside,Cold Brew,9,4.75,42.75,Coffee,0.95,8.549999999999999,34.2,12
2025-12-31,Riverside,Croissant,16,3.25,52.0,Bakery,1.3,20.8,31.2,12
2025-12-31,Riverside,Espresso,18,3.0,54.0,Coffee,0.55,9.9,44.1,12
2025-12-31,Riverside,Latte,31,4.5,139.5,Coffee,1.1,34.1,105.4,12
2025-12-31,University,Blueberry Muffin,15,2.95,44.25,Bakery,1.1,16.5,27.75,12
2025-12-31,University,Cappuccino,25,4.25,106.25,Coffee,1.0,25.0,81.25,12
2025-12-31,University,Cold Brew,10,4.75,47.5,Coffee,0.95,9.5,38.0,12
2025-12-31,University,Croissant,20,3.25,65.0,Bakery,1.3,26.0,39.0,12
2025-12-31,University,Espresso,19,3.0,57.0,Coffee,0.55,10.450000000000001,46.55,12
2025-12-31,University,Latte,34,4.5,153.0,Coffee,1.1,37.400000000000006,115.6,12
